productId,name,description,price,stock,tags,isActive,createdAt
PRD00001,Sony Xperia 5- Blanco,Sony Xperia 5- Blanco — Smartphones. Producto de alta calidad para belleza.,846.53,323,mascotas|fitness|automóviles,true,2022-02-19
PRD00002,Google Pixel 8 XL,Google Pixel 8 XL — Smartphones. Producto de alta calidad para deportes.,326.6,415,arte|fitness|fotografía|música|automóviles,false,2020-05-01
PRD00003,Xiaomi 14,Xiaomi 14 — Smartphones. Producto de alta calidad para arte.,394.08,327,tecnología|moda|oficina,true,2022-06-10
PRD00004,OnePlus 12 Mini,OnePlus 12 Mini — Smartphones. Producto de alta calidad para fitness.,1608.41,444,deportes|gaming|libros,true,2020-04-19
PRD00005,iPhone 15 Pro- Azul,iPhone 15 Pro- Azul — Smartphones. Producto de alta calidad para viajes.,1203.92,324,fitness|smartphones,false,2024-11-07
PRD00006,OnePlus 12- Blanco,OnePlus 12- Blanco — Smartphones. Producto de alta calidad para automóviles.,714.49,315,fotografía|smartphones,false,2024-10-30
PRD00007,Motorola Edge XL,Motorola Edge XL — Smartphones. Producto de alta calidad para fotografía.,2247.68,329,libros|mascotas|gaming|jardín|electrónica,false,2023-12-12
PRD00008,Samsung Galaxy S24,Samsung Galaxy S24 — Smartphones. Producto de alta calidad para viajes.,2298.51,486,arte|automóviles|música,true,2022-03-25
PRD00009,OnePlus 12- Azul,OnePlus 12- Azul — Smartphones. Producto de alta calidad para libros.,480.11,102,belleza|hogar|libros,true,2019-09-15
PRD00010,Sony Xperia 5 Mini,Sony Xperia 5 Mini — Smartphones. Producto de alta calidad para cine.,1562.05,378,smartphones|fotografía,true,2019-08-30
PRD00011,iPhone 15 Pro 2024,iPhone 15 Pro 2024 — Smartphones. Producto de alta calidad para arte.,404.58,12,jardín|cocina|mascotas,true,2024-03-12
PRD00012,Sony Xperia 5- Plus,Sony Xperia 5- Plus — Smartphones. Producto de alta calidad para electrónica.,2250.13,164,automóviles|deportes|electrónica|música|belleza,true,2024-05-20
PRD00013,Google Pixel 8- Pro,Google Pixel 8- Pro — Smartphones. Producto de alta calidad para fitness.,2157.53,72,mascotas|libros|cine|oficina,true,2019-05-14
PRD00014,OnePlus 12 Mini,OnePlus 12 Mini — Smartphones. Producto de alta calidad para electrónica.,137.48,491,cine|belleza|gaming|hogar|smartphones,true,2021-01-14
PRD00015,Google Pixel 8- Plus,Google Pixel 8- Plus — Smartphones. Producto de alta calidad para juguetes.,499.81,335,deportes|electrónica|viajes,true,2021-06-08
PRD00016,Sony Xperia 5,Sony Xperia 5 — Smartphones. Producto de alta calidad para hogar.,1853.78,375,música|smartphones|libros|viajes,false,2020-12-02
PRD00017,Sony Xperia 5- Pro,Sony Xperia 5- Pro — Smartphones. Producto de alta calidad para gaming.,594.5,459,smartphones|fotografía,true,2020-08-12
PRD00018,Xiaomi 14 Mini,Xiaomi 14 Mini — Smartphones. Producto de alta calidad para cocina.,803.91,213,gaming|juguetes|belleza|viajes,true,2022-06-15
PRD00019,Motorola Edge Mini,Motorola Edge Mini — Smartphones. Producto de alta calidad para juguetes.,621.6,170,mascotas|gaming|música|cine|fotografía,true,2019-03-22
PRD00020,Sony Xperia 5- Rojo,Sony Xperia 5- Rojo — Smartphones. Producto de alta calidad para electrónica.,11.71,35,oficina|hogar|música|electrónica|belleza,true,2020-12-15
PRD00021,iPhone 15 Pro- Pro,iPhone 15 Pro- Pro — Smartphones. Producto de alta calidad para viajes.,2277.11,251,oficina|electrónica|automóviles,true,2020-04-05
PRD00022,Samsung Galaxy S24 XL,Samsung Galaxy S24 XL — Smartphones. Producto de alta calidad para libros.,2031.74,406,libros|smartphones|tecnología,true,2020-02-08
PRD00023,Motorola Edge,Motorola Edge — Smartphones. Producto de alta calidad para oficina.,666.95,415,música|moda|oficina,false,2024-06-25
PRD00024,OnePlus 12 2024,OnePlus 12 2024 — Smartphones. Producto de alta calidad para cine.,465.72,473,arte|viajes|smartphones|automóviles|juguetes,true,2024-12-31
PRD00025,Sony Xperia 5,Sony Xperia 5 — Smartphones. Producto de alta calidad para deportes.,594.54,417,tecnología|cocina|fotografía,true,2023-05-08
PRD00026,iPhone 15 Pro- Plus,iPhone 15 Pro- Plus — Smartphones. Producto de alta calidad para tecnología.,2385.47,398,arte|música,true,2020-01-19
PRD00027,Google Pixel 8 XL,Google Pixel 8 XL — Smartphones. Producto de alta calidad para mascotas.,235.73,141,juguetes|arte|tecnología,true,2021-03-25
PRD00028,iPhone 15 Pro XL,iPhone 15 Pro XL — Smartphones. Producto de alta calidad para viajes.,2480.49,351,tecnología|juguetes|jardín,false,2019-12-05
PRD00029,iPhone 15 Pro XL,iPhone 15 Pro XL — Smartphones. Producto de alta calidad para libros.,125.8,59,libros|cine,true,2020-09-10
PRD00030,MacBook Air M3 Mini,MacBook Air M3 Mini — Laptops. Producto de alta calidad para hogar.,1516.56,57,jardín|electrónica|libros|moda|hogar,false,2020-01-01
PRD00031,Lenovo ThinkPad X1- Negro,Lenovo ThinkPad X1- Negro — Laptops. Producto de alta calidad para electrónica.,1545.68,69,música|moda|hogar,true,2019-05-11
PRD00032,Acer Swift 5 2024,Acer Swift 5 2024 — Laptops. Producto de alta calidad para cine.,1431.85,172,gaming|viajes|oficina|moda|fotografía,true,2023-11-03
PRD00033,ASUS ZenBook 14,ASUS ZenBook 14 — Laptops. Producto de alta calidad para música.,263.56,51,electrónica|fotografía|automóviles,true,2022-03-01
PRD00034,HP Pavilion 15,HP Pavilion 15 — Laptops. Producto de alta calidad para libros.,1443.19,76,laptops|automóviles|libros|fitness|tecnología,true,2022-08-30
PRD00035,Lenovo ThinkPad X1- Blanco,Lenovo ThinkPad X1- Blanco — Laptops. Producto de alta calidad para arte.,1753.06,369,juguetes|viajes,false,2023-02-11
PRD00036,Surface Laptop 5- Negro,Surface Laptop 5- Negro — Laptops. Producto de alta calidad para juguetes.,1492.53,254,viajes|juguetes,true,2020-06-09
PRD00037,Surface Laptop 5- Negro,Surface Laptop 5- Negro — Laptops. Producto de alta calidad para arte.,692.28,281,electrónica|hogar|libros,true,2023-10-03
PRD00038,ASUS ZenBook 14- Pro,ASUS ZenBook 14- Pro — Laptops. Producto de alta calidad para tecnología.,2354.07,72,fotografía|libros|viajes|tecnología|cocina,false,2020-10-01
PRD00039,MacBook Air M3- Lite,MacBook Air M3- Lite — Laptops. Producto de alta calidad para belleza.,409.07,253,arte|oficina,true,2021-08-03
PRD00040,MacBook Air M3- Blanco,MacBook Air M3- Blanco — Laptops. Producto de alta calidad para jardín.,1080.9,116,electrónica|deportes,true,2019-04-02
PRD00041,Dell XPS 15- Rojo,Dell XPS 15- Rojo — Laptops. Producto de alta calidad para tecnología.,656.35,113,fitness|laptops,true,2020-10-11
PRD00042,MacBook Air M3- Azul,MacBook Air M3- Azul — Laptops. Producto de alta calidad para mascotas.,1542.26,288,hogar|tecnología,false,2023-07-20
PRD00043,HP Pavilion 15- Lite,HP Pavilion 15- Lite — Laptops. Producto de alta calidad para arte.,1477.36,145,oficina|deportes|arte|electrónica,false,2022-11-26
PRD00044,Surface Laptop 5- Blanco,Surface Laptop 5- Blanco — Laptops. Producto de alta calidad para electrónica.,346.46,222,cocina|mascotas|hogar,true,2021-10-25
PRD00045,MacBook Air M3,MacBook Air M3 — Laptops. Producto de alta calidad para tecnología.,310.98,412,hogar|automóviles,false,2021-04-28
PRD00046,ASUS ZenBook 14- Azul,ASUS ZenBook 14- Azul — Laptops. Producto de alta calidad para mascotas.,694.04,82,electrónica|cine,false,2020-01-04
PRD00047,ASUS ZenBook 14,ASUS ZenBook 14 — Laptops. Producto de alta calidad para electrónica.,2031.78,54,automóviles|hogar,true,2023-02-09
PRD00048,ASUS ZenBook 14,ASUS ZenBook 14 — Laptops. Producto de alta calidad para automóviles.,1161.32,21,fitness|moda,false,2021-03-11
PRD00049,Lenovo ThinkPad X1- Negro,Lenovo ThinkPad X1- Negro — Laptops. Producto de alta calidad para fotografía.,833.69,184,moda|electrónica|gaming,true,2019-07-15
PRD00050,Lenovo ThinkPad X1- Rojo,Lenovo ThinkPad X1- Rojo — Laptops. Producto de alta calidad para tecnología.,1761.64,289,cine|música|hogar,false,2019-04-12
PRD00051,Dell XPS 15- Pro,Dell XPS 15- Pro — Laptops. Producto de alta calidad para hogar.,1242.95,287,electrónica|jardín|oficina|cocina,true,2021-04-17
PRD00052,HP Pavilion 15- Azul,HP Pavilion 15- Azul — Laptops. Producto de alta calidad para cocina.,2057.35,429,oficina|cine|música,false,2023-12-06
PRD00053,Lenovo ThinkPad X1- Lite,Lenovo ThinkPad X1- Lite — Laptops. Producto de alta calidad para libros.,164.87,358,deportes|arte|juguetes,false,2021-09-12
PRD00054,MacBook Air M3,MacBook Air M3 — Laptops. Producto de alta calidad para fotografía.,1039.94,494,cocina|cine,true,2020-02-15
PRD00055,Acer Swift 5 XL,Acer Swift 5 XL — Laptops. Producto de alta calidad para electrónica.,131.19,63,deportes|hogar,true,2024-06-12
PRD00056,MacBook Air M3,MacBook Air M3 — Laptops. Producto de alta calidad para juguetes.,174.52,1,juguetes|gaming|belleza|laptops,true,2022-01-09
PRD00057,Amazon Echo Show- Negro,Amazon Echo Show- Negro — Tablets. Producto de alta calidad para oficina.,99.56,420,música|moda|cocina|automóviles,false,2022-05-04
PRD00058,Lenovo Tab P12 XL,Lenovo Tab P12 XL — Tablets. Producto de alta calidad para jardín.,1477.84,195,tablets|gaming|deportes|viajes|electrónica,true,2020-05-07
PRD00059,iPad Pro 12- Lite,iPad Pro 12- Lite — Tablets. Producto de alta calidad para mascotas.,2381.6,292,hogar|libros|viajes|mascotas|fotografía,true,2024-06-09
PRD00060,Samsung Tab S9- Azul,Samsung Tab S9- Azul — Tablets. Producto de alta calidad para juguetes.,531.28,304,fitness|jardín|música,true,2024-10-12
PRD00061,Huawei MatePad XL,Huawei MatePad XL — Tablets. Producto de alta calidad para cocina.,2018.5,84,oficina|electrónica,false,2019-10-02
PRD00062,Wacom Intuos Mini,Wacom Intuos Mini — Tablets. Producto de alta calidad para belleza.,132.2,432,tecnología|viajes|electrónica,true,2024-03-02
PRD00063,iPad Pro 12- Negro,iPad Pro 12- Negro — Tablets. Producto de alta calidad para gaming.,2124.8,189,moda|música|tecnología|cocina|hogar,false,2019-12-09
PRD00064,Samsung Tab S9- Negro,Samsung Tab S9- Negro — Tablets. Producto de alta calidad para juguetes.,1828.74,493,electrónica|tecnología,true,2024-08-24
PRD00065,Amazon Echo Show 2024,Amazon Echo Show 2024 — Tablets. Producto de alta calidad para fotografía.,2320.55,273,deportes|belleza,true,2021-12-01
PRD00066,Samsung Tab S9- Negro,Samsung Tab S9- Negro — Tablets. Producto de alta calidad para electrónica.,2431.44,477,arte|automóviles|oficina|gaming|electrónica,true,2023-03-12
PRD00067,Huawei MatePad- Blanco,Huawei MatePad- Blanco — Tablets. Producto de alta calidad para mascotas.,1352.54,163,tecnología|cocina,false,2023-09-12
PRD00068,Amazon Echo Show- Negro,Amazon Echo Show- Negro — Tablets. Producto de alta calidad para deportes.,217.39,391,viajes|cine|juguetes,true,2023-07-10
PRD00069,Samsung Tab S9 2024,Samsung Tab S9 2024 — Tablets. Producto de alta calidad para juguetes.,380.34,482,juguetes|cocina|música|jardín|automóviles,false,2023-05-26
PRD00070,Amazon Echo Show Mini,Amazon Echo Show Mini — Tablets. Producto de alta calidad para hogar.,1474.16,132,cocina|moda,true,2021-07-28
PRD00071,Wacom Intuos XL,Wacom Intuos XL — Tablets. Producto de alta calidad para música.,2249.47,249,hogar|arte|jardín|moda|mascotas,true,2021-10-13
PRD00072,Amazon Echo Show 2024,Amazon Echo Show 2024 — Tablets. Producto de alta calidad para juguetes.,271.99,408,fitness|cine|arte,false,2024-02-29
PRD00073,Samsung Tab S9- Rojo,Samsung Tab S9- Rojo — Tablets. Producto de alta calidad para oficina.,1756.52,192,oficina|jardín,false,2022-03-05
PRD00074,Huawei MatePad- Azul,Huawei MatePad- Azul — Tablets. Producto de alta calidad para libros.,1135.38,33,oficina|jardín|tecnología|cocina,false,2022-07-03
PRD00075,iPad Pro 12- Blanco,iPad Pro 12- Blanco — Tablets. Producto de alta calidad para juguetes.,2453.16,389,hogar|cine|libros|música,true,2022-12-27
PRD00076,Wacom Intuos Mini,Wacom Intuos Mini — Tablets. Producto de alta calidad para cocina.,1258.82,273,cocina|belleza|oficina|libros|tecnología,false,2021-06-28
PRD00077,Huawei MatePad 2024,Huawei MatePad 2024 — Tablets. Producto de alta calidad para cine.,347.96,245,oficina|moda|jardín,true,2021-11-24
PRD00078,Wacom Intuos 2024,Wacom Intuos 2024 — Tablets. Producto de alta calidad para deportes.,1559.98,153,oficina|juguetes|deportes|jardín|tecnología,true,2019-09-17
PRD00079,Samsung Tab S9- Negro,Samsung Tab S9- Negro — Tablets. Producto de alta calidad para jardín.,2496.45,55,arte|oficina|música,true,2021-04-17
PRD00080,Samsung Tab S9- Plus,Samsung Tab S9- Plus — Tablets. Producto de alta calidad para belleza.,2296.28,261,tecnología|fitness|música|gaming|moda,true,2022-08-08
PRD00081,Lenovo Tab P12- Pro,Lenovo Tab P12- Pro — Tablets. Producto de alta calidad para fotografía.,2266.54,253,música|arte,true,2022-02-14
PRD00082,Fire HD 10- Negro,Fire HD 10- Negro — Tablets. Producto de alta calidad para fotografía.,1627.46,140,jardín|fitness,true,2021-03-02
PRD00083,Wacom Intuos XL,Wacom Intuos XL — Tablets. Producto de alta calidad para cocina.,1932.14,304,cine|deportes|mascotas|juguetes|oficina,true,2020-06-03
PRD00084,Huawei MatePad 2024,Huawei MatePad 2024 — Tablets. Producto de alta calidad para hogar.,2084.15,139,cine|electrónica,true,2020-08-18
PRD00085,Sony Bravia X95- Lite,Sony Bravia X95- Lite — Televisores. Producto de alta calidad para cine.,1558.26,484,gaming|fitness,true,2023-06-04
PRD00086,Hisense U7H- Lite,Hisense U7H- Lite — Televisores. Producto de alta calidad para cine.,1103.66,290,juguetes|cine|belleza,true,2024-09-06
PRD00087,Philips Ambilight- Negro,Philips Ambilight- Negro — Televisores. Producto de alta calidad para hogar.,2009.93,63,fitness|juguetes|cocina|televisores,true,2019-07-21
PRD00088,Philips Ambilight XL,Philips Ambilight XL — Televisores. Producto de alta calidad para moda.,619.76,179,moda|mascotas|arte,true,2023-04-12
PRD00089,Samsung QLED 55- Plus,Samsung QLED 55- Plus — Televisores. Producto de alta calidad para viajes.,571.54,215,jardín|moda,true,2023-06-06
PRD00090,LG OLED C3 65- Lite,LG OLED C3 65- Lite — Televisores. Producto de alta calidad para oficina.,653.46,28,hogar|automóviles|juguetes,false,2023-03-06
PRD00091,TCL 4K 50,TCL 4K 50 — Televisores. Producto de alta calidad para libros.,1641.88,152,tecnología|oficina,true,2022-05-18
PRD00092,LG OLED C3 65,LG OLED C3 65 — Televisores. Producto de alta calidad para mascotas.,1535.41,210,cine|televisores|cocina|belleza,true,2023-11-02
PRD00093,Sony Bravia X95- Lite,Sony Bravia X95- Lite — Televisores. Producto de alta calidad para mascotas.,1061.86,387,música|tecnología|fotografía|fitness,false,2023-01-31
PRD00094,Sony Bravia X95 2024,Sony Bravia X95 2024 — Televisores. Producto de alta calidad para fitness.,1957.38,493,juguetes|electrónica,true,2022-06-17
PRD00095,LG OLED C3 65 2024,LG OLED C3 65 2024 — Televisores. Producto de alta calidad para cocina.,610.08,409,jardín|libros,false,2023-02-22
PRD00096,TCL 4K 50- Blanco,TCL 4K 50- Blanco — Televisores. Producto de alta calidad para fitness.,140.21,309,jardín|fitness|fotografía,true,2023-06-13
PRD00097,LG OLED C3 65,LG OLED C3 65 — Televisores. Producto de alta calidad para música.,2139.66,77,jardín|música,true,2020-04-30
PRD00098,LG OLED C3 65- Plus,LG OLED C3 65- Plus — Televisores. Producto de alta calidad para cine.,1910.7,14,mascotas|televisores|fotografía|cine|libros,true,2019-10-03
PRD00099,Samsung QLED 55- Blanco,Samsung QLED 55- Blanco — Televisores. Producto de alta calidad para belleza.,2039.14,408,hogar|deportes|arte|automóviles,false,2021-10-25
PRD00100,Samsung QLED 55,Samsung QLED 55 — Televisores. Producto de alta calidad para mascotas.,1474.08,364,hogar|mascotas,false,2023-06-11
PRD00101,Hisense U7H- Blanco,Hisense U7H- Blanco — Televisores. Producto de alta calidad para electrónica.,1490.83,476,deportes|música|juguetes,true,2023-01-07
PRD00102,Sharp Aquos- Rojo,Sharp Aquos- Rojo — Televisores. Producto de alta calidad para música.,194.97,27,libros|jardín|cocina|música|oficina,true,2020-03-30
PRD00103,Hisense U7H- Rojo,Hisense U7H- Rojo — Televisores. Producto de alta calidad para belleza.,1078.06,24,mascotas|fitness|gaming,false,2023-04-30
PRD00104,Hisense U7H- Pro,Hisense U7H- Pro — Televisores. Producto de alta calidad para hogar.,441.2,343,arte|cocina|automóviles,true,2020-06-07
PRD00105,Hisense U7H- Pro,Hisense U7H- Pro — Televisores. Producto de alta calidad para cocina.,1691.17,156,arte|cocina|moda|juguetes,true,2023-10-25
PRD00106,Sony Bravia X95 Mini,Sony Bravia X95 Mini — Televisores. Producto de alta calidad para libros.,354.16,478,fitness|libros|viajes|deportes|hogar,false,2021-03-03
PRD00107,Sony Bravia X95 2024,Sony Bravia X95 2024 — Televisores. Producto de alta calidad para fotografía.,1911.57,330,oficina|deportes|electrónica|juguetes|cine,true,2021-09-21
PRD00108,TCL 4K 50- Blanco,TCL 4K 50- Blanco — Televisores. Producto de alta calidad para deportes.,1349.55,459,viajes|belleza,false,2020-11-26
PRD00109,Sony Bravia X95,Sony Bravia X95 — Televisores. Producto de alta calidad para moda.,1961.18,130,deportes|oficina,true,2021-10-08
PRD00110,Philips Ambilight Mini,Philips Ambilight Mini — Televisores. Producto de alta calidad para libros.,815.87,136,moda|cine|gaming,true,2024-08-22
PRD00111,Sony Bravia X95- Azul,Sony Bravia X95- Azul — Televisores. Producto de alta calidad para electrónica.,177.46,242,tecnología|moda|hogar|automóviles,true,2023-06-12
PRD00112,Hisense U7H- Negro,Hisense U7H- Negro — Televisores. Producto de alta calidad para cocina.,2292.39,134,arte|música|cocina|juguetes|belleza,false,2023-01-12
PRD00113,Samsung QLED 55 2024,Samsung QLED 55 2024 — Televisores. Producto de alta calidad para electrónica.,1190.4,360,belleza|arte|deportes,true,2021-06-09
PRD00114,Samsung QLED 55 Mini,Samsung QLED 55 Mini — Televisores. Producto de alta calidad para automóviles.,1343.89,338,gaming|oficina|hogar|libros,true,2024-08-19
PRD00115,Sharp Aquos 2024,Sharp Aquos 2024 — Televisores. Producto de alta calidad para oficina.,1288.66,31,oficina|juguetes|televisores|jardín|automóviles,true,2020-09-26
PRD00116,Sony Bravia X95- Plus,Sony Bravia X95- Plus — Televisores. Producto de alta calidad para cocina.,2100.17,192,mascotas|hogar|cocina,true,2020-07-17
PRD00117,Beats Studio- Negro,Beats Studio- Negro — Audio. Producto de alta calidad para juguetes.,2079.95,230,cocina|música|audio|libros|viajes,true,2021-07-16
PRD00118,Sennheiser Momentum- Azul,Sennheiser Momentum- Azul — Audio. Producto de alta calidad para tecnología.,2439.59,200,juguetes|hogar|libros,true,2024-08-09
PRD00119,Sennheiser Momentum- Azul,Sennheiser Momentum- Azul — Audio. Producto de alta calidad para música.,1780.67,74,automóviles|audio|moda,true,2021-05-18
PRD00120,AirPods Pro 2- Negro,AirPods Pro 2- Negro — Audio. Producto de alta calidad para tecnología.,443.44,32,música|gaming,false,2019-01-09
PRD00121,JBL Charge 5- Lite,JBL Charge 5- Lite — Audio. Producto de alta calidad para tecnología.,1788.59,280,hogar|moda|tecnología|automóviles|mascotas,true,2020-05-13
PRD00122,Beats Studio- Rojo,Beats Studio- Rojo — Audio. Producto de alta calidad para belleza.,725.47,148,arte|cine|deportes,true,2021-08-21
PRD00123,Jabra Elite 85h- Azul,Jabra Elite 85h- Azul — Audio. Producto de alta calidad para cocina.,1889.02,215,juguetes|automóviles,true,2024-05-30
PRD00124,Sony WH-1000XM5- Pro,Sony WH-1000XM5- Pro — Audio. Producto de alta calidad para tecnología.,92.0,234,jardín|juguetes|fitness|hogar,false,2021-03-24
PRD00125,Sony WH-1000XM5,Sony WH-1000XM5 — Audio. Producto de alta calidad para fitness.,1096.65,10,cocina|fitness|juguetes|cine,true,2019-11-02
PRD00126,JBL Charge 5- Lite,JBL Charge 5- Lite — Audio. Producto de alta calidad para arte.,2262.94,153,jardín|cocina|deportes|juguetes|tecnología,true,2023-05-29
PRD00127,Jabra Elite 85h- Negro,Jabra Elite 85h- Negro — Audio. Producto de alta calidad para cine.,1356.43,314,fotografía|tecnología|electrónica,true,2020-02-16
PRD00128,Beats Studio XL,Beats Studio XL — Audio. Producto de alta calidad para fotografía.,1077.59,283,moda|automóviles|tecnología|arte|viajes,true,2021-04-08
PRD00129,JBL Charge 5 2024,JBL Charge 5 2024 — Audio. Producto de alta calidad para belleza.,589.03,284,música|cine|electrónica|tecnología|automóviles,true,2023-11-11
PRD00130,JBL Charge 5 2024,JBL Charge 5 2024 — Audio. Producto de alta calidad para música.,2008.11,185,oficina|deportes|arte|tecnología|juguetes,false,2023-10-23
PRD00131,Beats Studio- Negro,Beats Studio- Negro — Audio. Producto de alta calidad para jardín.,2358.45,451,cine|tecnología|gaming|libros|oficina,true,2020-06-27
PRD00132,JBL Charge 5 Mini,JBL Charge 5 Mini — Audio. Producto de alta calidad para juguetes.,2444.56,188,cine|tecnología|fotografía,true,2019-01-24
PRD00133,AirPods Pro 2- Plus,AirPods Pro 2- Plus — Audio. Producto de alta calidad para fotografía.,1154.12,361,fitness|automóviles|audio|hogar,true,2024-02-15
PRD00134,Jabra Elite 85h- Blanco,Jabra Elite 85h- Blanco — Audio. Producto de alta calidad para cocina.,1356.82,47,fotografía|cine|música|deportes|hogar,false,2020-08-15
PRD00135,Sony WH-1000XM5- Lite,Sony WH-1000XM5- Lite — Audio. Producto de alta calidad para electrónica.,839.0,27,música|audio|libros|mascotas,true,2019-11-01
PRD00136,Jabra Elite 85h- Pro,Jabra Elite 85h- Pro — Audio. Producto de alta calidad para mascotas.,1704.13,426,libros|hogar|belleza|arte,true,2023-03-08
PRD00137,Bose QuietComfort 45- Lite,Bose QuietComfort 45- Lite — Audio. Producto de alta calidad para mascotas.,320.19,425,tecnología|juguetes|libros,true,2023-02-12
PRD00138,Jabra Elite 85h XL,Jabra Elite 85h XL — Audio. Producto de alta calidad para fitness.,1582.14,209,moda|deportes,true,2021-06-18
PRD00139,AirPods Pro 2- Plus,AirPods Pro 2- Plus — Audio. Producto de alta calidad para música.,2119.81,257,viajes|libros|cocina,true,2024-04-09
PRD00140,Sennheiser Momentum XL,Sennheiser Momentum XL — Audio. Producto de alta calidad para música.,1216.26,82,cocina|tecnología|moda|deportes,true,2024-10-17
PRD00141,Jabra Elite 85h- Plus,Jabra Elite 85h- Plus — Audio. Producto de alta calidad para tecnología.,185.86,246,deportes|libros|jardín,true,2023-03-09
PRD00142,Edición Limitada F 2024,Edición Limitada F 2024 — Cámaras. Producto de alta calidad para oficina.,1438.03,91,deportes|hogar,false,2019-01-05
PRD00143,Artículo Especial B Mini,Artículo Especial B Mini — Cámaras. Producto de alta calidad para arte.,1071.37,116,fitness|música,false,2019-06-28
PRD00144,Producto Premium A XL,Producto Premium A XL — Cámaras. Producto de alta calidad para juguetes.,1158.63,160,viajes|moda|oficina,true,2023-10-29
PRD00145,Producto Premium A- Plus,Producto Premium A- Plus — Cámaras. Producto de alta calidad para fotografía.,1406.63,116,cámaras|deportes|automóviles|fotografía,true,2022-09-02
PRD00146,Versión Pro H- Lite,Versión Pro H- Lite — Cámaras. Producto de alta calidad para mascotas.,1489.97,392,jardín|arte|libros,true,2022-02-16
PRD00147,Modelo Estándar G- Negro,Modelo Estándar G- Negro — Cámaras. Producto de alta calidad para viajes.,2028.29,461,mascotas|viajes|fotografía,true,2019-12-05
PRD00148,Producto Premium A- Rojo,Producto Premium A- Rojo — Cámaras. Producto de alta calidad para gaming.,1661.65,350,moda|libros|arte|belleza,true,2023-07-10
PRD00149,Artículo Especial B- Plus,Artículo Especial B- Plus — Cámaras. Producto de alta calidad para fitness.,1312.42,446,viajes|arte|electrónica|cocina,true,2021-09-18
PRD00150,Modelo Estándar G 2024,Modelo Estándar G 2024 — Cámaras. Producto de alta calidad para moda.,2447.64,381,cine|cocina,false,2023-11-19
PRD00151,Versión Pro H- Azul,Versión Pro H- Azul — Cámaras. Producto de alta calidad para música.,1260.93,162,cocina|fotografía|belleza,true,2022-05-28
PRD00152,Modelo Estándar G Mini,Modelo Estándar G Mini — Cámaras. Producto de alta calidad para electrónica.,830.47,417,cine|libros|belleza|moda,false,2019-08-06
PRD00153,Pack Básico E,Pack Básico E — Cámaras. Producto de alta calidad para música.,913.73,105,arte|electrónica|fitness|cámaras|deportes,true,2023-06-15
PRD00154,Producto Premium A XL,Producto Premium A XL — Cámaras. Producto de alta calidad para hogar.,2256.27,21,belleza|fitness,false,2022-08-22
PRD00155,Pack Básico E,Pack Básico E — Cámaras. Producto de alta calidad para electrónica.,2377.85,398,gaming|hogar,false,2020-02-15
PRD00156,Artículo Especial B XL,Artículo Especial B XL — Cámaras. Producto de alta calidad para cine.,2014.58,27,libros|fitness,true,2023-12-29
PRD00157,Set Completo C Mini,Set Completo C Mini — Cámaras. Producto de alta calidad para fitness.,930.52,418,cine|oficina,true,2021-08-15
PRD00158,Artículo Especial B Mini,Artículo Especial B Mini — Cámaras. Producto de alta calidad para juguetes.,459.69,182,tecnología|deportes|libros,true,2022-07-09
PRD00159,Producto Premium A- Blanco,Producto Premium A- Blanco — Cámaras. Producto de alta calidad para arte.,540.42,494,moda|deportes|fitness|hogar|juguetes,true,2021-01-19
PRD00160,Versión Pro H Mini,Versión Pro H Mini — Cámaras. Producto de alta calidad para hogar.,2389.87,391,moda|electrónica|fotografía|cámaras,false,2024-07-09
PRD00161,Kit Profesional D- Blanco,Kit Profesional D- Blanco — Cámaras. Producto de alta calidad para deportes.,1611.56,24,oficina|belleza|moda|arte|cámaras,true,2021-08-02
PRD00162,Modelo Estándar G- Rojo,Modelo Estándar G- Rojo — Cámaras. Producto de alta calidad para tecnología.,1726.62,142,fotografía|tecnología|viajes,true,2020-04-30
PRD00163,Set Completo C,Set Completo C — Cámaras. Producto de alta calidad para deportes.,1530.88,36,jardín|moda|automóviles,true,2022-03-10
PRD00164,Artículo Especial B- Azul,Artículo Especial B- Azul — Cámaras. Producto de alta calidad para arte.,901.14,351,oficina|cámaras|música|belleza,true,2021-09-24
PRD00165,Set Completo C,Set Completo C — Cámaras. Producto de alta calidad para juguetes.,1021.85,481,cine|deportes|moda|juguetes,true,2024-06-17
PRD00166,Producto Premium A- Lite,Producto Premium A- Lite — Cámaras. Producto de alta calidad para cocina.,1794.24,22,belleza|moda|deportes|cámaras|cine,true,2024-05-09
PRD00167,Pack Básico E Mini,Pack Básico E Mini — Wearables. Producto de alta calidad para juguetes.,2121.45,357,viajes|wearables|juguetes,true,2022-06-10
PRD00168,Kit Profesional D,Kit Profesional D — Wearables. Producto de alta calidad para fitness.,1148.9,167,cine|mascotas,true,2020-10-05
PRD00169,Kit Profesional D- Blanco,Kit Profesional D- Blanco — Wearables. Producto de alta calidad para cocina.,2463.49,66,tecnología|deportes|mascotas|viajes,false,2022-07-06
PRD00170,Set Completo C- Rojo,Set Completo C- Rojo — Wearables. Producto de alta calidad para música.,640.65,338,electrónica|belleza,true,2019-09-08
PRD00171,Kit Profesional D- Azul,Kit Profesional D- Azul — Wearables. Producto de alta calidad para juguetes.,1844.39,20,fitness|hogar|deportes|tecnología,false,2019-05-11
PRD00172,Producto Premium A- Pro,Producto Premium A- Pro — Wearables. Producto de alta calidad para cocina.,2284.24,124,tecnología|belleza|oficina,true,2024-09-21
PRD00173,Set Completo C- Negro,Set Completo C- Negro — Wearables. Producto de alta calidad para oficina.,1112.96,474,cine|wearables,true,2020-07-11
PRD00174,Pack Básico E Mini,Pack Básico E Mini — Wearables. Producto de alta calidad para fitness.,1975.94,438,electrónica|fitness|juguetes|belleza,true,2024-01-22
PRD00175,Artículo Especial B- Blanco,Artículo Especial B- Blanco — Wearables. Producto de alta calidad para jardín.,2383.36,343,fotografía|música|cine|moda|gaming,true,2021-09-11
PRD00176,Producto Premium A- Blanco,Producto Premium A- Blanco — Wearables. Producto de alta calidad para tecnología.,643.31,355,arte|wearables|automóviles|música|deportes,true,2024-03-12
PRD00177,Producto Premium A- Plus,Producto Premium A- Plus — Wearables. Producto de alta calidad para belleza.,2105.43,3,deportes|arte,true,2021-07-13
PRD00178,Kit Profesional D- Lite,Kit Profesional D- Lite — Wearables. Producto de alta calidad para hogar.,173.48,267,hogar|oficina|música,false,2024-11-18
PRD00179,Producto Premium A Mini,Producto Premium A Mini — Wearables. Producto de alta calidad para jardín.,1933.14,108,juguetes|hogar|jardín|oficina,true,2024-08-22
PRD00180,Edición Limitada F 2024,Edición Limitada F 2024 — Wearables. Producto de alta calidad para mascotas.,1424.59,85,juguetes|fitness,true,2024-03-14
PRD00181,Modelo Estándar G 2024,Modelo Estándar G 2024 — Wearables. Producto de alta calidad para belleza.,2293.33,391,moda|fitness,true,2024-05-14
PRD00182,Artículo Especial B 2024,Artículo Especial B 2024 — Wearables. Producto de alta calidad para fitness.,2010.25,492,oficina|libros|automóviles|mascotas|música,true,2022-02-04
PRD00183,Producto Premium A Mini,Producto Premium A Mini — Wearables. Producto de alta calidad para música.,424.46,0,automóviles|libros,true,2024-05-06
PRD00184,Set Completo C 2024,Set Completo C 2024 — Wearables. Producto de alta calidad para libros.,323.01,339,oficina|fotografía|belleza,true,2021-07-25
PRD00185,Producto Premium A- Rojo,Producto Premium A- Rojo — Wearables. Producto de alta calidad para viajes.,1220.75,374,cocina|wearables,true,2022-02-15
PRD00186,Artículo Especial B- Negro,Artículo Especial B- Negro — Wearables. Producto de alta calidad para libros.,1840.62,18,arte|juguetes|viajes|tecnología|libros,true,2019-02-23
PRD00187,Producto Premium A- Rojo,Producto Premium A- Rojo — Wearables. Producto de alta calidad para arte.,1793.76,435,gaming|libros|oficina,true,2024-08-01
PRD00188,Artículo Especial B- Azul,Artículo Especial B- Azul — Wearables. Producto de alta calidad para moda.,238.37,208,viajes|moda|libros|automóviles,true,2022-10-06
PRD00189,Modelo Estándar G- Azul,Modelo Estándar G- Azul — Wearables. Producto de alta calidad para electrónica.,1789.54,233,moda|arte,false,2021-08-03
PRD00190,Edición Limitada F- Lite,Edición Limitada F- Lite — Wearables. Producto de alta calidad para tecnología.,564.49,333,oficina|belleza,true,2019-10-18
PRD00191,Artículo Especial B- Lite,Artículo Especial B- Lite — Wearables. Producto de alta calidad para música.,948.41,298,mascotas|fotografía,true,2019-06-17
PRD00192,Artículo Especial B,Artículo Especial B — Wearables. Producto de alta calidad para música.,1552.12,77,gaming|belleza|cocina|deportes,true,2023-05-25
PRD00193,Kit Profesional D- Negro,Kit Profesional D- Negro — Wearables. Producto de alta calidad para jardín.,1017.63,430,mascotas|tecnología|automóviles|moda|arte,false,2023-02-18
PRD00194,Versión Pro H,Versión Pro H — Wearables. Producto de alta calidad para arte.,2011.43,30,gaming|cine|libros|deportes|automóviles,true,2023-01-22
PRD00195,Pack Básico E- Rojo,Pack Básico E- Rojo — Wearables. Producto de alta calidad para fotografía.,981.83,309,wearables|moda|electrónica|jardín,true,2021-03-15
PRD00196,Kit Profesional D XL,Kit Profesional D XL — Wearables. Producto de alta calidad para música.,1136.77,197,arte|tecnología|fotografía|cine|música,true,2020-06-14
PRD00197,Modelo Estándar G- Negro,Modelo Estándar G- Negro — Wearables. Producto de alta calidad para libros.,643.04,470,fotografía|libros,true,2023-08-11
PRD00198,Edición Limitada F- Rojo,Edición Limitada F- Rojo — Wearables. Producto de alta calidad para belleza.,1592.4,376,hogar|automóviles|oficina,false,2019-06-10
PRD00199,Auriculares Gaming XL,Auriculares Gaming XL — Gaming. Producto de alta calidad para belleza.,662.86,173,libros|gaming|fotografía|deportes|cine,true,2021-04-03
PRD00200,Xbox Series X- Rojo,Xbox Series X- Rojo — Gaming. Producto de alta calidad para viajes.,566.16,486,música|arte|moda|oficina|gaming,true,2021-12-03
PRD00201,Monitor Gaming 144Hz- Azul,Monitor Gaming 144Hz- Azul — Gaming. Producto de alta calidad para mascotas.,2121.61,207,deportes|arte,true,2024-12-06
PRD00202,Nintendo Switch OLED- Rojo,Nintendo Switch OLED- Rojo — Gaming. Producto de alta calidad para cine.,1250.95,300,electrónica|cine|juguetes|cocina,true,2024-02-01
PRD00203,Auriculares Gaming Mini,Auriculares Gaming Mini — Gaming. Producto de alta calidad para cocina.,929.94,201,viajes|arte|gaming|jardín,false,2024-04-18
PRD00204,Auriculares Gaming XL,Auriculares Gaming XL — Gaming. Producto de alta calidad para fotografía.,202.3,189,deportes|jardín|viajes|cocina|libros,true,2022-11-06
PRD00205,Controller DualSense,Controller DualSense — Gaming. Producto de alta calidad para cine.,2037.84,305,oficina|fotografía|automóviles|deportes,true,2021-01-29
PRD00206,Nintendo Switch OLED- Pro,Nintendo Switch OLED- Pro — Gaming. Producto de alta calidad para tecnología.,2134.35,232,cine|fotografía|electrónica|música|hogar,true,2021-09-08
PRD00207,Xbox Series X- Azul,Xbox Series X- Azul — Gaming. Producto de alta calidad para moda.,965.09,341,juguetes|hogar|cocina|música,true,2022-03-17
PRD00208,Auriculares Gaming 2024,Auriculares Gaming 2024 — Gaming. Producto de alta calidad para fitness.,2042.36,453,gaming|música|jardín,true,2022-05-17
PRD00209,Xbox Series X,Xbox Series X — Gaming. Producto de alta calidad para tecnología.,265.1,273,juguetes|jardín|gaming|electrónica|gaming,true,2019-03-16
PRD00210,Steam Deck 2024,Steam Deck 2024 — Gaming. Producto de alta calidad para deportes.,924.06,469,música|libros|hogar|deportes,true,2024-01-04
PRD00211,Nintendo Switch OLED- Blanco,Nintendo Switch OLED- Blanco — Gaming. Producto de alta calidad para electrónica.,1085.2,132,arte|cocina|música,true,2024-09-01
PRD00212,Monitor Gaming 144Hz Mini,Monitor Gaming 144Hz Mini — Gaming. Producto de alta calidad para automóviles.,2174.89,210,moda|hogar|mascotas|viajes|música,true,2019-04-14
PRD00213,Auriculares Gaming- Blanco,Auriculares Gaming- Blanco — Gaming. Producto de alta calidad para cine.,334.48,349,electrónica|gaming|oficina,true,2023-10-28
PRD00214,Steam Deck- Azul,Steam Deck- Azul — Gaming. Producto de alta calidad para moda.,700.25,473,electrónica|tecnología|hogar,true,2019-09-11
PRD00215,Monitor Gaming 144Hz- Blanco,Monitor Gaming 144Hz- Blanco — Gaming. Producto de alta calidad para moda.,1624.45,12,belleza|deportes|tecnología|arte|fitness,true,2019-07-06
PRD00216,Steam Deck Mini,Steam Deck Mini — Gaming. Producto de alta calidad para viajes.,469.84,61,libros|deportes|fotografía,false,2024-03-11
PRD00217,PlayStation 5 XL,PlayStation 5 XL — Gaming. Producto de alta calidad para deportes.,1908.84,253,gaming|juguetes|hogar|viajes,true,2024-12-07
PRD00218,PlayStation 5- Azul,PlayStation 5- Azul — Gaming. Producto de alta calidad para libros.,1557.97,265,viajes|cine,false,2022-12-08
PRD00219,Xbox Series X,Xbox Series X — Gaming. Producto de alta calidad para oficina.,863.2,180,juguetes|mascotas|gaming,true,2023-03-10
PRD00220,Xbox Series X- Blanco,Xbox Series X- Blanco — Gaming. Producto de alta calidad para automóviles.,1749.78,308,libros|electrónica|gaming,true,2021-02-17
PRD00221,PlayStation 5- Rojo,PlayStation 5- Rojo — Gaming. Producto de alta calidad para jardín.,327.36,44,mascotas|gaming|arte|oficina,true,2023-09-30
PRD00222,PlayStation 5- Plus,PlayStation 5- Plus — Gaming. Producto de alta calidad para oficina.,1281.07,254,deportes|moda|belleza|electrónica|oficina,true,2023-05-13
PRD00223,Monitor Gaming 144Hz 2024,Monitor Gaming 144Hz 2024 — Gaming. Producto de alta calidad para hogar.,251.18,79,viajes|cine|moda,false,2024-07-05
PRD00224,PlayStation 5- Pro,PlayStation 5- Pro — Gaming. Producto de alta calidad para jardín.,1766.69,472,belleza|gaming|música,true,2024-07-12
PRD00225,Pack Básico E- Lite,Pack Básico E- Lite — Accesorios PC. Producto de alta calidad para libros.,367.15,72,viajes|fitness|electrónica|cocina|libros,true,2021-06-06
PRD00226,Producto Premium A Mini,Producto Premium A Mini — Accesorios PC. Producto de alta calidad para arte.,638.12,286,oficina|fotografía,true,2020-09-22
PRD00227,Set Completo C- Blanco,Set Completo C- Blanco — Accesorios PC. Producto de alta calidad para viajes.,2053.53,190,cine|moda|accesorios pc|música,true,2022-10-14
PRD00228,Modelo Estándar G- Azul,Modelo Estándar G- Azul — Accesorios PC. Producto de alta calidad para cocina.,682.53,53,gaming|deportes|hogar|belleza|moda,true,2024-07-07
PRD00229,Producto Premium A- Plus,Producto Premium A- Plus — Accesorios PC. Producto de alta calidad para libros.,1634.74,6,gaming|belleza|fotografía|hogar,true,2022-08-19
PRD00230,Kit Profesional D- Lite,Kit Profesional D- Lite — Accesorios PC. Producto de alta calidad para gaming.,1962.44,292,cine|moda|automóviles,false,2023-06-24
PRD00231,Edición Limitada F- Lite,Edición Limitada F- Lite — Accesorios PC. Producto de alta calidad para arte.,1977.93,163,fitness|cocina,true,2019-07-04
PRD00232,Artículo Especial B- Blanco,Artículo Especial B- Blanco — Accesorios PC. Producto de alta calidad para deportes.,1073.16,39,arte|deportes,true,2022-01-01
PRD00233,Edición Limitada F- Lite,Edición Limitada F- Lite — Accesorios PC. Producto de alta calidad para juguetes.,1483.1,164,tecnología|juguetes|deportes|cine,false,2021-05-16
PRD00234,Versión Pro H- Pro,Versión Pro H- Pro — Accesorios PC. Producto de alta calidad para cocina.,2028.95,86,moda|mascotas|tecnología,false,2019-03-16
PRD00235,Set Completo C Mini,Set Completo C Mini — Accesorios PC. Producto de alta calidad para hogar.,2167.86,69,deportes|oficina,true,2024-07-25
PRD00236,Set Completo C- Rojo,Set Completo C- Rojo — Accesorios PC. Producto de alta calidad para oficina.,612.91,206,viajes|juguetes,false,2023-10-28
PRD00237,Versión Pro H- Lite,Versión Pro H- Lite — Accesorios PC. Producto de alta calidad para música.,1189.04,218,juguetes|automóviles,false,2019-10-31
PRD00238,Versión Pro H- Azul,Versión Pro H- Azul — Accesorios PC. Producto de alta calidad para tecnología.,333.97,235,oficina|música,true,2023-05-14
PRD00239,Versión Pro H Mini,Versión Pro H Mini — Accesorios PC. Producto de alta calidad para cine.,292.64,168,arte|gaming|viajes|fotografía|juguetes,true,2020-01-11
PRD00240,Kit Profesional D,Kit Profesional D — Accesorios PC. Producto de alta calidad para juguetes.,118.97,35,música|gaming|hogar|libros,true,2020-05-10
PRD00241,Producto Premium A- Pro,Producto Premium A- Pro — Accesorios PC. Producto de alta calidad para tecnología.,1202.45,71,cine|cocina|fotografía|electrónica|juguetes,false,2019-07-24
PRD00242,Versión Pro H- Lite,Versión Pro H- Lite — Accesorios PC. Producto de alta calidad para juguetes.,1005.28,230,fotografía|belleza|jardín|mascotas,true,2024-01-09
PRD00243,Artículo Especial B- Lite,Artículo Especial B- Lite — Accesorios PC. Producto de alta calidad para cocina.,1728.11,439,cine|arte|jardín,true,2019-05-19
PRD00244,Producto Premium A,Producto Premium A — Accesorios PC. Producto de alta calidad para cocina.,501.95,289,gaming|arte|fitness|accesorios pc|mascotas,false,2023-05-01
PRD00245,Set Completo C- Plus,Set Completo C- Plus — Accesorios PC. Producto de alta calidad para gaming.,1425.43,164,deportes|hogar|juguetes|arte|libros,true,2023-04-07
PRD00246,Producto Premium A- Pro,Producto Premium A- Pro — Accesorios PC. Producto de alta calidad para electrónica.,407.97,211,tecnología|música|arte|juguetes|hogar,true,2020-10-21
PRD00247,Modelo Estándar G- Rojo,Modelo Estándar G- Rojo — Accesorios PC. Producto de alta calidad para oficina.,2290.83,201,deportes|fitness|fotografía,true,2022-10-05
PRD00248,Pack Básico E- Lite,Pack Básico E- Lite — Accesorios PC. Producto de alta calidad para cocina.,1864.6,402,gaming|fotografía|fitness|cocina|oficina,true,2022-06-13
PRD00249,Pack Básico E XL,Pack Básico E XL — Accesorios PC. Producto de alta calidad para oficina.,2320.37,124,cine|juguetes,true,2021-09-28
PRD00250,Pack Básico E XL,Pack Básico E XL — Accesorios PC. Producto de alta calidad para belleza.,663.17,87,fotografía|gaming|juguetes|cocina|jardín,true,2024-11-23
PRD00251,Kit Profesional D,Kit Profesional D — Accesorios PC. Producto de alta calidad para juguetes.,1810.25,342,automóviles|jardín|libros|mascotas,true,2021-06-14
PRD00252,Artículo Especial B- Azul,Artículo Especial B- Azul — Accesorios PC. Producto de alta calidad para música.,1116.63,58,hogar|tecnología|juguetes,false,2019-09-08
PRD00253,Producto Premium A- Plus,Producto Premium A- Plus — Accesorios PC. Producto de alta calidad para arte.,721.23,172,fotografía|automóviles|arte|viajes,false,2023-08-18
PRD00254,Set Completo C- Blanco,Set Completo C- Blanco — Accesorios PC. Producto de alta calidad para juguetes.,112.06,221,gaming|tecnología,true,2022-02-13
PRD00255,Modelo Estándar G- Negro,Modelo Estándar G- Negro — Accesorios PC. Producto de alta calidad para libros.,141.25,459,oficina|gaming|juguetes,true,2019-04-23
PRD00256,Artículo Especial B- Blanco,Artículo Especial B- Blanco — Accesorios PC. Producto de alta calidad para arte.,836.63,270,viajes|electrónica,false,2023-05-31
PRD00257,Kit Profesional D- Pro,Kit Profesional D- Pro — Accesorios PC. Producto de alta calidad para juguetes.,2350.1,312,accesorios pc|mascotas|tecnología|belleza,true,2019-11-20
PRD00258,Pack Básico E- Pro,Pack Básico E- Pro — Redes. Producto de alta calidad para deportes.,972.78,114,viajes|cocina|fitness|cine,true,2019-12-13
PRD00259,Producto Premium A- Azul,Producto Premium A- Azul — Redes. Producto de alta calidad para moda.,2332.31,439,música|viajes|jardín|redes,true,2020-07-09
PRD00260,Kit Profesional D- Rojo,Kit Profesional D- Rojo — Redes. Producto de alta calidad para fotografía.,1641.78,118,fotografía|música|cocina|jardín|viajes,false,2019-03-18
PRD00261,Modelo Estándar G 2024,Modelo Estándar G 2024 — Redes. Producto de alta calidad para juguetes.,1778.34,440,belleza|tecnología|moda|redes|fitness,true,2020-07-30
PRD00262,Modelo Estándar G XL,Modelo Estándar G XL — Redes. Producto de alta calidad para electrónica.,1618.35,455,libros|deportes,true,2024-06-18
PRD00263,Artículo Especial B- Plus,Artículo Especial B- Plus — Redes. Producto de alta calidad para libros.,2104.47,116,viajes|moda|fotografía|redes,true,2019-08-28
PRD00264,Producto Premium A- Blanco,Producto Premium A- Blanco — Redes. Producto de alta calidad para música.,1058.2,229,belleza|oficina|cocina,true,2022-10-17
PRD00265,Set Completo C- Azul,Set Completo C- Azul — Redes. Producto de alta calidad para tecnología.,1560.9,69,libros|automóviles|redes,true,2021-08-15
PRD00266,Set Completo C- Pro,Set Completo C- Pro — Redes. Producto de alta calidad para viajes.,578.16,129,juguetes|hogar|viajes|redes|tecnología,false,2021-06-17
PRD00267,Versión Pro H- Plus,Versión Pro H- Plus — Redes. Producto de alta calidad para tecnología.,1959.37,224,hogar|jardín,false,2023-02-04
PRD00268,Set Completo C- Plus,Set Completo C- Plus — Redes. Producto de alta calidad para viajes.,698.6,28,fitness|gaming|moda|música,true,2023-02-25
PRD00269,Set Completo C- Azul,Set Completo C- Azul — Redes. Producto de alta calidad para moda.,545.88,65,mascotas|música|gaming|tecnología,true,2020-06-23
PRD00270,Versión Pro H- Negro,Versión Pro H- Negro — Redes. Producto de alta calidad para libros.,1795.66,149,deportes|electrónica,true,2020-10-31
PRD00271,Edición Limitada F,Edición Limitada F — Redes. Producto de alta calidad para mascotas.,2080.08,164,jardín|cocina|belleza|electrónica|hogar,true,2024-05-04
PRD00272,Modelo Estándar G- Negro,Modelo Estándar G- Negro — Redes. Producto de alta calidad para belleza.,902.6,446,cocina|moda|cine,false,2021-07-20
PRD00273,Set Completo C Mini,Set Completo C Mini — Redes. Producto de alta calidad para oficina.,453.8,20,redes|libros|fitness|automóviles|deportes,true,2022-07-21
PRD00274,Modelo Estándar G- Lite,Modelo Estándar G- Lite — Redes. Producto de alta calidad para electrónica.,1216.24,293,cocina|automóviles|libros|gaming,true,2021-02-07
PRD00275,Set Completo C- Negro,Set Completo C- Negro — Redes. Producto de alta calidad para automóviles.,302.47,21,deportes|redes|moda,true,2024-02-19
PRD00276,Edición Limitada F 2024,Edición Limitada F 2024 — Redes. Producto de alta calidad para fotografía.,2158.07,355,oficina|moda|deportes|electrónica|redes,true,2024-06-08
PRD00277,Kit Profesional D XL,Kit Profesional D XL — Redes. Producto de alta calidad para arte.,2429.2,91,arte|hogar|juguetes,true,2021-10-28
PRD00278,Artículo Especial B- Plus,Artículo Especial B- Plus — Redes. Producto de alta calidad para cine.,359.55,383,música|redes,true,2024-07-09
PRD00279,Kit Profesional D- Azul,Kit Profesional D- Azul — Redes. Producto de alta calidad para cine.,378.39,90,música|redes|tecnología|arte|fotografía,false,2020-04-07
PRD00280,Edición Limitada F Mini,Edición Limitada F Mini — Redes. Producto de alta calidad para belleza.,1851.39,418,juguetes|cine|viajes|redes,true,2019-01-07
PRD00281,Kit Profesional D- Rojo,Kit Profesional D- Rojo — Redes. Producto de alta calidad para mascotas.,1258.0,260,fotografía|electrónica|tecnología|redes,true,2024-10-25
PRD00282,Producto Premium A- Rojo,Producto Premium A- Rojo — Redes. Producto de alta calidad para deportes.,1916.06,313,tecnología|música|redes|arte|cine,true,2022-12-01
PRD00283,Kit Profesional D Mini,Kit Profesional D Mini — Redes. Producto de alta calidad para música.,1588.48,485,mascotas|cocina|música|cine|jardín,true,2021-05-06
PRD00284,Kit Profesional D- Rojo,Kit Profesional D- Rojo — Impresoras. Producto de alta calidad para música.,800.67,466,electrónica|mascotas|oficina,true,2020-11-29
PRD00285,Set Completo C,Set Completo C — Impresoras. Producto de alta calidad para tecnología.,358.69,334,deportes|cine|arte|belleza|impresoras,true,2020-07-02
PRD00286,Set Completo C- Blanco,Set Completo C- Blanco — Impresoras. Producto de alta calidad para juguetes.,549.82,162,hogar|deportes|fitness|jardín,true,2020-09-13
PRD00287,Modelo Estándar G- Azul,Modelo Estándar G- Azul — Impresoras. Producto de alta calidad para música.,2067.54,21,gaming|electrónica|libros|jardín|música,false,2022-04-30
PRD00288,Modelo Estándar G- Negro,Modelo Estándar G- Negro — Impresoras. Producto de alta calidad para hogar.,1617.54,99,cocina|oficina|automóviles|tecnología,true,2022-10-23
PRD00289,Artículo Especial B- Azul,Artículo Especial B- Azul — Impresoras. Producto de alta calidad para música.,1436.87,32,moda|cocina,true,2021-07-08
PRD00290,Set Completo C- Blanco,Set Completo C- Blanco — Impresoras. Producto de alta calidad para automóviles.,933.42,339,música|deportes,true,2022-04-27
PRD00291,Edición Limitada F 2024,Edición Limitada F 2024 — Impresoras. Producto de alta calidad para fotografía.,1341.78,457,jardín|belleza|impresoras,true,2023-07-03
PRD00292,Artículo Especial B XL,Artículo Especial B XL — Impresoras. Producto de alta calidad para cine.,659.05,158,automóviles|fitness,true,2019-08-28
PRD00293,Set Completo C Mini,Set Completo C Mini — Impresoras. Producto de alta calidad para mascotas.,448.27,226,moda|cine,false,2024-08-20
PRD00294,Kit Profesional D- Pro,Kit Profesional D- Pro — Impresoras. Producto de alta calidad para oficina.,1873.59,222,cine|impresoras|fotografía|oficina,true,2020-05-01
PRD00295,Kit Profesional D- Rojo,Kit Profesional D- Rojo — Impresoras. Producto de alta calidad para libros.,1788.57,91,hogar|oficina|libros,true,2023-11-22
PRD00296,Kit Profesional D- Blanco,Kit Profesional D- Blanco — Impresoras. Producto de alta calidad para oficina.,118.45,129,fotografía|deportes,true,2020-10-30
PRD00297,Artículo Especial B- Rojo,Artículo Especial B- Rojo — Impresoras. Producto de alta calidad para libros.,2157.44,422,automóviles|juguetes|hogar|deportes|mascotas,false,2024-01-03
PRD00298,Pack Básico E XL,Pack Básico E XL — Impresoras. Producto de alta calidad para hogar.,1286.65,376,impresoras|música,true,2021-03-26
PRD00299,Producto Premium A- Azul,Producto Premium A- Azul — Impresoras. Producto de alta calidad para viajes.,160.66,382,jardín|impresoras|tecnología|música|juguetes,true,2022-11-25
PRD00300,Edición Limitada F- Azul,Edición Limitada F- Azul — Impresoras. Producto de alta calidad para cocina.,819.96,125,viajes|hogar|tecnología|fitness|moda,true,2021-01-05
PRD00301,Producto Premium A- Pro,Producto Premium A- Pro — Impresoras. Producto de alta calidad para moda.,1651.66,230,jardín|oficina|música,false,2019-09-13
PRD00302,Modelo Estándar G- Blanco,Modelo Estándar G- Blanco — Impresoras. Producto de alta calidad para oficina.,2205.63,457,jardín|gaming|oficina|música|viajes,false,2024-08-16
PRD00303,Kit Profesional D- Azul,Kit Profesional D- Azul — Impresoras. Producto de alta calidad para música.,2208.77,203,jardín|deportes|automóviles|fitness|hogar,false,2023-07-07
PRD00304,Artículo Especial B- Azul,Artículo Especial B- Azul — Impresoras. Producto de alta calidad para música.,478.73,102,belleza|fotografía|hogar|tecnología|deportes,true,2024-09-02
PRD00305,Set Completo C- Negro,Set Completo C- Negro — Impresoras. Producto de alta calidad para automóviles.,1844.25,244,arte|música|electrónica,true,2019-09-17
PRD00306,Producto Premium A- Lite,Producto Premium A- Lite — Impresoras. Producto de alta calidad para juguetes.,1890.02,85,mascotas|cine|hogar|moda|jardín,true,2023-02-25
PRD00307,Artículo Especial B Mini,Artículo Especial B Mini — Impresoras. Producto de alta calidad para hogar.,1518.71,235,gaming|deportes|libros|electrónica,true,2023-08-06
PRD00308,Edición Limitada F XL,Edición Limitada F XL — Impresoras. Producto de alta calidad para música.,878.11,376,juguetes|belleza|gaming|oficina|fotografía,true,2024-07-30
PRD00309,Set Completo C- Lite,Set Completo C- Lite — Impresoras. Producto de alta calidad para juguetes.,1531.03,424,arte|cine|belleza|oficina|música,true,2022-12-20
PRD00310,Set Completo C- Pro,Set Completo C- Pro — Impresoras. Producto de alta calidad para jardín.,818.74,321,viajes|fotografía|automóviles|música|fitness,true,2022-01-22
PRD00311,Versión Pro H- Rojo,Versión Pro H- Rojo — Impresoras. Producto de alta calidad para libros.,1115.4,391,juguetes|oficina|tecnología,false,2024-04-30
PRD00312,Modelo Estándar G XL,Modelo Estándar G XL — Impresoras. Producto de alta calidad para belleza.,1213.66,400,deportes|electrónica|juguetes|cine,false,2019-01-16
PRD00313,Pack Básico E Mini,Pack Básico E Mini — Impresoras. Producto de alta calidad para viajes.,693.12,410,cocina|belleza|arte|fotografía|cine,true,2024-09-16
PRD00314,Artículo Especial B- Lite,Artículo Especial B- Lite — Impresoras. Producto de alta calidad para hogar.,519.61,194,gaming|fotografía|electrónica|automóviles|fitness,true,2024-12-24
PRD00315,Producto Premium A- Rojo,Producto Premium A- Rojo — Almacenamiento. Producto de alta calidad para fitness.,2016.48,494,fitness|tecnología|música|automóviles,true,2019-02-10
PRD00316,Artículo Especial B,Artículo Especial B — Almacenamiento. Producto de alta calidad para fotografía.,102.52,283,cine|libros|electrónica,true,2023-06-28
PRD00317,Producto Premium A 2024,Producto Premium A 2024 — Almacenamiento. Producto de alta calidad para gaming.,899.63,0,cocina|belleza|almacenamiento,true,2020-03-03
PRD00318,Producto Premium A- Pro,Producto Premium A- Pro — Almacenamiento. Producto de alta calidad para belleza.,658.47,177,fotografía|belleza|oficina|gaming|mascotas,false,2020-03-10
PRD00319,Kit Profesional D,Kit Profesional D — Almacenamiento. Producto de alta calidad para moda.,122.87,347,electrónica|arte|tecnología,true,2021-05-21
PRD00320,Modelo Estándar G Mini,Modelo Estándar G Mini — Almacenamiento. Producto de alta calidad para cine.,2278.35,149,hogar|juguetes|arte|viajes|tecnología,true,2023-01-04
PRD00321,Pack Básico E XL,Pack Básico E XL — Almacenamiento. Producto de alta calidad para automóviles.,1082.82,389,electrónica|belleza|fotografía,false,2019-08-01
PRD00322,Producto Premium A Mini,Producto Premium A Mini — Almacenamiento. Producto de alta calidad para tecnología.,409.18,57,automóviles|mascotas,true,2019-05-24
PRD00323,Modelo Estándar G- Pro,Modelo Estándar G- Pro — Almacenamiento. Producto de alta calidad para fotografía.,682.1,486,moda|gaming,true,2022-04-25
PRD00324,Set Completo C XL,Set Completo C XL — Almacenamiento. Producto de alta calidad para jardín.,689.28,286,cine|mascotas,false,2022-11-05
PRD00325,Edición Limitada F- Blanco,Edición Limitada F- Blanco — Almacenamiento. Producto de alta calidad para oficina.,296.49,305,moda|cine|libros|juguetes,false,2022-11-10
PRD00326,Versión Pro H- Blanco,Versión Pro H- Blanco — Almacenamiento. Producto de alta calidad para fitness.,316.59,120,jardín|música|oficina|juguetes,true,2019-02-02
PRD00327,Pack Básico E- Plus,Pack Básico E- Plus — Almacenamiento. Producto de alta calidad para fotografía.,771.72,277,cocina|mascotas,true,2023-05-12
PRD00328,Edición Limitada F- Pro,Edición Limitada F- Pro — Almacenamiento. Producto de alta calidad para belleza.,430.95,115,oficina|jardín|fitness,true,2021-08-07
PRD00329,Producto Premium A- Plus,Producto Premium A- Plus — Almacenamiento. Producto de alta calidad para viajes.,835.88,52,libros|fotografía,true,2022-11-25
PRD00330,Producto Premium A,Producto Premium A — Almacenamiento. Producto de alta calidad para mascotas.,2366.53,121,cine|libros|música,true,2019-10-06
PRD00331,Versión Pro H- Plus,Versión Pro H- Plus — Almacenamiento. Producto de alta calidad para oficina.,1608.13,177,jardín|cocina|belleza,true,2021-10-06
PRD00332,Edición Limitada F 2024,Edición Limitada F 2024 — Almacenamiento. Producto de alta calidad para libros.,429.93,364,música|almacenamiento|juguetes|fotografía,true,2022-11-19
PRD00333,Artículo Especial B- Lite,Artículo Especial B- Lite — Almacenamiento. Producto de alta calidad para electrónica.,1225.69,34,automóviles|fitness,true,2019-12-11
PRD00334,Edición Limitada F,Edición Limitada F — Almacenamiento. Producto de alta calidad para electrónica.,1500.22,232,arte|fotografía,true,2021-11-24
PRD00335,Pack Básico E- Plus,Pack Básico E- Plus — Almacenamiento. Producto de alta calidad para electrónica.,1932.08,447,arte|viajes|almacenamiento,true,2022-05-03
PRD00336,Artículo Especial B- Plus,Artículo Especial B- Plus — Almacenamiento. Producto de alta calidad para viajes.,754.2,133,arte|juguetes,true,2024-02-25
PRD00337,Kit Profesional D,Kit Profesional D — Almacenamiento. Producto de alta calidad para hogar.,80.56,271,gaming|mascotas|automóviles|belleza,true,2021-03-10
PRD00338,Modelo Estándar G- Negro,Modelo Estándar G- Negro — Almacenamiento. Producto de alta calidad para oficina.,2064.62,93,viajes|gaming,false,2024-11-04
PRD00339,Producto Premium A 2024,Producto Premium A 2024 — Almacenamiento. Producto de alta calidad para mascotas.,884.8,278,automóviles|belleza|música|oficina|deportes,false,2020-12-14
PRD00340,Kit Profesional D,Kit Profesional D — Almacenamiento. Producto de alta calidad para música.,1712.26,62,belleza|jardín|música|fitness,false,2022-07-07
PRD00341,Pack Básico E- Lite,Pack Básico E- Lite — Almacenamiento. Producto de alta calidad para moda.,2031.36,51,viajes|fitness|gaming|mascotas,true,2024-09-27
PRD00342,Edición Limitada F- Lite,Edición Limitada F- Lite — Almacenamiento. Producto de alta calidad para electrónica.,223.62,380,viajes|fotografía|cocina|cine|mascotas,false,2024-05-16
PRD00343,Set Completo C XL,Set Completo C XL — Almacenamiento. Producto de alta calidad para juguetes.,2035.01,309,juguetes|deportes|fotografía|gaming|viajes,true,2020-07-13
PRD00344,Modelo Estándar G Mini,Modelo Estándar G Mini — Almacenamiento. Producto de alta calidad para oficina.,284.85,283,cocina|fitness|moda|tecnología|juguetes,true,2024-12-20
PRD00345,Versión Pro H- Azul,Versión Pro H- Azul — Almacenamiento. Producto de alta calidad para música.,2082.49,48,belleza|gaming,true,2022-10-26
PRD00346,Modelo Estándar G Mini,Modelo Estándar G Mini — Almacenamiento. Producto de alta calidad para automóviles.,695.95,152,fotografía|música|almacenamiento|cine,false,2024-10-08
PRD00347,Edición Limitada F- Plus,Edición Limitada F- Plus — Almacenamiento. Producto de alta calidad para automóviles.,824.84,64,belleza|arte|mascotas,true,2022-11-28
PRD00348,Jeans Slim Fit- Blanco,Jeans Slim Fit- Blanco — Ropa Hombre. Producto de alta calidad para libros.,1159.59,153,electrónica|juguetes,true,2019-10-31
PRD00349,Sudadera Premium XL,Sudadera Premium XL — Ropa Hombre. Producto de alta calidad para fitness.,751.63,415,deportes|electrónica|tecnología|fitness|automóviles,true,2021-12-11
PRD00350,Pantalón Chino- Rojo,Pantalón Chino- Rojo — Ropa Hombre. Producto de alta calidad para automóviles.,1310.07,53,jardín|mascotas|música,true,2023-05-22
PRD00351,Jeans Slim Fit- Azul,Jeans Slim Fit- Azul — Ropa Hombre. Producto de alta calidad para belleza.,1259.43,58,viajes|automóviles,true,2023-11-15
PRD00352,Camisa Oxford- Azul,Camisa Oxford- Azul — Ropa Hombre. Producto de alta calidad para oficina.,2219.33,336,belleza|deportes|cocina|fitness|tecnología,true,2019-04-03
PRD00353,Pantalón Chino- Negro,Pantalón Chino- Negro — Ropa Hombre. Producto de alta calidad para jardín.,373.78,299,electrónica|juguetes|moda|arte|fitness,true,2023-10-08
PRD00354,Jeans Slim Fit- Pro,Jeans Slim Fit- Pro — Ropa Hombre. Producto de alta calidad para electrónica.,1862.56,492,ropa hombre|fitness,true,2019-03-26
PRD00355,Pantalón Chino Mini,Pantalón Chino Mini — Ropa Hombre. Producto de alta calidad para hogar.,1866.59,294,viajes|libros|cine|tecnología,true,2020-05-12
PRD00356,Pantalón Chino XL,Pantalón Chino XL — Ropa Hombre. Producto de alta calidad para libros.,2396.52,436,tecnología|gaming,false,2024-12-21
PRD00357,Chaqueta Denim- Blanco,Chaqueta Denim- Blanco — Ropa Hombre. Producto de alta calidad para automóviles.,110.45,167,arte|hogar|gaming|jardín,true,2019-08-30
PRD00358,Pantalón Chino 2024,Pantalón Chino 2024 — Ropa Hombre. Producto de alta calidad para fotografía.,822.71,108,moda|fotografía,false,2020-07-09
PRD00359,Jeans Slim Fit- Lite,Jeans Slim Fit- Lite — Ropa Hombre. Producto de alta calidad para cine.,1242.99,71,fitness|automóviles,false,2023-04-02
PRD00360,Camiseta Polo Classic- Azul,Camiseta Polo Classic- Azul — Ropa Hombre. Producto de alta calidad para oficina.,526.42,30,automóviles|oficina|cine|gaming,true,2021-09-18
PRD00361,Sudadera Premium- Pro,Sudadera Premium- Pro — Ropa Hombre. Producto de alta calidad para deportes.,1128.66,333,jardín|deportes|arte|fotografía,true,2021-10-05
PRD00362,Pantalón Chino- Lite,Pantalón Chino- Lite — Ropa Hombre. Producto de alta calidad para hogar.,870.06,194,gaming|juguetes|mascotas|música|arte,true,2020-04-18
PRD00363,Jeans Slim Fit- Lite,Jeans Slim Fit- Lite — Ropa Hombre. Producto de alta calidad para mascotas.,2277.98,93,libros|automóviles,false,2024-04-15
PRD00364,Camiseta Polo Classic- Blanco,Camiseta Polo Classic- Blanco — Ropa Hombre. Producto de alta calidad para música.,2285.71,266,ropa hombre|cine|jardín|tecnología|fitness,true,2022-04-23
PRD00365,Traje Formal- Rojo,Traje Formal- Rojo — Ropa Hombre. Producto de alta calidad para fitness.,2233.79,324,deportes|jardín|ropa hombre|moda,true,2024-03-06
PRD00366,Chaqueta Denim 2024,Chaqueta Denim 2024 — Ropa Hombre. Producto de alta calidad para viajes.,2408.52,342,jardín|cocina|moda|arte,true,2019-06-03
PRD00367,Jeans Slim Fit- Plus,Jeans Slim Fit- Plus — Ropa Hombre. Producto de alta calidad para jardín.,1219.08,68,tecnología|cocina|libros,true,2021-05-04
PRD00368,Chaqueta Denim Mini,Chaqueta Denim Mini — Ropa Hombre. Producto de alta calidad para juguetes.,1888.67,162,cocina|electrónica|hogar|automóviles,true,2021-07-30
PRD00369,Camiseta Polo Classic XL,Camiseta Polo Classic XL — Ropa Hombre. Producto de alta calidad para juguetes.,654.02,88,juguetes|moda|jardín|mascotas|cine,true,2019-01-15
PRD00370,Camisa Oxford 2024,Camisa Oxford 2024 — Ropa Hombre. Producto de alta calidad para hogar.,2178.57,438,oficina|automóviles|electrónica|cocina,true,2022-12-07
PRD00371,Pantalón Chino- Pro,Pantalón Chino- Pro — Ropa Hombre. Producto de alta calidad para jardín.,2221.22,412,libros|mascotas|hogar|electrónica|cocina,true,2019-03-29
PRD00372,Pantalón Chino- Negro,Pantalón Chino- Negro — Ropa Hombre. Producto de alta calidad para deportes.,1478.67,259,cocina|moda|viajes|fotografía|juguetes,false,2024-11-11
PRD00373,Falda Midi- Plus,Falda Midi- Plus — Ropa Mujer. Producto de alta calidad para mascotas.,540.05,230,ropa mujer|arte|automóviles|gaming|belleza,true,2022-03-09
PRD00374,Cardigan Tejido- Rojo,Cardigan Tejido- Rojo — Ropa Mujer. Producto de alta calidad para arte.,1514.58,98,gaming|tecnología,false,2020-04-06
PRD00375,Vestido Floral- Blanco,Vestido Floral- Blanco — Ropa Mujer. Producto de alta calidad para moda.,664.95,473,cine|libros|arte,true,2020-11-14
PRD00376,Vestido Floral Mini,Vestido Floral Mini — Ropa Mujer. Producto de alta calidad para electrónica.,1811.78,236,gaming|deportes|moda,true,2022-12-29
PRD00377,Vestido Floral- Rojo,Vestido Floral- Rojo — Ropa Mujer. Producto de alta calidad para hogar.,1725.22,289,deportes|tecnología|moda|mascotas,true,2022-01-19
PRD00378,Blusa Seda- Rojo,Blusa Seda- Rojo — Ropa Mujer. Producto de alta calidad para hogar.,1555.35,488,gaming|belleza|deportes|moda,true,2022-06-21
PRD00379,Blusa Seda- Rojo,Blusa Seda- Rojo — Ropa Mujer. Producto de alta calidad para juguetes.,1862.3,208,tecnología|juguetes|belleza|mascotas|libros,true,2021-11-13
PRD00380,Blusa Seda- Blanco,Blusa Seda- Blanco — Ropa Mujer. Producto de alta calidad para cocina.,467.88,426,deportes|mascotas|fotografía|libros,true,2019-02-27
PRD00381,Blusa Seda- Lite,Blusa Seda- Lite — Ropa Mujer. Producto de alta calidad para moda.,2071.95,98,hogar|belleza,true,2019-07-31
PRD00382,Blazer Elegante 2024,Blazer Elegante 2024 — Ropa Mujer. Producto de alta calidad para electrónica.,34.94,355,hogar|cine|viajes|moda|mascotas,true,2023-06-24
PRD00383,Vestido Floral- Blanco,Vestido Floral- Blanco — Ropa Mujer. Producto de alta calidad para cine.,841.38,457,moda|oficina,false,2021-08-26
PRD00384,Jumpsuit- Blanco,Jumpsuit- Blanco — Ropa Mujer. Producto de alta calidad para tecnología.,495.5,173,juguetes|arte,false,2019-05-08
PRD00385,Blazer Elegante XL,Blazer Elegante XL — Ropa Mujer. Producto de alta calidad para juguetes.,612.27,494,tecnología|moda|hogar|mascotas,true,2022-09-28
PRD00386,Vestido Floral- Plus,Vestido Floral- Plus — Ropa Mujer. Producto de alta calidad para electrónica.,477.82,87,oficina|electrónica|deportes,true,2019-05-22
PRD00387,Vestido Floral- Negro,Vestido Floral- Negro — Ropa Mujer. Producto de alta calidad para mascotas.,107.93,452,belleza|cine|juguetes,true,2024-09-17
PRD00388,Jumpsuit- Lite,Jumpsuit- Lite — Ropa Mujer. Producto de alta calidad para jardín.,793.95,405,libros|música|hogar|tecnología|cocina,true,2022-02-18
PRD00389,Blazer Elegante- Negro,Blazer Elegante- Negro — Ropa Mujer. Producto de alta calidad para cocina.,2086.42,156,belleza|deportes|mascotas,true,2024-02-06
PRD00390,Blazer Elegante,Blazer Elegante — Ropa Mujer. Producto de alta calidad para música.,2142.79,184,gaming|fotografía|oficina,true,2020-06-23
PRD00391,Vestido Floral Mini,Vestido Floral Mini — Ropa Mujer. Producto de alta calidad para deportes.,2278.87,72,tecnología|libros|fitness|música|viajes,true,2022-01-10
PRD00392,Falda Midi- Rojo,Falda Midi- Rojo — Ropa Mujer. Producto de alta calidad para música.,1544.48,215,electrónica|mascotas|música|cine,true,2021-05-02
PRD00393,Jeans Mom Fit- Negro,Jeans Mom Fit- Negro — Ropa Mujer. Producto de alta calidad para oficina.,201.86,418,libros|mascotas|jardín,true,2024-03-22
PRD00394,Jumpsuit 2024,Jumpsuit 2024 — Ropa Mujer. Producto de alta calidad para juguetes.,2370.31,276,libros|cocina,true,2023-01-10
PRD00395,Vestido Floral- Lite,Vestido Floral- Lite — Ropa Mujer. Producto de alta calidad para fitness.,270.22,489,libros|hogar,true,2020-03-28
PRD00396,Blusa Seda- Lite,Blusa Seda- Lite — Ropa Mujer. Producto de alta calidad para automóviles.,1200.03,345,fotografía|oficina|belleza|jardín|cocina,false,2023-10-19
PRD00397,Blusa Seda- Azul,Blusa Seda- Azul — Ropa Mujer. Producto de alta calidad para cocina.,676.74,12,cine|moda|tecnología|automóviles|belleza,true,2024-02-12
PRD00398,Blazer Elegante Mini,Blazer Elegante Mini — Ropa Mujer. Producto de alta calidad para fotografía.,1431.86,317,juguetes|hogar,true,2024-07-02
PRD00399,Vestido Floral- Lite,Vestido Floral- Lite — Ropa Mujer. Producto de alta calidad para cine.,2333.56,311,moda|ropa mujer|cine|automóviles,true,2021-04-05
PRD00400,Cardigan Tejido- Azul,Cardigan Tejido- Azul — Ropa Mujer. Producto de alta calidad para electrónica.,1277.1,483,gaming|cocina|belleza|oficina,true,2022-01-12
PRD00401,Set Completo C- Negro,Set Completo C- Negro — Ropa Niños. Producto de alta calidad para música.,799.81,75,juguetes|automóviles|jardín,true,2023-11-04
PRD00402,Set Completo C- Negro,Set Completo C- Negro — Ropa Niños. Producto de alta calidad para fitness.,2166.22,0,viajes|mascotas|libros,true,2023-01-11
PRD00403,Kit Profesional D,Kit Profesional D — Ropa Niños. Producto de alta calidad para gaming.,1373.62,406,tecnología|ropa niños,true,2023-03-24
PRD00404,Modelo Estándar G- Plus,Modelo Estándar G- Plus — Ropa Niños. Producto de alta calidad para juguetes.,13.38,393,juguetes|hogar|tecnología,true,2024-11-04
PRD00405,Artículo Especial B- Rojo,Artículo Especial B- Rojo — Ropa Niños. Producto de alta calidad para cine.,62.74,290,cine|tecnología,true,2020-01-14
PRD00406,Kit Profesional D- Blanco,Kit Profesional D- Blanco — Ropa Niños. Producto de alta calidad para cine.,1851.33,4,viajes|electrónica|juguetes|belleza|oficina,true,2019-07-03
PRD00407,Pack Básico E 2024,Pack Básico E 2024 — Ropa Niños. Producto de alta calidad para cine.,1202.67,125,belleza|jardín,true,2021-11-22
PRD00408,Producto Premium A,Producto Premium A — Ropa Niños. Producto de alta calidad para electrónica.,2226.34,42,gaming|ropa niños|jardín|hogar,true,2021-09-27
PRD00409,Artículo Especial B- Pro,Artículo Especial B- Pro — Ropa Niños. Producto de alta calidad para fitness.,1616.18,256,oficina|belleza,true,2021-11-27
PRD00410,Pack Básico E- Blanco,Pack Básico E- Blanco — Ropa Niños. Producto de alta calidad para deportes.,2013.28,185,viajes|cocina,true,2019-02-19
PRD00411,Edición Limitada F- Azul,Edición Limitada F- Azul — Ropa Niños. Producto de alta calidad para fotografía.,807.52,297,jardín|ropa niños|tecnología|electrónica,true,2021-10-22
PRD00412,Modelo Estándar G- Lite,Modelo Estándar G- Lite — Ropa Niños. Producto de alta calidad para libros.,671.16,361,libros|moda|hogar|oficina|ropa niños,true,2019-03-07
PRD00413,Set Completo C- Blanco,Set Completo C- Blanco — Ropa Niños. Producto de alta calidad para cine.,2420.52,72,automóviles|electrónica|fotografía,true,2020-09-03
PRD00414,Edición Limitada F 2024,Edición Limitada F 2024 — Ropa Niños. Producto de alta calidad para electrónica.,1723.62,116,mascotas|cocina,true,2020-07-10
PRD00415,Kit Profesional D- Lite,Kit Profesional D- Lite — Ropa Niños. Producto de alta calidad para deportes.,48.41,81,música|gaming|arte|electrónica,true,2022-04-21
PRD00416,Set Completo C 2024,Set Completo C 2024 — Ropa Niños. Producto de alta calidad para fitness.,2345.98,177,hogar|belleza|ropa niños|jardín,true,2020-12-24
PRD00417,Pack Básico E Mini,Pack Básico E Mini — Ropa Niños. Producto de alta calidad para jardín.,551.56,209,hogar|moda|oficina|electrónica|música,true,2021-12-19
PRD00418,Producto Premium A- Negro,Producto Premium A- Negro — Ropa Niños. Producto de alta calidad para tecnología.,362.59,45,belleza|gaming|automóviles,true,2019-12-21
PRD00419,Kit Profesional D- Blanco,Kit Profesional D- Blanco — Ropa Niños. Producto de alta calidad para belleza.,1638.89,366,deportes|arte|ropa niños|libros|tecnología,true,2021-12-19
PRD00420,Producto Premium A- Plus,Producto Premium A- Plus — Ropa Niños. Producto de alta calidad para fotografía.,957.68,335,jardín|fitness|gaming|cocina|fotografía,true,2019-07-08
PRD00421,Set Completo C- Plus,Set Completo C- Plus — Ropa Niños. Producto de alta calidad para gaming.,1556.99,3,gaming|fotografía|cine|tecnología|hogar,true,2022-09-25
PRD00422,Versión Pro H Mini,Versión Pro H Mini — Ropa Niños. Producto de alta calidad para belleza.,652.39,492,fotografía|mascotas|libros,false,2022-12-03
PRD00423,Artículo Especial B- Plus,Artículo Especial B- Plus — Ropa Niños. Producto de alta calidad para electrónica.,1874.89,342,belleza|música|oficina|fitness|hogar,true,2020-05-31
PRD00424,Modelo Estándar G- Plus,Modelo Estándar G- Plus — Ropa Niños. Producto de alta calidad para arte.,2119.02,477,automóviles|cine,false,2023-05-06
PRD00425,Set Completo C- Blanco,Set Completo C- Blanco — Ropa Niños. Producto de alta calidad para automóviles.,2131.49,438,deportes|oficina|electrónica|jardín,true,2023-12-16
PRD00426,Pack Básico E- Plus,Pack Básico E- Plus — Ropa Niños. Producto de alta calidad para jardín.,907.21,499,deportes|música|juguetes|moda|viajes,true,2019-05-30
PRD00427,Pack Básico E 2024,Pack Básico E 2024 — Ropa Niños. Producto de alta calidad para fotografía.,2160.92,27,fotografía|libros|oficina|gaming|fitness,true,2021-05-08
PRD00428,Modelo Estándar G- Lite,Modelo Estándar G- Lite — Ropa Niños. Producto de alta calidad para cocina.,844.01,309,hogar|libros|deportes,true,2023-11-08
PRD00429,Set Completo C- Pro,Set Completo C- Pro — Ropa Niños. Producto de alta calidad para fotografía.,1651.51,329,juguetes|música|tecnología|cine,true,2022-02-06
PRD00430,Artículo Especial B- Negro,Artículo Especial B- Negro — Ropa Niños. Producto de alta calidad para tecnología.,371.15,438,viajes|belleza|oficina|deportes|automóviles,false,2021-10-17
PRD00431,Kit Profesional D- Rojo,Kit Profesional D- Rojo — Ropa Niños. Producto de alta calidad para música.,1253.6,370,fitness|juguetes|fotografía,true,2024-08-21
PRD00432,Pack Básico E XL,Pack Básico E XL — Ropa Niños. Producto de alta calidad para arte.,2166.1,433,belleza|tecnología|cine|juguetes|cocina,true,2019-03-16
PRD00433,Artículo Especial B,Artículo Especial B — Ropa Niños. Producto de alta calidad para deportes.,780.95,410,deportes|música|arte,true,2022-02-16
PRD00434,Chanclas Sport,Chanclas Sport — Calzado Hombre. Producto de alta calidad para jardín.,780.83,2,cine|moda,true,2024-12-02
PRD00435,Sandalias Verano- Blanco,Sandalias Verano- Blanco — Calzado Hombre. Producto de alta calidad para viajes.,965.7,83,calzado hombre|automóviles,true,2019-08-28
PRD00436,Tenis Adidas- Azul,Tenis Adidas- Azul — Calzado Hombre. Producto de alta calidad para deportes.,1379.14,45,oficina|electrónica,true,2019-07-22
PRD00437,Zapatillas Nike Air,Zapatillas Nike Air — Calzado Hombre. Producto de alta calidad para hogar.,605.55,301,fotografía|mascotas|hogar,false,2024-07-26
PRD00438,Chanclas Sport Mini,Chanclas Sport Mini — Calzado Hombre. Producto de alta calidad para automóviles.,1710.94,132,moda|hogar|cine|libros|arte,true,2019-07-28
PRD00439,Mocasines Cuero Mini,Mocasines Cuero Mini — Calzado Hombre. Producto de alta calidad para hogar.,2169.0,39,calzado hombre|electrónica|automóviles|fitness,true,2019-02-08
PRD00440,Sandalias Verano- Pro,Sandalias Verano- Pro — Calzado Hombre. Producto de alta calidad para mascotas.,1766.89,472,fitness|automóviles|música,true,2019-04-03
PRD00441,Mocasines Cuero 2024,Mocasines Cuero 2024 — Calzado Hombre. Producto de alta calidad para gaming.,1498.87,239,automóviles|tecnología|mascotas|libros|electrónica,true,2019-08-19
PRD00442,Sandalias Verano- Negro,Sandalias Verano- Negro — Calzado Hombre. Producto de alta calidad para libros.,2439.99,457,tecnología|belleza|automóviles|hogar|mascotas,true,2020-09-25
PRD00443,Tenis Adidas XL,Tenis Adidas XL — Calzado Hombre. Producto de alta calidad para moda.,1215.49,229,cocina|mascotas|oficina|hogar|viajes,false,2021-07-17
PRD00444,Mocasines Cuero- Negro,Mocasines Cuero- Negro — Calzado Hombre. Producto de alta calidad para arte.,1369.84,238,música|fotografía,true,2023-02-09
PRD00445,Zapatillas Nike Air- Blanco,Zapatillas Nike Air- Blanco — Calzado Hombre. Producto de alta calidad para música.,2191.47,496,fotografía|viajes|libros|oficina,true,2021-02-01
PRD00446,Sandalias Verano XL,Sandalias Verano XL — Calzado Hombre. Producto de alta calidad para belleza.,1673.88,180,cine|oficina,false,2023-04-16
PRD00447,Zapatos Oxford- Lite,Zapatos Oxford- Lite — Calzado Hombre. Producto de alta calidad para gaming.,1095.14,295,tecnología|cine|electrónica|arte|deportes,true,2020-04-29
PRD00448,Tenis Adidas- Blanco,Tenis Adidas- Blanco — Calzado Hombre. Producto de alta calidad para fotografía.,1840.82,421,fitness|moda,true,2023-07-24
PRD00449,Sandalias Verano- Negro,Sandalias Verano- Negro — Calzado Hombre. Producto de alta calidad para moda.,547.88,481,mascotas|tecnología,true,2023-01-30
PRD00450,Chanclas Sport- Blanco,Chanclas Sport- Blanco — Calzado Hombre. Producto de alta calidad para belleza.,1446.83,437,viajes|hogar|belleza|gaming,true,2022-03-27
PRD00451,Mocasines Cuero- Negro,Mocasines Cuero- Negro — Calzado Hombre. Producto de alta calidad para oficina.,2282.62,414,tecnología|calzado hombre|fotografía,true,2023-10-08
PRD00452,Chanclas Sport,Chanclas Sport — Calzado Hombre. Producto de alta calidad para cine.,923.91,243,gaming|moda|libros|hogar,true,2019-10-19
PRD00453,Chanclas Sport 2024,Chanclas Sport 2024 — Calzado Hombre. Producto de alta calidad para deportes.,585.52,1,fotografía|cine|gaming|juguetes|fitness,true,2020-01-07
PRD00454,Zapatillas Nike Air- Negro,Zapatillas Nike Air- Negro — Calzado Hombre. Producto de alta calidad para hogar.,1229.01,163,mascotas|jardín|cocina|libros,false,2023-10-05
PRD00455,Botas Chelsea 2024,Botas Chelsea 2024 — Calzado Hombre. Producto de alta calidad para mascotas.,1927.22,168,fitness|hogar|libros|belleza,true,2024-01-14
PRD00456,Botas Chelsea- Azul,Botas Chelsea- Azul — Calzado Hombre. Producto de alta calidad para libros.,856.71,192,juguetes|mascotas|automóviles|hogar,true,2021-11-29
PRD00457,Chanclas Sport Mini,Chanclas Sport Mini — Calzado Hombre. Producto de alta calidad para jardín.,742.61,388,música|gaming|cine|tecnología|libros,true,2022-04-13
PRD00458,Chanclas Sport- Rojo,Chanclas Sport- Rojo — Calzado Hombre. Producto de alta calidad para tecnología.,166.32,235,electrónica|calzado hombre|libros|moda|arte,true,2020-02-21
PRD00459,Zapatillas Nike Air 2024,Zapatillas Nike Air 2024 — Calzado Hombre. Producto de alta calidad para mascotas.,1331.24,340,hogar|arte|cine|cocina|mascotas,true,2021-07-30
PRD00460,Botas Chelsea- Negro,Botas Chelsea- Negro — Calzado Hombre. Producto de alta calidad para fotografía.,1941.91,420,fitness|fotografía|gaming|automóviles|tecnología,true,2023-12-17
PRD00461,Chanclas Sport- Rojo,Chanclas Sport- Rojo — Calzado Hombre. Producto de alta calidad para fitness.,409.18,132,electrónica|música|cine|moda,false,2020-12-08
PRD00462,Sandalias Plataforma- Blanco,Sandalias Plataforma- Blanco — Calzado Mujer. Producto de alta calidad para cocina.,1124.49,69,música|belleza|automóviles|fotografía|moda,true,2023-10-22
PRD00463,Sandalias Plataforma Mini,Sandalias Plataforma Mini — Calzado Mujer. Producto de alta calidad para belleza.,2357.98,495,viajes|libros|mascotas|deportes|calzado mujer,false,2021-05-02
PRD00464,Sandalias Plataforma- Lite,Sandalias Plataforma- Lite — Calzado Mujer. Producto de alta calidad para jardín.,548.63,369,arte|oficina|libros,false,2024-12-06
PRD00465,Bailarinas,Bailarinas — Calzado Mujer. Producto de alta calidad para música.,1480.35,29,tecnología|cocina|automóviles|juguetes|cine,true,2021-08-15
PRD00466,Mocasines- Pro,Mocasines- Pro — Calzado Mujer. Producto de alta calidad para oficina.,1971.58,395,cocina|tecnología|arte,true,2024-11-19
PRD00467,Sandalias Plataforma- Azul,Sandalias Plataforma- Azul — Calzado Mujer. Producto de alta calidad para viajes.,1942.4,349,deportes|fitness|electrónica|jardín|cocina,true,2022-07-11
PRD00468,Sandalias Plataforma- Plus,Sandalias Plataforma- Plus — Calzado Mujer. Producto de alta calidad para mascotas.,1490.47,363,mascotas|automóviles,true,2024-03-12
PRD00469,Sneakers Blancas- Rojo,Sneakers Blancas- Rojo — Calzado Mujer. Producto de alta calidad para gaming.,1762.64,425,jardín|deportes|juguetes,true,2019-04-24
PRD00470,Botines Cuero- Blanco,Botines Cuero- Blanco — Calzado Mujer. Producto de alta calidad para música.,454.75,483,viajes|cine|libros|electrónica|calzado mujer,true,2020-12-22
PRD00471,Sandalias Plataforma- Negro,Sandalias Plataforma- Negro — Calzado Mujer. Producto de alta calidad para jardín.,2076.18,310,deportes|electrónica,true,2024-06-30
PRD00472,Sandalias Plataforma- Negro,Sandalias Plataforma- Negro — Calzado Mujer. Producto de alta calidad para belleza.,289.48,206,música|moda|fotografía|calzado mujer|arte,true,2022-01-03
PRD00473,Tacones Stiletto- Pro,Tacones Stiletto- Pro — Calzado Mujer. Producto de alta calidad para música.,24.62,15,hogar|jardín|juguetes,true,2021-01-03
PRD00474,Botas Lluvia- Lite,Botas Lluvia- Lite — Calzado Mujer. Producto de alta calidad para cocina.,465.04,253,hogar|cocina,true,2023-06-17
PRD00475,Tacones Stiletto- Lite,Tacones Stiletto- Lite — Calzado Mujer. Producto de alta calidad para viajes.,1164.06,412,deportes|electrónica,true,2019-03-21
PRD00476,Sandalias Plataforma- Azul,Sandalias Plataforma- Azul — Calzado Mujer. Producto de alta calidad para música.,1460.34,211,moda|fitness|tecnología|calzado mujer|fotografía,false,2021-05-04
PRD00477,Botines Cuero- Rojo,Botines Cuero- Rojo — Calzado Mujer. Producto de alta calidad para música.,2158.25,288,cine|juguetes|gaming|hogar,true,2023-12-10
PRD00478,Mocasines- Plus,Mocasines- Plus — Calzado Mujer. Producto de alta calidad para cine.,2394.97,387,gaming|belleza|tecnología|oficina|calzado mujer,true,2019-05-14
PRD00479,Sneakers Blancas,Sneakers Blancas — Calzado Mujer. Producto de alta calidad para oficina.,816.0,115,arte|oficina|belleza,true,2021-06-15
PRD00480,Sandalias Plataforma- Blanco,Sandalias Plataforma- Blanco — Calzado Mujer. Producto de alta calidad para arte.,2056.5,333,música|belleza|deportes|calzado mujer|hogar,true,2021-06-29
PRD00481,Sneakers Blancas XL,Sneakers Blancas XL — Calzado Mujer. Producto de alta calidad para música.,990.86,232,moda|libros|jardín|juguetes|electrónica,true,2022-09-18
PRD00482,Bailarinas Mini,Bailarinas Mini — Calzado Mujer. Producto de alta calidad para tecnología.,665.61,231,arte|viajes|juguetes|mascotas,true,2023-03-11
PRD00483,Bailarinas 2024,Bailarinas 2024 — Calzado Mujer. Producto de alta calidad para música.,1885.08,22,fotografía|tecnología|jardín|mascotas|arte,true,2019-03-30
PRD00484,Botas Lluvia- Negro,Botas Lluvia- Negro — Calzado Mujer. Producto de alta calidad para arte.,469.5,397,oficina|moda|música,true,2019-11-15
PRD00485,Mocasines- Azul,Mocasines- Azul — Calzado Mujer. Producto de alta calidad para juguetes.,1357.82,115,cocina|calzado mujer,true,2019-05-22
PRD00486,Botines Cuero- Pro,Botines Cuero- Pro — Calzado Mujer. Producto de alta calidad para gaming.,21.37,183,gaming|viajes|música,true,2020-11-18
PRD00487,Tacones Stiletto- Blanco,Tacones Stiletto- Blanco — Calzado Mujer. Producto de alta calidad para fitness.,288.24,145,calzado mujer|fitness|arte|moda,true,2021-07-15
PRD00488,Mocasines Mini,Mocasines Mini — Calzado Mujer. Producto de alta calidad para viajes.,1454.33,319,gaming|cine,true,2022-03-12
PRD00489,Mocasines- Azul,Mocasines- Azul — Calzado Mujer. Producto de alta calidad para juguetes.,988.32,218,música|fotografía|gaming,true,2020-10-30
PRD00490,Tacones Stiletto 2024,Tacones Stiletto 2024 — Calzado Mujer. Producto de alta calidad para hogar.,1867.82,64,arte|juguetes,true,2021-08-02
PRD00491,Mocasines- Rojo,Mocasines- Rojo — Calzado Mujer. Producto de alta calidad para oficina.,148.54,201,música|juguetes,true,2022-09-27
PRD00492,Mocasines XL,Mocasines XL — Calzado Mujer. Producto de alta calidad para cine.,610.6,101,moda|hogar|libros,true,2024-07-26
PRD00493,Sandalias Plataforma- Plus,Sandalias Plataforma- Plus — Calzado Mujer. Producto de alta calidad para cine.,168.59,93,juguetes|arte|cocina|música,true,2019-03-02
PRD00494,Botas Lluvia- Negro,Botas Lluvia- Negro — Calzado Mujer. Producto de alta calidad para cine.,1466.96,228,electrónica|fitness|hogar,true,2021-01-10
PRD00495,Artículo Especial B- Plus,Artículo Especial B- Plus — Bolsos. Producto de alta calidad para mascotas.,2138.15,163,gaming|cine|libros|jardín,true,2022-01-27
PRD00496,Modelo Estándar G- Rojo,Modelo Estándar G- Rojo — Bolsos. Producto de alta calidad para tecnología.,1124.18,2,hogar|libros|tecnología|jardín|bolsos,true,2021-07-25
PRD00497,Pack Básico E- Pro,Pack Básico E- Pro — Bolsos. Producto de alta calidad para deportes.,419.71,181,cocina|moda|viajes,true,2020-03-09
PRD00498,Edición Limitada F- Pro,Edición Limitada F- Pro — Bolsos. Producto de alta calidad para hogar.,680.91,297,fitness|hogar,true,2020-07-25
PRD00499,Pack Básico E- Azul,Pack Básico E- Azul — Bolsos. Producto de alta calidad para libros.,1215.36,133,automóviles|electrónica,false,2024-03-03
PRD00500,Set Completo C- Pro,Set Completo C- Pro — Bolsos. Producto de alta calidad para fitness.,1365.41,358,libros|bolsos|deportes|automóviles,true,2021-11-07
PRD00501,Set Completo C,Set Completo C — Bolsos. Producto de alta calidad para juguetes.,1081.4,101,belleza|mascotas|oficina|moda,true,2023-04-15
PRD00502,Kit Profesional D- Blanco,Kit Profesional D- Blanco — Bolsos. Producto de alta calidad para jardín.,854.03,140,arte|hogar|bolsos|moda|música,true,2022-04-02
PRD00503,Edición Limitada F Mini,Edición Limitada F Mini — Bolsos. Producto de alta calidad para jardín.,433.63,363,automóviles|bolsos|viajes|belleza,false,2022-08-06
PRD00504,Set Completo C- Lite,Set Completo C- Lite — Bolsos. Producto de alta calidad para juguetes.,997.76,398,tecnología|automóviles|cocina,true,2020-05-28
PRD00505,Edición Limitada F- Rojo,Edición Limitada F- Rojo — Bolsos. Producto de alta calidad para música.,204.98,284,bolsos|fitness|arte,true,2023-05-24
PRD00506,Set Completo C- Blanco,Set Completo C- Blanco — Bolsos. Producto de alta calidad para música.,884.91,387,tecnología|hogar|belleza|música,true,2023-07-20
PRD00507,Versión Pro H- Blanco,Versión Pro H- Blanco — Bolsos. Producto de alta calidad para música.,231.15,125,viajes|juguetes|cocina|música|tecnología,true,2020-11-25
PRD00508,Artículo Especial B- Rojo,Artículo Especial B- Rojo — Bolsos. Producto de alta calidad para cine.,1515.68,87,oficina|tecnología|bolsos,false,2023-09-07
PRD00509,Producto Premium A- Blanco,Producto Premium A- Blanco — Bolsos. Producto de alta calidad para jardín.,2407.37,99,cine|tecnología|cocina|fitness|moda,true,2023-01-19
PRD00510,Artículo Especial B- Plus,Artículo Especial B- Plus — Bolsos. Producto de alta calidad para deportes.,1538.24,294,bolsos|moda|tecnología|gaming,true,2019-07-24
PRD00511,Kit Profesional D- Pro,Kit Profesional D- Pro — Bolsos. Producto de alta calidad para electrónica.,340.5,47,belleza|oficina|música,true,2022-05-05
PRD00512,Kit Profesional D- Lite,Kit Profesional D- Lite — Bolsos. Producto de alta calidad para libros.,2412.9,236,moda|jardín,false,2024-12-06
PRD00513,Producto Premium A- Pro,Producto Premium A- Pro — Bolsos. Producto de alta calidad para libros.,1187.63,200,cocina|cine|hogar|jardín|moda,true,2023-11-21
PRD00514,Kit Profesional D 2024,Kit Profesional D 2024 — Bolsos. Producto de alta calidad para viajes.,574.53,138,tecnología|bolsos|juguetes|fitness,false,2020-12-11
PRD00515,Artículo Especial B- Plus,Artículo Especial B- Plus — Bolsos. Producto de alta calidad para tecnología.,1967.32,329,libros|gaming|hogar|viajes|belleza,true,2020-04-14
PRD00516,Pack Básico E- Negro,Pack Básico E- Negro — Bolsos. Producto de alta calidad para hogar.,875.67,468,fotografía|libros|viajes|hogar|cine,true,2022-03-24
PRD00517,Versión Pro H- Blanco,Versión Pro H- Blanco — Bolsos. Producto de alta calidad para jardín.,2377.8,439,mascotas|cine|automóviles|arte|bolsos,true,2019-05-10
PRD00518,Pack Básico E XL,Pack Básico E XL — Bolsos. Producto de alta calidad para mascotas.,2200.6,167,música|oficina|moda|cocina,true,2019-10-12
PRD00519,Artículo Especial B 2024,Artículo Especial B 2024 — Bolsos. Producto de alta calidad para moda.,752.95,451,tecnología|deportes|mascotas|viajes|música,true,2021-01-18
PRD00520,Pack Básico E 2024,Pack Básico E 2024 — Bolsos. Producto de alta calidad para mascotas.,1929.88,86,electrónica|fotografía|cocina,true,2019-11-15
PRD00521,Pack Básico E- Pro,Pack Básico E- Pro — Bolsos. Producto de alta calidad para música.,1124.34,183,fitness|viajes|automóviles|cine|cocina,true,2019-02-14
PRD00522,Edición Limitada F- Azul,Edición Limitada F- Azul — Bolsos. Producto de alta calidad para viajes.,1722.09,264,libros|jardín|belleza|moda|cocina,false,2020-12-09
PRD00523,Artículo Especial B Mini,Artículo Especial B Mini — Relojes. Producto de alta calidad para fitness.,850.56,320,tecnología|oficina,true,2024-08-13
PRD00524,Versión Pro H- Rojo,Versión Pro H- Rojo — Relojes. Producto de alta calidad para moda.,589.97,297,deportes|cine|cocina,true,2019-03-07
PRD00525,Versión Pro H 2024,Versión Pro H 2024 — Relojes. Producto de alta calidad para jardín.,129.53,377,cocina|jardín,true,2024-06-24
PRD00526,Pack Básico E- Azul,Pack Básico E- Azul — Relojes. Producto de alta calidad para cine.,1145.31,42,automóviles|relojes|cocina|juguetes|viajes,false,2023-06-11
PRD00527,Edición Limitada F- Lite,Edición Limitada F- Lite — Relojes. Producto de alta calidad para belleza.,1888.77,473,jardín|electrónica|libros|cine,true,2023-07-14
PRD00528,Edición Limitada F Mini,Edición Limitada F Mini — Relojes. Producto de alta calidad para moda.,1867.63,76,deportes|automóviles|arte|oficina,false,2019-05-18
PRD00529,Versión Pro H- Blanco,Versión Pro H- Blanco — Relojes. Producto de alta calidad para electrónica.,773.62,332,tecnología|automóviles,false,2019-06-17
PRD00530,Producto Premium A- Rojo,Producto Premium A- Rojo — Relojes. Producto de alta calidad para gaming.,88.0,361,arte|jardín|oficina,true,2019-05-30
PRD00531,Versión Pro H- Rojo,Versión Pro H- Rojo — Relojes. Producto de alta calidad para viajes.,993.91,11,juguetes|automóviles|gaming|viajes|tecnología,false,2023-12-08
PRD00532,Versión Pro H- Negro,Versión Pro H- Negro — Relojes. Producto de alta calidad para juguetes.,1028.73,328,música|relojes|jardín,true,2024-05-01
PRD00533,Artículo Especial B XL,Artículo Especial B XL — Relojes. Producto de alta calidad para jardín.,1272.67,168,automóviles|electrónica,true,2024-09-07
PRD00534,Edición Limitada F Mini,Edición Limitada F Mini — Relojes. Producto de alta calidad para viajes.,1879.82,155,cine|mascotas,true,2023-08-26
PRD00535,Versión Pro H- Lite,Versión Pro H- Lite — Relojes. Producto de alta calidad para juguetes.,2121.16,70,fitness|relojes,true,2022-05-24
PRD00536,Artículo Especial B- Plus,Artículo Especial B- Plus — Relojes. Producto de alta calidad para belleza.,1059.36,442,cocina|belleza,false,2019-11-15
PRD00537,Versión Pro H,Versión Pro H — Relojes. Producto de alta calidad para juguetes.,1008.54,476,cine|viajes|música|moda|deportes,true,2020-10-29
PRD00538,Versión Pro H- Azul,Versión Pro H- Azul — Relojes. Producto de alta calidad para mascotas.,1683.9,61,automóviles|oficina|deportes,true,2020-10-16
PRD00539,Modelo Estándar G- Pro,Modelo Estándar G- Pro — Relojes. Producto de alta calidad para belleza.,1146.57,216,gaming|electrónica|deportes,true,2019-01-25
PRD00540,Pack Básico E- Blanco,Pack Básico E- Blanco — Relojes. Producto de alta calidad para deportes.,1796.32,345,juguetes|fotografía|música|tecnología|viajes,true,2021-08-18
PRD00541,Edición Limitada F- Rojo,Edición Limitada F- Rojo — Relojes. Producto de alta calidad para electrónica.,900.19,13,hogar|fotografía,false,2023-09-11
PRD00542,Set Completo C- Negro,Set Completo C- Negro — Relojes. Producto de alta calidad para música.,922.82,490,belleza|electrónica|viajes|tecnología,true,2024-12-12
PRD00543,Kit Profesional D 2024,Kit Profesional D 2024 — Relojes. Producto de alta calidad para jardín.,1167.44,241,gaming|moda|libros|deportes,true,2020-04-02
PRD00544,Modelo Estándar G Mini,Modelo Estándar G Mini — Relojes. Producto de alta calidad para juguetes.,2208.16,442,relojes|cocina|gaming|hogar|fitness,true,2024-12-01
PRD00545,Artículo Especial B- Lite,Artículo Especial B- Lite — Relojes. Producto de alta calidad para electrónica.,824.78,396,juguetes|libros|automóviles|deportes,true,2021-03-29
PRD00546,Artículo Especial B- Plus,Artículo Especial B- Plus — Relojes. Producto de alta calidad para moda.,1033.6,228,oficina|libros,true,2022-05-07
PRD00547,Kit Profesional D,Kit Profesional D — Relojes. Producto de alta calidad para libros.,1138.38,270,automóviles|deportes,true,2023-07-06
PRD00548,Modelo Estándar G 2024,Modelo Estándar G 2024 — Relojes. Producto de alta calidad para tecnología.,2106.91,338,relojes|fotografía|oficina,true,2022-08-29
PRD00549,Versión Pro H- Blanco,Versión Pro H- Blanco — Relojes. Producto de alta calidad para belleza.,226.6,1,juguetes|música|electrónica|cocina,false,2023-09-13
PRD00550,Artículo Especial B XL,Artículo Especial B XL — Relojes. Producto de alta calidad para automóviles.,335.42,68,hogar|música|mascotas|cine|belleza,true,2019-05-16
PRD00551,Kit Profesional D XL,Kit Profesional D XL — Relojes. Producto de alta calidad para jardín.,1590.83,99,electrónica|moda,true,2020-12-18
PRD00552,Pack Básico E- Azul,Pack Básico E- Azul — Joyería. Producto de alta calidad para mascotas.,838.35,460,oficina|cine|música|cocina,true,2024-11-07
PRD00553,Artículo Especial B- Blanco,Artículo Especial B- Blanco — Joyería. Producto de alta calidad para viajes.,749.15,208,fotografía|libros,true,2023-03-12
PRD00554,Artículo Especial B- Blanco,Artículo Especial B- Blanco — Joyería. Producto de alta calidad para juguetes.,27.34,231,electrónica|arte|gaming,false,2021-12-26
PRD00555,Producto Premium A- Azul,Producto Premium A- Azul — Joyería. Producto de alta calidad para libros.,609.5,432,joyería|electrónica|tecnología|libros|fotografía,true,2022-07-27
PRD00556,Producto Premium A- Pro,Producto Premium A- Pro — Joyería. Producto de alta calidad para electrónica.,1885.98,404,gaming|jardín|cocina|automóviles,true,2024-12-22
PRD00557,Pack Básico E Mini,Pack Básico E Mini — Joyería. Producto de alta calidad para automóviles.,2068.54,279,gaming|cine,true,2022-01-19
PRD00558,Artículo Especial B- Pro,Artículo Especial B- Pro — Joyería. Producto de alta calidad para jardín.,2347.98,77,mascotas|gaming|automóviles|arte|cocina,true,2023-06-27
PRD00559,Set Completo C- Azul,Set Completo C- Azul — Joyería. Producto de alta calidad para libros.,1022.34,190,moda|cine|oficina|electrónica|automóviles,true,2019-10-29
PRD00560,Versión Pro H Mini,Versión Pro H Mini — Joyería. Producto de alta calidad para cine.,469.06,94,libros|moda|cocina,true,2024-11-18
PRD00561,Modelo Estándar G XL,Modelo Estándar G XL — Joyería. Producto de alta calidad para juguetes.,998.4,298,tecnología|cine|jardín,false,2024-02-02
PRD00562,Set Completo C- Azul,Set Completo C- Azul — Joyería. Producto de alta calidad para viajes.,1472.03,164,cine|oficina|juguetes|libros,false,2021-10-12
PRD00563,Modelo Estándar G 2024,Modelo Estándar G 2024 — Joyería. Producto de alta calidad para gaming.,35.83,130,mascotas|electrónica|música|arte|jardín,true,2020-05-12
PRD00564,Producto Premium A 2024,Producto Premium A 2024 — Joyería. Producto de alta calidad para viajes.,504.35,499,oficina|gaming|hogar|fitness,true,2024-12-02
PRD00565,Set Completo C- Blanco,Set Completo C- Blanco — Joyería. Producto de alta calidad para cine.,747.24,75,tecnología|joyería|oficina|deportes|fotografía,true,2024-03-25
PRD00566,Pack Básico E Mini,Pack Básico E Mini — Joyería. Producto de alta calidad para hogar.,181.44,8,moda|fotografía|juguetes,true,2022-05-15
PRD00567,Versión Pro H- Pro,Versión Pro H- Pro — Joyería. Producto de alta calidad para fitness.,335.33,426,joyería|belleza|mascotas,false,2023-11-16
PRD00568,Pack Básico E- Blanco,Pack Básico E- Blanco — Joyería. Producto de alta calidad para moda.,1554.61,265,fotografía|tecnología|fitness,true,2020-09-11
PRD00569,Kit Profesional D- Pro,Kit Profesional D- Pro — Joyería. Producto de alta calidad para oficina.,2483.35,482,tecnología|juguetes|mascotas,true,2023-10-20
PRD00570,Pack Básico E 2024,Pack Básico E 2024 — Joyería. Producto de alta calidad para tecnología.,1008.73,43,libros|juguetes|belleza|moda|arte,false,2020-06-23
PRD00571,Edición Limitada F- Azul,Edición Limitada F- Azul — Joyería. Producto de alta calidad para automóviles.,1024.19,220,electrónica|oficina,true,2020-02-16
PRD00572,Versión Pro H- Blanco,Versión Pro H- Blanco — Joyería. Producto de alta calidad para música.,1229.43,162,tecnología|fotografía|gaming|oficina,true,2020-05-08
PRD00573,Artículo Especial B Mini,Artículo Especial B Mini — Joyería. Producto de alta calidad para tecnología.,2126.8,26,mascotas|oficina|fitness,false,2020-02-02
PRD00574,Versión Pro H- Plus,Versión Pro H- Plus — Joyería. Producto de alta calidad para moda.,1243.34,115,joyería|música|deportes,false,2022-12-03
PRD00575,Artículo Especial B XL,Artículo Especial B XL — Joyería. Producto de alta calidad para juguetes.,2084.15,101,moda|libros|fitness,false,2019-10-18
PRD00576,Kit Profesional D- Azul,Kit Profesional D- Azul — Joyería. Producto de alta calidad para cocina.,2130.2,433,moda|viajes|fotografía|música|juguetes,false,2022-06-25
PRD00577,Pack Básico E 2024,Pack Básico E 2024 — Joyería. Producto de alta calidad para belleza.,1080.97,212,cocina|mascotas,true,2023-12-24
PRD00578,Kit Profesional D- Pro,Kit Profesional D- Pro — Joyería. Producto de alta calidad para oficina.,1036.78,36,tecnología|mascotas,false,2019-11-09
PRD00579,Producto Premium A 2024,Producto Premium A 2024 — Joyería. Producto de alta calidad para deportes.,2160.38,137,deportes|mascotas|gaming|música,true,2022-11-22
PRD00580,Modelo Estándar G- Azul,Modelo Estándar G- Azul — Joyería. Producto de alta calidad para tecnología.,1987.99,176,moda|oficina|deportes|belleza,true,2024-09-15
PRD00581,Artículo Especial B- Negro,Artículo Especial B- Negro — Gafas. Producto de alta calidad para oficina.,1674.35,341,electrónica|cocina|oficina|cine,true,2021-10-16
PRD00582,Modelo Estándar G,Modelo Estándar G — Gafas. Producto de alta calidad para fotografía.,1471.64,163,mascotas|tecnología|moda|fotografía|oficina,true,2019-02-21
PRD00583,Artículo Especial B 2024,Artículo Especial B 2024 — Gafas. Producto de alta calidad para viajes.,449.64,301,tecnología|gaming|belleza|libros,false,2019-04-09
PRD00584,Modelo Estándar G- Blanco,Modelo Estándar G- Blanco — Gafas. Producto de alta calidad para cocina.,932.51,321,gaming|automóviles,true,2023-06-24
PRD00585,Versión Pro H 2024,Versión Pro H 2024 — Gafas. Producto de alta calidad para deportes.,807.63,497,libros|cine,false,2022-10-16
PRD00586,Pack Básico E- Lite,Pack Básico E- Lite — Gafas. Producto de alta calidad para viajes.,1803.48,28,viajes|gaming|fitness,true,2020-06-25
PRD00587,Versión Pro H- Rojo,Versión Pro H- Rojo — Gafas. Producto de alta calidad para mascotas.,1906.41,21,tecnología|automóviles|oficina|moda,false,2023-11-05
PRD00588,Producto Premium A XL,Producto Premium A XL — Gafas. Producto de alta calidad para gaming.,1354.42,40,moda|hogar|deportes,true,2022-03-01
PRD00589,Kit Profesional D Mini,Kit Profesional D Mini — Gafas. Producto de alta calidad para belleza.,245.14,173,cine|gafas|hogar,true,2022-02-03
PRD00590,Edición Limitada F- Blanco,Edición Limitada F- Blanco — Gafas. Producto de alta calidad para música.,85.71,75,gaming|música|hogar|juguetes|cine,true,2024-02-06
PRD00591,Edición Limitada F- Azul,Edición Limitada F- Azul — Gafas. Producto de alta calidad para mascotas.,1779.36,371,tecnología|mascotas|oficina|cocina|arte,true,2022-04-28
PRD00592,Set Completo C Mini,Set Completo C Mini — Gafas. Producto de alta calidad para oficina.,726.74,293,deportes|electrónica|gafas,true,2019-10-28
PRD00593,Kit Profesional D XL,Kit Profesional D XL — Gafas. Producto de alta calidad para música.,335.01,127,jardín|mascotas|cine|gafas,true,2023-07-27
PRD00594,Modelo Estándar G,Modelo Estándar G — Gafas. Producto de alta calidad para fotografía.,188.81,8,gaming|tecnología|libros|cine,true,2024-12-29
PRD00595,Edición Limitada F- Plus,Edición Limitada F- Plus — Gafas. Producto de alta calidad para cine.,125.8,121,tecnología|viajes|cine|automóviles|juguetes,true,2019-08-01
PRD00596,Modelo Estándar G- Lite,Modelo Estándar G- Lite — Gafas. Producto de alta calidad para deportes.,114.82,331,jardín|tecnología|arte,false,2024-12-14
PRD00597,Pack Básico E,Pack Básico E — Gafas. Producto de alta calidad para música.,1468.67,30,tecnología|viajes,true,2020-04-29
PRD00598,Producto Premium A- Blanco,Producto Premium A- Blanco — Gafas. Producto de alta calidad para electrónica.,399.41,387,libros|tecnología|cocina|fitness,true,2021-03-30
PRD00599,Versión Pro H XL,Versión Pro H XL — Gafas. Producto de alta calidad para moda.,2423.09,319,gaming|hogar|juguetes|música,false,2019-06-20
PRD00600,Producto Premium A- Blanco,Producto Premium A- Blanco — Gafas. Producto de alta calidad para moda.,2029.24,163,arte|mascotas|fotografía|fitness|cocina,true,2020-07-15
PRD00601,Pack Básico E- Rojo,Pack Básico E- Rojo — Gafas. Producto de alta calidad para belleza.,1395.81,304,gaming|automóviles|deportes|hogar,false,2020-05-09
PRD00602,Edición Limitada F Mini,Edición Limitada F Mini — Gafas. Producto de alta calidad para cine.,1906.41,80,automóviles|viajes|fotografía|juguetes,true,2023-06-19
PRD00603,Edición Limitada F- Blanco,Edición Limitada F- Blanco — Gafas. Producto de alta calidad para jardín.,1240.13,194,mascotas|oficina,true,2022-07-13
PRD00604,Kit Profesional D- Lite,Kit Profesional D- Lite — Gafas. Producto de alta calidad para tecnología.,777.44,229,jardín|libros,true,2023-09-29
PRD00605,Pack Básico E- Plus,Pack Básico E- Plus — Gafas. Producto de alta calidad para deportes.,332.05,187,jardín|cine|tecnología,true,2022-12-18
PRD00606,Producto Premium A- Negro,Producto Premium A- Negro — Gafas. Producto de alta calidad para jardín.,579.85,254,viajes|tecnología|deportes|electrónica,true,2020-01-05
PRD00607,Edición Limitada F- Lite,Edición Limitada F- Lite — Gafas. Producto de alta calidad para arte.,1102.89,66,arte|automóviles,true,2019-09-11
PRD00608,Pack Básico E- Rojo,Pack Básico E- Rojo — Gafas. Producto de alta calidad para electrónica.,1478.87,290,viajes|gaming,true,2022-06-13
PRD00609,Producto Premium A- Lite,Producto Premium A- Lite — Gafas. Producto de alta calidad para juguetes.,1737.52,27,arte|viajes|hogar|fitness,true,2024-03-30
PRD00610,Versión Pro H- Negro,Versión Pro H- Negro — Gafas. Producto de alta calidad para cine.,1594.88,222,gafas|automóviles,true,2024-12-17
PRD00611,Modelo Estándar G XL,Modelo Estándar G XL — Gafas. Producto de alta calidad para viajes.,2213.51,451,jardín|fitness|cine,true,2021-08-20
PRD00612,Versión Pro H- Rojo,Versión Pro H- Rojo — Gafas. Producto de alta calidad para gaming.,127.69,381,cine|belleza|tecnología|arte|electrónica,false,2021-01-30
PRD00613,Versión Pro H- Negro,Versión Pro H- Negro — Gafas. Producto de alta calidad para jardín.,414.04,250,gaming|tecnología|hogar|música,true,2023-01-14
PRD00614,Kit Profesional D- Blanco,Kit Profesional D- Blanco — Ropa Deportiva. Producto de alta calidad para belleza.,651.4,471,viajes|libros|ropa deportiva|cine|fotografía,true,2021-02-01
PRD00615,Edición Limitada F- Azul,Edición Limitada F- Azul — Ropa Deportiva. Producto de alta calidad para cocina.,1545.19,84,cine|electrónica|ropa deportiva,false,2021-02-04
PRD00616,Versión Pro H- Azul,Versión Pro H- Azul — Ropa Deportiva. Producto de alta calidad para libros.,1631.01,122,gaming|belleza|fitness,true,2019-07-11
PRD00617,Producto Premium A XL,Producto Premium A XL — Ropa Deportiva. Producto de alta calidad para gaming.,167.82,389,cocina|tecnología,true,2021-02-12
PRD00618,Pack Básico E- Rojo,Pack Básico E- Rojo — Ropa Deportiva. Producto de alta calidad para libros.,1651.31,455,viajes|fotografía|mascotas,true,2024-11-21
PRD00619,Versión Pro H- Pro,Versión Pro H- Pro — Ropa Deportiva. Producto de alta calidad para moda.,321.46,468,deportes|fitness|cocina|oficina,false,2023-05-13
PRD00620,Edición Limitada F- Lite,Edición Limitada F- Lite — Ropa Deportiva. Producto de alta calidad para tecnología.,2398.7,1,viajes|belleza,false,2020-05-24
PRD00621,Pack Básico E- Azul,Pack Básico E- Azul — Ropa Deportiva. Producto de alta calidad para libros.,2482.27,252,libros|música|jardín,false,2020-09-08
PRD00622,Versión Pro H- Plus,Versión Pro H- Plus — Ropa Deportiva. Producto de alta calidad para moda.,2217.32,488,viajes|deportes|jardín,false,2024-09-04
PRD00623,Modelo Estándar G- Rojo,Modelo Estándar G- Rojo — Ropa Deportiva. Producto de alta calidad para moda.,135.64,171,tecnología|electrónica|ropa deportiva|viajes|arte,true,2023-03-31
PRD00624,Set Completo C XL,Set Completo C XL — Ropa Deportiva. Producto de alta calidad para moda.,1602.58,67,libros|fotografía|deportes|moda,false,2022-05-03
PRD00625,Pack Básico E,Pack Básico E — Ropa Deportiva. Producto de alta calidad para arte.,1136.34,291,mascotas|arte|automóviles|música|jardín,true,2020-07-18
PRD00626,Modelo Estándar G- Blanco,Modelo Estándar G- Blanco — Ropa Deportiva. Producto de alta calidad para automóviles.,1767.94,339,moda|gaming,true,2021-02-20
PRD00627,Modelo Estándar G- Rojo,Modelo Estándar G- Rojo — Ropa Deportiva. Producto de alta calidad para juguetes.,791.08,106,deportes|fotografía|juguetes|electrónica|cocina,true,2024-06-12
PRD00628,Kit Profesional D XL,Kit Profesional D XL — Ropa Deportiva. Producto de alta calidad para jardín.,1498.86,17,juguetes|belleza|cocina|deportes|ropa deportiva,true,2024-09-03
PRD00629,Edición Limitada F,Edición Limitada F — Ropa Deportiva. Producto de alta calidad para fotografía.,1938.82,110,oficina|viajes|libros|jardín,true,2023-11-23
PRD00630,Set Completo C- Azul,Set Completo C- Azul — Ropa Deportiva. Producto de alta calidad para deportes.,396.59,338,cine|hogar|libros|oficina,true,2024-12-25
PRD00631,Edición Limitada F XL,Edición Limitada F XL — Ropa Deportiva. Producto de alta calidad para música.,45.63,350,belleza|fitness|gaming|cocina,false,2019-10-27
PRD00632,Modelo Estándar G- Blanco,Modelo Estándar G- Blanco — Ropa Deportiva. Producto de alta calidad para mascotas.,1759.48,153,viajes|juguetes|automóviles,true,2022-05-30
PRD00633,Set Completo C- Pro,Set Completo C- Pro — Ropa Deportiva. Producto de alta calidad para libros.,1937.01,465,electrónica|automóviles|mascotas|deportes|oficina,true,2024-11-25
PRD00634,Kit Profesional D- Plus,Kit Profesional D- Plus — Ropa Deportiva. Producto de alta calidad para cine.,972.89,357,moda|fitness|belleza|fotografía|deportes,true,2019-07-22
PRD00635,Kit Profesional D- Rojo,Kit Profesional D- Rojo — Ropa Deportiva. Producto de alta calidad para cine.,2431.3,12,cine|fotografía|electrónica|belleza,true,2022-01-15
PRD00636,Modelo Estándar G Mini,Modelo Estándar G Mini — Ropa Deportiva. Producto de alta calidad para tecnología.,2209.57,438,oficina|cocina|juguetes|cine|viajes,false,2021-09-15
PRD00637,Set Completo C- Azul,Set Completo C- Azul — Ropa Deportiva. Producto de alta calidad para cine.,1045.87,67,hogar|moda|belleza|oficina|libros,true,2023-04-23
PRD00638,Artículo Especial B- Lite,Artículo Especial B- Lite — Ropa Deportiva. Producto de alta calidad para fitness.,1018.85,255,arte|fitness|electrónica|automóviles,false,2022-02-11
PRD00639,Edición Limitada F- Pro,Edición Limitada F- Pro — Ropa Deportiva. Producto de alta calidad para cocina.,640.64,2,mascotas|arte|hogar|música,true,2023-11-01
PRD00640,Producto Premium A- Lite,Producto Premium A- Lite — Ropa Deportiva. Producto de alta calidad para arte.,731.47,36,fitness|automóviles|jardín|oficina|libros,false,2019-08-24
PRD00641,Modelo Estándar G- Pro,Modelo Estándar G- Pro — Ropa Deportiva. Producto de alta calidad para cocina.,2229.98,35,fitness|hogar|libros|música,false,2022-05-24
PRD00642,Producto Premium A- Blanco,Producto Premium A- Blanco — Ropa Interior. Producto de alta calidad para tecnología.,2280.81,262,viajes|automóviles|jardín,true,2023-10-11
PRD00643,Edición Limitada F- Plus,Edición Limitada F- Plus — Ropa Interior. Producto de alta calidad para jardín.,54.6,99,deportes|electrónica,true,2021-10-01
PRD00644,Pack Básico E- Rojo,Pack Básico E- Rojo — Ropa Interior. Producto de alta calidad para fitness.,156.6,374,viajes|automóviles|jardín,true,2019-07-05
PRD00645,Kit Profesional D,Kit Profesional D — Ropa Interior. Producto de alta calidad para deportes.,1461.79,421,deportes|viajes|cocina|tecnología,false,2023-11-10
PRD00646,Versión Pro H XL,Versión Pro H XL — Ropa Interior. Producto de alta calidad para cine.,278.24,312,libros|cocina|fitness|ropa interior|oficina,true,2023-01-25
PRD00647,Producto Premium A- Rojo,Producto Premium A- Rojo — Ropa Interior. Producto de alta calidad para mascotas.,1885.01,153,moda|electrónica|viajes|arte,true,2023-03-27
PRD00648,Edición Limitada F- Plus,Edición Limitada F- Plus — Ropa Interior. Producto de alta calidad para libros.,2221.24,336,juguetes|cocina|tecnología,false,2019-07-04
PRD00649,Producto Premium A- Blanco,Producto Premium A- Blanco — Ropa Interior. Producto de alta calidad para automóviles.,2423.77,307,cocina|libros|moda|gaming,true,2022-12-20
PRD00650,Edición Limitada F 2024,Edición Limitada F 2024 — Ropa Interior. Producto de alta calidad para moda.,2111.74,116,oficina|tecnología|electrónica|viajes,true,2020-09-21
PRD00651,Versión Pro H Mini,Versión Pro H Mini — Ropa Interior. Producto de alta calidad para hogar.,909.62,336,mascotas|fotografía|belleza|jardín|electrónica,true,2023-02-05
PRD00652,Artículo Especial B 2024,Artículo Especial B 2024 — Ropa Interior. Producto de alta calidad para oficina.,1254.65,163,cocina|automóviles|música|viajes|tecnología,false,2020-06-12
PRD00653,Pack Básico E- Negro,Pack Básico E- Negro — Ropa Interior. Producto de alta calidad para belleza.,82.66,192,música|gaming|oficina|ropa interior|jardín,true,2023-01-16
PRD00654,Set Completo C- Plus,Set Completo C- Plus — Ropa Interior. Producto de alta calidad para viajes.,2124.02,358,mascotas|fotografía|automóviles|viajes|hogar,true,2023-12-22
PRD00655,Modelo Estándar G- Lite,Modelo Estándar G- Lite — Ropa Interior. Producto de alta calidad para deportes.,931.97,239,juguetes|viajes|deportes,true,2024-12-09
PRD00656,Pack Básico E- Blanco,Pack Básico E- Blanco — Ropa Interior. Producto de alta calidad para jardín.,1559.03,475,arte|fitness|juguetes|fotografía|jardín,true,2019-04-06
PRD00657,Kit Profesional D- Blanco,Kit Profesional D- Blanco — Ropa Interior. Producto de alta calidad para libros.,1563.56,452,libros|gaming|mascotas|hogar|electrónica,true,2019-04-21
PRD00658,Kit Profesional D- Plus,Kit Profesional D- Plus — Ropa Interior. Producto de alta calidad para belleza.,794.31,321,moda|jardín,false,2022-01-22
PRD00659,Producto Premium A Mini,Producto Premium A Mini — Ropa Interior. Producto de alta calidad para electrónica.,1759.65,215,electrónica|ropa interior|juguetes|fitness,false,2019-10-17
PRD00660,Edición Limitada F- Pro,Edición Limitada F- Pro — Ropa Interior. Producto de alta calidad para electrónica.,2472.14,383,juguetes|automóviles|deportes,true,2019-06-12
PRD00661,Versión Pro H 2024,Versión Pro H 2024 — Ropa Interior. Producto de alta calidad para oficina.,166.68,29,arte|juguetes,true,2024-07-16
PRD00662,Edición Limitada F 2024,Edición Limitada F 2024 — Ropa Interior. Producto de alta calidad para electrónica.,662.62,210,música|cine|belleza|viajes|automóviles,true,2024-09-27
PRD00663,Producto Premium A- Blanco,Producto Premium A- Blanco — Ropa Interior. Producto de alta calidad para juguetes.,202.79,204,mascotas|cine,true,2021-09-01
PRD00664,Set Completo C- Negro,Set Completo C- Negro — Ropa Interior. Producto de alta calidad para libros.,1846.88,475,ropa interior|fitness,false,2020-02-13
PRD00665,Artículo Especial B 2024,Artículo Especial B 2024 — Ropa Interior. Producto de alta calidad para oficina.,2288.94,18,tecnología|mascotas|ropa interior,true,2023-05-09
PRD00666,Producto Premium A- Plus,Producto Premium A- Plus — Ropa Interior. Producto de alta calidad para cine.,1475.75,283,gaming|mascotas|libros,true,2020-08-12
PRD00667,Kit Profesional D- Rojo,Kit Profesional D- Rojo — Ropa Interior. Producto de alta calidad para jardín.,1786.05,251,fotografía|oficina|electrónica|moda|gaming,true,2019-07-01
PRD00668,Versión Pro H 2024,Versión Pro H 2024 — Ropa Interior. Producto de alta calidad para mascotas.,1727.84,226,automóviles|gaming|viajes|fitness|arte,true,2019-02-24
PRD00669,Artículo Especial B- Blanco,Artículo Especial B- Blanco — Ropa Interior. Producto de alta calidad para fitness.,853.96,225,hogar|fitness|oficina,true,2019-06-24
PRD00670,Edición Limitada F- Blanco,Edición Limitada F- Blanco — Ropa Interior. Producto de alta calidad para automóviles.,1546.58,140,automóviles|mascotas,true,2021-06-30
PRD00671,Producto Premium A- Rojo,Producto Premium A- Rojo — Sombreros. Producto de alta calidad para deportes.,2429.79,157,automóviles|belleza|viajes|hogar,false,2022-06-29
PRD00672,Producto Premium A Mini,Producto Premium A Mini — Sombreros. Producto de alta calidad para moda.,2444.55,101,libros|gaming,false,2022-08-14
PRD00673,Versión Pro H- Negro,Versión Pro H- Negro — Sombreros. Producto de alta calidad para electrónica.,1860.42,316,sombreros|cine|belleza|deportes,false,2023-11-29
PRD00674,Producto Premium A- Blanco,Producto Premium A- Blanco — Sombreros. Producto de alta calidad para fotografía.,896.12,134,sombreros|fotografía|cocina,false,2024-09-29
PRD00675,Versión Pro H XL,Versión Pro H XL — Sombreros. Producto de alta calidad para deportes.,2384.68,221,tecnología|gaming|jardín|juguetes,true,2019-03-30
PRD00676,Set Completo C XL,Set Completo C XL — Sombreros. Producto de alta calidad para arte.,1656.45,298,mascotas|viajes|sombreros|automóviles,false,2020-05-02
PRD00677,Edición Limitada F- Plus,Edición Limitada F- Plus — Sombreros. Producto de alta calidad para cine.,587.64,492,oficina|libros|electrónica,true,2024-09-16
PRD00678,Producto Premium A- Blanco,Producto Premium A- Blanco — Sombreros. Producto de alta calidad para música.,923.88,420,fitness|belleza,true,2022-05-31
PRD00679,Kit Profesional D- Blanco,Kit Profesional D- Blanco — Sombreros. Producto de alta calidad para belleza.,1377.23,126,deportes|cine|arte|sombreros,false,2021-11-07
PRD00680,Modelo Estándar G,Modelo Estándar G — Sombreros. Producto de alta calidad para música.,1774.0,372,viajes|fotografía|oficina|cine|mascotas,true,2023-05-12
PRD00681,Edición Limitada F Mini,Edición Limitada F Mini — Sombreros. Producto de alta calidad para jardín.,673.0,32,belleza|fotografía|deportes|mascotas,false,2020-04-15
PRD00682,Producto Premium A- Pro,Producto Premium A- Pro — Sombreros. Producto de alta calidad para cine.,196.92,289,música|sombreros,true,2020-01-21
PRD00683,Pack Básico E- Negro,Pack Básico E- Negro — Sombreros. Producto de alta calidad para juguetes.,969.58,130,fotografía|cocina|mascotas,true,2019-08-28
PRD00684,Versión Pro H- Plus,Versión Pro H- Plus — Sombreros. Producto de alta calidad para gaming.,1342.36,497,tecnología|libros|juguetes|oficina,true,2022-03-28
PRD00685,Producto Premium A- Blanco,Producto Premium A- Blanco — Sombreros. Producto de alta calidad para jardín.,295.85,193,sombreros|arte|tecnología|cine|música,false,2021-02-11
PRD00686,Versión Pro H- Negro,Versión Pro H- Negro — Sombreros. Producto de alta calidad para cine.,353.18,468,jardín|sombreros|oficina|deportes|tecnología,true,2022-07-07
PRD00687,Pack Básico E- Blanco,Pack Básico E- Blanco — Sombreros. Producto de alta calidad para cocina.,338.43,314,libros|sombreros,true,2021-06-20
PRD00688,Artículo Especial B- Azul,Artículo Especial B- Azul — Sombreros. Producto de alta calidad para hogar.,898.42,242,jardín|belleza|gaming|sombreros|mascotas,false,2019-03-08
PRD00689,Artículo Especial B- Pro,Artículo Especial B- Pro — Sombreros. Producto de alta calidad para cocina.,2036.56,150,sombreros|fotografía|cocina,true,2020-05-07
PRD00690,Set Completo C- Azul,Set Completo C- Azul — Sombreros. Producto de alta calidad para arte.,763.59,222,arte|deportes|electrónica,true,2023-06-08
PRD00691,Set Completo C- Lite,Set Completo C- Lite — Sombreros. Producto de alta calidad para libros.,962.41,194,hogar|belleza,true,2024-06-28
PRD00692,Artículo Especial B XL,Artículo Especial B XL — Sombreros. Producto de alta calidad para música.,1458.71,248,sombreros|cine|fitness|arte,false,2020-10-08
PRD00693,Modelo Estándar G- Rojo,Modelo Estándar G- Rojo — Sombreros. Producto de alta calidad para belleza.,117.23,165,fotografía|oficina,true,2021-06-05
PRD00694,Set Completo C- Pro,Set Completo C- Pro — Sombreros. Producto de alta calidad para belleza.,2313.77,204,deportes|viajes|cocina|fotografía,false,2021-11-13
PRD00695,Set Completo C- Blanco,Set Completo C- Blanco — Sombreros. Producto de alta calidad para gaming.,1174.71,33,juguetes|tecnología|fotografía,true,2021-09-14
PRD00696,Edición Limitada F- Rojo,Edición Limitada F- Rojo — Sombreros. Producto de alta calidad para hogar.,376.3,133,deportes|arte|mascotas|fotografía|viajes,false,2020-01-16
PRD00697,Versión Pro H XL,Versión Pro H XL — Sombreros. Producto de alta calidad para fotografía.,727.34,124,viajes|deportes|libros|tecnología,false,2022-08-12
PRD00698,Versión Pro H Mini,Versión Pro H Mini — Sombreros. Producto de alta calidad para automóviles.,1747.42,26,jardín|hogar|automóviles|viajes|moda,true,2023-03-12
PRD00699,Artículo Especial B 2024,Artículo Especial B 2024 — Sombreros. Producto de alta calidad para cocina.,814.81,117,gaming|deportes|fotografía|viajes|oficina,false,2019-09-23
PRD00700,Cama King Size- Lite,Cama King Size- Lite — Muebles. Producto de alta calidad para belleza.,1217.28,233,muebles|hogar|tecnología,true,2019-11-14
PRD00701,Sofá 3 Plazas XL,Sofá 3 Plazas XL — Muebles. Producto de alta calidad para moda.,326.54,208,muebles|automóviles|fitness|jardín|fotografía,true,2024-02-04
PRD00702,Mesa Comedor Roble- Lite,Mesa Comedor Roble- Lite — Muebles. Producto de alta calidad para viajes.,2355.45,6,gaming|deportes|arte,false,2021-01-04
PRD00703,Sofá 3 Plazas,Sofá 3 Plazas — Muebles. Producto de alta calidad para fitness.,2397.55,500,viajes|moda|música,true,2023-11-04
PRD00704,Escritorio Moderno,Escritorio Moderno — Muebles. Producto de alta calidad para tecnología.,244.11,206,libros|música|fotografía|hogar,false,2020-09-20
PRD00705,Estantería Flotante,Estantería Flotante — Muebles. Producto de alta calidad para tecnología.,643.96,48,fitness|deportes,false,2020-08-03
PRD00706,Estantería Flotante- Azul,Estantería Flotante- Azul — Muebles. Producto de alta calidad para cocina.,343.53,19,automóviles|libros|oficina,true,2020-07-13
PRD00707,Silla Ergonómica- Azul,Silla Ergonómica- Azul — Muebles. Producto de alta calidad para tecnología.,934.23,48,música|muebles|moda,true,2020-07-26
PRD00708,Sillón Relax- Negro,Sillón Relax- Negro — Muebles. Producto de alta calidad para gaming.,1337.79,294,viajes|cocina,true,2021-05-06
PRD00709,Mesa Comedor Roble- Azul,Mesa Comedor Roble- Azul — Muebles. Producto de alta calidad para viajes.,950.19,81,arte|música|automóviles,true,2020-04-23
PRD00710,Escritorio Moderno XL,Escritorio Moderno XL — Muebles. Producto de alta calidad para música.,319.97,256,fitness|jardín|fotografía|muebles,false,2022-05-31
PRD00711,Silla Ergonómica- Rojo,Silla Ergonómica- Rojo — Muebles. Producto de alta calidad para cocina.,1077.97,89,jardín|tecnología|música|cocina|automóviles,true,2021-03-02
PRD00712,Escritorio Moderno XL,Escritorio Moderno XL — Muebles. Producto de alta calidad para cocina.,1564.63,338,gaming|jardín|electrónica|mascotas,true,2021-09-20
PRD00713,Mesa Comedor Roble XL,Mesa Comedor Roble XL — Muebles. Producto de alta calidad para cine.,1722.45,189,gaming|arte|cine|deportes|fitness,true,2023-04-21
PRD00714,Cama King Size- Negro,Cama King Size- Negro — Muebles. Producto de alta calidad para moda.,1969.9,317,mascotas|cine|música|arte,false,2024-09-23
PRD00715,Estantería Flotante- Rojo,Estantería Flotante- Rojo — Muebles. Producto de alta calidad para gaming.,1957.98,127,cocina|mascotas,false,2023-02-22
PRD00716,Sillón Relax XL,Sillón Relax XL — Muebles. Producto de alta calidad para jardín.,2309.89,368,música|fotografía|electrónica|cocina,true,2023-06-02
PRD00717,Escritorio Moderno- Azul,Escritorio Moderno- Azul — Muebles. Producto de alta calidad para gaming.,322.57,78,viajes|belleza|juguetes|jardín,true,2022-10-20
PRD00718,Mesa Comedor Roble- Lite,Mesa Comedor Roble- Lite — Muebles. Producto de alta calidad para electrónica.,1189.68,442,juguetes|libros|fotografía|hogar|fitness,false,2020-10-03
PRD00719,Mesa Comedor Roble Mini,Mesa Comedor Roble Mini — Muebles. Producto de alta calidad para jardín.,2350.76,280,fitness|cocina|viajes,true,2022-03-19
PRD00720,Cama King Size- Lite,Cama King Size- Lite — Muebles. Producto de alta calidad para belleza.,1963.06,75,juguetes|tecnología|jardín,true,2023-05-30
PRD00721,Cama King Size- Plus,Cama King Size- Plus — Muebles. Producto de alta calidad para jardín.,1969.38,49,oficina|muebles|belleza,true,2019-11-13
PRD00722,Sillón Relax- Azul,Sillón Relax- Azul — Muebles. Producto de alta calidad para viajes.,2242.86,355,hogar|cine,false,2024-10-11
PRD00723,Sofá 3 Plazas,Sofá 3 Plazas — Muebles. Producto de alta calidad para moda.,1187.59,241,tecnología|mascotas|viajes,true,2023-04-04
PRD00724,Sillón Relax,Sillón Relax — Muebles. Producto de alta calidad para belleza.,1535.79,462,cocina|belleza,true,2024-05-28
PRD00725,Cama King Size- Blanco,Cama King Size- Blanco — Muebles. Producto de alta calidad para cine.,2448.13,401,cocina|juguetes|viajes|hogar|libros,true,2022-03-15
PRD00726,Cama King Size- Rojo,Cama King Size- Rojo — Muebles. Producto de alta calidad para cine.,1872.92,431,cine|música|fitness|cocina|libros,true,2020-11-04
PRD00727,Silla Ergonómica- Lite,Silla Ergonómica- Lite — Muebles. Producto de alta calidad para tecnología.,1152.72,110,viajes|oficina|hogar,false,2022-05-16
PRD00728,Sillón Relax XL,Sillón Relax XL — Muebles. Producto de alta calidad para fotografía.,1606.87,290,automóviles|deportes|hogar|música,false,2023-04-19
PRD00729,Sofá 3 Plazas XL,Sofá 3 Plazas XL — Muebles. Producto de alta calidad para oficina.,550.03,56,electrónica|tecnología|jardín|belleza|gaming,true,2021-06-22
PRD00730,Sofá 3 Plazas- Lite,Sofá 3 Plazas- Lite — Muebles. Producto de alta calidad para hogar.,1964.24,205,música|arte,true,2019-04-23
PRD00731,Cama King Size XL,Cama King Size XL — Muebles. Producto de alta calidad para cocina.,569.92,110,juguetes|moda|deportes|viajes,false,2022-01-19
PRD00732,Olla Express- Plus,Olla Express- Plus — Cocina. Producto de alta calidad para deportes.,707.21,372,cocina|belleza|hogar,true,2021-12-22
PRD00733,Set Sartenes Antiadherentes- Lite,Set Sartenes Antiadherentes- Lite — Cocina. Producto de alta calidad para hogar.,2272.23,205,oficina|viajes|moda|deportes|cocina,true,2020-01-09
PRD00734,Cafetera Espresso XL,Cafetera Espresso XL — Cocina. Producto de alta calidad para moda.,2121.81,77,tecnología|moda,false,2020-10-23
PRD00735,Olla Express- Lite,Olla Express- Lite — Cocina. Producto de alta calidad para oficina.,2498.13,308,cine|belleza,true,2019-10-24
PRD00736,Licuadora Profesional- Rojo,Licuadora Profesional- Rojo — Cocina. Producto de alta calidad para fotografía.,1257.35,283,hogar|viajes|cocina,true,2022-09-10
PRD00737,Licuadora Profesional,Licuadora Profesional — Cocina. Producto de alta calidad para juguetes.,1066.54,343,fitness|viajes|deportes,true,2024-05-12
PRD00738,Procesador Alimentos XL,Procesador Alimentos XL — Cocina. Producto de alta calidad para fitness.,958.48,403,viajes|belleza,false,2019-11-24
PRD00739,Set Sartenes Antiadherentes- Negro,Set Sartenes Antiadherentes- Negro — Cocina. Producto de alta calidad para libros.,2315.93,155,hogar|viajes|libros|cocina|fotografía,false,2019-03-08
PRD00740,Tostadora 4 Ranuras,Tostadora 4 Ranuras — Cocina. Producto de alta calidad para libros.,726.87,430,automóviles|belleza|deportes,false,2020-05-03
PRD00741,Olla Express Mini,Olla Express Mini — Cocina. Producto de alta calidad para jardín.,1932.65,243,fitness|libros|mascotas|deportes,true,2021-05-22
PRD00742,Procesador Alimentos- Lite,Procesador Alimentos- Lite — Cocina. Producto de alta calidad para moda.,1387.5,470,jardín|viajes|deportes|gaming,false,2019-11-23
PRD00743,Cafetera Espresso XL,Cafetera Espresso XL — Cocina. Producto de alta calidad para música.,1957.23,127,cine|hogar,true,2022-03-18
PRD00744,Set Sartenes Antiadherentes- Pro,Set Sartenes Antiadherentes- Pro — Cocina. Producto de alta calidad para fitness.,2300.6,26,moda|deportes|gaming|oficina,false,2021-06-11
PRD00745,Freidora de Aire Mini,Freidora de Aire Mini — Cocina. Producto de alta calidad para música.,2036.3,165,música|cine|deportes|jardín|cocina,true,2022-10-12
PRD00746,Olla Express Mini,Olla Express Mini — Cocina. Producto de alta calidad para electrónica.,711.07,298,fotografía|deportes|tecnología|libros|arte,true,2019-09-24
PRD00747,Freidora de Aire 2024,Freidora de Aire 2024 — Cocina. Producto de alta calidad para moda.,1427.68,15,jardín|cine|fotografía|automóviles,true,2021-06-23
PRD00748,Set Sartenes Antiadherentes XL,Set Sartenes Antiadherentes XL — Cocina. Producto de alta calidad para automóviles.,524.48,151,jardín|electrónica|arte|cine,true,2023-01-31
PRD00749,Olla Express- Blanco,Olla Express- Blanco — Cocina. Producto de alta calidad para cine.,1013.5,187,cocina|deportes|electrónica|libros|cine,true,2023-01-21
PRD00750,Cafetera Espresso- Lite,Cafetera Espresso- Lite — Cocina. Producto de alta calidad para fotografía.,1660.03,439,mascotas|tecnología,true,2019-12-06
PRD00751,Set Sartenes Antiadherentes- Azul,Set Sartenes Antiadherentes- Azul — Cocina. Producto de alta calidad para música.,1622.46,133,cine|automóviles,true,2023-09-21
PRD00752,Olla Express 2024,Olla Express 2024 — Cocina. Producto de alta calidad para cocina.,1356.03,497,hogar|tecnología|oficina|jardín|belleza,true,2019-08-30
PRD00753,Procesador Alimentos- Blanco,Procesador Alimentos- Blanco — Cocina. Producto de alta calidad para hogar.,425.41,62,tecnología|mascotas|jardín,true,2024-08-16
PRD00754,Olla Express Mini,Olla Express Mini — Cocina. Producto de alta calidad para música.,1382.77,284,libros|gaming|cocina,true,2021-01-11
PRD00755,Cafetera Espresso,Cafetera Espresso — Cocina. Producto de alta calidad para moda.,485.55,0,mascotas|fitness|libros|automóviles,true,2022-05-02
PRD00756,Set Sartenes Antiadherentes,Set Sartenes Antiadherentes — Cocina. Producto de alta calidad para hogar.,935.7,479,electrónica|oficina|hogar|gaming,true,2020-02-21
PRD00757,Cafetera Espresso Mini,Cafetera Espresso Mini — Cocina. Producto de alta calidad para libros.,800.12,84,fitness|viajes,true,2023-12-20
PRD00758,Olla Express,Olla Express — Cocina. Producto de alta calidad para automóviles.,1498.99,123,fotografía|hogar|arte|mascotas|moda,true,2024-03-17
PRD00759,Licuadora Profesional 2024,Licuadora Profesional 2024 — Cocina. Producto de alta calidad para oficina.,2237.91,147,deportes|tecnología,true,2020-02-24
PRD00760,Licuadora Profesional- Rojo,Licuadora Profesional- Rojo — Cocina. Producto de alta calidad para automóviles.,2179.61,389,oficina|fitness,true,2020-06-01
PRD00761,Tostadora 4 Ranuras- Rojo,Tostadora 4 Ranuras- Rojo — Cocina. Producto de alta calidad para belleza.,723.15,18,mascotas|belleza|jardín|electrónica,true,2020-06-11
PRD00762,Set Sartenes Antiadherentes Mini,Set Sartenes Antiadherentes Mini — Cocina. Producto de alta calidad para belleza.,1891.24,328,tecnología|cine|gaming,true,2024-07-31
PRD00763,Versión Pro H 2024,Versión Pro H 2024 — Baño. Producto de alta calidad para cocina.,558.69,476,libros|hogar,true,2023-12-27
PRD00764,Modelo Estándar G XL,Modelo Estándar G XL — Baño. Producto de alta calidad para mascotas.,1383.61,401,fitness|baño,true,2022-11-11
PRD00765,Pack Básico E,Pack Básico E — Baño. Producto de alta calidad para juguetes.,1508.84,326,música|juguetes|tecnología|jardín,true,2023-10-27
PRD00766,Pack Básico E- Pro,Pack Básico E- Pro — Baño. Producto de alta calidad para deportes.,1075.73,372,automóviles|oficina|belleza,true,2023-03-26
PRD00767,Modelo Estándar G- Pro,Modelo Estándar G- Pro — Baño. Producto de alta calidad para deportes.,931.28,204,electrónica|gaming|oficina|baño|cocina,true,2019-06-27
PRD00768,Set Completo C- Plus,Set Completo C- Plus — Baño. Producto de alta calidad para libros.,750.61,183,deportes|gaming|jardín|belleza|baño,true,2019-08-28
PRD00769,Producto Premium A 2024,Producto Premium A 2024 — Baño. Producto de alta calidad para fotografía.,1602.17,137,viajes|mascotas|cine|música,true,2023-06-18
PRD00770,Versión Pro H- Plus,Versión Pro H- Plus — Baño. Producto de alta calidad para gaming.,708.55,380,fitness|tecnología|belleza,true,2021-01-24
PRD00771,Pack Básico E- Blanco,Pack Básico E- Blanco — Baño. Producto de alta calidad para deportes.,1918.15,232,fotografía|automóviles|tecnología,true,2022-01-26
PRD00772,Pack Básico E- Negro,Pack Básico E- Negro — Baño. Producto de alta calidad para fitness.,822.43,234,fitness|gaming|cine|hogar,true,2022-10-16
PRD00773,Producto Premium A- Lite,Producto Premium A- Lite — Baño. Producto de alta calidad para música.,42.29,188,mascotas|juguetes|cine,false,2022-02-10
PRD00774,Producto Premium A- Azul,Producto Premium A- Azul — Baño. Producto de alta calidad para arte.,1690.76,92,gaming|libros|fitness,true,2022-04-07
PRD00775,Artículo Especial B- Pro,Artículo Especial B- Pro — Baño. Producto de alta calidad para libros.,119.99,309,automóviles|cine|gaming,false,2019-03-24
PRD00776,Modelo Estándar G- Blanco,Modelo Estándar G- Blanco — Baño. Producto de alta calidad para música.,252.53,307,electrónica|música,true,2022-04-25
PRD00777,Set Completo C,Set Completo C — Baño. Producto de alta calidad para hogar.,2319.39,183,deportes|jardín|electrónica|belleza,true,2020-12-25
PRD00778,Set Completo C- Lite,Set Completo C- Lite — Baño. Producto de alta calidad para arte.,557.12,384,oficina|viajes|mascotas|tecnología|cine,true,2020-05-31
PRD00779,Kit Profesional D- Negro,Kit Profesional D- Negro — Baño. Producto de alta calidad para arte.,117.67,3,juguetes|música|automóviles,true,2024-12-17
PRD00780,Set Completo C,Set Completo C — Baño. Producto de alta calidad para arte.,1609.25,316,hogar|juguetes|moda|baño|gaming,true,2021-05-16
PRD00781,Versión Pro H XL,Versión Pro H XL — Baño. Producto de alta calidad para juguetes.,1617.09,331,deportes|oficina|moda|tecnología|juguetes,true,2021-01-22
PRD00782,Modelo Estándar G- Negro,Modelo Estándar G- Negro — Baño. Producto de alta calidad para automóviles.,1751.53,378,libros|música|fitness|cine|cocina,true,2019-09-20
PRD00783,Edición Limitada F XL,Edición Limitada F XL — Baño. Producto de alta calidad para arte.,571.13,372,tecnología|electrónica|juguetes|libros,true,2022-03-16
PRD00784,Set Completo C- Azul,Set Completo C- Azul — Baño. Producto de alta calidad para deportes.,1166.36,145,cine|electrónica,true,2024-12-29
PRD00785,Modelo Estándar G- Rojo,Modelo Estándar G- Rojo — Baño. Producto de alta calidad para viajes.,1539.27,346,fotografía|gaming|electrónica|tecnología|hogar,true,2022-12-15
PRD00786,Artículo Especial B Mini,Artículo Especial B Mini — Baño. Producto de alta calidad para mascotas.,150.74,331,mascotas|jardín|oficina|juguetes|fitness,false,2020-12-25
PRD00787,Artículo Especial B- Blanco,Artículo Especial B- Blanco — Baño. Producto de alta calidad para mascotas.,1386.67,280,juguetes|música,true,2022-08-08
PRD00788,Modelo Estándar G Mini,Modelo Estándar G Mini — Baño. Producto de alta calidad para deportes.,393.92,345,oficina|moda,true,2021-10-04
PRD00789,Modelo Estándar G- Plus,Modelo Estándar G- Plus — Baño. Producto de alta calidad para libros.,841.57,101,tecnología|cine|mascotas|jardín|viajes,false,2020-07-08
PRD00790,Artículo Especial B 2024,Artículo Especial B 2024 — Baño. Producto de alta calidad para fotografía.,949.48,331,juguetes|libros|deportes|oficina,true,2024-10-17
PRD00791,Kit Profesional D- Plus,Kit Profesional D- Plus — Dormitorio. Producto de alta calidad para viajes.,2115.28,11,deportes|fotografía,true,2022-06-30
PRD00792,Producto Premium A- Azul,Producto Premium A- Azul — Dormitorio. Producto de alta calidad para viajes.,2184.89,73,fitness|gaming|juguetes|belleza|libros,true,2019-10-27
PRD00793,Modelo Estándar G- Pro,Modelo Estándar G- Pro — Dormitorio. Producto de alta calidad para hogar.,1888.64,251,cine|oficina|viajes|libros|mascotas,true,2021-11-22
PRD00794,Versión Pro H- Lite,Versión Pro H- Lite — Dormitorio. Producto de alta calidad para moda.,2298.78,48,juguetes|deportes|fitness|viajes,true,2020-07-25
PRD00795,Pack Básico E Mini,Pack Básico E Mini — Dormitorio. Producto de alta calidad para cine.,413.35,149,cine|arte,true,2023-10-19
PRD00796,Modelo Estándar G- Plus,Modelo Estándar G- Plus — Dormitorio. Producto de alta calidad para fitness.,1222.19,482,arte|deportes|libros,true,2022-02-19
PRD00797,Kit Profesional D- Azul,Kit Profesional D- Azul — Dormitorio. Producto de alta calidad para automóviles.,2443.68,225,arte|cine|fitness|oficina|mascotas,true,2021-12-01
PRD00798,Modelo Estándar G- Blanco,Modelo Estándar G- Blanco — Dormitorio. Producto de alta calidad para tecnología.,1771.85,157,cocina|juguetes|fotografía,false,2020-05-07
PRD00799,Set Completo C- Pro,Set Completo C- Pro — Dormitorio. Producto de alta calidad para fitness.,328.39,196,jardín|juguetes,true,2023-09-12
PRD00800,Artículo Especial B- Blanco,Artículo Especial B- Blanco — Dormitorio. Producto de alta calidad para mascotas.,1877.98,91,jardín|libros,true,2023-09-08
PRD00801,Edición Limitada F,Edición Limitada F — Dormitorio. Producto de alta calidad para fotografía.,187.01,223,juguetes|viajes|cocina|dormitorio|libros,true,2020-03-27
PRD00802,Producto Premium A- Blanco,Producto Premium A- Blanco — Dormitorio. Producto de alta calidad para fotografía.,1156.37,466,viajes|fotografía|mascotas,true,2019-01-26
PRD00803,Versión Pro H XL,Versión Pro H XL — Dormitorio. Producto de alta calidad para electrónica.,1746.8,12,libros|arte|hogar|automóviles|fotografía,true,2019-08-01
PRD00804,Kit Profesional D Mini,Kit Profesional D Mini — Dormitorio. Producto de alta calidad para gaming.,1390.97,98,deportes|fotografía|electrónica,false,2020-08-12
PRD00805,Set Completo C,Set Completo C — Dormitorio. Producto de alta calidad para tecnología.,1003.5,202,fitness|deportes|cine|mascotas,true,2023-12-29
PRD00806,Modelo Estándar G Mini,Modelo Estándar G Mini — Dormitorio. Producto de alta calidad para deportes.,505.15,70,libros|automóviles|jardín,true,2020-04-07
PRD00807,Producto Premium A,Producto Premium A — Dormitorio. Producto de alta calidad para viajes.,2043.68,385,automóviles|cocina|libros|cine,true,2021-04-13
PRD00808,Modelo Estándar G- Plus,Modelo Estándar G- Plus — Dormitorio. Producto de alta calidad para viajes.,1249.42,195,tecnología|automóviles|música|belleza|cine,true,2019-12-18
PRD00809,Edición Limitada F Mini,Edición Limitada F Mini — Dormitorio. Producto de alta calidad para jardín.,64.95,143,oficina|fotografía|jardín|libros,true,2023-02-26
PRD00810,Artículo Especial B- Azul,Artículo Especial B- Azul — Dormitorio. Producto de alta calidad para juguetes.,1910.18,476,cocina|oficina|arte,true,2020-01-19
PRD00811,Edición Limitada F,Edición Limitada F — Dormitorio. Producto de alta calidad para cine.,2247.81,56,deportes|hogar,false,2022-04-10
PRD00812,Edición Limitada F 2024,Edición Limitada F 2024 — Dormitorio. Producto de alta calidad para automóviles.,545.76,295,belleza|moda,true,2024-11-15
PRD00813,Pack Básico E- Rojo,Pack Básico E- Rojo — Dormitorio. Producto de alta calidad para deportes.,158.28,178,moda|fotografía,false,2021-09-18
PRD00814,Modelo Estándar G 2024,Modelo Estándar G 2024 — Dormitorio. Producto de alta calidad para cocina.,1308.49,263,deportes|viajes|fitness|oficina,true,2020-02-27
PRD00815,Versión Pro H- Rojo,Versión Pro H- Rojo — Dormitorio. Producto de alta calidad para hogar.,109.95,472,fitness|arte|automóviles|moda|viajes,false,2019-02-19
PRD00816,Edición Limitada F- Lite,Edición Limitada F- Lite — Dormitorio. Producto de alta calidad para deportes.,1374.54,492,electrónica|hogar|mascotas|dormitorio,true,2019-05-28
PRD00817,Set Completo C- Plus,Set Completo C- Plus — Dormitorio. Producto de alta calidad para mascotas.,1320.15,359,cine|oficina,true,2021-04-16
PRD00818,Modelo Estándar G- Negro,Modelo Estándar G- Negro — Dormitorio. Producto de alta calidad para automóviles.,2319.97,500,arte|automóviles,false,2023-10-04
PRD00819,Artículo Especial B- Negro,Artículo Especial B- Negro — Dormitorio. Producto de alta calidad para jardín.,1661.67,33,cine|electrónica|arte|automóviles|viajes,false,2020-10-16
PRD00820,Producto Premium A- Pro,Producto Premium A- Pro — Dormitorio. Producto de alta calidad para cocina.,522.41,182,fitness|belleza,true,2021-02-15
PRD00821,Edición Limitada F- Lite,Edición Limitada F- Lite — Dormitorio. Producto de alta calidad para gaming.,621.05,296,electrónica|libros|belleza|arte,true,2021-09-07
PRD00822,Set Completo C- Lite,Set Completo C- Lite — Jardín. Producto de alta calidad para fitness.,1401.1,276,libros|hogar|electrónica|mascotas|fitness,true,2019-09-30
PRD00823,Modelo Estándar G- Lite,Modelo Estándar G- Lite — Jardín. Producto de alta calidad para fitness.,383.3,104,oficina|viajes|tecnología|jardín|juguetes,true,2024-10-12
PRD00824,Versión Pro H- Blanco,Versión Pro H- Blanco — Jardín. Producto de alta calidad para arte.,641.34,415,cine|jardín|juguetes|belleza|gaming,true,2019-10-13
PRD00825,Set Completo C- Pro,Set Completo C- Pro — Jardín. Producto de alta calidad para tecnología.,1069.04,411,automóviles|arte|fotografía,false,2021-09-04
PRD00826,Kit Profesional D,Kit Profesional D — Jardín. Producto de alta calidad para mascotas.,2375.58,233,libros|tecnología|electrónica|gaming|música,true,2024-04-30
PRD00827,Artículo Especial B 2024,Artículo Especial B 2024 — Jardín. Producto de alta calidad para viajes.,1632.92,0,libros|fitness|jardín|mascotas,true,2023-05-17
PRD00828,Producto Premium A- Plus,Producto Premium A- Plus — Jardín. Producto de alta calidad para cocina.,124.88,72,libros|deportes,true,2020-08-02
PRD00829,Pack Básico E Mini,Pack Básico E Mini — Jardín. Producto de alta calidad para electrónica.,1848.45,240,mascotas|viajes|moda|arte,true,2024-06-03
PRD00830,Modelo Estándar G- Negro,Modelo Estándar G- Negro — Jardín. Producto de alta calidad para electrónica.,1930.84,208,hogar|cine|arte|jardín|juguetes,true,2023-07-08
PRD00831,Producto Premium A XL,Producto Premium A XL — Jardín. Producto de alta calidad para libros.,45.11,82,automóviles|gaming|viajes|fotografía|cocina,true,2023-02-10
PRD00832,Set Completo C Mini,Set Completo C Mini — Jardín. Producto de alta calidad para juguetes.,322.32,38,arte|viajes|electrónica|oficina|música,true,2019-12-28
PRD00833,Kit Profesional D XL,Kit Profesional D XL — Jardín. Producto de alta calidad para mascotas.,907.81,343,electrónica|tecnología,true,2022-03-11
PRD00834,Modelo Estándar G,Modelo Estándar G — Jardín. Producto de alta calidad para deportes.,1972.53,464,fitness|mascotas,true,2020-04-13
PRD00835,Producto Premium A- Negro,Producto Premium A- Negro — Jardín. Producto de alta calidad para jardín.,1773.55,4,deportes|cine,true,2020-09-12
PRD00836,Producto Premium A- Blanco,Producto Premium A- Blanco — Jardín. Producto de alta calidad para oficina.,2112.52,233,arte|belleza|juguetes|viajes|cocina,true,2022-10-09
PRD00837,Kit Profesional D- Pro,Kit Profesional D- Pro — Jardín. Producto de alta calidad para oficina.,1232.53,95,automóviles|jardín|viajes|arte,true,2020-01-01
PRD00838,Pack Básico E XL,Pack Básico E XL — Jardín. Producto de alta calidad para jardín.,609.95,324,mascotas|juguetes|deportes|cocina|cine,false,2024-08-31
PRD00839,Pack Básico E Mini,Pack Básico E Mini — Jardín. Producto de alta calidad para libros.,233.59,418,libros|tecnología|viajes,false,2024-07-19
PRD00840,Modelo Estándar G- Pro,Modelo Estándar G- Pro — Jardín. Producto de alta calidad para cocina.,985.15,439,automóviles|libros|fotografía,true,2022-09-26
PRD00841,Versión Pro H Mini,Versión Pro H Mini — Jardín. Producto de alta calidad para tecnología.,2028.06,279,fotografía|tecnología|moda,false,2020-08-01
PRD00842,Producto Premium A- Negro,Producto Premium A- Negro — Jardín. Producto de alta calidad para cocina.,1475.12,106,cine|tecnología|fitness|deportes,true,2022-10-16
PRD00843,Versión Pro H- Negro,Versión Pro H- Negro — Jardín. Producto de alta calidad para viajes.,804.07,195,jardín|viajes|moda|oficina|gaming,true,2023-09-20
PRD00844,Producto Premium A- Negro,Producto Premium A- Negro — Jardín. Producto de alta calidad para oficina.,1475.39,301,moda|jardín,true,2024-11-25
PRD00845,Artículo Especial B 2024,Artículo Especial B 2024 — Jardín. Producto de alta calidad para fitness.,437.86,357,automóviles|hogar|tecnología|fotografía|moda,true,2021-08-02
PRD00846,Artículo Especial B- Pro,Artículo Especial B- Pro — Jardín. Producto de alta calidad para gaming.,128.18,324,oficina|moda|gaming,false,2021-12-11
PRD00847,Modelo Estándar G- Lite,Modelo Estándar G- Lite — Jardín. Producto de alta calidad para tecnología.,987.8,262,gaming|jardín,true,2024-12-26
PRD00848,Set Completo C- Blanco,Set Completo C- Blanco — Jardín. Producto de alta calidad para electrónica.,2235.85,433,automóviles|deportes|arte|fotografía|electrónica,true,2021-11-16
PRD00849,Edición Limitada F- Azul,Edición Limitada F- Azul — Jardín. Producto de alta calidad para gaming.,2448.8,4,deportes|moda,false,2021-05-18
PRD00850,Versión Pro H- Azul,Versión Pro H- Azul — Jardín. Producto de alta calidad para fotografía.,1396.46,71,oficina|automóviles|fotografía|libros|hogar,false,2020-05-26
PRD00851,Versión Pro H- Lite,Versión Pro H- Lite — Iluminación. Producto de alta calidad para mascotas.,2031.67,353,iluminación|tecnología|hogar|cine,true,2023-10-16
PRD00852,Versión Pro H- Plus,Versión Pro H- Plus — Iluminación. Producto de alta calidad para belleza.,2317.46,269,libros|automóviles|belleza|viajes|jardín,true,2023-11-07
PRD00853,Producto Premium A- Negro,Producto Premium A- Negro — Iluminación. Producto de alta calidad para jardín.,1482.35,221,iluminación|música|electrónica|cine|oficina,false,2021-01-23
PRD00854,Versión Pro H 2024,Versión Pro H 2024 — Iluminación. Producto de alta calidad para deportes.,1121.63,486,juguetes|viajes,false,2023-06-15
PRD00855,Edición Limitada F- Blanco,Edición Limitada F- Blanco — Iluminación. Producto de alta calidad para electrónica.,2418.8,149,belleza|oficina|iluminación,true,2019-01-03
PRD00856,Edición Limitada F XL,Edición Limitada F XL — Iluminación. Producto de alta calidad para mascotas.,856.79,238,libros|fitness,true,2024-05-06
PRD00857,Modelo Estándar G- Pro,Modelo Estándar G- Pro — Iluminación. Producto de alta calidad para belleza.,2280.78,12,cine|fotografía|tecnología|belleza|viajes,true,2023-02-21
PRD00858,Producto Premium A- Negro,Producto Premium A- Negro — Iluminación. Producto de alta calidad para juguetes.,827.51,35,hogar|electrónica|iluminación|cine,true,2021-02-10
PRD00859,Edición Limitada F- Lite,Edición Limitada F- Lite — Iluminación. Producto de alta calidad para fotografía.,205.3,269,deportes|belleza|oficina|electrónica,false,2020-04-12
PRD00860,Producto Premium A,Producto Premium A — Iluminación. Producto de alta calidad para automóviles.,678.08,485,moda|tecnología|música|cocina,false,2021-01-11
PRD00861,Versión Pro H- Pro,Versión Pro H- Pro — Iluminación. Producto de alta calidad para libros.,49.95,174,moda|gaming|tecnología|libros|viajes,true,2020-02-21
PRD00862,Artículo Especial B Mini,Artículo Especial B Mini — Iluminación. Producto de alta calidad para cine.,1431.19,338,iluminación|moda|mascotas|cocina|música,true,2019-04-05
PRD00863,Set Completo C- Blanco,Set Completo C- Blanco — Iluminación. Producto de alta calidad para belleza.,1513.8,8,gaming|viajes|jardín,false,2020-05-02
PRD00864,Set Completo C,Set Completo C — Iluminación. Producto de alta calidad para cocina.,54.43,402,mascotas|viajes,true,2020-07-11
PRD00865,Modelo Estándar G Mini,Modelo Estándar G Mini — Iluminación. Producto de alta calidad para tecnología.,601.85,357,libros|cocina|juguetes|electrónica|arte,true,2022-03-26
PRD00866,Versión Pro H- Negro,Versión Pro H- Negro — Iluminación. Producto de alta calidad para cocina.,1697.33,25,fotografía|cine|arte|jardín,false,2024-07-24
PRD00867,Versión Pro H- Azul,Versión Pro H- Azul — Iluminación. Producto de alta calidad para deportes.,551.08,143,iluminación|fotografía|cocina|arte,false,2022-09-14
PRD00868,Modelo Estándar G 2024,Modelo Estándar G 2024 — Iluminación. Producto de alta calidad para belleza.,499.76,379,arte|automóviles|viajes|cocina|oficina,true,2022-04-30
PRD00869,Edición Limitada F Mini,Edición Limitada F Mini — Iluminación. Producto de alta calidad para fotografía.,1088.27,265,iluminación|música|jardín|mascotas|viajes,true,2023-05-24
PRD00870,Kit Profesional D- Blanco,Kit Profesional D- Blanco — Iluminación. Producto de alta calidad para tecnología.,915.47,473,electrónica|mascotas,true,2024-04-13
PRD00871,Kit Profesional D- Blanco,Kit Profesional D- Blanco — Iluminación. Producto de alta calidad para oficina.,613.42,353,oficina|belleza|viajes|cocina|fotografía,true,2023-10-30
PRD00872,Producto Premium A- Pro,Producto Premium A- Pro — Iluminación. Producto de alta calidad para moda.,2000.28,305,fotografía|fitness,true,2023-01-19
PRD00873,Pack Básico E- Lite,Pack Básico E- Lite — Iluminación. Producto de alta calidad para juguetes.,704.51,23,música|tecnología|moda|electrónica|viajes,false,2021-03-14
PRD00874,Versión Pro H- Azul,Versión Pro H- Azul — Iluminación. Producto de alta calidad para gaming.,1669.05,287,libros|juguetes|fitness|cocina|arte,true,2019-01-20
PRD00875,Artículo Especial B- Lite,Artículo Especial B- Lite — Iluminación. Producto de alta calidad para libros.,279.3,352,fitness|belleza|arte,true,2019-06-07
PRD00876,Pack Básico E- Pro,Pack Básico E- Pro — Iluminación. Producto de alta calidad para fitness.,240.06,116,música|belleza,true,2021-05-09
PRD00877,Set Completo C- Plus,Set Completo C- Plus — Iluminación. Producto de alta calidad para hogar.,474.29,72,gaming|iluminación|mascotas|fitness,true,2020-02-16
PRD00878,Edición Limitada F XL,Edición Limitada F XL — Iluminación. Producto de alta calidad para electrónica.,1005.76,418,cocina|música,true,2021-01-26
PRD00879,Modelo Estándar G Mini,Modelo Estándar G Mini — Decoración. Producto de alta calidad para automóviles.,911.88,98,música|arte|hogar|moda|automóviles,true,2021-07-04
PRD00880,Edición Limitada F- Rojo,Edición Limitada F- Rojo — Decoración. Producto de alta calidad para juguetes.,1996.47,118,deportes|cocina|jardín|moda,true,2019-11-28
PRD00881,Artículo Especial B- Negro,Artículo Especial B- Negro — Decoración. Producto de alta calidad para jardín.,1723.15,69,fotografía|arte|oficina|fitness|gaming,false,2019-05-09
PRD00882,Set Completo C 2024,Set Completo C 2024 — Decoración. Producto de alta calidad para cocina.,503.49,197,jardín|electrónica,true,2023-12-17
PRD00883,Set Completo C- Negro,Set Completo C- Negro — Decoración. Producto de alta calidad para hogar.,1903.82,88,mascotas|arte|jardín|música,false,2021-11-20
PRD00884,Producto Premium A 2024,Producto Premium A 2024 — Decoración. Producto de alta calidad para juguetes.,983.68,318,automóviles|hogar|decoración|electrónica,true,2019-02-27
PRD00885,Modelo Estándar G XL,Modelo Estándar G XL — Decoración. Producto de alta calidad para oficina.,605.04,306,deportes|oficina|jardín,true,2021-08-20
PRD00886,Artículo Especial B- Lite,Artículo Especial B- Lite — Decoración. Producto de alta calidad para libros.,1804.15,468,moda|fotografía|fitness|decoración|juguetes,false,2020-08-08
PRD00887,Versión Pro H- Azul,Versión Pro H- Azul — Decoración. Producto de alta calidad para automóviles.,704.59,470,música|viajes,true,2021-07-27
PRD00888,Pack Básico E 2024,Pack Básico E 2024 — Decoración. Producto de alta calidad para cine.,367.4,152,deportes|fotografía|libros|moda,true,2021-09-19
PRD00889,Producto Premium A Mini,Producto Premium A Mini — Decoración. Producto de alta calidad para libros.,272.13,241,belleza|música|gaming,true,2021-11-11
PRD00890,Edición Limitada F- Plus,Edición Limitada F- Plus — Decoración. Producto de alta calidad para fotografía.,735.55,321,electrónica|música|deportes|hogar|fitness,true,2019-04-10
PRD00891,Kit Profesional D- Negro,Kit Profesional D- Negro — Decoración. Producto de alta calidad para gaming.,1092.52,468,decoración|fotografía|gaming,true,2023-03-06
PRD00892,Producto Premium A Mini,Producto Premium A Mini — Decoración. Producto de alta calidad para fitness.,301.16,8,juguetes|mascotas|oficina,false,2020-03-15
PRD00893,Set Completo C Mini,Set Completo C Mini — Decoración. Producto de alta calidad para deportes.,320.64,465,electrónica|oficina,false,2022-10-23
PRD00894,Kit Profesional D- Blanco,Kit Profesional D- Blanco — Decoración. Producto de alta calidad para moda.,1714.84,374,jardín|libros,false,2019-12-08
PRD00895,Kit Profesional D XL,Kit Profesional D XL — Decoración. Producto de alta calidad para juguetes.,1377.11,460,música|hogar|juguetes,true,2023-06-15
PRD00896,Edición Limitada F- Plus,Edición Limitada F- Plus — Decoración. Producto de alta calidad para arte.,289.2,70,electrónica|jardín|mascotas,false,2019-04-21
PRD00897,Versión Pro H,Versión Pro H — Decoración. Producto de alta calidad para cocina.,2159.15,140,decoración|fotografía|arte|deportes|juguetes,true,2019-08-20
PRD00898,Producto Premium A,Producto Premium A — Decoración. Producto de alta calidad para gaming.,1857.29,286,tecnología|libros|cine,false,2024-11-02
PRD00899,Producto Premium A- Azul,Producto Premium A- Azul — Decoración. Producto de alta calidad para cine.,1488.14,231,decoración|arte|moda|música,false,2024-08-22
PRD00900,Producto Premium A- Azul,Producto Premium A- Azul — Decoración. Producto de alta calidad para cocina.,1513.44,208,cocina|tecnología,false,2021-04-22
PRD00901,Edición Limitada F- Rojo,Edición Limitada F- Rojo — Decoración. Producto de alta calidad para belleza.,604.03,258,belleza|libros,true,2023-10-03
PRD00902,Producto Premium A- Negro,Producto Premium A- Negro — Decoración. Producto de alta calidad para fitness.,435.45,51,belleza|libros|electrónica,true,2019-07-18
PRD00903,Kit Profesional D- Rojo,Kit Profesional D- Rojo — Decoración. Producto de alta calidad para gaming.,376.5,274,moda|hogar|belleza|fotografía|música,true,2020-02-08
PRD00904,Edición Limitada F- Azul,Edición Limitada F- Azul — Decoración. Producto de alta calidad para cine.,1714.43,267,moda|belleza|viajes,true,2019-11-11
PRD00905,Modelo Estándar G- Azul,Modelo Estándar G- Azul — Decoración. Producto de alta calidad para oficina.,2475.94,6,tecnología|gaming|belleza|deportes|mascotas,false,2023-04-08
PRD00906,Pack Básico E Mini,Pack Básico E Mini — Textiles. Producto de alta calidad para deportes.,62.72,131,jardín|mascotas|música|moda|belleza,true,2020-06-14
PRD00907,Producto Premium A- Plus,Producto Premium A- Plus — Textiles. Producto de alta calidad para belleza.,1087.09,186,electrónica|hogar,true,2022-01-06
PRD00908,Edición Limitada F- Negro,Edición Limitada F- Negro — Textiles. Producto de alta calidad para hogar.,1325.07,451,viajes|electrónica|tecnología,true,2019-11-28
PRD00909,Pack Básico E Mini,Pack Básico E Mini — Textiles. Producto de alta calidad para oficina.,1515.74,202,arte|cocina|textiles|jardín,true,2020-08-03
PRD00910,Edición Limitada F- Lite,Edición Limitada F- Lite — Textiles. Producto de alta calidad para deportes.,1136.53,120,oficina|música,false,2024-08-03
PRD00911,Versión Pro H Mini,Versión Pro H Mini — Textiles. Producto de alta calidad para jardín.,1041.11,123,automóviles|textiles,true,2020-08-02
PRD00912,Modelo Estándar G- Negro,Modelo Estándar G- Negro — Textiles. Producto de alta calidad para arte.,1362.04,186,cine|textiles|electrónica,false,2019-04-14
PRD00913,Kit Profesional D- Plus,Kit Profesional D- Plus — Textiles. Producto de alta calidad para mascotas.,2115.94,382,viajes|belleza,true,2024-11-19
PRD00914,Producto Premium A- Blanco,Producto Premium A- Blanco — Textiles. Producto de alta calidad para fotografía.,2403.73,403,viajes|fotografía|cine,false,2022-05-21
PRD00915,Modelo Estándar G- Blanco,Modelo Estándar G- Blanco — Textiles. Producto de alta calidad para deportes.,2378.81,412,jardín|viajes|oficina|tecnología|fotografía,false,2020-03-28
PRD00916,Modelo Estándar G- Negro,Modelo Estándar G- Negro — Textiles. Producto de alta calidad para hogar.,742.33,307,música|hogar|arte|textiles,false,2021-07-17
PRD00917,Modelo Estándar G- Azul,Modelo Estándar G- Azul — Textiles. Producto de alta calidad para juguetes.,786.42,261,cocina|mascotas|tecnología|textiles|cine,false,2023-05-07
PRD00918,Producto Premium A- Azul,Producto Premium A- Azul — Textiles. Producto de alta calidad para mascotas.,699.37,349,belleza|textiles|gaming|tecnología|oficina,true,2021-06-19
PRD00919,Modelo Estándar G- Azul,Modelo Estándar G- Azul — Textiles. Producto de alta calidad para oficina.,2438.95,58,arte|juguetes,true,2020-08-16
PRD00920,Versión Pro H,Versión Pro H — Textiles. Producto de alta calidad para moda.,113.98,193,fitness|oficina|gaming|cocina|deportes,true,2021-12-18
PRD00921,Artículo Especial B- Negro,Artículo Especial B- Negro — Textiles. Producto de alta calidad para viajes.,1202.14,10,música|libros|automóviles|textiles|cocina,true,2024-10-25
PRD00922,Artículo Especial B- Plus,Artículo Especial B- Plus — Textiles. Producto de alta calidad para cocina.,1316.92,426,textiles|moda|mascotas|fitness|electrónica,false,2024-11-02
PRD00923,Pack Básico E XL,Pack Básico E XL — Textiles. Producto de alta calidad para hogar.,2325.0,251,oficina|textiles|moda|fitness|música,true,2020-07-06
PRD00924,Artículo Especial B- Rojo,Artículo Especial B- Rojo — Textiles. Producto de alta calidad para hogar.,1384.47,481,fitness|jardín|arte|automóviles|hogar,true,2024-12-29
PRD00925,Modelo Estándar G- Negro,Modelo Estándar G- Negro — Textiles. Producto de alta calidad para hogar.,2482.92,86,viajes|fitness|jardín|gaming|hogar,false,2021-03-30
PRD00926,Edición Limitada F- Pro,Edición Limitada F- Pro — Textiles. Producto de alta calidad para mascotas.,1523.96,467,música|jardín|hogar|oficina|fotografía,true,2021-06-11
PRD00927,Artículo Especial B XL,Artículo Especial B XL — Textiles. Producto de alta calidad para cine.,2218.21,271,automóviles|juguetes|oficina,true,2019-08-08
PRD00928,Producto Premium A- Negro,Producto Premium A- Negro — Textiles. Producto de alta calidad para arte.,196.77,96,textiles|tecnología|mascotas,true,2024-07-15
PRD00929,Artículo Especial B- Lite,Artículo Especial B- Lite — Textiles. Producto de alta calidad para deportes.,2006.81,240,viajes|jardín|hogar,true,2021-09-18
PRD00930,Pack Básico E XL,Pack Básico E XL — Textiles. Producto de alta calidad para gaming.,1724.67,243,moda|fotografía,true,2019-08-19
PRD00931,Edición Limitada F- Rojo,Edición Limitada F- Rojo — Textiles. Producto de alta calidad para gaming.,857.66,348,automóviles|fitness|textiles|gaming,true,2023-09-21
PRD00932,Set Completo C- Plus,Set Completo C- Plus — Textiles. Producto de alta calidad para hogar.,2277.39,224,viajes|oficina|libros|juguetes,true,2022-11-01
PRD00933,Artículo Especial B XL,Artículo Especial B XL — Textiles. Producto de alta calidad para mascotas.,1575.23,444,fitness|belleza|deportes,false,2021-11-06
PRD00934,Set Completo C- Negro,Set Completo C- Negro — Textiles. Producto de alta calidad para gaming.,308.18,292,viajes|cine|moda,true,2023-06-07
PRD00935,Edición Limitada F- Rojo,Edición Limitada F- Rojo — Textiles. Producto de alta calidad para hogar.,632.96,160,viajes|belleza,false,2021-08-15
PRD00936,Kit Profesional D,Kit Profesional D — Textiles. Producto de alta calidad para oficina.,1305.68,23,tecnología|mascotas|cine,false,2022-10-15
PRD00937,Pack Básico E- Pro,Pack Básico E- Pro — Textiles. Producto de alta calidad para mascotas.,1758.03,325,libros|cocina|moda|belleza|música,true,2024-03-02
PRD00938,Edición Limitada F Mini,Edición Limitada F Mini — Textiles. Producto de alta calidad para viajes.,1273.01,110,jardín|cine,false,2019-09-30
PRD00939,Modelo Estándar G- Plus,Modelo Estándar G- Plus — Herramientas. Producto de alta calidad para fotografía.,306.95,499,mascotas|libros,true,2021-07-16
PRD00940,Set Completo C- Rojo,Set Completo C- Rojo — Herramientas. Producto de alta calidad para hogar.,1838.76,352,herramientas|música|oficina,true,2022-01-12
PRD00941,Producto Premium A- Lite,Producto Premium A- Lite — Herramientas. Producto de alta calidad para hogar.,785.11,456,música|gaming|jardín,true,2019-03-01
PRD00942,Pack Básico E- Rojo,Pack Básico E- Rojo — Herramientas. Producto de alta calidad para música.,392.48,354,música|fotografía|belleza|cocina,true,2019-05-07
PRD00943,Kit Profesional D- Pro,Kit Profesional D- Pro — Herramientas. Producto de alta calidad para deportes.,1100.85,60,oficina|fotografía,false,2022-12-08
PRD00944,Artículo Especial B- Pro,Artículo Especial B- Pro — Herramientas. Producto de alta calidad para viajes.,775.78,317,cocina|tecnología|juguetes|fotografía|hogar,true,2022-12-10
PRD00945,Kit Profesional D- Plus,Kit Profesional D- Plus — Herramientas. Producto de alta calidad para fotografía.,2077.89,429,fitness|fotografía,true,2020-07-03
PRD00946,Artículo Especial B Mini,Artículo Especial B Mini — Herramientas. Producto de alta calidad para deportes.,966.93,13,automóviles|música,true,2019-11-08
PRD00947,Edición Limitada F- Lite,Edición Limitada F- Lite — Herramientas. Producto de alta calidad para gaming.,92.91,245,oficina|cocina|música|juguetes,false,2020-12-15
PRD00948,Modelo Estándar G- Lite,Modelo Estándar G- Lite — Herramientas. Producto de alta calidad para deportes.,583.12,291,oficina|música|herramientas|arte|gaming,true,2023-04-21
PRD00949,Artículo Especial B- Negro,Artículo Especial B- Negro — Herramientas. Producto de alta calidad para libros.,1959.69,143,oficina|tecnología|gaming,true,2022-06-05
PRD00950,Pack Básico E,Pack Básico E — Herramientas. Producto de alta calidad para fotografía.,1028.23,345,jardín|música|automóviles|viajes|cocina,true,2021-04-05
PRD00951,Kit Profesional D- Rojo,Kit Profesional D- Rojo — Herramientas. Producto de alta calidad para cine.,2347.98,223,mascotas|arte|hogar,true,2024-11-27
PRD00952,Producto Premium A 2024,Producto Premium A 2024 — Herramientas. Producto de alta calidad para cine.,1820.01,483,arte|fotografía|música|oficina|gaming,true,2020-12-24
PRD00953,Edición Limitada F- Pro,Edición Limitada F- Pro — Herramientas. Producto de alta calidad para juguetes.,514.49,441,electrónica|cocina,true,2019-03-30
PRD00954,Set Completo C 2024,Set Completo C 2024 — Herramientas. Producto de alta calidad para oficina.,625.6,447,oficina|cocina|mascotas|tecnología,false,2023-10-15
PRD00955,Pack Básico E- Pro,Pack Básico E- Pro — Herramientas. Producto de alta calidad para cine.,2099.57,168,fitness|oficina|hogar,true,2024-04-10
PRD00956,Pack Básico E- Plus,Pack Básico E- Plus — Herramientas. Producto de alta calidad para juguetes.,507.52,408,belleza|automóviles,true,2019-06-04
PRD00957,Pack Básico E- Blanco,Pack Básico E- Blanco — Herramientas. Producto de alta calidad para jardín.,1293.28,230,viajes|cocina|fotografía|cine|belleza,true,2023-11-12
PRD00958,Versión Pro H,Versión Pro H — Herramientas. Producto de alta calidad para oficina.,217.08,225,hogar|electrónica|tecnología|jardín|moda,true,2021-12-04
PRD00959,Artículo Especial B,Artículo Especial B — Herramientas. Producto de alta calidad para mascotas.,261.06,424,automóviles|cocina|electrónica,true,2023-05-26
PRD00960,Modelo Estándar G- Lite,Modelo Estándar G- Lite — Herramientas. Producto de alta calidad para tecnología.,1821.29,351,tecnología|fitness|deportes|belleza,true,2023-09-27
PRD00961,Modelo Estándar G- Plus,Modelo Estándar G- Plus — Herramientas. Producto de alta calidad para arte.,713.8,312,cocina|juguetes|música|viajes,false,2021-04-29
PRD00962,Edición Limitada F,Edición Limitada F — Herramientas. Producto de alta calidad para mascotas.,1024.28,175,fitness|tecnología|herramientas|jardín,true,2021-07-28
PRD00963,Producto Premium A- Blanco,Producto Premium A- Blanco — Herramientas. Producto de alta calidad para fitness.,1181.71,410,música|belleza|jardín|deportes,false,2020-11-18
PRD00964,Artículo Especial B- Rojo,Artículo Especial B- Rojo — Herramientas. Producto de alta calidad para belleza.,143.96,165,libros|fitness,false,2021-09-12
PRD00965,Modelo Estándar G- Blanco,Modelo Estándar G- Blanco — Herramientas. Producto de alta calidad para juguetes.,1295.67,125,fotografía|automóviles|deportes|jardín|gaming,false,2022-03-23
PRD00966,Producto Premium A Mini,Producto Premium A Mini — Herramientas. Producto de alta calidad para tecnología.,52.27,394,viajes|fitness|automóviles|arte|gaming,true,2019-12-13
PRD00967,Versión Pro H 2024,Versión Pro H 2024 — Limpieza. Producto de alta calidad para arte.,1898.93,75,oficina|fitness|deportes|viajes|tecnología,false,2024-08-25
PRD00968,Versión Pro H- Pro,Versión Pro H- Pro — Limpieza. Producto de alta calidad para viajes.,1040.31,382,mascotas|moda|viajes|cine|fitness,false,2019-07-31
PRD00969,Kit Profesional D- Rojo,Kit Profesional D- Rojo — Limpieza. Producto de alta calidad para gaming.,1274.13,119,fotografía|viajes|cocina|cine,true,2023-03-27
PRD00970,Artículo Especial B Mini,Artículo Especial B Mini — Limpieza. Producto de alta calidad para deportes.,1102.16,244,viajes|gaming|arte,true,2023-09-24
PRD00971,Versión Pro H- Azul,Versión Pro H- Azul — Limpieza. Producto de alta calidad para electrónica.,703.45,236,electrónica|fotografía,false,2023-01-03
PRD00972,Set Completo C Mini,Set Completo C Mini — Limpieza. Producto de alta calidad para automóviles.,1347.77,314,libros|cine|gaming|oficina|electrónica,false,2019-06-18
PRD00973,Versión Pro H- Rojo,Versión Pro H- Rojo — Limpieza. Producto de alta calidad para fitness.,2352.67,70,arte|oficina|cocina|fotografía|gaming,true,2024-08-19
PRD00974,Kit Profesional D- Plus,Kit Profesional D- Plus — Limpieza. Producto de alta calidad para fotografía.,1167.0,12,cocina|tecnología|gaming|mascotas|cine,true,2024-04-30
PRD00975,Set Completo C,Set Completo C — Limpieza. Producto de alta calidad para viajes.,1493.95,152,jardín|electrónica|arte|deportes|fotografía,true,2022-12-07
PRD00976,Artículo Especial B- Pro,Artículo Especial B- Pro — Limpieza. Producto de alta calidad para juguetes.,1610.16,435,viajes|limpieza|moda|juguetes|belleza,true,2019-07-10
PRD00977,Producto Premium A- Lite,Producto Premium A- Lite — Limpieza. Producto de alta calidad para cocina.,609.21,175,cine|arte|automóviles|libros,true,2022-04-04
PRD00978,Edición Limitada F Mini,Edición Limitada F Mini — Limpieza. Producto de alta calidad para jardín.,2162.97,220,arte|gaming|fitness|música|viajes,true,2020-06-17
PRD00979,Producto Premium A,Producto Premium A — Limpieza. Producto de alta calidad para fotografía.,180.0,299,electrónica|tecnología|juguetes|deportes,true,2021-10-02
PRD00980,Modelo Estándar G- Negro,Modelo Estándar G- Negro — Limpieza. Producto de alta calidad para fitness.,1257.15,41,oficina|limpieza,true,2023-06-23
PRD00981,Artículo Especial B Mini,Artículo Especial B Mini — Limpieza. Producto de alta calidad para fotografía.,1007.47,373,automóviles|viajes|electrónica|cocina,true,2019-11-10
PRD00982,Versión Pro H- Plus,Versión Pro H- Plus — Limpieza. Producto de alta calidad para electrónica.,1673.98,375,deportes|automóviles|jardín|oficina|mascotas,false,2022-02-23
PRD00983,Modelo Estándar G Mini,Modelo Estándar G Mini — Limpieza. Producto de alta calidad para oficina.,925.31,300,belleza|libros|tecnología|arte|oficina,true,2022-11-06
PRD00984,Producto Premium A 2024,Producto Premium A 2024 — Limpieza. Producto de alta calidad para tecnología.,1754.95,373,cocina|música,true,2021-08-06
PRD00985,Set Completo C- Plus,Set Completo C- Plus — Limpieza. Producto de alta calidad para jardín.,1702.62,89,fotografía|tecnología|fitness|cocina|mascotas,true,2024-12-31
PRD00986,Artículo Especial B- Rojo,Artículo Especial B- Rojo — Limpieza. Producto de alta calidad para belleza.,544.62,198,arte|deportes,false,2019-12-28
PRD00987,Producto Premium A- Rojo,Producto Premium A- Rojo — Limpieza. Producto de alta calidad para fitness.,637.06,85,fotografía|electrónica|gaming|viajes|deportes,true,2024-08-11
PRD00988,Versión Pro H- Rojo,Versión Pro H- Rojo — Limpieza. Producto de alta calidad para hogar.,1516.24,8,libros|tecnología|viajes|fitness,true,2022-03-01
PRD00989,Kit Profesional D 2024,Kit Profesional D 2024 — Limpieza. Producto de alta calidad para mascotas.,1036.98,154,limpieza|gaming|arte|deportes|jardín,true,2024-07-28
PRD00990,Kit Profesional D- Negro,Kit Profesional D- Negro — Limpieza. Producto de alta calidad para libros.,1687.42,181,arte|deportes|automóviles,true,2019-02-05
PRD00991,Kit Profesional D- Rojo,Kit Profesional D- Rojo — Limpieza. Producto de alta calidad para belleza.,2377.41,186,fitness|belleza|deportes|arte|viajes,true,2024-11-29
PRD00992,Artículo Especial B- Plus,Artículo Especial B- Plus — Limpieza. Producto de alta calidad para música.,762.45,497,fitness|oficina|moda|automóviles,false,2019-11-08
PRD00993,Edición Limitada F- Pro,Edición Limitada F- Pro — Limpieza. Producto de alta calidad para viajes.,866.18,275,cine|electrónica,true,2020-12-29
PRD00994,Kit Profesional D- Rojo,Kit Profesional D- Rojo — Electrodomésticos. Producto de alta calidad para belleza.,1832.19,33,belleza|moda,true,2021-03-14
PRD00995,Modelo Estándar G- Azul,Modelo Estándar G- Azul — Electrodomésticos. Producto de alta calidad para oficina.,2287.25,448,libros|oficina|música|fotografía,true,2020-02-26
PRD00996,Versión Pro H- Azul,Versión Pro H- Azul — Electrodomésticos. Producto de alta calidad para fitness.,437.61,79,juguetes|hogar,false,2024-10-10
PRD00997,Kit Profesional D- Rojo,Kit Profesional D- Rojo — Electrodomésticos. Producto de alta calidad para viajes.,1810.7,127,deportes|fotografía,true,2019-12-27
PRD00998,Edición Limitada F Mini,Edición Limitada F Mini — Electrodomésticos. Producto de alta calidad para viajes.,805.22,30,arte|viajes|moda|deportes,true,2019-06-09
PRD00999,Pack Básico E,Pack Básico E — Electrodomésticos. Producto de alta calidad para arte.,1543.51,314,electrónica|belleza|deportes|hogar|moda,true,2023-07-27
PRD01000,Edición Limitada F- Pro,Edición Limitada F- Pro — Electrodomésticos. Producto de alta calidad para hogar.,2469.94,400,jardín|electrodomésticos|gaming|fotografía|fitness,true,2022-05-28
PRD01001,Artículo Especial B- Blanco,Artículo Especial B- Blanco — Electrodomésticos. Producto de alta calidad para deportes.,142.42,478,oficina|electrodomésticos|cocina|fitness|libros,true,2022-06-10
PRD01002,Producto Premium A- Lite,Producto Premium A- Lite — Electrodomésticos. Producto de alta calidad para tecnología.,1726.6,30,cine|electrodomésticos,true,2020-01-18
PRD01003,Set Completo C Mini,Set Completo C Mini — Electrodomésticos. Producto de alta calidad para libros.,357.78,77,libros|hogar|cine|belleza,true,2024-08-24
PRD01004,Versión Pro H- Pro,Versión Pro H- Pro — Electrodomésticos. Producto de alta calidad para cocina.,81.04,254,música|cine|juguetes|oficina|libros,true,2021-03-03
PRD01005,Producto Premium A,Producto Premium A — Electrodomésticos. Producto de alta calidad para belleza.,1233.23,321,juguetes|gaming|libros|arte,false,2020-06-27
PRD01006,Producto Premium A- Azul,Producto Premium A- Azul — Electrodomésticos. Producto de alta calidad para cocina.,2400.61,286,libros|tecnología|moda,true,2024-03-12
PRD01007,Versión Pro H- Blanco,Versión Pro H- Blanco — Electrodomésticos. Producto de alta calidad para deportes.,366.15,151,viajes|belleza|electrónica|hogar,true,2022-12-03
PRD01008,Set Completo C,Set Completo C — Electrodomésticos. Producto de alta calidad para moda.,1001.59,147,automóviles|tecnología|libros|electrodomésticos,true,2023-04-06
PRD01009,Set Completo C- Blanco,Set Completo C- Blanco — Electrodomésticos. Producto de alta calidad para electrónica.,2216.59,488,tecnología|jardín|arte|fotografía,false,2021-12-15
PRD01010,Edición Limitada F,Edición Limitada F — Electrodomésticos. Producto de alta calidad para fitness.,1588.24,223,cocina|deportes,false,2024-08-30
PRD01011,Pack Básico E- Azul,Pack Básico E- Azul — Electrodomésticos. Producto de alta calidad para jardín.,826.43,412,hogar|cine,true,2022-12-22
PRD01012,Kit Profesional D 2024,Kit Profesional D 2024 — Electrodomésticos. Producto de alta calidad para deportes.,872.25,105,automóviles|electrodomésticos|oficina|electrónica|cine,false,2021-08-31
PRD01013,Producto Premium A- Lite,Producto Premium A- Lite — Electrodomésticos. Producto de alta calidad para viajes.,2212.38,284,libros|juguetes|tecnología,false,2020-02-05
PRD01014,Producto Premium A- Rojo,Producto Premium A- Rojo — Electrodomésticos. Producto de alta calidad para viajes.,539.73,168,juguetes|cocina|electrónica|deportes|tecnología,true,2019-03-10
PRD01015,Pack Básico E 2024,Pack Básico E 2024 — Electrodomésticos. Producto de alta calidad para cocina.,773.56,235,gaming|belleza|música|fotografía,true,2020-05-14
PRD01016,Edición Limitada F- Azul,Edición Limitada F- Azul — Electrodomésticos. Producto de alta calidad para jardín.,1473.37,242,electrónica|libros|belleza|gaming,true,2020-01-16
PRD01017,Producto Premium A XL,Producto Premium A XL — Electrodomésticos. Producto de alta calidad para automóviles.,24.53,388,gaming|libros|cine|mascotas,false,2021-11-13
PRD01018,Modelo Estándar G- Pro,Modelo Estándar G- Pro — Electrodomésticos. Producto de alta calidad para automóviles.,2182.23,463,libros|juguetes|música|arte|oficina,true,2020-10-12
PRD01019,Producto Premium A- Negro,Producto Premium A- Negro — Electrodomésticos. Producto de alta calidad para automóviles.,528.12,263,libros|gaming|arte,true,2023-11-25
PRD01020,Pack Básico E Mini,Pack Básico E Mini — Almacenamiento Hogar. Producto de alta calidad para cocina.,1528.98,165,mascotas|jardín|almacenamiento hogar|automóviles|tecnología,true,2023-06-24
PRD01021,Versión Pro H- Rojo,Versión Pro H- Rojo — Almacenamiento Hogar. Producto de alta calidad para gaming.,840.13,182,juguetes|fitness|almacenamiento hogar|mascotas,true,2019-11-22
PRD01022,Artículo Especial B- Plus,Artículo Especial B- Plus — Almacenamiento Hogar. Producto de alta calidad para cocina.,1751.55,275,arte|fitness|música|automóviles,false,2024-06-24
PRD01023,Pack Básico E- Negro,Pack Básico E- Negro — Almacenamiento Hogar. Producto de alta calidad para música.,2426.98,219,almacenamiento hogar|fotografía,false,2023-04-30
PRD01024,Edición Limitada F- Negro,Edición Limitada F- Negro — Almacenamiento Hogar. Producto de alta calidad para fitness.,1235.08,114,oficina|almacenamiento hogar,true,2021-11-19
PRD01025,Modelo Estándar G- Pro,Modelo Estándar G- Pro — Almacenamiento Hogar. Producto de alta calidad para electrónica.,2217.37,271,deportes|arte|jardín|fotografía,false,2023-07-10
PRD01026,Kit Profesional D,Kit Profesional D — Almacenamiento Hogar. Producto de alta calidad para música.,880.65,31,juguetes|viajes,true,2024-08-27
PRD01027,Modelo Estándar G- Azul,Modelo Estándar G- Azul — Almacenamiento Hogar. Producto de alta calidad para música.,1441.14,472,deportes|fitness,true,2020-09-27
PRD01028,Set Completo C- Blanco,Set Completo C- Blanco — Almacenamiento Hogar. Producto de alta calidad para belleza.,1201.6,24,belleza|viajes|fotografía|música,true,2023-08-08
PRD01029,Modelo Estándar G Mini,Modelo Estándar G Mini — Almacenamiento Hogar. Producto de alta calidad para tecnología.,2427.22,406,deportes|automóviles,true,2022-01-29
PRD01030,Kit Profesional D- Rojo,Kit Profesional D- Rojo — Almacenamiento Hogar. Producto de alta calidad para gaming.,2176.82,191,deportes|fitness,false,2023-12-02
PRD01031,Modelo Estándar G- Plus,Modelo Estándar G- Plus — Almacenamiento Hogar. Producto de alta calidad para tecnología.,656.73,176,arte|fitness,true,2023-09-04
PRD01032,Set Completo C- Lite,Set Completo C- Lite — Almacenamiento Hogar. Producto de alta calidad para cine.,1213.97,324,oficina|jardín,true,2021-12-30
PRD01033,Versión Pro H- Blanco,Versión Pro H- Blanco — Almacenamiento Hogar. Producto de alta calidad para fotografía.,1874.72,319,almacenamiento hogar|fitness,true,2023-06-07
PRD01034,Artículo Especial B XL,Artículo Especial B XL — Almacenamiento Hogar. Producto de alta calidad para automóviles.,1113.9,186,automóviles|arte|jardín,true,2020-09-20
PRD01035,Set Completo C- Negro,Set Completo C- Negro — Almacenamiento Hogar. Producto de alta calidad para electrónica.,2152.93,174,fitness|viajes|belleza|gaming,true,2024-07-29
PRD01036,Set Completo C- Negro,Set Completo C- Negro — Almacenamiento Hogar. Producto de alta calidad para cine.,653.25,244,cine|música|jardín,true,2023-02-27
PRD01037,Pack Básico E- Lite,Pack Básico E- Lite — Almacenamiento Hogar. Producto de alta calidad para mascotas.,1525.73,425,electrónica|belleza,true,2019-04-02
PRD01038,Artículo Especial B Mini,Artículo Especial B Mini — Almacenamiento Hogar. Producto de alta calidad para arte.,166.36,189,oficina|automóviles,true,2024-06-02
PRD01039,Set Completo C XL,Set Completo C XL — Almacenamiento Hogar. Producto de alta calidad para jardín.,850.94,469,fotografía|hogar|almacenamiento hogar|música,true,2020-02-15
PRD01040,Set Completo C 2024,Set Completo C 2024 — Almacenamiento Hogar. Producto de alta calidad para electrónica.,1192.29,222,automóviles|fitness|juguetes,true,2023-12-08
PRD01041,Modelo Estándar G- Pro,Modelo Estándar G- Pro — Almacenamiento Hogar. Producto de alta calidad para oficina.,907.3,134,mascotas|tecnología,true,2022-05-26
PRD01042,Pack Básico E- Azul,Pack Básico E- Azul — Almacenamiento Hogar. Producto de alta calidad para libros.,2150.26,371,belleza|mascotas|oficina|hogar|fitness,true,2020-12-16
PRD01043,Pack Básico E XL,Pack Básico E XL — Almacenamiento Hogar. Producto de alta calidad para fotografía.,2366.79,442,mascotas|cine,true,2021-09-14
PRD01044,Edición Limitada F- Azul,Edición Limitada F- Azul — Almacenamiento Hogar. Producto de alta calidad para hogar.,2485.3,63,juguetes|electrónica|oficina|hogar,true,2019-07-15
PRD01045,Pack Básico E- Plus,Pack Básico E- Plus — Almacenamiento Hogar. Producto de alta calidad para belleza.,2047.52,247,gaming|fotografía|cocina|almacenamiento hogar|deportes,true,2021-12-10
PRD01046,Set Completo C- Pro,Set Completo C- Pro — Almacenamiento Hogar. Producto de alta calidad para fitness.,640.13,138,electrónica|automóviles|fitness|cine,false,2021-07-03
PRD01047,Pack Básico E- Negro,Pack Básico E- Negro — Almacenamiento Hogar. Producto de alta calidad para libros.,1550.84,121,belleza|fitness|arte|electrónica|viajes,true,2022-07-10
PRD01048,Edición Limitada F- Pro,Edición Limitada F- Pro — Almacenamiento Hogar. Producto de alta calidad para mascotas.,1217.53,185,belleza|tecnología|juguetes|arte,true,2022-05-19
PRD01049,Modelo Estándar G- Lite,Modelo Estándar G- Lite — Almacenamiento Hogar. Producto de alta calidad para hogar.,1934.66,397,libros|automóviles,true,2021-12-11
PRD01050,Modelo Estándar G- Blanco,Modelo Estándar G- Blanco — Almacenamiento Hogar. Producto de alta calidad para electrónica.,9.69,52,viajes|fotografía|electrónica,true,2019-03-16
PRD01051,Rueda Abdominales XL,Rueda Abdominales XL — Fitness. Producto de alta calidad para fotografía.,1802.31,63,fitness|hogar|cocina|mascotas|belleza,true,2021-10-02
PRD01052,Pesas Rusas- Pro,Pesas Rusas- Pro — Fitness. Producto de alta calidad para cine.,2347.38,18,moda|automóviles|viajes|mascotas,true,2023-03-08
PRD01053,Cuerda Saltar,Cuerda Saltar — Fitness. Producto de alta calidad para arte.,53.14,315,oficina|cine|hogar,true,2024-02-28
PRD01054,Pesas Rusas,Pesas Rusas — Fitness. Producto de alta calidad para juguetes.,2350.59,404,electrónica|moda,true,2024-02-28
PRD01055,Banda Resistencia,Banda Resistencia — Fitness. Producto de alta calidad para cine.,787.97,462,belleza|jardín|música|automóviles|fitness,true,2020-02-05
PRD01056,Mancuernas Ajustables- Pro,Mancuernas Ajustables- Pro — Fitness. Producto de alta calidad para arte.,1115.7,101,belleza|juguetes|jardín,false,2021-10-20
PRD01057,Cuerda Saltar- Azul,Cuerda Saltar- Azul — Fitness. Producto de alta calidad para libros.,1225.18,68,arte|automóviles|jardín|moda,true,2024-02-05
PRD01058,Colchoneta Yoga- Negro,Colchoneta Yoga- Negro — Fitness. Producto de alta calidad para deportes.,1884.44,139,gaming|arte|hogar,true,2019-01-30
PRD01059,Mancuernas Ajustables XL,Mancuernas Ajustables XL — Fitness. Producto de alta calidad para fitness.,1083.37,245,fotografía|música|mascotas|fitness|gaming,false,2021-07-10
PRD01060,Cuerda Saltar- Negro,Cuerda Saltar- Negro — Fitness. Producto de alta calidad para gaming.,1662.16,411,automóviles|tecnología|viajes|oficina,true,2024-02-12
PRD01061,Rueda Abdominales Mini,Rueda Abdominales Mini — Fitness. Producto de alta calidad para música.,1286.6,485,arte|belleza|libros|cine|tecnología,false,2022-11-04
PRD01062,Bicicleta Estática- Plus,Bicicleta Estática- Plus — Fitness. Producto de alta calidad para deportes.,978.9,414,deportes|libros|automóviles|juguetes,true,2020-02-29
PRD01063,Pesas Rusas- Blanco,Pesas Rusas- Blanco — Fitness. Producto de alta calidad para fitness.,1568.42,443,música|deportes|cocina,true,2020-11-12
PRD01064,Rueda Abdominales- Lite,Rueda Abdominales- Lite — Fitness. Producto de alta calidad para fitness.,1225.63,414,hogar|juguetes,true,2020-08-24
PRD01065,Cuerda Saltar- Pro,Cuerda Saltar- Pro — Fitness. Producto de alta calidad para cocina.,456.25,146,cocina|fitness|cine|arte|viajes,true,2022-07-22
PRD01066,Mancuernas Ajustables 2024,Mancuernas Ajustables 2024 — Fitness. Producto de alta calidad para electrónica.,217.89,96,belleza|fitness,true,2023-04-14
PRD01067,Pesas Rusas- Pro,Pesas Rusas- Pro — Fitness. Producto de alta calidad para juguetes.,2064.7,110,moda|viajes|belleza,false,2020-02-15
PRD01068,Rueda Abdominales- Lite,Rueda Abdominales- Lite — Fitness. Producto de alta calidad para cine.,2348.05,343,hogar|belleza|cocina|mascotas,true,2021-12-01
PRD01069,Bicicleta Estática,Bicicleta Estática — Fitness. Producto de alta calidad para fitness.,613.36,136,cocina|automóviles,true,2021-09-22
PRD01070,Mancuernas Ajustables- Negro,Mancuernas Ajustables- Negro — Fitness. Producto de alta calidad para tecnología.,521.61,100,electrónica|música|belleza,true,2023-05-14
PRD01071,Banda Resistencia- Plus,Banda Resistencia- Plus — Fitness. Producto de alta calidad para jardín.,2478.5,55,fotografía|electrónica|mascotas|moda|tecnología,true,2024-06-02
PRD01072,Rueda Abdominales- Plus,Rueda Abdominales- Plus — Fitness. Producto de alta calidad para deportes.,1055.56,325,libros|oficina|arte|tecnología|mascotas,false,2024-05-31
PRD01073,Bicicleta Estática- Negro,Bicicleta Estática- Negro — Fitness. Producto de alta calidad para belleza.,2114.66,25,libros|moda|fotografía|belleza|automóviles,true,2023-06-05
PRD01074,Mancuernas Ajustables 2024,Mancuernas Ajustables 2024 — Fitness. Producto de alta calidad para fitness.,970.87,407,juguetes|gaming|moda|oficina|música,false,2022-05-03
PRD01075,Colchoneta Yoga XL,Colchoneta Yoga XL — Fitness. Producto de alta calidad para oficina.,97.33,349,electrónica|fotografía|hogar|deportes|cine,true,2021-08-02
PRD01076,Cuerda Saltar- Rojo,Cuerda Saltar- Rojo — Fitness. Producto de alta calidad para fotografía.,1614.71,66,juguetes|mascotas,true,2021-07-28
PRD01077,Rueda Abdominales Mini,Rueda Abdominales Mini — Fitness. Producto de alta calidad para belleza.,1708.28,35,oficina|electrónica,true,2020-05-20
PRD01078,Banda Resistencia XL,Banda Resistencia XL — Fitness. Producto de alta calidad para juguetes.,2483.71,200,viajes|cine,false,2020-08-05
PRD01079,Mancuernas Ajustables- Plus,Mancuernas Ajustables- Plus — Fitness. Producto de alta calidad para cine.,172.13,373,música|hogar|fitness|gaming,true,2021-10-16
PRD01080,Rueda Abdominales- Pro,Rueda Abdominales- Pro — Fitness. Producto de alta calidad para juguetes.,439.71,376,cine|tecnología|libros,true,2023-10-01
PRD01081,Banda Resistencia 2024,Banda Resistencia 2024 — Fitness. Producto de alta calidad para viajes.,2162.77,395,arte|cocina|automóviles|tecnología|libros,true,2021-08-07
PRD01082,Chuteras Nike Mercurial 2024,Chuteras Nike Mercurial 2024 — Fútbol. Producto de alta calidad para gaming.,1023.59,453,viajes|oficina|deportes|tecnología,true,2024-01-12
PRD01083,Bomba Balón- Negro,Bomba Balón- Negro — Fútbol. Producto de alta calidad para hogar.,1929.86,13,fotografía|fitness|cocina|cine|viajes,true,2022-11-14
PRD01084,Malla Red- Negro,Malla Red- Negro — Fútbol. Producto de alta calidad para juguetes.,615.14,169,moda|deportes|libros|belleza,true,2019-12-22
PRD01085,Guantes Portero Mini,Guantes Portero Mini — Fútbol. Producto de alta calidad para hogar.,2021.03,252,juguetes|fútbol|tecnología|gaming|fitness,false,2024-02-02
PRD01086,Balón Champions League- Plus,Balón Champions League- Plus — Fútbol. Producto de alta calidad para electrónica.,866.77,464,viajes|moda,true,2024-08-11
PRD01087,Guantes Portero- Rojo,Guantes Portero- Rojo — Fútbol. Producto de alta calidad para tecnología.,2275.64,168,libros|cocina,true,2023-04-14
PRD01088,Portería Plegable- Rojo,Portería Plegable- Rojo — Fútbol. Producto de alta calidad para electrónica.,805.3,197,fútbol|belleza|juguetes,true,2021-09-06
PRD01089,Balón Champions League 2024,Balón Champions League 2024 — Fútbol. Producto de alta calidad para gaming.,28.43,158,cine|electrónica|oficina|jardín|moda,true,2022-02-20
PRD01090,Malla Red XL,Malla Red XL — Fútbol. Producto de alta calidad para música.,116.29,135,fútbol|gaming|deportes|mascotas|oficina,false,2021-07-13
PRD01091,Malla Red- Plus,Malla Red- Plus — Fútbol. Producto de alta calidad para belleza.,1949.81,143,mascotas|cocina|fitness|hogar,true,2022-05-22
PRD01092,Guantes Portero- Rojo,Guantes Portero- Rojo — Fútbol. Producto de alta calidad para fotografía.,970.61,83,viajes|hogar|belleza|deportes|arte,false,2022-10-28
PRD01093,Balón Champions League- Plus,Balón Champions League- Plus — Fútbol. Producto de alta calidad para hogar.,2080.73,26,juguetes|fotografía|mascotas|jardín,false,2020-03-06
PRD01094,Guantes Portero- Plus,Guantes Portero- Plus — Fútbol. Producto de alta calidad para libros.,1048.73,262,fotografía|electrónica|arte|fútbol|juguetes,false,2024-03-04
PRD01095,Chuteras Nike Mercurial- Blanco,Chuteras Nike Mercurial- Blanco — Fútbol. Producto de alta calidad para viajes.,674.57,296,juguetes|viajes|fotografía|automóviles|fitness,true,2019-04-12
PRD01096,Guantes Portero 2024,Guantes Portero 2024 — Fútbol. Producto de alta calidad para cine.,33.46,370,cine|automóviles|arte|jardín,true,2023-11-13
PRD01097,Bomba Balón Mini,Bomba Balón Mini — Fútbol. Producto de alta calidad para moda.,1955.56,319,deportes|viajes|automóviles|libros|jardín,false,2024-05-05
PRD01098,Portería Plegable- Plus,Portería Plegable- Plus — Fútbol. Producto de alta calidad para libros.,1425.91,192,oficina|arte|electrónica|moda|viajes,true,2023-07-23
PRD01099,Portería Plegable- Plus,Portería Plegable- Plus — Fútbol. Producto de alta calidad para gaming.,142.66,183,electrónica|deportes|oficina,true,2023-11-29
PRD01100,Chuteras Nike Mercurial 2024,Chuteras Nike Mercurial 2024 — Fútbol. Producto de alta calidad para gaming.,722.11,98,música|fútbol|moda|jardín|oficina,true,2020-11-02
PRD01101,Balón Champions League- Blanco,Balón Champions League- Blanco — Fútbol. Producto de alta calidad para tecnología.,634.32,403,oficina|juguetes|gaming,false,2023-04-02
PRD01102,Bomba Balón,Bomba Balón — Fútbol. Producto de alta calidad para viajes.,1531.87,174,juguetes|cocina|gaming|tecnología|cine,false,2020-06-18
PRD01103,Guantes Portero- Lite,Guantes Portero- Lite — Fútbol. Producto de alta calidad para gaming.,345.67,246,libros|oficina|fotografía|deportes,true,2022-11-08
PRD01104,Balón Champions League- Lite,Balón Champions League- Lite — Fútbol. Producto de alta calidad para fitness.,721.73,125,cocina|automóviles|belleza|fitness,true,2024-05-15
PRD01105,Balón Champions League XL,Balón Champions League XL — Fútbol. Producto de alta calidad para libros.,908.46,271,cocina|música,true,2022-06-27
PRD01106,Espinilleras Adidas- Azul,Espinilleras Adidas- Azul — Fútbol. Producto de alta calidad para belleza.,2002.78,440,jardín|fotografía|libros|arte|fitness,false,2024-05-18
PRD01107,Guantes Portero 2024,Guantes Portero 2024 — Fútbol. Producto de alta calidad para música.,575.57,62,belleza|cine|tecnología|música|moda,true,2020-06-16
PRD01108,Balón Champions League- Plus,Balón Champions League- Plus — Fútbol. Producto de alta calidad para belleza.,2422.25,205,deportes|oficina,false,2022-08-28
PRD01109,Chuteras Nike Mercurial XL,Chuteras Nike Mercurial XL — Fútbol. Producto de alta calidad para música.,1313.59,470,belleza|mascotas|juguetes,false,2024-06-05
PRD01110,Chuteras Nike Mercurial- Negro,Chuteras Nike Mercurial- Negro — Fútbol. Producto de alta calidad para juguetes.,1994.02,418,música|fotografía|juguetes|arte,true,2020-12-12
PRD01111,Portería Plegable Mini,Portería Plegable Mini — Fútbol. Producto de alta calidad para belleza.,589.96,285,fotografía|fútbol|hogar|jardín|tecnología,true,2021-01-18
PRD01112,Portería Plegable,Portería Plegable — Fútbol. Producto de alta calidad para automóviles.,1755.45,249,fitness|deportes,true,2021-01-02
PRD01113,Espinilleras Adidas Mini,Espinilleras Adidas Mini — Fútbol. Producto de alta calidad para tecnología.,372.11,42,libros|tecnología,false,2020-10-14
PRD01114,Espinilleras Adidas- Rojo,Espinilleras Adidas- Rojo — Fútbol. Producto de alta calidad para deportes.,1326.92,28,cocina|deportes|cine|fútbol,true,2020-07-17
PRD01115,Modelo Estándar G- Blanco,Modelo Estándar G- Blanco — Natación. Producto de alta calidad para cocina.,1017.36,141,fitness|tecnología|hogar|arte|música,true,2024-01-07
PRD01116,Producto Premium A- Azul,Producto Premium A- Azul — Natación. Producto de alta calidad para viajes.,1838.69,6,moda|mascotas|belleza|fitness|fotografía,true,2021-02-11
PRD01117,Versión Pro H- Blanco,Versión Pro H- Blanco — Natación. Producto de alta calidad para jardín.,1339.6,25,belleza|viajes|cine,true,2019-02-12
PRD01118,Pack Básico E- Pro,Pack Básico E- Pro — Natación. Producto de alta calidad para belleza.,1216.14,175,oficina|libros|gaming|natación|cine,true,2022-01-02
PRD01119,Versión Pro H,Versión Pro H — Natación. Producto de alta calidad para mascotas.,1807.31,311,arte|moda,false,2023-11-06
PRD01120,Set Completo C,Set Completo C — Natación. Producto de alta calidad para belleza.,331.09,79,arte|deportes|juguetes,true,2020-05-03
PRD01121,Set Completo C- Azul,Set Completo C- Azul — Natación. Producto de alta calidad para juguetes.,2105.23,331,libros|juguetes|electrónica,true,2022-01-05
PRD01122,Versión Pro H XL,Versión Pro H XL — Natación. Producto de alta calidad para fitness.,862.46,415,automóviles|música|juguetes|hogar,true,2023-03-04
PRD01123,Artículo Especial B- Lite,Artículo Especial B- Lite — Natación. Producto de alta calidad para tecnología.,709.64,462,oficina|electrónica|deportes,false,2020-11-06
PRD01124,Edición Limitada F- Plus,Edición Limitada F- Plus — Natación. Producto de alta calidad para gaming.,1405.41,298,hogar|fotografía|música|oficina,false,2024-03-30
PRD01125,Set Completo C- Lite,Set Completo C- Lite — Natación. Producto de alta calidad para deportes.,1295.24,91,arte|oficina|deportes,true,2021-08-31
PRD01126,Versión Pro H- Plus,Versión Pro H- Plus — Natación. Producto de alta calidad para fotografía.,1202.64,97,natación|jardín|electrónica,true,2021-11-22
PRD01127,Kit Profesional D Mini,Kit Profesional D Mini — Natación. Producto de alta calidad para arte.,1241.04,243,fotografía|oficina|electrónica|automóviles,true,2023-03-22
PRD01128,Edición Limitada F- Lite,Edición Limitada F- Lite — Natación. Producto de alta calidad para gaming.,1535.39,138,gaming|automóviles|moda|música,true,2019-07-12
PRD01129,Pack Básico E- Blanco,Pack Básico E- Blanco — Natación. Producto de alta calidad para juguetes.,1568.08,146,mascotas|juguetes|jardín|moda,true,2019-07-24
PRD01130,Artículo Especial B- Lite,Artículo Especial B- Lite — Natación. Producto de alta calidad para cine.,322.97,195,mascotas|gaming|natación|jardín,true,2020-11-18
PRD01131,Set Completo C- Pro,Set Completo C- Pro — Natación. Producto de alta calidad para moda.,1034.42,304,oficina|libros|moda|gaming,true,2021-08-03
PRD01132,Pack Básico E Mini,Pack Básico E Mini — Natación. Producto de alta calidad para hogar.,375.03,483,hogar|fitness,true,2021-09-17
PRD01133,Versión Pro H- Blanco,Versión Pro H- Blanco — Natación. Producto de alta calidad para jardín.,650.27,292,cine|fotografía|deportes,true,2022-09-06
PRD01134,Producto Premium A Mini,Producto Premium A Mini — Natación. Producto de alta calidad para viajes.,319.05,168,automóviles|cocina,true,2021-07-01
PRD01135,Versión Pro H- Rojo,Versión Pro H- Rojo — Natación. Producto de alta calidad para oficina.,1595.24,213,música|juguetes|belleza,false,2022-08-16
PRD01136,Versión Pro H- Plus,Versión Pro H- Plus — Natación. Producto de alta calidad para música.,2158.3,85,arte|gaming,false,2019-03-23
PRD01137,Set Completo C- Rojo,Set Completo C- Rojo — Natación. Producto de alta calidad para oficina.,1800.66,288,gaming|cine|fitness|tecnología|moda,true,2020-08-09
PRD01138,Producto Premium A Mini,Producto Premium A Mini — Natación. Producto de alta calidad para deportes.,2106.86,442,jardín|fotografía,true,2023-07-24
PRD01139,Pack Básico E- Blanco,Pack Básico E- Blanco — Natación. Producto de alta calidad para fotografía.,653.22,90,automóviles|mascotas|gaming|fitness|belleza,true,2019-08-04
PRD01140,Artículo Especial B- Lite,Artículo Especial B- Lite — Natación. Producto de alta calidad para juguetes.,2376.16,115,oficina|libros|moda|jardín|electrónica,true,2022-01-01
PRD01141,Pack Básico E- Azul,Pack Básico E- Azul — Natación. Producto de alta calidad para arte.,1849.66,89,juguetes|tecnología|cocina|fitness|viajes,false,2021-01-20
PRD01142,Kit Profesional D- Pro,Kit Profesional D- Pro — Natación. Producto de alta calidad para gaming.,619.45,141,viajes|gaming|automóviles|hogar|oficina,true,2024-05-25
PRD01143,Kit Profesional D Mini,Kit Profesional D Mini — Natación. Producto de alta calidad para música.,1060.64,78,moda|música|gaming,true,2020-02-20
PRD01144,Versión Pro H- Rojo,Versión Pro H- Rojo — Natación. Producto de alta calidad para electrónica.,1349.14,80,natación|juguetes,true,2021-02-20
PRD01145,Kit Profesional D- Azul,Kit Profesional D- Azul — Natación. Producto de alta calidad para libros.,125.25,167,moda|fitness|deportes|cine,true,2021-10-15
PRD01146,Versión Pro H- Negro,Versión Pro H- Negro — Ciclismo. Producto de alta calidad para moda.,140.08,139,arte|fitness|belleza|mascotas,true,2021-12-28
PRD01147,Set Completo C Mini,Set Completo C Mini — Ciclismo. Producto de alta calidad para arte.,201.35,416,fitness|cine|fotografía|deportes,true,2020-10-02
PRD01148,Artículo Especial B- Blanco,Artículo Especial B- Blanco — Ciclismo. Producto de alta calidad para juguetes.,1927.88,46,gaming|automóviles|moda|mascotas,true,2019-11-05
PRD01149,Edición Limitada F,Edición Limitada F — Ciclismo. Producto de alta calidad para hogar.,1543.09,170,gaming|fotografía|cocina|deportes,false,2024-04-10
PRD01150,Edición Limitada F- Pro,Edición Limitada F- Pro — Ciclismo. Producto de alta calidad para cocina.,2397.19,209,hogar|cine|jardín|gaming|música,true,2020-06-22
PRD01151,Producto Premium A- Lite,Producto Premium A- Lite — Ciclismo. Producto de alta calidad para belleza.,2114.21,336,jardín|libros,true,2019-11-01
PRD01152,Modelo Estándar G- Azul,Modelo Estándar G- Azul — Ciclismo. Producto de alta calidad para fitness.,1092.37,21,libros|tecnología|oficina|electrónica,true,2019-10-27
PRD01153,Set Completo C,Set Completo C — Ciclismo. Producto de alta calidad para oficina.,2022.65,228,oficina|belleza|cine|automóviles,false,2023-09-17
PRD01154,Artículo Especial B- Rojo,Artículo Especial B- Rojo — Ciclismo. Producto de alta calidad para moda.,2282.7,381,viajes|jardín|tecnología,true,2024-08-31
PRD01155,Artículo Especial B,Artículo Especial B — Ciclismo. Producto de alta calidad para viajes.,1833.17,307,fotografía|jardín,true,2019-07-25
PRD01156,Versión Pro H 2024,Versión Pro H 2024 — Ciclismo. Producto de alta calidad para cine.,521.77,336,belleza|oficina,true,2022-02-25
PRD01157,Modelo Estándar G- Azul,Modelo Estándar G- Azul — Ciclismo. Producto de alta calidad para deportes.,1185.46,270,jardín|automóviles,true,2022-12-14
PRD01158,Modelo Estándar G XL,Modelo Estándar G XL — Ciclismo. Producto de alta calidad para fitness.,1653.79,204,arte|moda,true,2023-04-13
PRD01159,Modelo Estándar G- Plus,Modelo Estándar G- Plus — Ciclismo. Producto de alta calidad para mascotas.,1200.52,80,automóviles|moda|tecnología,true,2020-10-01
PRD01160,Artículo Especial B Mini,Artículo Especial B Mini — Ciclismo. Producto de alta calidad para fotografía.,530.89,9,electrónica|libros|viajes|ciclismo,false,2023-09-17
PRD01161,Kit Profesional D,Kit Profesional D — Ciclismo. Producto de alta calidad para oficina.,2380.99,299,moda|cine|electrónica,true,2024-11-01
PRD01162,Artículo Especial B Mini,Artículo Especial B Mini — Ciclismo. Producto de alta calidad para cocina.,1032.08,198,arte|fotografía|belleza|viajes,false,2019-11-22
PRD01163,Pack Básico E XL,Pack Básico E XL — Ciclismo. Producto de alta calidad para electrónica.,1319.5,190,jardín|cine,true,2023-09-08
PRD01164,Edición Limitada F- Plus,Edición Limitada F- Plus — Ciclismo. Producto de alta calidad para moda.,764.28,179,deportes|jardín,true,2023-11-01
PRD01165,Modelo Estándar G- Azul,Modelo Estándar G- Azul — Ciclismo. Producto de alta calidad para viajes.,2290.68,301,gaming|deportes|automóviles|moda,true,2023-12-03
PRD01166,Producto Premium A,Producto Premium A — Ciclismo. Producto de alta calidad para gaming.,1074.16,394,arte|automóviles|ciclismo,false,2021-05-26
PRD01167,Versión Pro H- Plus,Versión Pro H- Plus — Ciclismo. Producto de alta calidad para hogar.,949.43,303,tecnología|viajes|hogar,true,2024-05-24
PRD01168,Modelo Estándar G- Negro,Modelo Estándar G- Negro — Ciclismo. Producto de alta calidad para libros.,36.48,134,fotografía|belleza|mascotas|libros,true,2020-02-28
PRD01169,Set Completo C- Pro,Set Completo C- Pro — Ciclismo. Producto de alta calidad para juguetes.,2491.99,16,fitness|ciclismo|tecnología|moda,true,2022-04-26
PRD01170,Kit Profesional D XL,Kit Profesional D XL — Ciclismo. Producto de alta calidad para cine.,1198.38,49,cine|electrónica|gaming|automóviles|belleza,false,2022-06-23
PRD01171,Producto Premium A- Azul,Producto Premium A- Azul — Tenis. Producto de alta calidad para fotografía.,73.61,114,gaming|automóviles|tenis|moda,true,2019-11-22
PRD01172,Set Completo C XL,Set Completo C XL — Tenis. Producto de alta calidad para hogar.,1730.65,224,oficina|gaming|tecnología|mascotas,false,2022-02-12
PRD01173,Edición Limitada F- Rojo,Edición Limitada F- Rojo — Tenis. Producto de alta calidad para oficina.,901.27,408,cine|libros|automóviles|mascotas|viajes,false,2024-11-07
PRD01174,Set Completo C- Blanco,Set Completo C- Blanco — Tenis. Producto de alta calidad para libros.,143.94,127,libros|electrónica|fitness|cine,true,2020-11-10
PRD01175,Set Completo C- Azul,Set Completo C- Azul — Tenis. Producto de alta calidad para música.,1131.76,184,moda|arte|cine|electrónica,true,2020-02-23
PRD01176,Edición Limitada F 2024,Edición Limitada F 2024 — Tenis. Producto de alta calidad para automóviles.,2307.95,451,cocina|hogar,true,2020-11-10
PRD01177,Edición Limitada F- Negro,Edición Limitada F- Negro — Tenis. Producto de alta calidad para juguetes.,2125.25,65,cine|jardín|moda|belleza|hogar,false,2021-06-09
PRD01178,Pack Básico E- Rojo,Pack Básico E- Rojo — Tenis. Producto de alta calidad para deportes.,2000.15,167,tenis|oficina|moda|belleza|cine,true,2023-09-02
PRD01179,Versión Pro H- Lite,Versión Pro H- Lite — Tenis. Producto de alta calidad para música.,392.46,409,belleza|fotografía|oficina|juguetes,true,2020-08-15
PRD01180,Set Completo C- Rojo,Set Completo C- Rojo — Tenis. Producto de alta calidad para arte.,1157.75,21,viajes|deportes|gaming|electrónica|juguetes,true,2022-05-14
PRD01181,Artículo Especial B- Negro,Artículo Especial B- Negro — Tenis. Producto de alta calidad para cocina.,1699.2,403,libros|cine,true,2020-05-13
PRD01182,Kit Profesional D Mini,Kit Profesional D Mini — Tenis. Producto de alta calidad para automóviles.,1138.23,290,tecnología|cine|deportes|tenis|cocina,true,2020-01-14
PRD01183,Artículo Especial B XL,Artículo Especial B XL — Tenis. Producto de alta calidad para jardín.,2221.54,286,fitness|cine|libros,true,2024-06-14
PRD01184,Pack Básico E- Negro,Pack Básico E- Negro — Tenis. Producto de alta calidad para viajes.,200.84,386,gaming|cocina,true,2020-01-17
PRD01185,Artículo Especial B- Negro,Artículo Especial B- Negro — Tenis. Producto de alta calidad para deportes.,2372.2,357,fotografía|tecnología,true,2022-11-01
PRD01186,Set Completo C- Pro,Set Completo C- Pro — Tenis. Producto de alta calidad para fotografía.,1672.95,230,electrónica|juguetes,true,2022-06-22
PRD01187,Edición Limitada F- Lite,Edición Limitada F- Lite — Tenis. Producto de alta calidad para electrónica.,1982.0,51,juguetes|cocina,true,2023-05-02
PRD01188,Versión Pro H 2024,Versión Pro H 2024 — Tenis. Producto de alta calidad para cine.,265.89,139,deportes|tecnología|viajes,true,2022-12-19
PRD01189,Versión Pro H- Blanco,Versión Pro H- Blanco — Tenis. Producto de alta calidad para electrónica.,1501.11,371,electrónica|fitness|mascotas,true,2019-08-12
PRD01190,Producto Premium A- Azul,Producto Premium A- Azul — Tenis. Producto de alta calidad para electrónica.,1547.5,1,electrónica|cocina|oficina,true,2024-11-21
PRD01191,Kit Profesional D XL,Kit Profesional D XL — Tenis. Producto de alta calidad para deportes.,1870.75,95,gaming|cine,false,2022-03-29
PRD01192,Pack Básico E- Negro,Pack Básico E- Negro — Tenis. Producto de alta calidad para electrónica.,564.25,179,cine|tecnología,true,2023-10-14
PRD01193,Artículo Especial B Mini,Artículo Especial B Mini — Tenis. Producto de alta calidad para gaming.,2314.02,44,arte|mascotas,true,2023-06-13
PRD01194,Artículo Especial B,Artículo Especial B — Tenis. Producto de alta calidad para cine.,418.53,19,tenis|fitness|fotografía|jardín|hogar,false,2021-07-14
PRD01195,Pack Básico E,Pack Básico E — Tenis. Producto de alta calidad para cine.,730.03,237,cocina|electrónica,true,2024-11-04
PRD01196,Modelo Estándar G Mini,Modelo Estándar G Mini — Tenis. Producto de alta calidad para cine.,1170.91,413,automóviles|cocina|tenis|deportes,true,2021-10-06
PRD01197,Producto Premium A,Producto Premium A — Tenis. Producto de alta calidad para mascotas.,2374.46,160,electrónica|tecnología|deportes|tenis|mascotas,true,2021-06-27
PRD01198,Kit Profesional D- Azul,Kit Profesional D- Azul — Tenis. Producto de alta calidad para electrónica.,262.64,54,electrónica|automóviles,false,2019-10-30
PRD01199,Producto Premium A- Rojo,Producto Premium A- Rojo — Montañismo. Producto de alta calidad para deportes.,673.78,483,música|deportes,true,2022-04-18
PRD01200,Edición Limitada F XL,Edición Limitada F XL — Montañismo. Producto de alta calidad para fotografía.,1665.63,339,electrónica|cocina|gaming|juguetes|belleza,false,2024-10-26
PRD01201,Edición Limitada F- Pro,Edición Limitada F- Pro — Montañismo. Producto de alta calidad para viajes.,1202.71,372,gaming|juguetes|hogar,true,2019-04-19
PRD01202,Edición Limitada F- Azul,Edición Limitada F- Azul — Montañismo. Producto de alta calidad para cine.,1544.89,320,moda|fotografía,false,2021-01-07
PRD01203,Edición Limitada F- Azul,Edición Limitada F- Azul — Montañismo. Producto de alta calidad para viajes.,263.9,492,hogar|oficina|mascotas|electrónica|gaming,true,2024-02-05
PRD01204,Modelo Estándar G- Blanco,Modelo Estándar G- Blanco — Montañismo. Producto de alta calidad para automóviles.,1982.99,192,automóviles|mascotas|libros|viajes,true,2022-11-30
PRD01205,Kit Profesional D XL,Kit Profesional D XL — Montañismo. Producto de alta calidad para cocina.,1135.82,359,mascotas|cine|belleza,true,2020-01-14
PRD01206,Kit Profesional D- Rojo,Kit Profesional D- Rojo — Montañismo. Producto de alta calidad para jardín.,1103.59,3,hogar|mascotas|cine,true,2019-05-17
PRD01207,Edición Limitada F 2024,Edición Limitada F 2024 — Montañismo. Producto de alta calidad para oficina.,2062.77,64,mascotas|gaming,true,2024-03-09
PRD01208,Artículo Especial B- Lite,Artículo Especial B- Lite — Montañismo. Producto de alta calidad para arte.,1745.23,384,fitness|tecnología|cine,true,2021-02-08
PRD01209,Modelo Estándar G- Rojo,Modelo Estándar G- Rojo — Montañismo. Producto de alta calidad para fitness.,258.55,184,viajes|juguetes|belleza|electrónica|tecnología,false,2022-04-27
PRD01210,Producto Premium A- Azul,Producto Premium A- Azul — Montañismo. Producto de alta calidad para belleza.,1740.55,202,cocina|libros|mascotas,false,2020-02-10
PRD01211,Set Completo C- Pro,Set Completo C- Pro — Montañismo. Producto de alta calidad para cine.,64.51,27,libros|oficina|moda|fitness,true,2020-12-12
PRD01212,Producto Premium A Mini,Producto Premium A Mini — Montañismo. Producto de alta calidad para jardín.,212.49,37,hogar|moda,false,2022-08-31
PRD01213,Artículo Especial B XL,Artículo Especial B XL — Montañismo. Producto de alta calidad para gaming.,209.34,0,viajes|belleza|cocina|juguetes|automóviles,true,2019-12-26
PRD01214,Set Completo C Mini,Set Completo C Mini — Montañismo. Producto de alta calidad para belleza.,2081.36,436,automóviles|fotografía|cine,false,2019-07-29
PRD01215,Versión Pro H- Blanco,Versión Pro H- Blanco — Montañismo. Producto de alta calidad para automóviles.,662.92,63,viajes|deportes|moda,false,2021-12-10
PRD01216,Versión Pro H Mini,Versión Pro H Mini — Montañismo. Producto de alta calidad para deportes.,2423.72,310,montañismo|jardín|arte,true,2023-09-13
PRD01217,Set Completo C- Negro,Set Completo C- Negro — Montañismo. Producto de alta calidad para automóviles.,537.24,372,libros|tecnología|jardín,false,2019-12-01
PRD01218,Pack Básico E- Negro,Pack Básico E- Negro — Montañismo. Producto de alta calidad para hogar.,478.01,353,cine|deportes|gaming|tecnología|libros,false,2021-12-08
PRD01219,Kit Profesional D- Lite,Kit Profesional D- Lite — Montañismo. Producto de alta calidad para jardín.,169.96,140,fitness|oficina|juguetes,true,2024-03-09
PRD01220,Kit Profesional D- Blanco,Kit Profesional D- Blanco — Montañismo. Producto de alta calidad para fitness.,1836.76,71,juguetes|deportes|montañismo,true,2021-01-05
PRD01221,Modelo Estándar G- Plus,Modelo Estándar G- Plus — Montañismo. Producto de alta calidad para electrónica.,2220.72,298,música|cine,true,2021-09-11
PRD01222,Edición Limitada F- Blanco,Edición Limitada F- Blanco — Montañismo. Producto de alta calidad para fotografía.,1905.22,350,fitness|música|jardín,true,2021-11-23
PRD01223,Kit Profesional D Mini,Kit Profesional D Mini — Montañismo. Producto de alta calidad para gaming.,190.59,23,belleza|jardín|automóviles|hogar|montañismo,false,2021-06-30
PRD01224,Producto Premium A XL,Producto Premium A XL — Yoga. Producto de alta calidad para fitness.,1251.71,162,fitness|belleza,true,2019-12-15
PRD01225,Producto Premium A Mini,Producto Premium A Mini — Yoga. Producto de alta calidad para juguetes.,433.47,50,música|mascotas|automóviles|oficina|moda,true,2022-12-30
PRD01226,Producto Premium A- Rojo,Producto Premium A- Rojo — Yoga. Producto de alta calidad para cine.,450.55,371,gaming|electrónica|música|hogar|jardín,true,2023-06-14
PRD01227,Kit Profesional D- Blanco,Kit Profesional D- Blanco — Yoga. Producto de alta calidad para música.,185.79,318,fitness|automóviles|fotografía,true,2019-01-28
PRD01228,Edición Limitada F Mini,Edición Limitada F Mini — Yoga. Producto de alta calidad para arte.,2441.98,34,electrónica|gaming|yoga|viajes|arte,true,2022-07-17
PRD01229,Pack Básico E- Plus,Pack Básico E- Plus — Yoga. Producto de alta calidad para electrónica.,1690.15,6,deportes|yoga|oficina|mascotas,true,2023-05-23
PRD01230,Modelo Estándar G- Blanco,Modelo Estándar G- Blanco — Yoga. Producto de alta calidad para belleza.,263.01,149,cine|electrónica|jardín|hogar,true,2023-02-03
PRD01231,Kit Profesional D- Azul,Kit Profesional D- Azul — Yoga. Producto de alta calidad para gaming.,112.19,16,tecnología|belleza,true,2023-06-18
PRD01232,Set Completo C Mini,Set Completo C Mini — Yoga. Producto de alta calidad para hogar.,1168.51,20,yoga|belleza|libros|automóviles,false,2020-12-02
PRD01233,Kit Profesional D- Negro,Kit Profesional D- Negro — Yoga. Producto de alta calidad para fotografía.,1792.09,278,yoga|electrónica|gaming,true,2022-12-17
PRD01234,Set Completo C- Blanco,Set Completo C- Blanco — Yoga. Producto de alta calidad para tecnología.,21.43,281,mascotas|libros,true,2024-01-14
PRD01235,Set Completo C 2024,Set Completo C 2024 — Yoga. Producto de alta calidad para viajes.,1534.61,322,cocina|deportes|jardín|música|mascotas,false,2023-10-27
PRD01236,Edición Limitada F- Negro,Edición Limitada F- Negro — Yoga. Producto de alta calidad para tecnología.,833.38,489,oficina|fitness|arte,true,2019-03-21
PRD01237,Artículo Especial B,Artículo Especial B — Yoga. Producto de alta calidad para libros.,1723.15,65,oficina|fotografía,false,2021-11-14
PRD01238,Set Completo C- Azul,Set Completo C- Azul — Yoga. Producto de alta calidad para libros.,1048.76,66,tecnología|viajes,true,2024-01-25
PRD01239,Edición Limitada F,Edición Limitada F — Yoga. Producto de alta calidad para cocina.,12.04,349,yoga|automóviles|gaming,true,2021-02-18
PRD01240,Pack Básico E- Azul,Pack Básico E- Azul — Yoga. Producto de alta calidad para belleza.,1919.96,15,fitness|viajes|juguetes|hogar|jardín,true,2020-08-02
PRD01241,Modelo Estándar G- Lite,Modelo Estándar G- Lite — Yoga. Producto de alta calidad para fotografía.,1532.48,4,hogar|jardín|oficina,true,2024-04-14
PRD01242,Kit Profesional D,Kit Profesional D — Yoga. Producto de alta calidad para hogar.,2357.45,223,arte|cocina|oficina|deportes,false,2023-05-15
PRD01243,Pack Básico E XL,Pack Básico E XL — Yoga. Producto de alta calidad para belleza.,1973.0,14,tecnología|yoga|belleza|fotografía|juguetes,true,2022-09-18
PRD01244,Edición Limitada F Mini,Edición Limitada F Mini — Yoga. Producto de alta calidad para música.,751.81,264,mascotas|jardín,true,2023-08-19
PRD01245,Set Completo C- Rojo,Set Completo C- Rojo — Yoga. Producto de alta calidad para oficina.,20.15,493,hogar|arte,false,2019-03-16
PRD01246,Modelo Estándar G- Negro,Modelo Estándar G- Negro — Yoga. Producto de alta calidad para música.,1772.33,357,hogar|fitness|música,true,2023-03-06
PRD01247,Set Completo C- Blanco,Set Completo C- Blanco — Yoga. Producto de alta calidad para electrónica.,2094.45,331,fitness|automóviles,false,2021-03-01
PRD01248,Pack Básico E- Azul,Pack Básico E- Azul — Yoga. Producto de alta calidad para fitness.,2487.67,382,cocina|moda|fotografía|mascotas,true,2020-12-15
PRD01249,Edición Limitada F,Edición Limitada F — Yoga. Producto de alta calidad para fitness.,2287.02,163,deportes|hogar,false,2020-10-13
PRD01250,Set Completo C- Plus,Set Completo C- Plus — Yoga. Producto de alta calidad para electrónica.,105.74,141,belleza|yoga|oficina|música|cine,true,2019-12-04
PRD01251,Kit Profesional D,Kit Profesional D — Yoga. Producto de alta calidad para hogar.,1768.21,428,arte|belleza|automóviles|tecnología,false,2024-04-12
PRD01252,Artículo Especial B- Rojo,Artículo Especial B- Rojo — Yoga. Producto de alta calidad para fotografía.,923.1,338,música|oficina|gaming,true,2022-09-07
PRD01253,Producto Premium A- Pro,Producto Premium A- Pro — Running. Producto de alta calidad para hogar.,1115.07,348,juguetes|jardín|electrónica|fitness,true,2019-12-28
PRD01254,Versión Pro H XL,Versión Pro H XL — Running. Producto de alta calidad para electrónica.,1172.0,447,tecnología|fotografía|fitness,true,2020-08-07
PRD01255,Edición Limitada F Mini,Edición Limitada F Mini — Running. Producto de alta calidad para automóviles.,6.4,292,deportes|cine,false,2022-12-31
PRD01256,Producto Premium A- Negro,Producto Premium A- Negro — Running. Producto de alta calidad para oficina.,507.54,397,música|running|hogar|viajes,false,2024-11-06
PRD01257,Producto Premium A,Producto Premium A — Running. Producto de alta calidad para libros.,1703.49,343,cocina|electrónica|jardín,true,2019-10-16
PRD01258,Producto Premium A Mini,Producto Premium A Mini — Running. Producto de alta calidad para juguetes.,1827.65,452,cocina|cine|hogar|juguetes|gaming,true,2024-05-16
PRD01259,Versión Pro H- Negro,Versión Pro H- Negro — Running. Producto de alta calidad para belleza.,1304.57,451,cine|moda|gaming|viajes,true,2024-06-12
PRD01260,Set Completo C 2024,Set Completo C 2024 — Running. Producto de alta calidad para belleza.,1283.76,395,running|belleza|automóviles|cine,true,2020-03-05
PRD01261,Kit Profesional D XL,Kit Profesional D XL — Running. Producto de alta calidad para juguetes.,1178.31,145,cine|gaming|moda|tecnología|belleza,true,2024-07-26
PRD01262,Pack Básico E- Pro,Pack Básico E- Pro — Running. Producto de alta calidad para electrónica.,2125.75,206,running|cocina|fotografía|oficina|hogar,true,2019-06-27
PRD01263,Modelo Estándar G- Blanco,Modelo Estándar G- Blanco — Running. Producto de alta calidad para juguetes.,1922.64,55,running|fitness|fotografía|gaming|juguetes,false,2022-12-23
PRD01264,Producto Premium A- Rojo,Producto Premium A- Rojo — Running. Producto de alta calidad para fitness.,527.2,488,fitness|juguetes|automóviles,true,2024-10-13
PRD01265,Versión Pro H XL,Versión Pro H XL — Running. Producto de alta calidad para fitness.,1892.04,213,arte|automóviles|fitness|electrónica|oficina,true,2024-07-28
PRD01266,Modelo Estándar G- Plus,Modelo Estándar G- Plus — Running. Producto de alta calidad para moda.,2103.32,226,viajes|fotografía|moda|mascotas,true,2021-05-12
PRD01267,Versión Pro H- Plus,Versión Pro H- Plus — Running. Producto de alta calidad para viajes.,1232.36,198,hogar|viajes|fitness|tecnología|belleza,true,2024-12-29
PRD01268,Set Completo C- Azul,Set Completo C- Azul — Running. Producto de alta calidad para jardín.,39.07,297,automóviles|fitness|fotografía,true,2021-02-13
PRD01269,Set Completo C 2024,Set Completo C 2024 — Running. Producto de alta calidad para cine.,1913.62,161,moda|música|gaming|deportes,true,2020-07-20
PRD01270,Set Completo C- Plus,Set Completo C- Plus — Running. Producto de alta calidad para libros.,715.43,134,fitness|running|hogar,true,2024-01-20
PRD01271,Kit Profesional D- Blanco,Kit Profesional D- Blanco — Running. Producto de alta calidad para jardín.,1220.81,405,gaming|cocina|mascotas,true,2022-04-11
PRD01272,Producto Premium A XL,Producto Premium A XL — Running. Producto de alta calidad para moda.,864.97,467,arte|fitness|running,true,2024-01-24
PRD01273,Producto Premium A,Producto Premium A — Running. Producto de alta calidad para cocina.,1048.15,479,hogar|mascotas|cocina|deportes|viajes,true,2022-06-20
PRD01274,Pack Básico E- Plus,Pack Básico E- Plus — Running. Producto de alta calidad para libros.,2318.29,244,hogar|música|running|belleza|gaming,true,2020-01-17
PRD01275,Modelo Estándar G- Pro,Modelo Estándar G- Pro — Running. Producto de alta calidad para música.,262.9,445,electrónica|cine,true,2020-09-22
PRD01276,Kit Profesional D Mini,Kit Profesional D Mini — Running. Producto de alta calidad para belleza.,743.62,355,arte|cine,true,2023-09-14
PRD01277,Kit Profesional D Mini,Kit Profesional D Mini — Running. Producto de alta calidad para juguetes.,927.44,170,cocina|arte,true,2022-10-25
PRD01278,Set Completo C- Lite,Set Completo C- Lite — Running. Producto de alta calidad para belleza.,1251.81,310,fitness|jardín|tecnología,true,2024-06-18
PRD01279,Kit Profesional D- Azul,Kit Profesional D- Azul — Running. Producto de alta calidad para cocina.,1443.51,347,mascotas|jardín|viajes,false,2019-09-10
PRD01280,Producto Premium A 2024,Producto Premium A 2024 — Artes Marciales. Producto de alta calidad para jardín.,945.69,455,gaming|cine|juguetes,true,2020-08-05
PRD01281,Set Completo C Mini,Set Completo C Mini — Artes Marciales. Producto de alta calidad para tecnología.,1113.09,205,libros|moda|juguetes,true,2022-10-13
PRD01282,Versión Pro H XL,Versión Pro H XL — Artes Marciales. Producto de alta calidad para fitness.,64.27,347,jardín|electrónica,true,2019-10-02
PRD01283,Set Completo C,Set Completo C — Artes Marciales. Producto de alta calidad para fotografía.,2121.62,313,viajes|juguetes,true,2021-11-01
PRD01284,Versión Pro H- Lite,Versión Pro H- Lite — Artes Marciales. Producto de alta calidad para gaming.,1380.33,386,música|hogar|cine|artes marciales|deportes,true,2021-03-04
PRD01285,Artículo Especial B XL,Artículo Especial B XL — Artes Marciales. Producto de alta calidad para gaming.,285.62,12,juguetes|cine|libros,false,2022-10-13
PRD01286,Artículo Especial B- Blanco,Artículo Especial B- Blanco — Artes Marciales. Producto de alta calidad para libros.,2244.8,261,jardín|moda|oficina,true,2020-05-30
PRD01287,Versión Pro H- Plus,Versión Pro H- Plus — Artes Marciales. Producto de alta calidad para mascotas.,718.75,376,música|electrónica|moda|fitness,false,2022-08-20
PRD01288,Set Completo C 2024,Set Completo C 2024 — Artes Marciales. Producto de alta calidad para tecnología.,381.06,491,moda|cine|viajes,true,2024-10-24
PRD01289,Set Completo C- Lite,Set Completo C- Lite — Artes Marciales. Producto de alta calidad para arte.,1042.81,257,fotografía|cocina,true,2023-09-13
PRD01290,Set Completo C- Rojo,Set Completo C- Rojo — Artes Marciales. Producto de alta calidad para electrónica.,1618.6,79,jardín|tecnología|juguetes|artes marciales|oficina,true,2021-12-22
PRD01291,Edición Limitada F- Blanco,Edición Limitada F- Blanco — Artes Marciales. Producto de alta calidad para mascotas.,1167.11,253,electrónica|viajes|artes marciales|belleza,true,2021-10-23
PRD01292,Producto Premium A- Plus,Producto Premium A- Plus — Artes Marciales. Producto de alta calidad para electrónica.,1044.35,234,oficina|cocina,true,2024-05-14
PRD01293,Modelo Estándar G- Negro,Modelo Estándar G- Negro — Artes Marciales. Producto de alta calidad para belleza.,1518.63,156,oficina|automóviles|artes marciales,true,2020-09-19
PRD01294,Modelo Estándar G 2024,Modelo Estándar G 2024 — Artes Marciales. Producto de alta calidad para cine.,1284.06,351,oficina|libros,true,2020-08-23
PRD01295,Modelo Estándar G- Rojo,Modelo Estándar G- Rojo — Artes Marciales. Producto de alta calidad para mascotas.,8.27,38,electrónica|tecnología,false,2021-03-13
PRD01296,Producto Premium A- Pro,Producto Premium A- Pro — Artes Marciales. Producto de alta calidad para cine.,190.31,156,cine|belleza|automóviles|tecnología|viajes,false,2023-07-03
PRD01297,Edición Limitada F Mini,Edición Limitada F Mini — Artes Marciales. Producto de alta calidad para hogar.,1458.67,450,libros|electrónica,true,2021-02-20
PRD01298,Pack Básico E- Blanco,Pack Básico E- Blanco — Artes Marciales. Producto de alta calidad para deportes.,2096.95,295,gaming|arte|cocina|deportes,true,2019-03-15
PRD01299,Pack Básico E 2024,Pack Básico E 2024 — Artes Marciales. Producto de alta calidad para mascotas.,11.89,0,automóviles|electrónica,false,2020-04-30
PRD01300,Versión Pro H- Negro,Versión Pro H- Negro — Artes Marciales. Producto de alta calidad para mascotas.,1623.92,423,música|moda|mascotas|electrónica,true,2019-08-13
PRD01301,Producto Premium A- Rojo,Producto Premium A- Rojo — Artes Marciales. Producto de alta calidad para oficina.,1449.56,194,gaming|jardín|belleza,false,2023-12-19
PRD01302,Set Completo C Mini,Set Completo C Mini — Artes Marciales. Producto de alta calidad para moda.,2436.24,474,jardín|deportes|moda|fitness,true,2020-01-11
PRD01303,Producto Premium A Mini,Producto Premium A Mini — Artes Marciales. Producto de alta calidad para tecnología.,75.05,190,moda|hogar|mascotas|belleza|arte,true,2020-12-24
PRD01304,Set Completo C- Pro,Set Completo C- Pro — Artes Marciales. Producto de alta calidad para moda.,1759.81,41,juguetes|mascotas|música|gaming,true,2020-12-20
PRD01305,Versión Pro H- Pro,Versión Pro H- Pro — Natación Accesorios. Producto de alta calidad para fotografía.,806.62,130,cocina|electrónica|fitness|gaming|jardín,true,2024-01-23
PRD01306,Edición Limitada F- Blanco,Edición Limitada F- Blanco — Natación Accesorios. Producto de alta calidad para hogar.,213.03,178,oficina|cocina|música|moda|fotografía,true,2022-03-10
PRD01307,Versión Pro H- Rojo,Versión Pro H- Rojo — Natación Accesorios. Producto de alta calidad para gaming.,2251.64,234,arte|deportes,true,2021-02-07
PRD01308,Versión Pro H- Lite,Versión Pro H- Lite — Natación Accesorios. Producto de alta calidad para tecnología.,1860.14,428,juguetes|oficina|electrónica|cine|hogar,true,2023-03-24
PRD01309,Edición Limitada F- Plus,Edición Limitada F- Plus — Natación Accesorios. Producto de alta calidad para arte.,1498.79,266,electrónica|fotografía,true,2019-07-10
PRD01310,Modelo Estándar G 2024,Modelo Estándar G 2024 — Natación Accesorios. Producto de alta calidad para automóviles.,1472.64,29,cocina|natación accesorios,true,2019-05-23
PRD01311,Edición Limitada F 2024,Edición Limitada F 2024 — Natación Accesorios. Producto de alta calidad para tecnología.,642.45,289,música|fotografía|moda|arte|electrónica,false,2022-09-16
PRD01312,Kit Profesional D- Blanco,Kit Profesional D- Blanco — Natación Accesorios. Producto de alta calidad para hogar.,2435.17,461,arte|gaming|fitness|libros,true,2020-03-23
PRD01313,Artículo Especial B,Artículo Especial B — Natación Accesorios. Producto de alta calidad para oficina.,1695.18,283,deportes|belleza|cocina|jardín,true,2024-09-26
PRD01314,Kit Profesional D- Blanco,Kit Profesional D- Blanco — Natación Accesorios. Producto de alta calidad para hogar.,2067.75,256,gaming|arte,true,2023-08-15
PRD01315,Producto Premium A Mini,Producto Premium A Mini — Natación Accesorios. Producto de alta calidad para jardín.,2212.45,135,viajes|cocina|belleza|tecnología|moda,true,2020-08-28
PRD01316,Edición Limitada F XL,Edición Limitada F XL — Natación Accesorios. Producto de alta calidad para juguetes.,1368.89,264,libros|tecnología|fitness|juguetes|fotografía,false,2020-11-02
PRD01317,Artículo Especial B XL,Artículo Especial B XL — Natación Accesorios. Producto de alta calidad para oficina.,2429.5,373,deportes|fotografía|mascotas,true,2021-11-12
PRD01318,Versión Pro H- Rojo,Versión Pro H- Rojo — Natación Accesorios. Producto de alta calidad para belleza.,2396.23,470,tecnología|fotografía|música|gaming|electrónica,true,2024-05-27
PRD01319,Versión Pro H- Blanco,Versión Pro H- Blanco — Natación Accesorios. Producto de alta calidad para mascotas.,200.91,172,cocina|jardín,true,2021-01-20
PRD01320,Pack Básico E- Pro,Pack Básico E- Pro — Natación Accesorios. Producto de alta calidad para oficina.,1117.81,470,oficina|música|jardín,false,2023-10-19
PRD01321,Versión Pro H- Plus,Versión Pro H- Plus — Natación Accesorios. Producto de alta calidad para fotografía.,648.67,494,fotografía|cocina|fitness|automóviles,true,2024-01-26
PRD01322,Kit Profesional D- Rojo,Kit Profesional D- Rojo — Natación Accesorios. Producto de alta calidad para juguetes.,2315.88,354,hogar|oficina,true,2020-07-11
PRD01323,Modelo Estándar G,Modelo Estándar G — Natación Accesorios. Producto de alta calidad para juguetes.,835.51,106,oficina|jardín|música|electrónica,true,2019-09-20
PRD01324,Modelo Estándar G- Azul,Modelo Estándar G- Azul — Natación Accesorios. Producto de alta calidad para fotografía.,2101.54,403,hogar|libros,true,2024-12-02
PRD01325,Versión Pro H XL,Versión Pro H XL — Natación Accesorios. Producto de alta calidad para arte.,301.48,209,jardín|arte|natación accesorios,false,2019-10-14
PRD01326,Set Completo C- Blanco,Set Completo C- Blanco — Natación Accesorios. Producto de alta calidad para oficina.,1644.79,129,moda|electrónica|tecnología,true,2022-10-05
PRD01327,Edición Limitada F- Azul,Edición Limitada F- Azul — Natación Accesorios. Producto de alta calidad para electrónica.,332.64,325,cine|moda,true,2020-06-18
PRD01328,Kit Profesional D- Azul,Kit Profesional D- Azul — Natación Accesorios. Producto de alta calidad para mascotas.,2400.75,34,viajes|electrónica,false,2020-12-22
PRD01329,Set Completo C- Rojo,Set Completo C- Rojo — Natación Accesorios. Producto de alta calidad para libros.,2154.64,320,electrónica|arte|jardín|viajes,true,2020-03-06
PRD01330,Kit Profesional D 2024,Kit Profesional D 2024 — Natación Accesorios. Producto de alta calidad para belleza.,2119.35,388,mascotas|belleza,true,2024-06-22
PRD01331,Modelo Estándar G- Lite,Modelo Estándar G- Lite — Natación Accesorios. Producto de alta calidad para fitness.,870.06,262,fitness|fotografía,false,2024-09-22
PRD01332,Kit Profesional D- Pro,Kit Profesional D- Pro — Camping. Producto de alta calidad para música.,417.29,173,fitness|fotografía|deportes|automóviles|tecnología,true,2024-11-09
PRD01333,Artículo Especial B- Blanco,Artículo Especial B- Blanco — Camping. Producto de alta calidad para fotografía.,978.33,89,jardín|juguetes|moda|fitness|cocina,true,2024-11-24
PRD01334,Pack Básico E- Plus,Pack Básico E- Plus — Camping. Producto de alta calidad para gaming.,115.92,429,fitness|libros,true,2019-11-21
PRD01335,Versión Pro H- Negro,Versión Pro H- Negro — Camping. Producto de alta calidad para cine.,523.92,267,viajes|música|tecnología,false,2023-11-07
PRD01336,Pack Básico E- Blanco,Pack Básico E- Blanco — Camping. Producto de alta calidad para música.,2362.13,241,mascotas|belleza|cine|libros|jardín,true,2022-10-16
PRD01337,Versión Pro H- Lite,Versión Pro H- Lite — Camping. Producto de alta calidad para electrónica.,20.7,287,gaming|libros,true,2024-06-01
PRD01338,Pack Básico E- Plus,Pack Básico E- Plus — Camping. Producto de alta calidad para gaming.,459.08,136,tecnología|jardín,true,2021-07-21
PRD01339,Edición Limitada F- Plus,Edición Limitada F- Plus — Camping. Producto de alta calidad para electrónica.,486.23,255,fitness|jardín|música,true,2020-06-12
PRD01340,Producto Premium A- Rojo,Producto Premium A- Rojo — Camping. Producto de alta calidad para viajes.,1765.77,31,viajes|fitness|automóviles|arte,true,2024-04-08
PRD01341,Versión Pro H- Azul,Versión Pro H- Azul — Camping. Producto de alta calidad para tecnología.,2040.46,159,música|belleza|arte,true,2024-01-10
PRD01342,Pack Básico E,Pack Básico E — Camping. Producto de alta calidad para automóviles.,729.43,309,fitness|camping|oficina,true,2023-08-09
PRD01343,Versión Pro H- Plus,Versión Pro H- Plus — Camping. Producto de alta calidad para belleza.,264.48,275,fotografía|hogar,true,2024-05-06
PRD01344,Edición Limitada F XL,Edición Limitada F XL — Camping. Producto de alta calidad para cine.,1321.47,311,camping|fotografía|cine|electrónica|gaming,true,2022-11-07
PRD01345,Pack Básico E- Rojo,Pack Básico E- Rojo — Camping. Producto de alta calidad para oficina.,472.59,434,jardín|mascotas|gaming|viajes,true,2020-12-31
PRD01346,Set Completo C- Rojo,Set Completo C- Rojo — Camping. Producto de alta calidad para música.,77.37,122,arte|belleza|electrónica|juguetes,true,2023-09-30
PRD01347,Edición Limitada F XL,Edición Limitada F XL — Camping. Producto de alta calidad para belleza.,1223.03,304,música|jardín|cocina|moda,true,2019-04-09
PRD01348,Kit Profesional D,Kit Profesional D — Camping. Producto de alta calidad para juguetes.,567.35,261,libros|moda,true,2021-09-30
PRD01349,Artículo Especial B- Azul,Artículo Especial B- Azul — Camping. Producto de alta calidad para belleza.,623.14,319,deportes|cine|libros|belleza|gaming,true,2023-10-04
PRD01350,Edición Limitada F 2024,Edición Limitada F 2024 — Camping. Producto de alta calidad para arte.,1685.78,419,moda|belleza,true,2020-04-24
PRD01351,Kit Profesional D- Plus,Kit Profesional D- Plus — Camping. Producto de alta calidad para mascotas.,57.83,84,viajes|fitness|cine|electrónica,false,2024-01-17
PRD01352,Artículo Especial B- Pro,Artículo Especial B- Pro — Camping. Producto de alta calidad para arte.,1743.61,491,arte|oficina|jardín|camping|electrónica,false,2022-04-26
PRD01353,Edición Limitada F XL,Edición Limitada F XL — Camping. Producto de alta calidad para fitness.,68.42,459,oficina|juguetes|arte|camping,true,2022-11-04
PRD01354,Modelo Estándar G- Blanco,Modelo Estándar G- Blanco — Camping. Producto de alta calidad para fotografía.,754.4,459,electrónica|hogar,true,2023-02-02
PRD01355,Kit Profesional D XL,Kit Profesional D XL — Camping. Producto de alta calidad para electrónica.,362.81,457,música|fitness|libros|arte,true,2019-09-10
PRD01356,Artículo Especial B- Lite,Artículo Especial B- Lite — Camping. Producto de alta calidad para mascotas.,751.93,151,hogar|deportes|música|oficina,true,2023-03-13
PRD01357,Edición Limitada F- Blanco,Edición Limitada F- Blanco — Camping. Producto de alta calidad para mascotas.,1974.78,322,viajes|moda,false,2020-07-09
PRD01358,Pack Básico E- Plus,Pack Básico E- Plus — Camping. Producto de alta calidad para viajes.,358.03,421,tecnología|automóviles|belleza,true,2019-08-21
PRD01359,Kit Profesional D- Blanco,Kit Profesional D- Blanco — Camping. Producto de alta calidad para tecnología.,2195.74,377,música|fotografía,true,2022-03-16
PRD01360,Kit Profesional D- Lite,Kit Profesional D- Lite — Camping. Producto de alta calidad para deportes.,630.03,421,fotografía|tecnología|juguetes,true,2020-12-22
PRD01361,Edición Limitada F Mini,Edición Limitada F Mini — Camping. Producto de alta calidad para tecnología.,795.88,144,arte|mascotas|juguetes,false,2019-09-08
PRD01362,Pack Básico E- Negro,Pack Básico E- Negro — Camping. Producto de alta calidad para tecnología.,815.67,44,camping|gaming|libros,true,2023-07-24
PRD01363,Kit Profesional D- Rojo,Kit Profesional D- Rojo — Skateboarding. Producto de alta calidad para viajes.,1185.11,307,cocina|automóviles|arte,false,2021-04-07
PRD01364,Set Completo C- Plus,Set Completo C- Plus — Skateboarding. Producto de alta calidad para hogar.,601.85,393,belleza|jardín|deportes|música|mascotas,true,2020-06-10
PRD01365,Set Completo C,Set Completo C — Skateboarding. Producto de alta calidad para moda.,1258.74,47,oficina|deportes|viajes,true,2021-07-05
PRD01366,Pack Básico E 2024,Pack Básico E 2024 — Skateboarding. Producto de alta calidad para belleza.,1316.48,279,música|oficina,true,2019-07-27
PRD01367,Modelo Estándar G Mini,Modelo Estándar G Mini — Skateboarding. Producto de alta calidad para juguetes.,2062.13,444,fotografía|arte|música|viajes|hogar,true,2020-03-17
PRD01368,Set Completo C- Negro,Set Completo C- Negro — Skateboarding. Producto de alta calidad para hogar.,2410.74,226,viajes|fitness|cine,true,2021-04-27
PRD01369,Kit Profesional D- Lite,Kit Profesional D- Lite — Skateboarding. Producto de alta calidad para belleza.,217.26,461,mascotas|moda|fotografía|deportes|skateboarding,true,2021-06-10
PRD01370,Artículo Especial B 2024,Artículo Especial B 2024 — Skateboarding. Producto de alta calidad para música.,601.75,11,fotografía|moda|fitness|tecnología|hogar,true,2021-04-23
PRD01371,Pack Básico E- Rojo,Pack Básico E- Rojo — Skateboarding. Producto de alta calidad para mascotas.,643.97,394,jardín|tecnología|mascotas|deportes,false,2024-10-27
PRD01372,Edición Limitada F,Edición Limitada F — Skateboarding. Producto de alta calidad para cine.,384.3,387,electrónica|arte|libros|oficina|skateboarding,true,2019-11-05
PRD01373,Artículo Especial B- Lite,Artículo Especial B- Lite — Skateboarding. Producto de alta calidad para deportes.,2399.4,47,viajes|mascotas,true,2024-08-25
PRD01374,Edición Limitada F- Plus,Edición Limitada F- Plus — Skateboarding. Producto de alta calidad para moda.,1532.07,217,viajes|juguetes,false,2021-04-22
PRD01375,Versión Pro H,Versión Pro H — Skateboarding. Producto de alta calidad para oficina.,1520.8,441,arte|oficina,false,2023-07-08
PRD01376,Modelo Estándar G Mini,Modelo Estándar G Mini — Skateboarding. Producto de alta calidad para tecnología.,1726.6,252,libros|gaming|viajes,true,2019-08-31
PRD01377,Edición Limitada F 2024,Edición Limitada F 2024 — Skateboarding. Producto de alta calidad para cocina.,1241.22,335,tecnología|juguetes,true,2019-09-27
PRD01378,Modelo Estándar G- Azul,Modelo Estándar G- Azul — Skateboarding. Producto de alta calidad para cine.,542.65,172,música|viajes|fotografía,false,2019-05-06
PRD01379,Pack Básico E- Rojo,Pack Básico E- Rojo — Skateboarding. Producto de alta calidad para juguetes.,1172.96,252,oficina|música|gaming,true,2019-01-22
PRD01380,Set Completo C 2024,Set Completo C 2024 — Skateboarding. Producto de alta calidad para arte.,2364.15,161,belleza|libros|arte|skateboarding,true,2022-01-28
PRD01381,Kit Profesional D XL,Kit Profesional D XL — Skateboarding. Producto de alta calidad para fotografía.,1955.4,265,juguetes|jardín,true,2021-05-29
PRD01382,Kit Profesional D- Lite,Kit Profesional D- Lite — Skateboarding. Producto de alta calidad para libros.,492.65,487,belleza|skateboarding|viajes|oficina|mascotas,true,2021-02-27
PRD01383,Producto Premium A,Producto Premium A — Skateboarding. Producto de alta calidad para jardín.,913.41,215,gaming|jardín|cocina|electrónica,true,2022-06-28
PRD01384,Modelo Estándar G- Plus,Modelo Estándar G- Plus — Skateboarding. Producto de alta calidad para moda.,1917.98,204,hogar|cine|gaming|mascotas,true,2020-06-17
PRD01385,Artículo Especial B- Plus,Artículo Especial B- Plus — Skateboarding. Producto de alta calidad para hogar.,1204.56,133,arte|música|juguetes|electrónica,true,2019-06-02
PRD01386,Pack Básico E,Pack Básico E — Skateboarding. Producto de alta calidad para arte.,636.39,224,hogar|cocina,true,2019-11-22
PRD01387,Artículo Especial B- Rojo,Artículo Especial B- Rojo — Skateboarding. Producto de alta calidad para hogar.,1038.11,52,cine|deportes|oficina,true,2023-04-11
PRD01388,Modelo Estándar G,Modelo Estándar G — Skateboarding. Producto de alta calidad para cine.,1293.41,383,cine|deportes|oficina,true,2020-11-12
PRD01389,1984- Pro,1984- Pro — Ficción. Producto de alta calidad para gaming.,1855.09,194,cine|arte|cocina|música,true,2024-08-13
PRD01390,Harry Potter- Azul,Harry Potter- Azul — Ficción. Producto de alta calidad para fitness.,728.72,143,electrónica|deportes|cocina|tecnología|viajes,true,2022-01-21
PRD01391,Harry Potter XL,Harry Potter XL — Ficción. Producto de alta calidad para deportes.,581.01,47,jardín|ficción|tecnología|juguetes,false,2019-01-29
PRD01392,El Hobbit- Blanco,El Hobbit- Blanco — Ficción. Producto de alta calidad para juguetes.,2421.84,241,mascotas|libros|gaming,true,2023-03-22
PRD01393,El Hobbit- Blanco,El Hobbit- Blanco — Ficción. Producto de alta calidad para cine.,1860.64,408,ficción|electrónica,true,2021-04-30
PRD01394,Cien Años de Soledad- Pro,Cien Años de Soledad- Pro — Ficción. Producto de alta calidad para tecnología.,2095.14,404,juguetes|fitness,true,2024-01-22
PRD01395,1984,1984 — Ficción. Producto de alta calidad para deportes.,87.7,96,jardín|arte,false,2020-04-09
PRD01396,Harry Potter- Rojo,Harry Potter- Rojo — Ficción. Producto de alta calidad para belleza.,2041.53,139,gaming|cocina,true,2021-10-28
PRD01397,Harry Potter- Plus,Harry Potter- Plus — Ficción. Producto de alta calidad para juguetes.,2320.24,171,moda|tecnología|jardín|música|mascotas,true,2022-09-16
PRD01398,1984- Blanco,1984- Blanco — Ficción. Producto de alta calidad para libros.,1442.31,427,cocina|fotografía|cine|jardín,true,2022-04-17
PRD01399,El Hobbit- Plus,El Hobbit- Plus — Ficción. Producto de alta calidad para tecnología.,425.55,57,jardín|libros|mascotas|fitness,false,2019-02-01
PRD01400,El Hobbit- Negro,El Hobbit- Negro — Ficción. Producto de alta calidad para juguetes.,1744.31,94,viajes|cocina|fotografía|electrónica|juguetes,true,2022-07-30
PRD01401,1984 Mini,1984 Mini — Ficción. Producto de alta calidad para jardín.,1379.25,142,jardín|viajes,false,2020-10-26
PRD01402,El Hobbit- Negro,El Hobbit- Negro — Ficción. Producto de alta calidad para belleza.,1115.17,494,moda|deportes,true,2024-03-20
PRD01403,Dune Mini,Dune Mini — Ficción. Producto de alta calidad para moda.,2380.34,438,ficción|fitness|electrónica|cine,true,2021-09-07
PRD01404,Harry Potter XL,Harry Potter XL — Ficción. Producto de alta calidad para fitness.,438.46,365,belleza|fotografía|deportes|oficina,true,2021-10-01
PRD01405,Harry Potter- Blanco,Harry Potter- Blanco — Ficción. Producto de alta calidad para mascotas.,426.61,365,ficción|viajes|mascotas,true,2024-12-30
PRD01406,Harry Potter- Lite,Harry Potter- Lite — Ficción. Producto de alta calidad para fitness.,2296.17,193,juguetes|belleza|hogar|viajes|moda,true,2023-08-26
PRD01407,El Hobbit- Plus,El Hobbit- Plus — Ficción. Producto de alta calidad para automóviles.,2209.41,443,hogar|deportes|fitness|automóviles|libros,false,2019-09-23
PRD01408,El Nombre del Viento Mini,El Nombre del Viento Mini — Ficción. Producto de alta calidad para hogar.,294.4,38,deportes|tecnología|mascotas|hogar,true,2023-09-03
PRD01409,Fundación- Rojo,Fundación- Rojo — Ficción. Producto de alta calidad para arte.,606.59,409,cine|deportes|hogar|automóviles,true,2024-02-17
PRD01410,Dune- Rojo,Dune- Rojo — Ficción. Producto de alta calidad para fotografía.,606.73,286,viajes|automóviles|belleza|fitness|música,false,2024-05-31
PRD01411,Fundación,Fundación — Ficción. Producto de alta calidad para libros.,1403.47,174,mascotas|belleza,true,2020-05-10
PRD01412,Dune- Pro,Dune- Pro — Ficción. Producto de alta calidad para belleza.,1878.66,496,música|deportes,true,2019-05-07
PRD01413,Harry Potter- Blanco,Harry Potter- Blanco — Ficción. Producto de alta calidad para tecnología.,1666.28,75,mascotas|juguetes|oficina|moda|jardín,false,2023-08-15
PRD01414,1984- Azul,1984- Azul — Ficción. Producto de alta calidad para cine.,162.63,388,juguetes|arte|electrónica,true,2022-06-13
PRD01415,El Nombre del Viento,El Nombre del Viento — Ficción. Producto de alta calidad para electrónica.,29.02,23,viajes|mascotas,true,2019-03-28
PRD01416,Fundación 2024,Fundación 2024 — Ficción. Producto de alta calidad para jardín.,1880.78,384,automóviles|ficción,true,2023-09-04
PRD01417,Dune,Dune — Ficción. Producto de alta calidad para jardín.,1263.99,251,moda|juguetes|automóviles|gaming|cocina,true,2020-09-25
PRD01418,Cien Años de Soledad- Plus,Cien Años de Soledad- Plus — Ficción. Producto de alta calidad para cocina.,2131.79,415,música|oficina|jardín|arte|moda,true,2022-03-19
PRD01419,Thinking Fast and Slow- Plus,Thinking Fast and Slow- Plus — No Ficción. Producto de alta calidad para deportes.,904.32,395,jardín|mascotas|cine,true,2022-02-05
PRD01420,Deep Work- Negro,Deep Work- Negro — No Ficción. Producto de alta calidad para viajes.,13.71,157,juguetes|cocina|mascotas|no ficción|arte,true,2019-06-15
PRD01421,Man's Search for Meaning- Blanco,Man's Search for Meaning- Blanco — No Ficción. Producto de alta calidad para oficina.,2437.55,500,moda|música|jardín,true,2023-06-15
PRD01422,Sapiens- Azul,Sapiens- Azul — No Ficción. Producto de alta calidad para electrónica.,433.72,114,cine|cocina|arte,true,2023-03-01
PRD01423,Sapiens XL,Sapiens XL — No Ficción. Producto de alta calidad para cine.,1940.02,116,electrónica|cocina,true,2019-06-10
PRD01424,Sapiens- Lite,Sapiens- Lite — No Ficción. Producto de alta calidad para arte.,1002.28,62,libros|no ficción|cocina|electrónica,true,2024-05-14
PRD01425,Thinking Fast and Slow 2024,Thinking Fast and Slow 2024 — No Ficción. Producto de alta calidad para arte.,2458.69,430,mascotas|juguetes|oficina,true,2019-09-11
PRD01426,Atomic Habits- Lite,Atomic Habits- Lite — No Ficción. Producto de alta calidad para cocina.,1089.02,66,viajes|libros|mascotas,true,2021-06-08
PRD01427,Deep Work- Pro,Deep Work- Pro — No Ficción. Producto de alta calidad para mascotas.,2238.55,345,música|automóviles|gaming|electrónica|libros,true,2021-06-16
PRD01428,El Poder del Hábito- Pro,El Poder del Hábito- Pro — No Ficción. Producto de alta calidad para moda.,2025.73,3,hogar|moda|gaming,true,2024-04-15
PRD01429,El Poder del Hábito Mini,El Poder del Hábito Mini — No Ficción. Producto de alta calidad para cocina.,1858.94,101,cocina|moda|viajes,true,2019-02-15
PRD01430,El Poder del Hábito- Azul,El Poder del Hábito- Azul — No Ficción. Producto de alta calidad para viajes.,2218.66,273,no ficción|belleza,true,2024-10-08
PRD01431,Thinking Fast and Slow- Lite,Thinking Fast and Slow- Lite — No Ficción. Producto de alta calidad para cocina.,1615.95,237,libros|arte,true,2019-02-21
PRD01432,Atomic Habits- Negro,Atomic Habits- Negro — No Ficción. Producto de alta calidad para fotografía.,1353.18,189,hogar|mascotas|jardín|cine,true,2023-05-01
PRD01433,Thinking Fast and Slow- Rojo,Thinking Fast and Slow- Rojo — No Ficción. Producto de alta calidad para electrónica.,1665.89,317,hogar|arte|mascotas,true,2021-06-30
PRD01434,Atomic Habits- Rojo,Atomic Habits- Rojo — No Ficción. Producto de alta calidad para viajes.,1784.65,331,fitness|viajes,false,2024-01-19
PRD01435,Deep Work 2024,Deep Work 2024 — No Ficción. Producto de alta calidad para juguetes.,1317.8,19,oficina|viajes|cocina|libros,true,2021-05-24
PRD01436,Deep Work- Plus,Deep Work- Plus — No Ficción. Producto de alta calidad para hogar.,62.03,304,automóviles|viajes|oficina|deportes|arte,true,2020-11-06
PRD01437,Man's Search for Meaning XL,Man's Search for Meaning XL — No Ficción. Producto de alta calidad para jardín.,832.4,222,arte|no ficción|deportes|tecnología|libros,false,2023-06-11
PRD01438,Essentialism Mini,Essentialism Mini — No Ficción. Producto de alta calidad para mascotas.,561.77,213,cine|electrónica,false,2022-05-04
PRD01439,Sapiens- Rojo,Sapiens- Rojo — No Ficción. Producto de alta calidad para gaming.,2226.99,270,gaming|libros|belleza|arte|deportes,true,2019-01-04
PRD01440,El Poder del Hábito- Rojo,El Poder del Hábito- Rojo — No Ficción. Producto de alta calidad para arte.,386.0,289,mascotas|cine|música,false,2022-08-25
PRD01441,El Poder del Hábito Mini,El Poder del Hábito Mini — No Ficción. Producto de alta calidad para oficina.,1493.44,172,fotografía|viajes|juguetes|jardín|gaming,true,2021-11-19
PRD01442,Sapiens- Azul,Sapiens- Azul — No Ficción. Producto de alta calidad para viajes.,1091.52,38,fitness|fotografía|jardín|arte,false,2023-02-16
PRD01443,Sapiens 2024,Sapiens 2024 — No Ficción. Producto de alta calidad para electrónica.,44.17,481,viajes|moda|oficina|libros|deportes,true,2020-08-22
PRD01444,Atomic Habits Mini,Atomic Habits Mini — No Ficción. Producto de alta calidad para música.,516.19,484,gaming|música|arte|cine|electrónica,true,2021-01-31
PRD01445,Thinking Fast and Slow 2024,Thinking Fast and Slow 2024 — No Ficción. Producto de alta calidad para hogar.,1670.49,297,cocina|juguetes|viajes|deportes|jardín,true,2019-01-21
PRD01446,Sapiens XL,Sapiens XL — No Ficción. Producto de alta calidad para tecnología.,1300.9,382,fotografía|belleza,false,2023-06-12
PRD01447,El Poder del Hábito- Blanco,El Poder del Hábito- Blanco — No Ficción. Producto de alta calidad para arte.,1662.86,314,fotografía|no ficción|electrónica|belleza|viajes,true,2024-10-06
PRD01448,Essentialism- Rojo,Essentialism- Rojo — No Ficción. Producto de alta calidad para oficina.,1988.42,101,mascotas|jardín,false,2019-04-06
PRD01449,Sapiens- Lite,Sapiens- Lite — No Ficción. Producto de alta calidad para gaming.,717.48,366,arte|belleza|hogar|tecnología,true,2024-07-03
PRD01450,Modelo Estándar G XL,Modelo Estándar G XL — Ciencia. Producto de alta calidad para fitness.,1351.21,66,cocina|mascotas|viajes|gaming,true,2019-08-22
PRD01451,Edición Limitada F- Lite,Edición Limitada F- Lite — Ciencia. Producto de alta calidad para electrónica.,1358.09,226,arte|deportes|belleza|viajes|electrónica,true,2022-05-25
PRD01452,Kit Profesional D- Plus,Kit Profesional D- Plus — Ciencia. Producto de alta calidad para automóviles.,1517.54,163,gaming|cocina|arte|moda,true,2023-07-10
PRD01453,Producto Premium A- Lite,Producto Premium A- Lite — Ciencia. Producto de alta calidad para juguetes.,603.16,330,fitness|moda|libros,false,2024-09-26
PRD01454,Pack Básico E- Lite,Pack Básico E- Lite — Ciencia. Producto de alta calidad para arte.,1937.45,128,cocina|gaming|fotografía,false,2021-08-09
PRD01455,Edición Limitada F- Blanco,Edición Limitada F- Blanco — Ciencia. Producto de alta calidad para moda.,1716.64,421,música|hogar,true,2023-05-12
PRD01456,Versión Pro H- Negro,Versión Pro H- Negro — Ciencia. Producto de alta calidad para fotografía.,117.29,214,automóviles|belleza,true,2022-09-14
PRD01457,Modelo Estándar G- Lite,Modelo Estándar G- Lite — Ciencia. Producto de alta calidad para mascotas.,2006.94,206,fotografía|juguetes,true,2021-05-18
PRD01458,Versión Pro H- Rojo,Versión Pro H- Rojo — Ciencia. Producto de alta calidad para hogar.,207.25,415,jardín|juguetes|hogar|deportes|ciencia,true,2020-12-27
PRD01459,Producto Premium A- Azul,Producto Premium A- Azul — Ciencia. Producto de alta calidad para juguetes.,1778.84,462,fitness|arte|belleza|jardín|automóviles,true,2019-10-15
PRD01460,Producto Premium A- Rojo,Producto Premium A- Rojo — Ciencia. Producto de alta calidad para viajes.,1507.43,190,fitness|automóviles,true,2021-05-30
PRD01461,Modelo Estándar G Mini,Modelo Estándar G Mini — Ciencia. Producto de alta calidad para tecnología.,792.56,85,tecnología|hogar|gaming|automóviles|fitness,true,2019-01-02
PRD01462,Versión Pro H- Azul,Versión Pro H- Azul — Ciencia. Producto de alta calidad para arte.,176.11,438,hogar|tecnología,false,2022-04-20
PRD01463,Artículo Especial B 2024,Artículo Especial B 2024 — Ciencia. Producto de alta calidad para oficina.,141.72,151,arte|belleza,true,2020-01-07
PRD01464,Kit Profesional D- Lite,Kit Profesional D- Lite — Ciencia. Producto de alta calidad para juguetes.,1441.09,210,moda|arte|fitness|hogar,false,2021-06-30
PRD01465,Artículo Especial B 2024,Artículo Especial B 2024 — Ciencia. Producto de alta calidad para oficina.,1606.82,435,mascotas|deportes|ciencia|tecnología|belleza,true,2020-08-27
PRD01466,Set Completo C 2024,Set Completo C 2024 — Ciencia. Producto de alta calidad para viajes.,213.9,416,tecnología|mascotas|hogar|jardín,true,2021-06-20
PRD01467,Artículo Especial B- Azul,Artículo Especial B- Azul — Ciencia. Producto de alta calidad para moda.,110.02,340,juguetes|arte|música|libros,true,2021-12-22
PRD01468,Kit Profesional D- Plus,Kit Profesional D- Plus — Ciencia. Producto de alta calidad para cine.,911.22,79,mascotas|ciencia,false,2022-11-29
PRD01469,Pack Básico E 2024,Pack Básico E 2024 — Ciencia. Producto de alta calidad para jardín.,270.01,403,cine|ciencia,true,2021-01-12
PRD01470,Producto Premium A Mini,Producto Premium A Mini — Ciencia. Producto de alta calidad para deportes.,2491.62,219,moda|cine|juguetes,true,2023-02-26
PRD01471,Versión Pro H Mini,Versión Pro H Mini — Ciencia. Producto de alta calidad para moda.,299.11,425,música|hogar,true,2023-11-03
PRD01472,Artículo Especial B- Negro,Artículo Especial B- Negro — Ciencia. Producto de alta calidad para fitness.,493.19,182,ciencia|gaming|oficina,false,2021-01-15
PRD01473,Set Completo C,Set Completo C — Ciencia. Producto de alta calidad para oficina.,1502.08,433,libros|gaming|hogar|fotografía|fitness,true,2024-08-30
PRD01474,Producto Premium A XL,Producto Premium A XL — Ciencia. Producto de alta calidad para tecnología.,2417.38,176,ciencia|hogar|juguetes|cine|moda,true,2023-01-11
PRD01475,Artículo Especial B- Negro,Artículo Especial B- Negro — Ciencia. Producto de alta calidad para cine.,19.68,402,moda|viajes|jardín,true,2020-05-16
PRD01476,Artículo Especial B 2024,Artículo Especial B 2024 — Ciencia. Producto de alta calidad para moda.,1869.14,448,cocina|ciencia,true,2023-07-26
PRD01477,Versión Pro H- Negro,Versión Pro H- Negro — Ciencia. Producto de alta calidad para cocina.,1065.01,143,moda|belleza|gaming|cocina,true,2022-08-26
PRD01478,Producto Premium A- Lite,Producto Premium A- Lite — Ciencia. Producto de alta calidad para moda.,2072.44,211,juguetes|fitness,true,2024-08-16
PRD01479,Versión Pro H- Rojo,Versión Pro H- Rojo — Ciencia. Producto de alta calidad para juguetes.,1712.22,334,cine|jardín|belleza|gaming,true,2022-11-27
PRD01480,Versión Pro H- Rojo,Versión Pro H- Rojo — Ciencia. Producto de alta calidad para fotografía.,766.1,317,oficina|cocina|deportes,true,2019-03-07
PRD01481,Versión Pro H- Lite,Versión Pro H- Lite — Historia. Producto de alta calidad para cine.,722.7,309,fitness|viajes|belleza,true,2023-07-22
PRD01482,Edición Limitada F- Azul,Edición Limitada F- Azul — Historia. Producto de alta calidad para mascotas.,2345.7,71,hogar|cine,false,2022-03-16
PRD01483,Artículo Especial B- Plus,Artículo Especial B- Plus — Historia. Producto de alta calidad para libros.,341.2,311,cine|automóviles|fitness|tecnología,false,2023-05-06
PRD01484,Modelo Estándar G- Negro,Modelo Estándar G- Negro — Historia. Producto de alta calidad para jardín.,347.08,4,cine|historia,true,2023-06-23
PRD01485,Pack Básico E XL,Pack Básico E XL — Historia. Producto de alta calidad para mascotas.,1488.27,333,cocina|cine|belleza,true,2023-08-19
PRD01486,Artículo Especial B- Lite,Artículo Especial B- Lite — Historia. Producto de alta calidad para moda.,2054.69,80,cine|música|mascotas|juguetes,true,2022-04-24
PRD01487,Edición Limitada F- Plus,Edición Limitada F- Plus — Historia. Producto de alta calidad para música.,809.11,492,viajes|deportes|libros,true,2022-01-25
PRD01488,Edición Limitada F- Blanco,Edición Limitada F- Blanco — Historia. Producto de alta calidad para oficina.,805.97,158,cine|moda|tecnología|automóviles,false,2024-11-10
PRD01489,Artículo Especial B- Plus,Artículo Especial B- Plus — Historia. Producto de alta calidad para tecnología.,852.0,320,hogar|arte|moda,true,2020-09-07
PRD01490,Kit Profesional D- Pro,Kit Profesional D- Pro — Historia. Producto de alta calidad para jardín.,1290.01,8,deportes|viajes|hogar,true,2023-03-02
PRD01491,Kit Profesional D- Rojo,Kit Profesional D- Rojo — Historia. Producto de alta calidad para tecnología.,1815.38,309,gaming|libros|oficina,true,2020-05-21
PRD01492,Set Completo C XL,Set Completo C XL — Historia. Producto de alta calidad para cocina.,2272.39,441,cocina|gaming|hogar|historia,true,2019-11-04
PRD01493,Versión Pro H 2024,Versión Pro H 2024 — Historia. Producto de alta calidad para juguetes.,2190.5,390,cocina|viajes|electrónica,true,2024-05-27
PRD01494,Pack Básico E,Pack Básico E — Historia. Producto de alta calidad para gaming.,2326.75,47,hogar|historia|jardín,true,2020-08-26
PRD01495,Versión Pro H XL,Versión Pro H XL — Historia. Producto de alta calidad para juguetes.,1634.59,196,automóviles|hogar,true,2019-06-24
PRD01496,Pack Básico E- Blanco,Pack Básico E- Blanco — Historia. Producto de alta calidad para automóviles.,1699.81,242,arte|electrónica|automóviles|jardín|viajes,false,2023-01-21
PRD01497,Pack Básico E- Pro,Pack Básico E- Pro — Historia. Producto de alta calidad para libros.,1258.16,100,jardín|viajes|fotografía,false,2024-12-23
PRD01498,Set Completo C- Pro,Set Completo C- Pro — Historia. Producto de alta calidad para deportes.,510.48,460,fotografía|música|libros|fitness,false,2020-04-23
PRD01499,Set Completo C 2024,Set Completo C 2024 — Historia. Producto de alta calidad para fitness.,2462.34,187,fitness|moda,true,2021-10-28
PRD01500,Set Completo C 2024,Set Completo C 2024 — Historia. Producto de alta calidad para cine.,1184.67,362,música|tecnología|cocina|electrónica|cine,true,2023-04-05
PRD01501,Set Completo C 2024,Set Completo C 2024 — Historia. Producto de alta calidad para moda.,1808.78,320,fotografía|fitness|automóviles|electrónica|deportes,false,2020-06-13
PRD01502,Edición Limitada F- Azul,Edición Limitada F- Azul — Historia. Producto de alta calidad para hogar.,1390.84,190,viajes|cine,true,2021-02-15
PRD01503,Modelo Estándar G- Blanco,Modelo Estándar G- Blanco — Historia. Producto de alta calidad para deportes.,1204.51,131,historia|moda,true,2022-04-25
PRD01504,Kit Profesional D,Kit Profesional D — Historia. Producto de alta calidad para arte.,208.64,72,tecnología|cine,false,2022-03-18
PRD01505,Pack Básico E- Pro,Pack Básico E- Pro — Historia. Producto de alta calidad para hogar.,1489.92,415,fotografía|cocina|viajes|juguetes|deportes,true,2024-05-15
PRD01506,Edición Limitada F- Azul,Edición Limitada F- Azul — Historia. Producto de alta calidad para oficina.,2332.43,221,gaming|cocina|juguetes,false,2020-11-05
PRD01507,Producto Premium A- Negro,Producto Premium A- Negro — Historia. Producto de alta calidad para gaming.,1980.6,150,moda|viajes,true,2022-05-24
PRD01508,Versión Pro H- Pro,Versión Pro H- Pro — Historia. Producto de alta calidad para mascotas.,1311.11,262,belleza|jardín|deportes|automóviles,false,2020-01-14
PRD01509,Producto Premium A- Blanco,Producto Premium A- Blanco — Historia. Producto de alta calidad para oficina.,1478.95,130,arte|juguetes,true,2024-08-06
PRD01510,Versión Pro H- Lite,Versión Pro H- Lite — Historia. Producto de alta calidad para viajes.,2258.04,109,automóviles|libros|mascotas,true,2019-07-04
PRD01511,Set Completo C- Blanco,Set Completo C- Blanco — Historia. Producto de alta calidad para electrónica.,663.78,7,gaming|oficina|fitness,true,2019-06-17
PRD01512,Versión Pro H- Azul,Versión Pro H- Azul — Historia. Producto de alta calidad para belleza.,549.77,237,fotografía|automóviles,true,2023-06-12
PRD01513,Versión Pro H- Plus,Versión Pro H- Plus — Tecnología. Producto de alta calidad para arte.,1009.71,205,tecnología|electrónica|tecnología|gaming,true,2023-08-11
PRD01514,Producto Premium A Mini,Producto Premium A Mini — Tecnología. Producto de alta calidad para belleza.,304.76,65,cine|libros|música|belleza|oficina,true,2021-01-11
PRD01515,Kit Profesional D 2024,Kit Profesional D 2024 — Tecnología. Producto de alta calidad para jardín.,1907.58,133,belleza|música|mascotas|tecnología|cocina,true,2020-07-01
PRD01516,Kit Profesional D- Azul,Kit Profesional D- Azul — Tecnología. Producto de alta calidad para juguetes.,1611.4,85,fotografía|arte,true,2023-10-31
PRD01517,Modelo Estándar G- Lite,Modelo Estándar G- Lite — Tecnología. Producto de alta calidad para cocina.,240.78,334,moda|cocina|belleza|arte|gaming,true,2021-04-08
PRD01518,Kit Profesional D- Pro,Kit Profesional D- Pro — Tecnología. Producto de alta calidad para jardín.,2416.63,179,juguetes|belleza|deportes|hogar,true,2022-06-20
PRD01519,Set Completo C- Rojo,Set Completo C- Rojo — Tecnología. Producto de alta calidad para belleza.,1874.66,349,hogar|tecnología|cine,true,2024-03-30
PRD01520,Versión Pro H,Versión Pro H — Tecnología. Producto de alta calidad para hogar.,1566.67,42,belleza|gaming|cine|cocina,false,2024-12-06
PRD01521,Edición Limitada F XL,Edición Limitada F XL — Tecnología. Producto de alta calidad para mascotas.,421.47,293,arte|belleza|tecnología|cocina,true,2021-10-07
PRD01522,Artículo Especial B- Azul,Artículo Especial B- Azul — Tecnología. Producto de alta calidad para jardín.,1224.71,266,viajes|cine|fitness|mascotas|música,false,2024-03-04
PRD01523,Versión Pro H- Plus,Versión Pro H- Plus — Tecnología. Producto de alta calidad para fotografía.,1065.74,45,juguetes|viajes|arte|belleza,false,2021-05-04
PRD01524,Pack Básico E XL,Pack Básico E XL — Tecnología. Producto de alta calidad para belleza.,554.05,334,juguetes|arte,true,2019-04-07
PRD01525,Set Completo C- Lite,Set Completo C- Lite — Tecnología. Producto de alta calidad para arte.,2124.56,443,libros|viajes|oficina|tecnología|mascotas,true,2020-04-15
PRD01526,Producto Premium A- Negro,Producto Premium A- Negro — Tecnología. Producto de alta calidad para fotografía.,1526.42,269,deportes|gaming,true,2022-10-01
PRD01527,Pack Básico E- Rojo,Pack Básico E- Rojo — Tecnología. Producto de alta calidad para deportes.,1250.98,133,viajes|jardín|cocina,true,2020-10-02
PRD01528,Artículo Especial B,Artículo Especial B — Tecnología. Producto de alta calidad para fitness.,783.11,463,hogar|cine|cocina|electrónica|tecnología,false,2020-01-02
PRD01529,Kit Profesional D 2024,Kit Profesional D 2024 — Tecnología. Producto de alta calidad para electrónica.,1534.68,341,cine|electrónica,true,2023-04-10
PRD01530,Modelo Estándar G- Plus,Modelo Estándar G- Plus — Tecnología. Producto de alta calidad para viajes.,299.84,234,moda|juguetes|cine,true,2021-01-12
PRD01531,Modelo Estándar G- Rojo,Modelo Estándar G- Rojo — Tecnología. Producto de alta calidad para juguetes.,1274.75,289,música|moda|arte,false,2023-05-04
PRD01532,Set Completo C- Rojo,Set Completo C- Rojo — Tecnología. Producto de alta calidad para oficina.,907.97,100,oficina|mascotas|hogar|arte,true,2023-12-24
PRD01533,Versión Pro H- Plus,Versión Pro H- Plus — Tecnología. Producto de alta calidad para oficina.,1704.82,49,hogar|tecnología,false,2022-06-16
PRD01534,Versión Pro H- Azul,Versión Pro H- Azul — Tecnología. Producto de alta calidad para jardín.,1062.91,260,jardín|tecnología|juguetes,false,2022-10-25
PRD01535,Artículo Especial B,Artículo Especial B — Tecnología. Producto de alta calidad para juguetes.,1254.88,150,oficina|mascotas|viajes|arte,true,2024-05-15
PRD01536,Kit Profesional D- Lite,Kit Profesional D- Lite — Tecnología. Producto de alta calidad para mascotas.,959.78,202,cocina|mascotas|moda|música,false,2020-09-07
PRD01537,Modelo Estándar G- Pro,Modelo Estándar G- Pro — Tecnología. Producto de alta calidad para juguetes.,965.6,324,cocina|fitness|automóviles|electrónica|cine,true,2021-11-28
PRD01538,Versión Pro H- Negro,Versión Pro H- Negro — Tecnología. Producto de alta calidad para moda.,2268.28,367,arte|gaming|cocina|electrónica,true,2022-08-02
PRD01539,Pack Básico E,Pack Básico E — Tecnología. Producto de alta calidad para belleza.,1503.29,371,gaming|electrónica|mascotas|música,true,2019-01-23
PRD01540,Modelo Estándar G- Pro,Modelo Estándar G- Pro — Tecnología. Producto de alta calidad para gaming.,835.25,225,tecnología|oficina|cocina,true,2019-04-21
PRD01541,Pack Básico E 2024,Pack Básico E 2024 — Tecnología. Producto de alta calidad para belleza.,23.19,110,mascotas|automóviles,true,2021-07-29
PRD01542,Edición Limitada F- Lite,Edición Limitada F- Lite — Tecnología. Producto de alta calidad para fotografía.,622.95,499,música|oficina|hogar,true,2023-04-05
PRD01543,Pack Básico E,Pack Básico E — Tecnología. Producto de alta calidad para cine.,222.97,111,gaming|electrónica|viajes|moda|cocina,true,2019-01-06
PRD01544,Pack Básico E,Pack Básico E — Tecnología. Producto de alta calidad para belleza.,905.61,231,hogar|moda|libros|jardín,false,2021-08-01
PRD01545,Kit Profesional D- Rojo,Kit Profesional D- Rojo — Autoayuda. Producto de alta calidad para gaming.,2160.1,111,electrónica|cocina|jardín|oficina|cine,true,2019-06-02
PRD01546,Versión Pro H- Azul,Versión Pro H- Azul — Autoayuda. Producto de alta calidad para deportes.,1773.24,27,cocina|hogar|fitness|libros|moda,true,2022-03-07
PRD01547,Producto Premium A- Blanco,Producto Premium A- Blanco — Autoayuda. Producto de alta calidad para hogar.,1706.74,200,jardín|moda|mascotas|belleza|hogar,true,2022-09-05
PRD01548,Pack Básico E XL,Pack Básico E XL — Autoayuda. Producto de alta calidad para tecnología.,494.8,218,mascotas|juguetes|autoayuda|viajes|automóviles,true,2021-08-24
PRD01549,Pack Básico E- Rojo,Pack Básico E- Rojo — Autoayuda. Producto de alta calidad para automóviles.,677.63,302,fitness|electrónica|arte,true,2024-04-21
PRD01550,Edición Limitada F,Edición Limitada F — Autoayuda. Producto de alta calidad para tecnología.,468.4,371,autoayuda|música|jardín|moda,false,2024-03-29
PRD01551,Versión Pro H- Pro,Versión Pro H- Pro — Autoayuda. Producto de alta calidad para gaming.,2353.89,452,mascotas|moda|autoayuda|deportes|hogar,false,2021-01-16
PRD01552,Artículo Especial B- Azul,Artículo Especial B- Azul — Autoayuda. Producto de alta calidad para arte.,1232.5,306,libros|viajes,true,2021-11-04
PRD01553,Artículo Especial B- Azul,Artículo Especial B- Azul — Autoayuda. Producto de alta calidad para automóviles.,1117.51,398,mascotas|jardín|automóviles,true,2022-10-01
PRD01554,Versión Pro H XL,Versión Pro H XL — Autoayuda. Producto de alta calidad para hogar.,2113.33,453,moda|cine,true,2023-01-28
PRD01555,Modelo Estándar G- Rojo,Modelo Estándar G- Rojo — Autoayuda. Producto de alta calidad para viajes.,2414.22,389,mascotas|moda,true,2024-12-01
PRD01556,Versión Pro H 2024,Versión Pro H 2024 — Autoayuda. Producto de alta calidad para electrónica.,639.49,109,automóviles|viajes|tecnología|gaming,false,2022-12-09
PRD01557,Edición Limitada F Mini,Edición Limitada F Mini — Autoayuda. Producto de alta calidad para moda.,1200.63,314,tecnología|fotografía|cocina|libros,true,2024-10-06
PRD01558,Kit Profesional D- Negro,Kit Profesional D- Negro — Autoayuda. Producto de alta calidad para jardín.,618.03,252,belleza|automóviles|gaming|cine|cocina,true,2019-12-05
PRD01559,Pack Básico E- Rojo,Pack Básico E- Rojo — Autoayuda. Producto de alta calidad para tecnología.,2491.31,102,moda|belleza|oficina|fitness,true,2021-06-02
PRD01560,Producto Premium A- Plus,Producto Premium A- Plus — Autoayuda. Producto de alta calidad para hogar.,1061.2,380,jardín|tecnología|fitness|libros,true,2019-08-10
PRD01561,Set Completo C- Azul,Set Completo C- Azul — Autoayuda. Producto de alta calidad para cine.,2369.21,100,libros|oficina,true,2023-07-06
PRD01562,Producto Premium A XL,Producto Premium A XL — Autoayuda. Producto de alta calidad para gaming.,884.8,15,gaming|arte|cine,false,2019-01-14
PRD01563,Artículo Especial B- Pro,Artículo Especial B- Pro — Autoayuda. Producto de alta calidad para hogar.,2311.36,74,moda|música|electrónica|viajes,true,2019-04-16
PRD01564,Kit Profesional D- Negro,Kit Profesional D- Negro — Autoayuda. Producto de alta calidad para libros.,505.19,358,tecnología|autoayuda|fotografía|libros,true,2024-12-17
PRD01565,Modelo Estándar G 2024,Modelo Estándar G 2024 — Autoayuda. Producto de alta calidad para juguetes.,2186.84,121,moda|fotografía|automóviles,true,2019-05-14
PRD01566,Edición Limitada F- Rojo,Edición Limitada F- Rojo — Autoayuda. Producto de alta calidad para oficina.,1111.45,228,electrónica|viajes|automóviles|arte,true,2024-06-11
PRD01567,Set Completo C- Rojo,Set Completo C- Rojo — Autoayuda. Producto de alta calidad para deportes.,2075.52,274,autoayuda|fitness|gaming|automóviles,true,2023-03-15
PRD01568,Versión Pro H- Blanco,Versión Pro H- Blanco — Autoayuda. Producto de alta calidad para juguetes.,2329.84,181,automóviles|libros|jardín,true,2020-06-22
PRD01569,Edición Limitada F- Blanco,Edición Limitada F- Blanco — Autoayuda. Producto de alta calidad para fitness.,1959.69,463,arte|electrónica|jardín|automóviles,true,2019-11-21
PRD01570,Producto Premium A- Azul,Producto Premium A- Azul — Autoayuda. Producto de alta calidad para fotografía.,1440.09,134,automóviles|hogar,false,2022-09-06
PRD01571,Modelo Estándar G- Negro,Modelo Estándar G- Negro — Autoayuda. Producto de alta calidad para fitness.,707.9,377,tecnología|fotografía|automóviles|belleza,true,2020-04-16
PRD01572,Set Completo C Mini,Set Completo C Mini — Autoayuda. Producto de alta calidad para tecnología.,597.13,227,fotografía|jardín|autoayuda|moda,false,2022-09-23
PRD01573,Edición Limitada F- Pro,Edición Limitada F- Pro — Infantil. Producto de alta calidad para automóviles.,1279.4,387,arte|fitness|automóviles,true,2019-09-11
PRD01574,Set Completo C- Plus,Set Completo C- Plus — Infantil. Producto de alta calidad para arte.,2334.76,294,fitness|fotografía|electrónica|juguetes|mascotas,true,2022-01-17
PRD01575,Edición Limitada F- Rojo,Edición Limitada F- Rojo — Infantil. Producto de alta calidad para fotografía.,1288.21,377,libros|viajes,true,2020-08-30
PRD01576,Versión Pro H XL,Versión Pro H XL — Infantil. Producto de alta calidad para arte.,1778.18,307,oficina|moda|tecnología|mascotas|infantil,true,2022-09-17
PRD01577,Pack Básico E XL,Pack Básico E XL — Infantil. Producto de alta calidad para jardín.,335.77,337,electrónica|cocina|hogar|jardín|belleza,false,2022-10-28
PRD01578,Artículo Especial B- Blanco,Artículo Especial B- Blanco — Infantil. Producto de alta calidad para electrónica.,2254.59,220,arte|juguetes|gaming|fitness,false,2020-11-22
PRD01579,Pack Básico E XL,Pack Básico E XL — Infantil. Producto de alta calidad para libros.,314.19,251,cine|fotografía,true,2020-09-26
PRD01580,Versión Pro H- Lite,Versión Pro H- Lite — Infantil. Producto de alta calidad para cocina.,2371.35,52,viajes|deportes|fotografía|arte,false,2021-04-07
PRD01581,Producto Premium A,Producto Premium A — Infantil. Producto de alta calidad para arte.,605.45,182,fotografía|arte|fitness|belleza,true,2022-04-01
PRD01582,Edición Limitada F- Lite,Edición Limitada F- Lite — Infantil. Producto de alta calidad para viajes.,2391.0,190,hogar|jardín|belleza,false,2021-05-29
PRD01583,Modelo Estándar G- Lite,Modelo Estándar G- Lite — Infantil. Producto de alta calidad para fotografía.,893.52,411,belleza|oficina,true,2019-02-01
PRD01584,Producto Premium A 2024,Producto Premium A 2024 — Infantil. Producto de alta calidad para mascotas.,226.54,286,moda|fotografía|viajes|deportes|mascotas,true,2022-09-12
PRD01585,Set Completo C- Negro,Set Completo C- Negro — Infantil. Producto de alta calidad para deportes.,2218.48,342,juguetes|gaming|oficina|cine|belleza,false,2021-09-20
PRD01586,Producto Premium A 2024,Producto Premium A 2024 — Infantil. Producto de alta calidad para oficina.,924.54,40,infantil|tecnología|deportes|moda,true,2021-03-17
PRD01587,Artículo Especial B- Pro,Artículo Especial B- Pro — Infantil. Producto de alta calidad para moda.,1017.71,312,música|moda|infantil,true,2019-07-18
PRD01588,Kit Profesional D- Azul,Kit Profesional D- Azul — Infantil. Producto de alta calidad para belleza.,2274.57,286,gaming|mascotas|juguetes|moda|música,false,2021-08-25
PRD01589,Set Completo C Mini,Set Completo C Mini — Infantil. Producto de alta calidad para fotografía.,1539.27,145,belleza|infantil,false,2024-12-03
PRD01590,Artículo Especial B- Lite,Artículo Especial B- Lite — Infantil. Producto de alta calidad para fotografía.,1849.17,262,jardín|cine|gaming|cocina|libros,true,2021-08-10
PRD01591,Set Completo C- Rojo,Set Completo C- Rojo — Infantil. Producto de alta calidad para jardín.,1204.43,157,cine|jardín|fotografía,true,2020-09-01
PRD01592,Producto Premium A- Rojo,Producto Premium A- Rojo — Infantil. Producto de alta calidad para jardín.,1500.18,122,infantil|belleza|viajes|música|mascotas,false,2023-11-14
PRD01593,Edición Limitada F 2024,Edición Limitada F 2024 — Infantil. Producto de alta calidad para cocina.,1111.85,312,belleza|mascotas,true,2022-05-23
PRD01594,Pack Básico E- Lite,Pack Básico E- Lite — Infantil. Producto de alta calidad para gaming.,2456.98,47,deportes|fotografía|cocina|cine|viajes,true,2022-10-03
PRD01595,Edición Limitada F- Lite,Edición Limitada F- Lite — Infantil. Producto de alta calidad para juguetes.,2354.16,388,fotografía|libros|viajes|cocina|tecnología,true,2023-04-01
PRD01596,Modelo Estándar G- Rojo,Modelo Estándar G- Rojo — Infantil. Producto de alta calidad para libros.,1654.91,295,cine|jardín|automóviles|deportes|hogar,true,2021-01-15
PRD01597,Kit Profesional D Mini,Kit Profesional D Mini — Infantil. Producto de alta calidad para moda.,1229.16,115,cocina|cine|belleza,false,2021-01-30
PRD01598,Kit Profesional D- Azul,Kit Profesional D- Azul — Infantil. Producto de alta calidad para mascotas.,513.36,470,belleza|cocina|moda|cine|deportes,true,2023-08-22
PRD01599,Edición Limitada F- Plus,Edición Limitada F- Plus — Infantil. Producto de alta calidad para fitness.,823.01,345,moda|cocina|fitness,false,2023-04-27
PRD01600,Modelo Estándar G Mini,Modelo Estándar G Mini — Infantil. Producto de alta calidad para arte.,1694.12,172,electrónica|automóviles|cine|belleza,true,2019-08-10
PRD01601,Set Completo C- Lite,Set Completo C- Lite — Infantil. Producto de alta calidad para gaming.,541.01,84,infantil|jardín|cocina|juguetes|belleza,false,2023-08-24
PRD01602,Producto Premium A- Pro,Producto Premium A- Pro — Infantil. Producto de alta calidad para música.,2207.61,21,hogar|cocina|jardín|arte|viajes,true,2021-11-03
PRD01603,Set Completo C- Negro,Set Completo C- Negro — Comics. Producto de alta calidad para fitness.,347.53,42,electrónica|cocina|comics|hogar|arte,true,2021-10-19
PRD01604,Edición Limitada F Mini,Edición Limitada F Mini — Comics. Producto de alta calidad para gaming.,938.3,114,fitness|jardín,true,2020-02-19
PRD01605,Edición Limitada F,Edición Limitada F — Comics. Producto de alta calidad para música.,2472.28,363,comics|cocina,false,2021-01-30
PRD01606,Modelo Estándar G- Lite,Modelo Estándar G- Lite — Comics. Producto de alta calidad para cocina.,1731.14,65,música|mascotas|juguetes,true,2019-07-15
PRD01607,Kit Profesional D 2024,Kit Profesional D 2024 — Comics. Producto de alta calidad para oficina.,106.19,496,tecnología|cine,true,2024-09-01
PRD01608,Versión Pro H,Versión Pro H — Comics. Producto de alta calidad para automóviles.,321.64,136,arte|libros,true,2019-11-30
PRD01609,Versión Pro H Mini,Versión Pro H Mini — Comics. Producto de alta calidad para mascotas.,837.71,9,juguetes|jardín|arte|tecnología,true,2020-06-27
PRD01610,Edición Limitada F XL,Edición Limitada F XL — Comics. Producto de alta calidad para viajes.,2259.4,22,hogar|comics|fotografía|viajes|fitness,true,2024-08-25
PRD01611,Producto Premium A Mini,Producto Premium A Mini — Comics. Producto de alta calidad para oficina.,1073.13,384,mascotas|arte|hogar|gaming|moda,true,2019-02-14
PRD01612,Set Completo C- Negro,Set Completo C- Negro — Comics. Producto de alta calidad para electrónica.,2009.92,56,belleza|juguetes|electrónica|fotografía|fitness,true,2021-04-03
PRD01613,Versión Pro H- Azul,Versión Pro H- Azul — Comics. Producto de alta calidad para electrónica.,211.3,144,moda|fotografía|gaming,true,2020-06-01
PRD01614,Artículo Especial B- Blanco,Artículo Especial B- Blanco — Comics. Producto de alta calidad para cine.,442.96,44,jardín|comics|arte|cine|moda,false,2021-04-04
PRD01615,Edición Limitada F- Pro,Edición Limitada F- Pro — Comics. Producto de alta calidad para fitness.,630.11,173,jardín|libros,true,2022-08-27
PRD01616,Modelo Estándar G- Plus,Modelo Estándar G- Plus — Comics. Producto de alta calidad para moda.,1574.5,73,moda|gaming|cine,false,2024-04-21
PRD01617,Edición Limitada F- Negro,Edición Limitada F- Negro — Comics. Producto de alta calidad para belleza.,2259.03,249,tecnología|arte,true,2023-11-24
PRD01618,Modelo Estándar G XL,Modelo Estándar G XL — Comics. Producto de alta calidad para música.,2392.55,42,fitness|electrónica,true,2019-10-18
PRD01619,Modelo Estándar G- Plus,Modelo Estándar G- Plus — Comics. Producto de alta calidad para juguetes.,1999.6,411,música|gaming|arte,true,2021-02-07
PRD01620,Kit Profesional D,Kit Profesional D — Comics. Producto de alta calidad para fitness.,2420.95,242,cocina|automóviles|fotografía|fitness,true,2023-09-11
PRD01621,Versión Pro H XL,Versión Pro H XL — Comics. Producto de alta calidad para cocina.,571.87,90,viajes|libros|hogar|automóviles,false,2020-08-28
PRD01622,Pack Básico E- Lite,Pack Básico E- Lite — Comics. Producto de alta calidad para fotografía.,361.0,35,comics|fitness|hogar|tecnología,true,2019-05-22
PRD01623,Edición Limitada F- Rojo,Edición Limitada F- Rojo — Comics. Producto de alta calidad para viajes.,129.51,145,fitness|hogar,false,2021-06-25
PRD01624,Edición Limitada F- Azul,Edición Limitada F- Azul — Comics. Producto de alta calidad para arte.,21.25,358,jardín|viajes|gaming,true,2024-05-28
PRD01625,Kit Profesional D- Plus,Kit Profesional D- Plus — Comics. Producto de alta calidad para hogar.,2049.98,207,tecnología|juguetes,true,2022-02-28
PRD01626,Kit Profesional D- Plus,Kit Profesional D- Plus — Comics. Producto de alta calidad para electrónica.,2071.99,31,moda|libros|hogar|electrónica|tecnología,true,2022-01-09
PRD01627,Set Completo C- Pro,Set Completo C- Pro — Comics. Producto de alta calidad para deportes.,2301.46,229,belleza|gaming|viajes,true,2024-04-11
PRD01628,Modelo Estándar G 2024,Modelo Estándar G 2024 — Comics. Producto de alta calidad para moda.,1514.8,181,electrónica|cine,true,2023-03-16
PRD01629,Versión Pro H- Azul,Versión Pro H- Azul — Comics. Producto de alta calidad para juguetes.,1715.65,42,tecnología|deportes|moda,false,2023-01-27
PRD01630,Kit Profesional D- Azul,Kit Profesional D- Azul — Comics. Producto de alta calidad para fotografía.,533.65,329,mascotas|juguetes,false,2023-03-20
PRD01631,Producto Premium A 2024,Producto Premium A 2024 — Comics. Producto de alta calidad para arte.,1762.0,423,fotografía|moda|cine|arte,true,2022-04-27
PRD01632,Kit Profesional D- Pro,Kit Profesional D- Pro — Cocina Libros. Producto de alta calidad para música.,1443.49,445,tecnología|mascotas|cine|arte|cocina libros,true,2023-05-25
PRD01633,Versión Pro H 2024,Versión Pro H 2024 — Cocina Libros. Producto de alta calidad para jardín.,281.1,13,jardín|libros|música|electrónica,true,2020-10-17
PRD01634,Modelo Estándar G- Negro,Modelo Estándar G- Negro — Cocina Libros. Producto de alta calidad para hogar.,1283.77,13,belleza|jardín,true,2019-03-23
PRD01635,Modelo Estándar G,Modelo Estándar G — Cocina Libros. Producto de alta calidad para belleza.,2111.57,34,juguetes|cocina,false,2019-01-15
PRD01636,Producto Premium A,Producto Premium A — Cocina Libros. Producto de alta calidad para tecnología.,1668.6,176,libros|mascotas|cine,false,2024-11-30
PRD01637,Versión Pro H- Plus,Versión Pro H- Plus — Cocina Libros. Producto de alta calidad para libros.,1745.66,451,moda|deportes|cocina|electrónica|libros,true,2024-09-05
PRD01638,Artículo Especial B XL,Artículo Especial B XL — Cocina Libros. Producto de alta calidad para electrónica.,1087.87,103,jardín|oficina|cine|fotografía,true,2024-07-03
PRD01639,Edición Limitada F- Lite,Edición Limitada F- Lite — Cocina Libros. Producto de alta calidad para hogar.,377.49,497,juguetes|música,true,2022-12-21
PRD01640,Edición Limitada F- Lite,Edición Limitada F- Lite — Cocina Libros. Producto de alta calidad para arte.,1827.86,22,juguetes|electrónica|fotografía,true,2020-12-16
PRD01641,Versión Pro H- Pro,Versión Pro H- Pro — Cocina Libros. Producto de alta calidad para jardín.,1868.78,327,jardín|electrónica,false,2024-11-20
PRD01642,Kit Profesional D- Pro,Kit Profesional D- Pro — Cocina Libros. Producto de alta calidad para mascotas.,1828.4,134,belleza|libros,false,2024-06-30
PRD01643,Pack Básico E- Plus,Pack Básico E- Plus — Cocina Libros. Producto de alta calidad para arte.,544.32,197,oficina|gaming|arte|fitness|fotografía,false,2021-08-21
PRD01644,Artículo Especial B- Blanco,Artículo Especial B- Blanco — Cocina Libros. Producto de alta calidad para cocina.,158.65,218,libros|moda|deportes|viajes,true,2023-04-06
PRD01645,Set Completo C- Lite,Set Completo C- Lite — Cocina Libros. Producto de alta calidad para moda.,530.99,108,hogar|juguetes|deportes|jardín|viajes,true,2021-09-05
PRD01646,Kit Profesional D 2024,Kit Profesional D 2024 — Cocina Libros. Producto de alta calidad para mascotas.,1328.27,191,belleza|viajes|moda|fitness|cine,true,2024-10-12
PRD01647,Kit Profesional D- Pro,Kit Profesional D- Pro — Cocina Libros. Producto de alta calidad para belleza.,343.7,489,música|jardín|cocina libros|moda,false,2022-02-07
PRD01648,Pack Básico E- Plus,Pack Básico E- Plus — Cocina Libros. Producto de alta calidad para juguetes.,1398.53,437,hogar|música,true,2023-07-10
PRD01649,Pack Básico E- Pro,Pack Básico E- Pro — Cocina Libros. Producto de alta calidad para libros.,1428.61,70,electrónica|gaming,true,2020-11-07
PRD01650,Artículo Especial B- Plus,Artículo Especial B- Plus — Cocina Libros. Producto de alta calidad para electrónica.,1421.31,191,automóviles|jardín|fitness|tecnología|gaming,true,2022-02-08
PRD01651,Edición Limitada F- Pro,Edición Limitada F- Pro — Cocina Libros. Producto de alta calidad para libros.,755.14,342,mascotas|cocina libros|juguetes|deportes|electrónica,true,2019-10-31
PRD01652,Kit Profesional D- Rojo,Kit Profesional D- Rojo — Cocina Libros. Producto de alta calidad para deportes.,2312.86,353,viajes|arte|gaming|automóviles,true,2019-11-10
PRD01653,Versión Pro H- Pro,Versión Pro H- Pro — Cocina Libros. Producto de alta calidad para música.,2250.33,25,juguetes|libros,true,2024-02-25
PRD01654,Producto Premium A- Azul,Producto Premium A- Azul — Cocina Libros. Producto de alta calidad para viajes.,470.2,102,juguetes|arte|electrónica|oficina|jardín,true,2021-11-16
PRD01655,Modelo Estándar G 2024,Modelo Estándar G 2024 — Cocina Libros. Producto de alta calidad para juguetes.,814.66,388,electrónica|tecnología|automóviles|belleza|fitness,true,2023-06-26
PRD01656,Kit Profesional D XL,Kit Profesional D XL — Cocina Libros. Producto de alta calidad para mascotas.,44.03,399,cocina|hogar|moda|deportes,false,2020-08-20
PRD01657,Pack Básico E XL,Pack Básico E XL — Cocina Libros. Producto de alta calidad para hogar.,379.88,435,arte|cocina|juguetes,true,2019-01-06
PRD01658,Modelo Estándar G XL,Modelo Estándar G XL — Cocina Libros. Producto de alta calidad para arte.,1907.84,229,viajes|libros,true,2021-10-02
PRD01659,Kit Profesional D 2024,Kit Profesional D 2024 — Cocina Libros. Producto de alta calidad para moda.,815.75,437,automóviles|deportes|hogar|oficina,true,2024-08-07
PRD01660,Pack Básico E- Plus,Pack Básico E- Plus — Cocina Libros. Producto de alta calidad para cine.,719.3,95,cine|moda|deportes|jardín,true,2020-10-22
PRD01661,Edición Limitada F- Pro,Edición Limitada F- Pro — Cocina Libros. Producto de alta calidad para fitness.,2403.98,363,jardín|música|tecnología|oficina,true,2021-08-02
PRD01662,Set Completo C- Blanco,Set Completo C- Blanco — Negocios. Producto de alta calidad para electrónica.,1228.03,126,juguetes|fotografía|tecnología,true,2019-12-08
PRD01663,Kit Profesional D- Rojo,Kit Profesional D- Rojo — Negocios. Producto de alta calidad para jardín.,1714.53,25,cine|moda|fitness|cocina|mascotas,true,2019-07-27
PRD01664,Artículo Especial B,Artículo Especial B — Negocios. Producto de alta calidad para cocina.,846.56,323,juguetes|arte|hogar|cine|viajes,true,2019-11-02
PRD01665,Set Completo C,Set Completo C — Negocios. Producto de alta calidad para deportes.,1221.57,196,música|fotografía|hogar,true,2023-06-24
PRD01666,Edición Limitada F- Lite,Edición Limitada F- Lite — Negocios. Producto de alta calidad para viajes.,309.01,222,deportes|automóviles|fitness|cocina,false,2021-06-13
PRD01667,Edición Limitada F,Edición Limitada F — Negocios. Producto de alta calidad para fitness.,825.2,282,automóviles|fitness|deportes,true,2023-11-01
PRD01668,Versión Pro H Mini,Versión Pro H Mini — Negocios. Producto de alta calidad para fitness.,1374.27,90,arte|mascotas,true,2019-09-01
PRD01669,Set Completo C- Blanco,Set Completo C- Blanco — Negocios. Producto de alta calidad para fotografía.,1609.6,81,juguetes|hogar,true,2020-02-25
PRD01670,Artículo Especial B- Rojo,Artículo Especial B- Rojo — Negocios. Producto de alta calidad para automóviles.,1878.94,492,fotografía|tecnología,true,2021-06-05
PRD01671,Modelo Estándar G XL,Modelo Estándar G XL — Negocios. Producto de alta calidad para fitness.,2137.53,78,juguetes|hogar|fotografía,true,2023-08-16
PRD01672,Artículo Especial B- Blanco,Artículo Especial B- Blanco — Negocios. Producto de alta calidad para libros.,758.42,26,hogar|electrónica,true,2019-06-25
PRD01673,Pack Básico E- Lite,Pack Básico E- Lite — Negocios. Producto de alta calidad para electrónica.,1729.12,95,cine|arte|fotografía|belleza|deportes,true,2020-08-24
PRD01674,Kit Profesional D Mini,Kit Profesional D Mini — Negocios. Producto de alta calidad para fitness.,2391.7,97,electrónica|fitness|hogar|jardín|fotografía,true,2020-05-21
PRD01675,Artículo Especial B 2024,Artículo Especial B 2024 — Negocios. Producto de alta calidad para fitness.,480.77,451,hogar|negocios,true,2024-10-20
PRD01676,Kit Profesional D- Negro,Kit Profesional D- Negro — Negocios. Producto de alta calidad para tecnología.,728.1,372,cine|belleza|música|gaming,true,2021-10-23
PRD01677,Set Completo C- Rojo,Set Completo C- Rojo — Negocios. Producto de alta calidad para tecnología.,2497.68,71,música|cine|mascotas|deportes|gaming,true,2020-10-09
PRD01678,Kit Profesional D- Rojo,Kit Profesional D- Rojo — Negocios. Producto de alta calidad para electrónica.,1105.32,242,gaming|belleza|jardín,false,2019-06-11
PRD01679,Producto Premium A- Rojo,Producto Premium A- Rojo — Negocios. Producto de alta calidad para jardín.,1879.48,362,oficina|viajes|juguetes,false,2024-07-14
PRD01680,Versión Pro H- Rojo,Versión Pro H- Rojo — Negocios. Producto de alta calidad para deportes.,1219.55,20,belleza|mascotas,false,2020-07-03
PRD01681,Edición Limitada F- Blanco,Edición Limitada F- Blanco — Negocios. Producto de alta calidad para deportes.,1748.9,9,moda|tecnología|gaming|viajes,false,2023-02-26
PRD01682,Set Completo C- Rojo,Set Completo C- Rojo — Negocios. Producto de alta calidad para jardín.,869.16,381,libros|arte|cocina|música|jardín,true,2019-09-23
PRD01683,Set Completo C- Plus,Set Completo C- Plus — Negocios. Producto de alta calidad para belleza.,552.73,86,gaming|juguetes|belleza|fitness|música,true,2020-02-28
PRD01684,Modelo Estándar G Mini,Modelo Estándar G Mini — Negocios. Producto de alta calidad para automóviles.,1375.46,10,negocios|música|electrónica,false,2023-10-13
PRD01685,Producto Premium A- Rojo,Producto Premium A- Rojo — Negocios. Producto de alta calidad para gaming.,2259.95,40,negocios|gaming|arte,true,2024-02-14
PRD01686,Kit Profesional D- Negro,Kit Profesional D- Negro — Negocios. Producto de alta calidad para viajes.,1484.96,163,jardín|juguetes,true,2019-11-28
PRD01687,Pack Básico E- Plus,Pack Básico E- Plus — Negocios. Producto de alta calidad para mascotas.,2038.66,245,arte|tecnología,true,2019-01-14
PRD01688,Producto Premium A 2024,Producto Premium A 2024 — Negocios. Producto de alta calidad para electrónica.,498.56,193,juguetes|fotografía|negocios|cine,false,2022-11-20
PRD01689,Modelo Estándar G- Blanco,Modelo Estándar G- Blanco — Negocios. Producto de alta calidad para juguetes.,2336.24,183,gaming|belleza,true,2022-08-25
PRD01690,Pack Básico E 2024,Pack Básico E 2024 — Negocios. Producto de alta calidad para fitness.,2251.06,51,arte|cocina|música|juguetes,true,2022-09-25
PRD01691,Kit Profesional D,Kit Profesional D — Negocios. Producto de alta calidad para viajes.,245.19,337,oficina|deportes|arte|fotografía,true,2023-08-21
PRD01692,Artículo Especial B- Negro,Artículo Especial B- Negro — Negocios. Producto de alta calidad para hogar.,1247.22,344,oficina|jardín,true,2022-11-04
PRD01693,Kit Profesional D- Lite,Kit Profesional D- Lite — Arte Libros. Producto de alta calidad para gaming.,633.26,254,oficina|tecnología|fitness|arte libros,true,2024-07-05
PRD01694,Set Completo C- Azul,Set Completo C- Azul — Arte Libros. Producto de alta calidad para moda.,1968.18,363,libros|jardín|mascotas|automóviles,true,2024-03-24
PRD01695,Set Completo C- Azul,Set Completo C- Azul — Arte Libros. Producto de alta calidad para automóviles.,205.04,417,libros|automóviles,true,2019-09-16
PRD01696,Edición Limitada F- Rojo,Edición Limitada F- Rojo — Arte Libros. Producto de alta calidad para juguetes.,1105.88,216,fitness|libros|hogar|deportes|música,true,2022-07-23
PRD01697,Versión Pro H- Azul,Versión Pro H- Azul — Arte Libros. Producto de alta calidad para gaming.,1517.78,53,deportes|fotografía,true,2021-04-23
PRD01698,Modelo Estándar G- Blanco,Modelo Estándar G- Blanco — Arte Libros. Producto de alta calidad para tecnología.,1954.77,13,moda|jardín|fitness,true,2021-11-28
PRD01699,Artículo Especial B 2024,Artículo Especial B 2024 — Arte Libros. Producto de alta calidad para deportes.,748.11,346,gaming|jardín,true,2023-03-05
PRD01700,Producto Premium A- Blanco,Producto Premium A- Blanco — Arte Libros. Producto de alta calidad para tecnología.,764.86,278,automóviles|libros,true,2021-11-01
PRD01701,Versión Pro H,Versión Pro H — Arte Libros. Producto de alta calidad para belleza.,161.39,228,automóviles|cocina|jardín,true,2024-04-11
PRD01702,Set Completo C- Negro,Set Completo C- Negro — Arte Libros. Producto de alta calidad para viajes.,2155.39,340,juguetes|oficina|arte libros|mascotas,true,2019-02-14
PRD01703,Producto Premium A- Rojo,Producto Premium A- Rojo — Arte Libros. Producto de alta calidad para fotografía.,643.25,156,arte libros|fotografía|mascotas,true,2021-04-19
PRD01704,Artículo Especial B,Artículo Especial B — Arte Libros. Producto de alta calidad para deportes.,2109.42,6,arte|deportes|moda|tecnología|fotografía,true,2019-01-08
PRD01705,Artículo Especial B- Azul,Artículo Especial B- Azul — Arte Libros. Producto de alta calidad para juguetes.,919.14,155,gaming|fitness,true,2024-02-08
PRD01706,Producto Premium A- Plus,Producto Premium A- Plus — Arte Libros. Producto de alta calidad para libros.,1061.04,336,libros|gaming|arte,true,2024-03-16
PRD01707,Versión Pro H- Lite,Versión Pro H- Lite — Arte Libros. Producto de alta calidad para belleza.,2228.6,463,automóviles|oficina,false,2024-07-27
PRD01708,Versión Pro H- Lite,Versión Pro H- Lite — Arte Libros. Producto de alta calidad para libros.,1203.56,404,electrónica|arte|deportes|viajes|automóviles,true,2019-11-10
PRD01709,Artículo Especial B 2024,Artículo Especial B 2024 — Arte Libros. Producto de alta calidad para mascotas.,109.09,115,oficina|electrónica|música,true,2024-09-06
PRD01710,Pack Básico E- Pro,Pack Básico E- Pro — Arte Libros. Producto de alta calidad para jardín.,801.12,475,juguetes|cocina,true,2024-08-15
PRD01711,Versión Pro H- Azul,Versión Pro H- Azul — Arte Libros. Producto de alta calidad para fotografía.,1249.08,372,hogar|belleza|oficina|tecnología,true,2023-07-08
PRD01712,Kit Profesional D Mini,Kit Profesional D Mini — Arte Libros. Producto de alta calidad para fitness.,2013.12,317,arte|mascotas,true,2024-09-19
PRD01713,Artículo Especial B 2024,Artículo Especial B 2024 — Arte Libros. Producto de alta calidad para fotografía.,907.43,307,gaming|cine|libros|moda,true,2022-02-16
PRD01714,Kit Profesional D XL,Kit Profesional D XL — Arte Libros. Producto de alta calidad para jardín.,793.92,116,electrónica|deportes|juguetes,true,2019-05-08
PRD01715,Modelo Estándar G- Plus,Modelo Estándar G- Plus — Arte Libros. Producto de alta calidad para arte.,1848.51,100,libros|moda,false,2019-11-02
PRD01716,Pack Básico E- Blanco,Pack Básico E- Blanco — Arte Libros. Producto de alta calidad para fitness.,1707.69,386,arte|arte libros,true,2022-11-27
PRD01717,Edición Limitada F- Rojo,Edición Limitada F- Rojo — Arte Libros. Producto de alta calidad para automóviles.,1142.8,275,moda|electrónica|automóviles|jardín,true,2024-08-23
PRD01718,Set Completo C- Negro,Set Completo C- Negro — Arte Libros. Producto de alta calidad para cocina.,1950.17,11,moda|electrónica,true,2019-02-07
PRD01719,Versión Pro H- Negro,Versión Pro H- Negro — Arte Libros. Producto de alta calidad para arte.,1009.32,342,música|fotografía,false,2023-12-22
PRD01720,Producto Premium A- Rojo,Producto Premium A- Rojo — Arte Libros. Producto de alta calidad para mascotas.,1382.12,41,tecnología|fotografía,false,2023-08-02
PRD01721,Pack Básico E- Rojo,Pack Básico E- Rojo — Arte Libros. Producto de alta calidad para moda.,755.04,356,jardín|libros|fotografía,true,2024-07-31
PRD01722,Modelo Estándar G- Plus,Modelo Estándar G- Plus — Arte Libros. Producto de alta calidad para electrónica.,2449.26,238,hogar|tecnología,true,2024-08-18
PRD01723,Kit Profesional D- Azul,Kit Profesional D- Azul — Arte Libros. Producto de alta calidad para gaming.,1733.88,402,fitness|electrónica|moda,true,2022-04-18
PRD01724,Kit Profesional D- Blanco,Kit Profesional D- Blanco — Viaje Libros. Producto de alta calidad para oficina.,1644.88,415,cine|jardín|automóviles|mascotas,true,2021-11-16
PRD01725,Kit Profesional D Mini,Kit Profesional D Mini — Viaje Libros. Producto de alta calidad para electrónica.,1286.0,226,cocina|gaming,true,2020-02-19
PRD01726,Pack Básico E- Lite,Pack Básico E- Lite — Viaje Libros. Producto de alta calidad para hogar.,709.86,53,fotografía|electrónica|tecnología,true,2024-11-30
PRD01727,Producto Premium A- Negro,Producto Premium A- Negro — Viaje Libros. Producto de alta calidad para cine.,2036.11,417,fotografía|gaming|libros|oficina|deportes,true,2023-01-03
PRD01728,Artículo Especial B 2024,Artículo Especial B 2024 — Viaje Libros. Producto de alta calidad para mascotas.,921.17,29,música|electrónica,true,2019-11-27
PRD01729,Kit Profesional D- Rojo,Kit Profesional D- Rojo — Viaje Libros. Producto de alta calidad para arte.,1823.45,454,electrónica|cocina|viajes,false,2020-09-25
PRD01730,Versión Pro H- Rojo,Versión Pro H- Rojo — Viaje Libros. Producto de alta calidad para deportes.,952.96,448,fitness|viajes,true,2022-07-15
PRD01731,Kit Profesional D- Negro,Kit Profesional D- Negro — Viaje Libros. Producto de alta calidad para hogar.,277.51,303,fitness|cocina,true,2019-09-30
PRD01732,Set Completo C,Set Completo C — Viaje Libros. Producto de alta calidad para moda.,1625.79,401,tecnología|mascotas|hogar|gaming|cine,true,2021-04-15
PRD01733,Edición Limitada F- Blanco,Edición Limitada F- Blanco — Viaje Libros. Producto de alta calidad para electrónica.,414.06,334,deportes|fotografía|cocina,true,2023-10-03
PRD01734,Edición Limitada F- Azul,Edición Limitada F- Azul — Viaje Libros. Producto de alta calidad para hogar.,313.62,493,libros|fitness|jardín|hogar,true,2023-08-04
PRD01735,Pack Básico E- Rojo,Pack Básico E- Rojo — Viaje Libros. Producto de alta calidad para fitness.,691.65,107,jardín|deportes|belleza,false,2022-09-11
PRD01736,Edición Limitada F 2024,Edición Limitada F 2024 — Viaje Libros. Producto de alta calidad para moda.,1800.99,273,cine|automóviles|libros,true,2023-02-19
PRD01737,Pack Básico E XL,Pack Básico E XL — Viaje Libros. Producto de alta calidad para juguetes.,491.16,117,moda|música|viajes|libros,true,2023-02-26
PRD01738,Producto Premium A- Azul,Producto Premium A- Azul — Viaje Libros. Producto de alta calidad para mascotas.,80.5,161,viaje libros|música|automóviles|juguetes,true,2019-04-25
PRD01739,Versión Pro H Mini,Versión Pro H Mini — Viaje Libros. Producto de alta calidad para cocina.,2021.7,403,juguetes|electrónica,true,2023-01-17
PRD01740,Set Completo C- Pro,Set Completo C- Pro — Viaje Libros. Producto de alta calidad para fotografía.,1224.2,398,cocina|mascotas|oficina,true,2021-11-02
PRD01741,Modelo Estándar G- Rojo,Modelo Estándar G- Rojo — Viaje Libros. Producto de alta calidad para moda.,709.37,222,moda|fotografía|jardín,true,2019-08-05
PRD01742,Modelo Estándar G XL,Modelo Estándar G XL — Viaje Libros. Producto de alta calidad para arte.,1088.8,412,cine|fotografía|belleza,true,2024-02-17
PRD01743,Kit Profesional D- Plus,Kit Profesional D- Plus — Viaje Libros. Producto de alta calidad para tecnología.,1634.8,298,juguetes|gaming|belleza|arte|fotografía,true,2023-04-05
PRD01744,Set Completo C- Negro,Set Completo C- Negro — Viaje Libros. Producto de alta calidad para cocina.,1172.13,414,cocina|tecnología,true,2023-01-16
PRD01745,Kit Profesional D XL,Kit Profesional D XL — Viaje Libros. Producto de alta calidad para electrónica.,357.63,15,moda|deportes|jardín|viaje libros|gaming,false,2021-11-01
PRD01746,Set Completo C- Lite,Set Completo C- Lite — Viaje Libros. Producto de alta calidad para cine.,745.14,396,arte|hogar|mascotas,true,2020-05-24
PRD01747,Kit Profesional D- Blanco,Kit Profesional D- Blanco — Viaje Libros. Producto de alta calidad para automóviles.,620.08,132,moda|gaming|juguetes|fotografía,true,2024-09-13
PRD01748,Set Completo C- Plus,Set Completo C- Plus — Viaje Libros. Producto de alta calidad para juguetes.,1966.96,466,libros|gaming|jardín|deportes,true,2024-08-07
PRD01749,Modelo Estándar G- Rojo,Modelo Estándar G- Rojo — Viaje Libros. Producto de alta calidad para hogar.,2107.59,88,fotografía|oficina|arte|juguetes,false,2024-09-07
PRD01750,Kit Profesional D- Negro,Kit Profesional D- Negro — Viaje Libros. Producto de alta calidad para cocina.,575.31,461,fotografía|libros|electrónica|hogar|automóviles,true,2020-08-17
PRD01751,Set Completo C- Azul,Set Completo C- Azul — Viaje Libros. Producto de alta calidad para jardín.,971.72,470,cine|libros|mascotas,true,2024-03-05
PRD01752,Producto Premium A Mini,Producto Premium A Mini — Viaje Libros. Producto de alta calidad para deportes.,1661.13,83,moda|cocina|cine|fitness,false,2020-02-11
PRD01753,Kit Profesional D 2024,Kit Profesional D 2024 — Viaje Libros. Producto de alta calidad para libros.,878.79,272,hogar|tecnología,true,2020-07-10
PRD01754,Producto Premium A- Plus,Producto Premium A- Plus — Viaje Libros. Producto de alta calidad para libros.,428.42,226,viaje libros|fitness|juguetes|arte,false,2024-11-24
PRD01755,Versión Pro H- Plus,Versión Pro H- Plus — Viaje Libros. Producto de alta calidad para gaming.,1749.53,419,música|viajes|oficina|fitness,false,2021-06-07
PRD01756,Contorno Ojos- Blanco,Contorno Ojos- Blanco — Skincare. Producto de alta calidad para hogar.,2063.06,21,automóviles|viajes|jardín|música|deportes,true,2022-11-12
PRD01757,Crema Hidratante SPF50- Lite,Crema Hidratante SPF50- Lite — Skincare. Producto de alta calidad para cocina.,1892.69,99,mascotas|electrónica,true,2019-10-05
PRD01758,Contorno Ojos 2024,Contorno Ojos 2024 — Skincare. Producto de alta calidad para mascotas.,175.37,127,juguetes|cine|fitness|viajes|mascotas,true,2022-12-31
PRD01759,Serum Vitamina C- Pro,Serum Vitamina C- Pro — Skincare. Producto de alta calidad para belleza.,1400.78,232,tecnología|belleza|juguetes,true,2019-09-26
PRD01760,Serum Vitamina C Mini,Serum Vitamina C Mini — Skincare. Producto de alta calidad para hogar.,1170.35,66,moda|mascotas|viajes|gaming,false,2021-07-21
PRD01761,Crema Hidratante SPF50- Rojo,Crema Hidratante SPF50- Rojo — Skincare. Producto de alta calidad para electrónica.,853.01,342,fotografía|automóviles,true,2020-10-16
PRD01762,Mascarilla Arcilla Mini,Mascarilla Arcilla Mini — Skincare. Producto de alta calidad para tecnología.,1032.88,311,automóviles|libros,true,2019-03-17
PRD01763,Tónico Ácido Hialurónico- Blanco,Tónico Ácido Hialurónico- Blanco — Skincare. Producto de alta calidad para hogar.,218.05,267,tecnología|belleza|mascotas,true,2020-10-03
PRD01764,Limpiador Facial- Blanco,Limpiador Facial- Blanco — Skincare. Producto de alta calidad para libros.,1036.75,120,oficina|fitness|juguetes,true,2019-06-04
PRD01765,Serum Vitamina C- Pro,Serum Vitamina C- Pro — Skincare. Producto de alta calidad para viajes.,1974.95,85,arte|hogar|electrónica|skincare|juguetes,true,2019-05-02
PRD01766,Serum Vitamina C 2024,Serum Vitamina C 2024 — Skincare. Producto de alta calidad para deportes.,2215.54,238,jardín|tecnología,true,2022-03-05
PRD01767,Serum Vitamina C- Blanco,Serum Vitamina C- Blanco — Skincare. Producto de alta calidad para mascotas.,1112.04,332,hogar|gaming|tecnología|moda,true,2023-09-30
PRD01768,Mascarilla Arcilla- Plus,Mascarilla Arcilla- Plus — Skincare. Producto de alta calidad para fotografía.,1471.31,171,fitness|belleza|skincare|tecnología,true,2020-02-02
PRD01769,Limpiador Facial XL,Limpiador Facial XL — Skincare. Producto de alta calidad para electrónica.,1694.5,91,música|gaming|cine|jardín|fotografía,false,2020-06-08
PRD01770,Limpiador Facial- Negro,Limpiador Facial- Negro — Skincare. Producto de alta calidad para belleza.,103.2,138,fotografía|libros,true,2021-07-14
PRD01771,Serum Vitamina C Mini,Serum Vitamina C Mini — Skincare. Producto de alta calidad para viajes.,2192.47,475,cine|libros|hogar|mascotas,true,2021-12-04
PRD01772,Mascarilla Arcilla- Azul,Mascarilla Arcilla- Azul — Skincare. Producto de alta calidad para electrónica.,644.74,284,hogar|jardín|cine|electrónica,false,2019-05-18
PRD01773,Mascarilla Arcilla 2024,Mascarilla Arcilla 2024 — Skincare. Producto de alta calidad para moda.,1553.38,202,belleza|fitness|electrónica|cocina,false,2019-12-19
PRD01774,Tónico Ácido Hialurónico Mini,Tónico Ácido Hialurónico Mini — Skincare. Producto de alta calidad para juguetes.,1262.49,230,jardín|fotografía|deportes,true,2021-08-25
PRD01775,Crema Hidratante SPF50- Plus,Crema Hidratante SPF50- Plus — Skincare. Producto de alta calidad para jardín.,2197.64,379,moda|deportes|música|cocina|viajes,true,2020-03-24
PRD01776,Limpiador Facial Mini,Limpiador Facial Mini — Skincare. Producto de alta calidad para electrónica.,1368.72,1,cocina|gaming|electrónica,true,2022-01-12
PRD01777,Serum Vitamina C- Plus,Serum Vitamina C- Plus — Skincare. Producto de alta calidad para arte.,2005.49,201,cine|arte|deportes,true,2024-01-06
PRD01778,Tónico Ácido Hialurónico XL,Tónico Ácido Hialurónico XL — Skincare. Producto de alta calidad para fitness.,1176.71,397,moda|gaming|música,false,2021-05-03
PRD01779,Serum Vitamina C- Blanco,Serum Vitamina C- Blanco — Skincare. Producto de alta calidad para tecnología.,389.98,13,cine|mascotas|música|deportes,true,2021-10-17
PRD01780,Tónico Ácido Hialurónico Mini,Tónico Ácido Hialurónico Mini — Skincare. Producto de alta calidad para música.,358.94,174,juguetes|hogar|arte|gaming,false,2022-06-03
PRD01781,Tónico Ácido Hialurónico,Tónico Ácido Hialurónico — Skincare. Producto de alta calidad para fitness.,1962.28,469,juguetes|belleza,false,2019-01-04
PRD01782,Exfoliante 2024,Exfoliante 2024 — Skincare. Producto de alta calidad para tecnología.,1745.97,103,jardín|oficina|moda,true,2021-04-21
PRD01783,Serum Vitamina C- Azul,Serum Vitamina C- Azul — Skincare. Producto de alta calidad para oficina.,1087.04,455,fitness|viajes|libros|automóviles|skincare,false,2021-12-29
PRD01784,Setting Spray,Setting Spray — Maquillaje. Producto de alta calidad para hogar.,684.53,425,moda|jardín|maquillaje|tecnología|mascotas,true,2023-03-26
PRD01785,Setting Spray- Azul,Setting Spray- Azul — Maquillaje. Producto de alta calidad para mascotas.,1960.92,158,electrónica|moda|oficina,true,2019-11-21
PRD01786,Paleta Sombras- Lite,Paleta Sombras- Lite — Maquillaje. Producto de alta calidad para arte.,1094.47,456,deportes|cine|gaming|automóviles|electrónica,false,2019-11-21
PRD01787,Iluminador- Plus,Iluminador- Plus — Maquillaje. Producto de alta calidad para jardín.,2084.18,62,tecnología|fitness|cocina|arte,true,2023-11-26
PRD01788,Máscara Pestañas 2024,Máscara Pestañas 2024 — Maquillaje. Producto de alta calidad para deportes.,1267.23,128,fotografía|deportes|cocina|música|mascotas,true,2021-08-15
PRD01789,Iluminador XL,Iluminador XL — Maquillaje. Producto de alta calidad para libros.,209.98,104,música|jardín|viajes|cocina|maquillaje,true,2020-10-21
PRD01790,Corrector XL,Corrector XL — Maquillaje. Producto de alta calidad para electrónica.,1964.77,357,hogar|fitness|juguetes,true,2019-02-28
PRD01791,Paleta Sombras- Blanco,Paleta Sombras- Blanco — Maquillaje. Producto de alta calidad para arte.,2370.45,214,fotografía|cocina,false,2021-11-25
PRD01792,Setting Spray- Plus,Setting Spray- Plus — Maquillaje. Producto de alta calidad para cine.,280.61,199,arte|cocina,true,2024-03-18
PRD01793,Máscara Pestañas- Pro,Máscara Pestañas- Pro — Maquillaje. Producto de alta calidad para arte.,1007.66,225,belleza|juguetes|gaming|deportes|hogar,false,2022-06-24
PRD01794,Labial Matte Mini,Labial Matte Mini — Maquillaje. Producto de alta calidad para mascotas.,1005.17,498,cine|arte|mascotas|jardín|maquillaje,false,2021-10-27
PRD01795,Base Líquida 2024,Base Líquida 2024 — Maquillaje. Producto de alta calidad para juguetes.,2125.42,223,libros|tecnología|automóviles|fitness,true,2020-07-26
PRD01796,Máscara Pestañas- Pro,Máscara Pestañas- Pro — Maquillaje. Producto de alta calidad para mascotas.,159.75,270,deportes|mascotas|arte,true,2024-10-28
PRD01797,Corrector 2024,Corrector 2024 — Maquillaje. Producto de alta calidad para jardín.,358.65,39,libros|electrónica|arte|fotografía|cocina,true,2019-01-21
PRD01798,Iluminador,Iluminador — Maquillaje. Producto de alta calidad para cocina.,1615.16,17,oficina|música|belleza|electrónica|gaming,true,2023-11-04
PRD01799,Labial Matte- Plus,Labial Matte- Plus — Maquillaje. Producto de alta calidad para gaming.,509.41,83,fotografía|jardín|oficina,true,2019-06-03
PRD01800,Máscara Pestañas- Azul,Máscara Pestañas- Azul — Maquillaje. Producto de alta calidad para juguetes.,1362.24,420,viajes|deportes,true,2021-02-16
PRD01801,Paleta Sombras,Paleta Sombras — Maquillaje. Producto de alta calidad para cocina.,2003.42,342,hogar|maquillaje,true,2024-09-13
PRD01802,Labial Matte- Pro,Labial Matte- Pro — Maquillaje. Producto de alta calidad para arte.,1310.06,68,automóviles|belleza|fitness|juguetes,true,2022-08-02
PRD01803,Máscara Pestañas- Blanco,Máscara Pestañas- Blanco — Maquillaje. Producto de alta calidad para cocina.,1033.11,177,hogar|fitness|deportes|cocina|viajes,false,2024-02-17
PRD01804,Iluminador 2024,Iluminador 2024 — Maquillaje. Producto de alta calidad para automóviles.,2394.33,233,fitness|deportes|electrónica,true,2021-03-29
PRD01805,Iluminador- Azul,Iluminador- Azul — Maquillaje. Producto de alta calidad para viajes.,2433.58,413,arte|cine|jardín|juguetes,true,2021-10-10
PRD01806,Iluminador 2024,Iluminador 2024 — Maquillaje. Producto de alta calidad para moda.,820.92,354,cocina|deportes|electrónica|belleza|libros,true,2023-05-05
PRD01807,Corrector XL,Corrector XL — Maquillaje. Producto de alta calidad para oficina.,663.02,156,jardín|libros,false,2023-10-06
PRD01808,Labial Matte- Blanco,Labial Matte- Blanco — Maquillaje. Producto de alta calidad para arte.,347.78,428,cine|belleza|fotografía,true,2024-11-21
PRD01809,Labial Matte XL,Labial Matte XL — Maquillaje. Producto de alta calidad para libros.,2032.57,335,viajes|jardín|mascotas|moda|deportes,false,2019-01-17
PRD01810,Setting Spray- Negro,Setting Spray- Negro — Maquillaje. Producto de alta calidad para tecnología.,2140.87,96,oficina|fitness,false,2020-06-05
PRD01811,Paleta Sombras- Negro,Paleta Sombras- Negro — Maquillaje. Producto de alta calidad para arte.,1432.47,374,hogar|arte|deportes,false,2022-01-27
PRD01812,Paleta Sombras- Rojo,Paleta Sombras- Rojo — Maquillaje. Producto de alta calidad para jardín.,239.16,208,jardín|música|libros|moda,true,2022-10-10
PRD01813,Iluminador- Azul,Iluminador- Azul — Maquillaje. Producto de alta calidad para libros.,393.37,196,arte|moda|automóviles,true,2021-02-11
PRD01814,Máscara Pestañas- Azul,Máscara Pestañas- Azul — Maquillaje. Producto de alta calidad para fitness.,591.37,160,cocina|tecnología,true,2024-07-18
PRD01815,Base Líquida Mini,Base Líquida Mini — Maquillaje. Producto de alta calidad para arte.,1325.4,25,música|moda|libros|fotografía,false,2021-02-15
PRD01816,Edición Limitada F,Edición Limitada F — Cabello. Producto de alta calidad para tecnología.,140.0,71,gaming|música|automóviles,true,2024-03-22
PRD01817,Pack Básico E,Pack Básico E — Cabello. Producto de alta calidad para belleza.,1172.8,89,viajes|deportes|tecnología|juguetes,true,2020-01-30
PRD01818,Edición Limitada F- Azul,Edición Limitada F- Azul — Cabello. Producto de alta calidad para fitness.,1226.35,131,mascotas|cabello|gaming,false,2022-12-23
PRD01819,Modelo Estándar G- Negro,Modelo Estándar G- Negro — Cabello. Producto de alta calidad para belleza.,847.2,474,libros|electrónica|arte|mascotas|gaming,true,2022-06-23
PRD01820,Pack Básico E- Plus,Pack Básico E- Plus — Cabello. Producto de alta calidad para fitness.,1018.69,456,música|cine,true,2020-03-09
PRD01821,Kit Profesional D XL,Kit Profesional D XL — Cabello. Producto de alta calidad para libros.,1159.36,492,oficina|cocina|música,true,2019-07-28
PRD01822,Edición Limitada F,Edición Limitada F — Cabello. Producto de alta calidad para gaming.,2077.11,291,viajes|cocina,true,2021-06-30
PRD01823,Modelo Estándar G- Blanco,Modelo Estándar G- Blanco — Cabello. Producto de alta calidad para mascotas.,2229.64,96,oficina|belleza|fitness|automóviles|música,true,2024-01-03
PRD01824,Artículo Especial B- Blanco,Artículo Especial B- Blanco — Cabello. Producto de alta calidad para libros.,2297.8,226,gaming|electrónica,true,2020-03-25
PRD01825,Kit Profesional D XL,Kit Profesional D XL — Cabello. Producto de alta calidad para deportes.,2006.09,215,fitness|electrónica|deportes|fotografía,true,2019-12-12
PRD01826,Set Completo C,Set Completo C — Cabello. Producto de alta calidad para viajes.,1794.27,201,cabello|fitness|deportes|moda|tecnología,true,2021-10-26
PRD01827,Kit Profesional D- Lite,Kit Profesional D- Lite — Cabello. Producto de alta calidad para juguetes.,1873.13,47,fotografía|cocina|viajes|música,true,2023-09-10
PRD01828,Set Completo C- Blanco,Set Completo C- Blanco — Cabello. Producto de alta calidad para música.,1161.15,470,cabello|moda,false,2020-09-07
PRD01829,Modelo Estándar G 2024,Modelo Estándar G 2024 — Cabello. Producto de alta calidad para electrónica.,1273.99,471,fitness|música|electrónica,true,2024-09-08
PRD01830,Versión Pro H- Negro,Versión Pro H- Negro — Cabello. Producto de alta calidad para viajes.,474.95,20,oficina|viajes,true,2023-03-05
PRD01831,Producto Premium A XL,Producto Premium A XL — Cabello. Producto de alta calidad para fitness.,533.21,263,moda|jardín,false,2020-07-29
PRD01832,Versión Pro H- Plus,Versión Pro H- Plus — Cabello. Producto de alta calidad para música.,1035.9,283,fotografía|cine|arte|belleza,true,2024-05-17
PRD01833,Versión Pro H Mini,Versión Pro H Mini — Cabello. Producto de alta calidad para viajes.,689.17,112,gaming|fotografía,true,2023-09-22
PRD01834,Pack Básico E- Lite,Pack Básico E- Lite — Cabello. Producto de alta calidad para fitness.,2345.99,151,cabello|jardín|automóviles|fotografía,false,2019-09-24
PRD01835,Kit Profesional D- Pro,Kit Profesional D- Pro — Cabello. Producto de alta calidad para deportes.,1240.23,418,electrónica|fitness,true,2022-07-08
PRD01836,Artículo Especial B- Plus,Artículo Especial B- Plus — Cabello. Producto de alta calidad para tecnología.,821.39,21,juguetes|cine|arte|cabello|jardín,true,2023-08-14
PRD01837,Kit Profesional D- Plus,Kit Profesional D- Plus — Cabello. Producto de alta calidad para cocina.,1843.22,326,libros|música|juguetes|cine,true,2024-10-13
PRD01838,Artículo Especial B,Artículo Especial B — Cabello. Producto de alta calidad para fitness.,235.99,180,música|libros|fitness,false,2021-12-23
PRD01839,Edición Limitada F- Azul,Edición Limitada F- Azul — Cabello. Producto de alta calidad para deportes.,1035.97,145,cabello|libros|gaming|mascotas|cine,true,2022-01-23
PRD01840,Modelo Estándar G- Rojo,Modelo Estándar G- Rojo — Cabello. Producto de alta calidad para gaming.,120.36,404,moda|música|mascotas,false,2019-11-14
PRD01841,Set Completo C- Blanco,Set Completo C- Blanco — Cabello. Producto de alta calidad para fotografía.,907.45,456,hogar|tecnología|viajes,true,2020-08-31
PRD01842,Set Completo C- Blanco,Set Completo C- Blanco — Cabello. Producto de alta calidad para tecnología.,2244.94,235,moda|deportes|fotografía|cine,false,2021-12-02
PRD01843,Edición Limitada F- Azul,Edición Limitada F- Azul — Cabello. Producto de alta calidad para fotografía.,1348.55,384,belleza|electrónica,false,2021-05-20
PRD01844,Modelo Estándar G- Plus,Modelo Estándar G- Plus — Cabello. Producto de alta calidad para fotografía.,1266.92,204,moda|electrónica,false,2022-06-26
PRD01845,Modelo Estándar G XL,Modelo Estándar G XL — Fragancias. Producto de alta calidad para viajes.,1701.62,265,belleza|gaming|jardín|tecnología,false,2022-06-20
PRD01846,Set Completo C Mini,Set Completo C Mini — Fragancias. Producto de alta calidad para jardín.,1450.31,84,tecnología|automóviles|fitness|juguetes,false,2022-09-30
PRD01847,Set Completo C- Lite,Set Completo C- Lite — Fragancias. Producto de alta calidad para mascotas.,1122.58,125,juguetes|libros|viajes|oficina|fitness,true,2020-10-12
PRD01848,Modelo Estándar G 2024,Modelo Estándar G 2024 — Fragancias. Producto de alta calidad para gaming.,1171.47,129,mascotas|moda|cocina,true,2021-02-27
PRD01849,Modelo Estándar G- Lite,Modelo Estándar G- Lite — Fragancias. Producto de alta calidad para deportes.,1500.74,279,hogar|moda|arte|fragancias|fotografía,true,2023-05-02
PRD01850,Modelo Estándar G 2024,Modelo Estándar G 2024 — Fragancias. Producto de alta calidad para oficina.,1740.02,495,música|automóviles|belleza|cine|oficina,true,2024-04-12
PRD01851,Pack Básico E- Rojo,Pack Básico E- Rojo — Fragancias. Producto de alta calidad para oficina.,1302.75,362,tecnología|gaming|arte|deportes,true,2023-10-16
PRD01852,Modelo Estándar G- Negro,Modelo Estándar G- Negro — Fragancias. Producto de alta calidad para gaming.,2125.99,444,fotografía|cocina|moda,true,2021-07-22
PRD01853,Kit Profesional D 2024,Kit Profesional D 2024 — Fragancias. Producto de alta calidad para cocina.,1450.36,240,hogar|cine,false,2021-02-19
PRD01854,Artículo Especial B- Blanco,Artículo Especial B- Blanco — Fragancias. Producto de alta calidad para deportes.,1580.94,397,mascotas|fragancias|gaming,true,2019-01-10
PRD01855,Set Completo C,Set Completo C — Fragancias. Producto de alta calidad para música.,244.02,15,cine|viajes,true,2023-02-12
PRD01856,Set Completo C- Azul,Set Completo C- Azul — Fragancias. Producto de alta calidad para gaming.,544.54,416,arte|libros,false,2021-03-09
PRD01857,Kit Profesional D Mini,Kit Profesional D Mini — Fragancias. Producto de alta calidad para deportes.,1486.15,85,fotografía|tecnología,false,2020-12-27
PRD01858,Producto Premium A- Blanco,Producto Premium A- Blanco — Fragancias. Producto de alta calidad para hogar.,1212.35,93,hogar|belleza|jardín,true,2019-05-24
PRD01859,Producto Premium A- Azul,Producto Premium A- Azul — Fragancias. Producto de alta calidad para juguetes.,1590.83,357,electrónica|mascotas,true,2023-06-22
PRD01860,Producto Premium A,Producto Premium A — Fragancias. Producto de alta calidad para electrónica.,1598.94,192,fragancias|juguetes,true,2019-11-21
PRD01861,Kit Profesional D- Blanco,Kit Profesional D- Blanco — Fragancias. Producto de alta calidad para mascotas.,2478.01,58,fotografía|automóviles|gaming|cocina,true,2024-09-21
PRD01862,Artículo Especial B- Pro,Artículo Especial B- Pro — Fragancias. Producto de alta calidad para belleza.,288.35,231,mascotas|fotografía|jardín|hogar,true,2019-08-28
PRD01863,Set Completo C- Plus,Set Completo C- Plus — Fragancias. Producto de alta calidad para moda.,2110.2,319,belleza|música|moda,true,2019-08-07
PRD01864,Producto Premium A 2024,Producto Premium A 2024 — Fragancias. Producto de alta calidad para música.,450.91,57,fotografía|juguetes|hogar,false,2021-04-19
PRD01865,Producto Premium A,Producto Premium A — Fragancias. Producto de alta calidad para libros.,1746.25,349,oficina|viajes|música|cocina,true,2021-08-14
PRD01866,Set Completo C- Plus,Set Completo C- Plus — Fragancias. Producto de alta calidad para hogar.,225.2,223,música|arte|libros|moda|fragancias,false,2020-04-02
PRD01867,Edición Limitada F- Rojo,Edición Limitada F- Rojo — Fragancias. Producto de alta calidad para tecnología.,2226.89,51,automóviles|viajes|música,true,2024-07-16
PRD01868,Modelo Estándar G- Plus,Modelo Estándar G- Plus — Fragancias. Producto de alta calidad para belleza.,2468.1,210,hogar|jardín,true,2024-04-02
PRD01869,Producto Premium A- Blanco,Producto Premium A- Blanco — Fragancias. Producto de alta calidad para música.,995.46,221,hogar|fitness|viajes|automóviles,false,2021-11-16
PRD01870,Kit Profesional D,Kit Profesional D — Fragancias. Producto de alta calidad para fitness.,750.67,106,música|moda|juguetes,true,2024-06-02
PRD01871,Pack Básico E Mini,Pack Básico E Mini — Fragancias. Producto de alta calidad para cocina.,198.62,399,arte|viajes,true,2024-11-07
PRD01872,Producto Premium A Mini,Producto Premium A Mini — Fragancias. Producto de alta calidad para automóviles.,11.56,163,tecnología|electrónica|fitness|juguetes,true,2021-11-28
PRD01873,Pack Básico E- Lite,Pack Básico E- Lite — Fragancias. Producto de alta calidad para oficina.,630.01,251,electrónica|moda|gaming|mascotas|automóviles,true,2024-01-26
PRD01874,Producto Premium A 2024,Producto Premium A 2024 — Fragancias. Producto de alta calidad para moda.,685.14,173,tecnología|electrónica|cine,true,2022-04-19
PRD01875,Edición Limitada F- Pro,Edición Limitada F- Pro — Fragancias. Producto de alta calidad para música.,2257.41,232,deportes|mascotas,false,2023-12-15
PRD01876,Set Completo C 2024,Set Completo C 2024 — Hombre Cuidado. Producto de alta calidad para libros.,2117.64,5,juguetes|tecnología|hogar,true,2021-08-25
PRD01877,Artículo Especial B- Negro,Artículo Especial B- Negro — Hombre Cuidado. Producto de alta calidad para cine.,74.08,273,deportes|viajes|cocina,true,2021-03-11
PRD01878,Artículo Especial B XL,Artículo Especial B XL — Hombre Cuidado. Producto de alta calidad para cine.,451.03,161,arte|tecnología,true,2019-06-19
PRD01879,Artículo Especial B Mini,Artículo Especial B Mini — Hombre Cuidado. Producto de alta calidad para cocina.,1154.92,276,hombre cuidado|cocina|mascotas|deportes|belleza,true,2023-05-29
PRD01880,Versión Pro H XL,Versión Pro H XL — Hombre Cuidado. Producto de alta calidad para moda.,413.0,229,automóviles|belleza|cine|viajes|deportes,true,2021-11-08
PRD01881,Pack Básico E Mini,Pack Básico E Mini — Hombre Cuidado. Producto de alta calidad para hogar.,2456.74,295,belleza|deportes|gaming|hombre cuidado,true,2024-11-04
PRD01882,Artículo Especial B- Negro,Artículo Especial B- Negro — Hombre Cuidado. Producto de alta calidad para deportes.,1164.48,299,fitness|jardín|mascotas|cine,true,2023-09-01
PRD01883,Set Completo C- Rojo,Set Completo C- Rojo — Hombre Cuidado. Producto de alta calidad para jardín.,1976.42,156,tecnología|hogar|mascotas|moda|libros,true,2024-01-17
PRD01884,Artículo Especial B- Plus,Artículo Especial B- Plus — Hombre Cuidado. Producto de alta calidad para gaming.,632.7,156,moda|libros|oficina|viajes|tecnología,false,2022-12-04
PRD01885,Set Completo C- Plus,Set Completo C- Plus — Hombre Cuidado. Producto de alta calidad para juguetes.,1545.09,329,libros|fitness|viajes|hombre cuidado|moda,true,2022-12-18
PRD01886,Pack Básico E 2024,Pack Básico E 2024 — Hombre Cuidado. Producto de alta calidad para oficina.,2446.28,311,gaming|arte|automóviles|mascotas|música,true,2020-12-03
PRD01887,Kit Profesional D Mini,Kit Profesional D Mini — Hombre Cuidado. Producto de alta calidad para juguetes.,79.88,257,mascotas|tecnología|música|cocina,false,2021-09-21
PRD01888,Modelo Estándar G- Azul,Modelo Estándar G- Azul — Hombre Cuidado. Producto de alta calidad para gaming.,670.09,299,cine|fotografía|belleza|oficina,true,2024-02-07
PRD01889,Edición Limitada F- Lite,Edición Limitada F- Lite — Hombre Cuidado. Producto de alta calidad para electrónica.,1833.94,207,libros|gaming|deportes|belleza,true,2023-09-02
PRD01890,Set Completo C- Plus,Set Completo C- Plus — Hombre Cuidado. Producto de alta calidad para cine.,2142.93,322,fitness|gaming|oficina,true,2019-01-13
PRD01891,Producto Premium A- Negro,Producto Premium A- Negro — Hombre Cuidado. Producto de alta calidad para deportes.,296.14,191,jardín|viajes|gaming|cocina|moda,false,2020-06-29
PRD01892,Kit Profesional D- Rojo,Kit Profesional D- Rojo — Hombre Cuidado. Producto de alta calidad para belleza.,432.46,214,música|jardín|viajes|cine,true,2024-12-03
PRD01893,Kit Profesional D- Azul,Kit Profesional D- Azul — Hombre Cuidado. Producto de alta calidad para hogar.,669.53,378,electrónica|moda|fotografía|cocina,true,2023-01-27
PRD01894,Kit Profesional D- Rojo,Kit Profesional D- Rojo — Hombre Cuidado. Producto de alta calidad para juguetes.,1170.64,135,libros|deportes|oficina|hogar,true,2021-12-22
PRD01895,Edición Limitada F- Plus,Edición Limitada F- Plus — Hombre Cuidado. Producto de alta calidad para fotografía.,1797.89,193,música|deportes|belleza|juguetes,true,2021-01-05
PRD01896,Artículo Especial B- Pro,Artículo Especial B- Pro — Hombre Cuidado. Producto de alta calidad para cocina.,282.55,385,música|oficina,false,2023-07-29
PRD01897,Set Completo C- Rojo,Set Completo C- Rojo — Hombre Cuidado. Producto de alta calidad para viajes.,437.96,165,fotografía|música|juguetes|automóviles|electrónica,true,2023-12-12
PRD01898,Versión Pro H- Pro,Versión Pro H- Pro — Hombre Cuidado. Producto de alta calidad para electrónica.,2135.9,161,arte|gaming,true,2019-09-08
PRD01899,Pack Básico E- Pro,Pack Básico E- Pro — Hombre Cuidado. Producto de alta calidad para juguetes.,2142.3,90,automóviles|gaming,true,2024-05-20
PRD01900,Producto Premium A- Pro,Producto Premium A- Pro — Hombre Cuidado. Producto de alta calidad para automóviles.,2494.12,46,belleza|música|cocina|fitness|viajes,true,2019-04-16
PRD01901,Pack Básico E- Lite,Pack Básico E- Lite — Hombre Cuidado. Producto de alta calidad para viajes.,2349.73,381,gaming|mascotas|belleza|cine,true,2022-06-17
PRD01902,Artículo Especial B- Rojo,Artículo Especial B- Rojo — Hombre Cuidado. Producto de alta calidad para oficina.,1814.86,320,tecnología|jardín|oficina|cine|hogar,false,2023-03-27
PRD01903,Kit Profesional D- Plus,Kit Profesional D- Plus — Hombre Cuidado. Producto de alta calidad para oficina.,1299.59,489,oficina|hogar|libros|deportes,true,2024-07-04
PRD01904,Edición Limitada F,Edición Limitada F — Uñas. Producto de alta calidad para hogar.,1455.36,461,deportes|cocina|electrónica|uñas|arte,true,2020-02-24
PRD01905,Edición Limitada F,Edición Limitada F — Uñas. Producto de alta calidad para moda.,115.03,95,viajes|deportes|jardín,false,2021-11-07
PRD01906,Set Completo C 2024,Set Completo C 2024 — Uñas. Producto de alta calidad para deportes.,154.89,135,automóviles|gaming|libros|hogar|música,true,2023-05-21
PRD01907,Set Completo C- Pro,Set Completo C- Pro — Uñas. Producto de alta calidad para oficina.,990.6,309,electrónica|oficina,false,2023-04-09
PRD01908,Pack Básico E- Blanco,Pack Básico E- Blanco — Uñas. Producto de alta calidad para cocina.,718.36,69,moda|deportes,true,2022-02-13
PRD01909,Modelo Estándar G,Modelo Estándar G — Uñas. Producto de alta calidad para juguetes.,173.99,188,gaming|mascotas|música|uñas|jardín,true,2022-12-20
PRD01910,Edición Limitada F XL,Edición Limitada F XL — Uñas. Producto de alta calidad para oficina.,537.28,257,electrónica|fitness|mascotas|jardín,true,2024-06-29
PRD01911,Kit Profesional D,Kit Profesional D — Uñas. Producto de alta calidad para viajes.,1651.89,199,fitness|mascotas|oficina|juguetes,false,2024-12-29
PRD01912,Modelo Estándar G,Modelo Estándar G — Uñas. Producto de alta calidad para fitness.,1515.08,2,fotografía|hogar|moda|arte|viajes,true,2020-02-28
PRD01913,Kit Profesional D XL,Kit Profesional D XL — Uñas. Producto de alta calidad para tecnología.,2432.85,447,gaming|fitness,true,2023-11-12
PRD01914,Edición Limitada F 2024,Edición Limitada F 2024 — Uñas. Producto de alta calidad para electrónica.,532.64,464,oficina|cine|jardín|tecnología|juguetes,false,2022-06-12
PRD01915,Producto Premium A- Plus,Producto Premium A- Plus — Uñas. Producto de alta calidad para libros.,226.06,199,deportes|música|uñas|moda,true,2022-04-06
PRD01916,Set Completo C- Lite,Set Completo C- Lite — Uñas. Producto de alta calidad para cocina.,63.23,176,uñas|fotografía|hogar|automóviles,true,2020-06-19
PRD01917,Producto Premium A 2024,Producto Premium A 2024 — Uñas. Producto de alta calidad para música.,936.89,410,oficina|gaming|fitness|cine,true,2022-10-09
PRD01918,Kit Profesional D- Plus,Kit Profesional D- Plus — Uñas. Producto de alta calidad para fitness.,2303.26,234,juguetes|fitness|moda|electrónica|jardín,true,2023-01-24
PRD01919,Versión Pro H- Rojo,Versión Pro H- Rojo — Uñas. Producto de alta calidad para belleza.,430.48,424,libros|fitness|deportes|música,true,2022-09-17
PRD01920,Modelo Estándar G- Plus,Modelo Estándar G- Plus — Uñas. Producto de alta calidad para música.,2014.56,436,deportes|mascotas,false,2020-11-26
PRD01921,Set Completo C XL,Set Completo C XL — Uñas. Producto de alta calidad para mascotas.,526.52,130,juguetes|jardín|fitness|música,true,2023-06-16
PRD01922,Set Completo C,Set Completo C — Uñas. Producto de alta calidad para moda.,99.93,286,automóviles|fitness|cocina,true,2019-01-04
PRD01923,Artículo Especial B- Pro,Artículo Especial B- Pro — Uñas. Producto de alta calidad para mascotas.,363.04,455,libros|fotografía,true,2022-08-03
PRD01924,Kit Profesional D 2024,Kit Profesional D 2024 — Uñas. Producto de alta calidad para música.,1765.05,314,deportes|viajes|mascotas|cine,true,2022-09-28
PRD01925,Modelo Estándar G- Negro,Modelo Estándar G- Negro — Uñas. Producto de alta calidad para arte.,681.44,72,libros|jardín|música|tecnología,true,2024-09-24
PRD01926,Modelo Estándar G- Azul,Modelo Estándar G- Azul — Uñas. Producto de alta calidad para automóviles.,177.02,253,cocina|jardín|deportes,true,2024-08-02
PRD01927,Versión Pro H- Blanco,Versión Pro H- Blanco — Uñas. Producto de alta calidad para viajes.,2491.52,354,uñas|cine|arte,true,2021-02-11
PRD01928,Pack Básico E- Negro,Pack Básico E- Negro — Uñas. Producto de alta calidad para moda.,2012.1,125,mascotas|deportes,true,2023-04-25
PRD01929,Kit Profesional D,Kit Profesional D — Uñas. Producto de alta calidad para jardín.,1627.01,334,fotografía|uñas|deportes|automóviles,false,2021-10-20
PRD01930,Producto Premium A Mini,Producto Premium A Mini — Uñas. Producto de alta calidad para belleza.,222.47,276,tecnología|oficina|viajes,true,2024-04-14
PRD01931,Set Completo C Mini,Set Completo C Mini — Uñas. Producto de alta calidad para mascotas.,604.54,371,moda|juguetes,false,2023-08-29
PRD01932,Versión Pro H- Plus,Versión Pro H- Plus — Uñas. Producto de alta calidad para arte.,946.8,152,electrónica|gaming|jardín|fitness|uñas,true,2023-01-02
PRD01933,Producto Premium A- Azul,Producto Premium A- Azul — Uñas. Producto de alta calidad para hogar.,509.1,461,automóviles|hogar|fitness|cocina,true,2020-03-30
PRD01934,Set Completo C- Lite,Set Completo C- Lite — Uñas. Producto de alta calidad para belleza.,517.53,316,juguetes|fitness|arte,true,2019-07-21
PRD01935,Kit Profesional D- Azul,Kit Profesional D- Azul — Spa. Producto de alta calidad para fotografía.,1698.39,498,viajes|arte,true,2019-10-14
PRD01936,Edición Limitada F,Edición Limitada F — Spa. Producto de alta calidad para tecnología.,1083.25,197,tecnología|libros|cine|cocina|spa,false,2023-09-27
PRD01937,Pack Básico E- Negro,Pack Básico E- Negro — Spa. Producto de alta calidad para jardín.,2038.34,80,spa|hogar|fotografía|juguetes,true,2024-05-09
PRD01938,Modelo Estándar G- Rojo,Modelo Estándar G- Rojo — Spa. Producto de alta calidad para gaming.,1744.67,27,cocina|libros|electrónica,true,2024-02-01
PRD01939,Pack Básico E,Pack Básico E — Spa. Producto de alta calidad para música.,423.48,117,juguetes|fitness|mascotas|música|arte,true,2019-05-18
PRD01940,Kit Profesional D- Plus,Kit Profesional D- Plus — Spa. Producto de alta calidad para belleza.,1344.85,308,hogar|música|arte|belleza|oficina,true,2024-12-13
PRD01941,Pack Básico E XL,Pack Básico E XL — Spa. Producto de alta calidad para fitness.,1874.1,428,deportes|cine|fitness|spa,false,2022-02-05
PRD01942,Pack Básico E- Rojo,Pack Básico E- Rojo — Spa. Producto de alta calidad para arte.,80.28,86,cocina|fitness|libros|gaming|tecnología,true,2019-10-25
PRD01943,Set Completo C 2024,Set Completo C 2024 — Spa. Producto de alta calidad para deportes.,1236.81,257,mascotas|belleza|arte|fitness|cocina,false,2019-02-08
PRD01944,Versión Pro H XL,Versión Pro H XL — Spa. Producto de alta calidad para oficina.,1131.31,347,moda|hogar|fotografía|cine,true,2019-06-28
PRD01945,Modelo Estándar G- Plus,Modelo Estándar G- Plus — Spa. Producto de alta calidad para tecnología.,1858.54,29,spa|fitness|moda,true,2024-08-24
PRD01946,Artículo Especial B- Plus,Artículo Especial B- Plus — Spa. Producto de alta calidad para hogar.,112.02,211,moda|mascotas|gaming|cocina|jardín,true,2021-10-13
PRD01947,Kit Profesional D Mini,Kit Profesional D Mini — Spa. Producto de alta calidad para cine.,2005.72,453,tecnología|mascotas|juguetes|libros,true,2019-12-26
PRD01948,Edición Limitada F- Plus,Edición Limitada F- Plus — Spa. Producto de alta calidad para viajes.,1620.75,445,música|mascotas|arte|fotografía,true,2024-08-21
PRD01949,Modelo Estándar G- Plus,Modelo Estándar G- Plus — Spa. Producto de alta calidad para automóviles.,2268.64,478,deportes|arte|moda|jardín,true,2023-05-22
PRD01950,Edición Limitada F- Pro,Edición Limitada F- Pro — Spa. Producto de alta calidad para jardín.,206.97,286,hogar|fitness|arte|jardín|belleza,true,2023-09-22
PRD01951,Producto Premium A XL,Producto Premium A XL — Spa. Producto de alta calidad para fitness.,630.96,291,jardín|gaming|cine,true,2019-02-27
PRD01952,Edición Limitada F- Negro,Edición Limitada F- Negro — Spa. Producto de alta calidad para música.,1041.24,67,hogar|deportes|gaming|viajes|fitness,true,2021-02-08
PRD01953,Edición Limitada F- Negro,Edición Limitada F- Negro — Spa. Producto de alta calidad para deportes.,173.1,485,arte|cine|oficina,true,2020-06-10
PRD01954,Modelo Estándar G XL,Modelo Estándar G XL — Spa. Producto de alta calidad para oficina.,1316.36,209,fotografía|belleza|cine|mascotas|spa,true,2024-09-09
PRD01955,Artículo Especial B XL,Artículo Especial B XL — Spa. Producto de alta calidad para viajes.,1569.3,199,gaming|moda|arte|música|mascotas,true,2021-11-30
PRD01956,Set Completo C- Pro,Set Completo C- Pro — Spa. Producto de alta calidad para hogar.,337.2,68,jardín|cocina,false,2019-01-18
PRD01957,Pack Básico E- Lite,Pack Básico E- Lite — Spa. Producto de alta calidad para oficina.,979.18,46,hogar|mascotas,false,2020-03-18
PRD01958,Kit Profesional D- Plus,Kit Profesional D- Plus — Spa. Producto de alta calidad para cine.,1670.06,2,automóviles|arte,false,2021-07-15
PRD01959,Set Completo C- Blanco,Set Completo C- Blanco — Spa. Producto de alta calidad para viajes.,874.0,328,tecnología|jardín|viajes,true,2024-04-10
PRD01960,Versión Pro H- Plus,Versión Pro H- Plus — Spa. Producto de alta calidad para fotografía.,1917.05,409,cine|oficina|fotografía|música,true,2024-11-03
PRD01961,Producto Premium A- Rojo,Producto Premium A- Rojo — Spa. Producto de alta calidad para mascotas.,2138.59,104,moda|viajes,true,2020-10-14
PRD01962,Kit Profesional D- Blanco,Kit Profesional D- Blanco — Spa. Producto de alta calidad para viajes.,2162.86,383,automóviles|música|electrónica|fotografía,true,2023-04-10
PRD01963,Kit Profesional D- Pro,Kit Profesional D- Pro — Herramientas Belleza. Producto de alta calidad para belleza.,37.1,1,deportes|hogar|belleza|automóviles|libros,false,2021-09-21
PRD01964,Edición Limitada F 2024,Edición Limitada F 2024 — Herramientas Belleza. Producto de alta calidad para hogar.,2296.6,48,libros|deportes|belleza|fitness|viajes,true,2019-09-20
PRD01965,Artículo Especial B- Plus,Artículo Especial B- Plus — Herramientas Belleza. Producto de alta calidad para cine.,965.42,333,oficina|tecnología|viajes|cine|jardín,true,2021-07-25
PRD01966,Versión Pro H- Blanco,Versión Pro H- Blanco — Herramientas Belleza. Producto de alta calidad para juguetes.,400.12,263,herramientas belleza|gaming,true,2022-08-29
PRD01967,Edición Limitada F,Edición Limitada F — Herramientas Belleza. Producto de alta calidad para tecnología.,1794.23,426,viajes|mascotas|moda,true,2022-02-13
PRD01968,Versión Pro H- Pro,Versión Pro H- Pro — Herramientas Belleza. Producto de alta calidad para cocina.,1652.08,378,arte|viajes|hogar,true,2020-09-28
PRD01969,Set Completo C- Plus,Set Completo C- Plus — Herramientas Belleza. Producto de alta calidad para moda.,123.35,189,jardín|electrónica|hogar|fitness,false,2021-10-19
PRD01970,Versión Pro H 2024,Versión Pro H 2024 — Herramientas Belleza. Producto de alta calidad para fitness.,318.88,77,electrónica|deportes,true,2023-06-19
PRD01971,Pack Básico E 2024,Pack Básico E 2024 — Herramientas Belleza. Producto de alta calidad para gaming.,404.13,259,automóviles|arte,true,2024-08-31
PRD01972,Producto Premium A- Negro,Producto Premium A- Negro — Herramientas Belleza. Producto de alta calidad para cocina.,1107.08,294,hogar|cocina|juguetes|electrónica,true,2023-08-22
PRD01973,Kit Profesional D- Lite,Kit Profesional D- Lite — Herramientas Belleza. Producto de alta calidad para libros.,1103.96,260,jardín|arte,true,2022-11-19
PRD01974,Set Completo C- Lite,Set Completo C- Lite — Herramientas Belleza. Producto de alta calidad para libros.,1643.09,288,juguetes|fitness,true,2019-04-08
PRD01975,Pack Básico E XL,Pack Básico E XL — Herramientas Belleza. Producto de alta calidad para cine.,1203.24,39,viajes|cocina|fitness|electrónica,true,2023-08-04
PRD01976,Modelo Estándar G- Pro,Modelo Estándar G- Pro — Herramientas Belleza. Producto de alta calidad para cine.,1745.11,381,tecnología|moda|juguetes|deportes,false,2022-11-20
PRD01977,Kit Profesional D- Blanco,Kit Profesional D- Blanco — Herramientas Belleza. Producto de alta calidad para tecnología.,1892.75,472,juguetes|arte|herramientas belleza,true,2023-04-21
PRD01978,Pack Básico E- Negro,Pack Básico E- Negro — Herramientas Belleza. Producto de alta calidad para belleza.,1040.6,396,herramientas belleza|electrónica|tecnología,true,2020-03-10
PRD01979,Kit Profesional D- Lite,Kit Profesional D- Lite — Herramientas Belleza. Producto de alta calidad para libros.,1339.6,0,automóviles|mascotas,true,2023-12-01
PRD01980,Producto Premium A- Azul,Producto Premium A- Azul — Herramientas Belleza. Producto de alta calidad para tecnología.,2359.04,388,belleza|herramientas belleza|hogar,false,2020-10-08
PRD01981,Modelo Estándar G- Plus,Modelo Estándar G- Plus — Herramientas Belleza. Producto de alta calidad para fotografía.,1618.94,396,gaming|electrónica|música|tecnología|viajes,true,2021-07-04
PRD01982,Kit Profesional D- Lite,Kit Profesional D- Lite — Herramientas Belleza. Producto de alta calidad para arte.,1603.29,207,jardín|mascotas|tecnología|electrónica,true,2019-01-11
PRD01983,Versión Pro H- Rojo,Versión Pro H- Rojo — Herramientas Belleza. Producto de alta calidad para cocina.,1198.4,200,juguetes|jardín|mascotas,false,2022-07-25
PRD01984,Kit Profesional D XL,Kit Profesional D XL — Herramientas Belleza. Producto de alta calidad para juguetes.,1815.88,484,deportes|cine|cocina,true,2019-01-24
PRD01985,Pack Básico E- Lite,Pack Básico E- Lite — Herramientas Belleza. Producto de alta calidad para moda.,1074.74,435,gaming|moda|arte|automóviles|belleza,true,2020-05-25
PRD01986,Edición Limitada F- Azul,Edición Limitada F- Azul — Herramientas Belleza. Producto de alta calidad para jardín.,2003.01,65,libros|juguetes,true,2023-09-27
PRD01987,Pack Básico E- Plus,Pack Básico E- Plus — Herramientas Belleza. Producto de alta calidad para fotografía.,822.81,7,moda|juguetes,true,2019-07-31
PRD01988,Pack Básico E- Lite,Pack Básico E- Lite — Herramientas Belleza. Producto de alta calidad para moda.,1969.72,13,fitness|oficina,true,2019-02-23
PRD01989,Producto Premium A,Producto Premium A — Herramientas Belleza. Producto de alta calidad para fotografía.,984.26,372,viajes|automóviles|oficina|fitness|cocina,false,2021-08-07
PRD01990,Kit Profesional D- Lite,Kit Profesional D- Lite — Nutrición Belleza. Producto de alta calidad para viajes.,1512.93,54,juguetes|moda|belleza,true,2020-03-04
PRD01991,Modelo Estándar G- Plus,Modelo Estándar G- Plus — Nutrición Belleza. Producto de alta calidad para tecnología.,362.91,179,automóviles|gaming,true,2021-04-03
PRD01992,Set Completo C Mini,Set Completo C Mini — Nutrición Belleza. Producto de alta calidad para viajes.,263.39,386,nutrición belleza|música|arte|deportes,true,2019-06-21
PRD01993,Pack Básico E,Pack Básico E — Nutrición Belleza. Producto de alta calidad para juguetes.,2065.1,229,música|juguetes|fotografía|deportes,true,2022-07-08
PRD01994,Kit Profesional D- Blanco,Kit Profesional D- Blanco — Nutrición Belleza. Producto de alta calidad para cine.,1700.06,436,belleza|nutrición belleza|electrónica,false,2024-04-01
PRD01995,Producto Premium A Mini,Producto Premium A Mini — Nutrición Belleza. Producto de alta calidad para tecnología.,2236.14,331,música|automóviles|juguetes|fitness|deportes,true,2022-06-22
PRD01996,Versión Pro H 2024,Versión Pro H 2024 — Nutrición Belleza. Producto de alta calidad para tecnología.,729.04,270,belleza|electrónica|fotografía,true,2021-03-07
PRD01997,Kit Profesional D- Lite,Kit Profesional D- Lite — Nutrición Belleza. Producto de alta calidad para tecnología.,1585.93,92,música|juguetes|viajes,false,2024-01-08
PRD01998,Modelo Estándar G- Azul,Modelo Estándar G- Azul — Nutrición Belleza. Producto de alta calidad para belleza.,873.89,40,tecnología|mascotas|hogar,true,2022-06-19
PRD01999,Artículo Especial B- Azul,Artículo Especial B- Azul — Nutrición Belleza. Producto de alta calidad para fitness.,1275.84,224,hogar|deportes|mascotas,false,2019-08-20
PRD02000,Modelo Estándar G- Plus,Modelo Estándar G- Plus — Nutrición Belleza. Producto de alta calidad para moda.,1909.28,471,deportes|juguetes|libros|belleza|oficina,true,2021-07-21
PRD02001,Versión Pro H- Pro,Versión Pro H- Pro — Nutrición Belleza. Producto de alta calidad para viajes.,599.38,213,cocina|moda|arte|automóviles|música,true,2019-02-22
PRD02002,Modelo Estándar G- Plus,Modelo Estándar G- Plus — Nutrición Belleza. Producto de alta calidad para música.,1900.26,193,automóviles|mascotas|hogar|música|cocina,true,2024-04-17
PRD02003,Edición Limitada F- Plus,Edición Limitada F- Plus — Nutrición Belleza. Producto de alta calidad para mascotas.,708.1,485,viajes|cine,true,2023-08-24
PRD02004,Edición Limitada F- Negro,Edición Limitada F- Negro — Nutrición Belleza. Producto de alta calidad para electrónica.,1914.97,368,fitness|gaming|electrónica|arte,true,2022-12-26
PRD02005,Pack Básico E Mini,Pack Básico E Mini — Nutrición Belleza. Producto de alta calidad para hogar.,1638.46,417,fitness|libros|jardín,true,2019-07-18
PRD02006,Artículo Especial B- Negro,Artículo Especial B- Negro — Nutrición Belleza. Producto de alta calidad para gaming.,1193.43,278,fitness|jardín,true,2021-10-19
PRD02007,Artículo Especial B- Pro,Artículo Especial B- Pro — Nutrición Belleza. Producto de alta calidad para jardín.,1624.28,384,jardín|fotografía|nutrición belleza|mascotas|moda,true,2019-09-04
PRD02008,Kit Profesional D 2024,Kit Profesional D 2024 — Nutrición Belleza. Producto de alta calidad para moda.,651.65,90,deportes|juguetes|gaming,false,2022-08-18
PRD02009,Edición Limitada F 2024,Edición Limitada F 2024 — Nutrición Belleza. Producto de alta calidad para viajes.,510.86,398,moda|gaming|fotografía|arte|cine,true,2021-09-14
PRD02010,Kit Profesional D- Rojo,Kit Profesional D- Rojo — Nutrición Belleza. Producto de alta calidad para fitness.,138.72,442,libros|cocina|fitness|electrónica,true,2019-11-12
PRD02011,Versión Pro H 2024,Versión Pro H 2024 — Nutrición Belleza. Producto de alta calidad para música.,1362.07,492,cine|viajes|belleza,true,2021-04-09
PRD02012,Set Completo C- Plus,Set Completo C- Plus — Nutrición Belleza. Producto de alta calidad para música.,1664.41,366,cine|hogar,false,2023-05-16
PRD02013,Versión Pro H- Rojo,Versión Pro H- Rojo — Nutrición Belleza. Producto de alta calidad para cocina.,526.75,240,jardín|música|viajes|mascotas|tecnología,false,2022-11-12
PRD02014,Set Completo C- Lite,Set Completo C- Lite — Nutrición Belleza. Producto de alta calidad para música.,2295.43,370,juguetes|viajes,true,2020-09-26
PRD02015,Artículo Especial B- Blanco,Artículo Especial B- Blanco — Nutrición Belleza. Producto de alta calidad para música.,2168.27,178,libros|automóviles|tecnología,true,2023-05-24
PRD02016,Pack Básico E- Negro,Pack Básico E- Negro — Nutrición Belleza. Producto de alta calidad para fitness.,165.74,275,cocina|fitness|arte|nutrición belleza,true,2020-11-03
PRD02017,Artículo Especial B- Rojo,Artículo Especial B- Rojo — Nutrición Belleza. Producto de alta calidad para tecnología.,871.16,103,moda|gaming,true,2021-07-09
PRD02018,Set Completo C- Lite,Set Completo C- Lite — Nutrición Belleza. Producto de alta calidad para arte.,2459.72,226,viajes|fitness|fotografía|tecnología|juguetes,true,2023-04-07
PRD02019,Modelo Estándar G Mini,Modelo Estándar G Mini — Afeitado. Producto de alta calidad para moda.,1949.75,268,deportes|viajes|libros,false,2023-02-10
PRD02020,Set Completo C 2024,Set Completo C 2024 — Afeitado. Producto de alta calidad para moda.,748.65,350,belleza|fitness|cine|fotografía|viajes,true,2023-05-03
PRD02021,Kit Profesional D,Kit Profesional D — Afeitado. Producto de alta calidad para cine.,446.85,239,arte|belleza|electrónica,true,2022-03-31
PRD02022,Modelo Estándar G- Azul,Modelo Estándar G- Azul — Afeitado. Producto de alta calidad para cine.,614.0,21,cine|viajes,true,2022-04-17
PRD02023,Versión Pro H- Blanco,Versión Pro H- Blanco — Afeitado. Producto de alta calidad para fotografía.,1753.99,311,libros|automóviles|tecnología|gaming|viajes,true,2023-07-18
PRD02024,Pack Básico E Mini,Pack Básico E Mini — Afeitado. Producto de alta calidad para cocina.,2018.5,436,fotografía|juguetes|deportes|oficina|jardín,true,2021-09-08
PRD02025,Producto Premium A- Azul,Producto Premium A- Azul — Afeitado. Producto de alta calidad para cine.,973.53,220,moda|hogar,true,2021-08-20
PRD02026,Set Completo C 2024,Set Completo C 2024 — Afeitado. Producto de alta calidad para belleza.,728.81,325,arte|fitness|fotografía|deportes,true,2019-01-11
PRD02027,Versión Pro H XL,Versión Pro H XL — Afeitado. Producto de alta calidad para tecnología.,1910.7,261,libros|música|juguetes|arte|deportes,true,2020-03-02
PRD02028,Modelo Estándar G- Negro,Modelo Estándar G- Negro — Afeitado. Producto de alta calidad para música.,1869.91,443,cine|jardín,false,2019-09-04
PRD02029,Producto Premium A- Rojo,Producto Premium A- Rojo — Afeitado. Producto de alta calidad para viajes.,1533.15,261,juguetes|tecnología|hogar|electrónica|cocina,true,2022-10-06
PRD02030,Modelo Estándar G- Blanco,Modelo Estándar G- Blanco — Afeitado. Producto de alta calidad para belleza.,975.21,278,cocina|deportes|tecnología|jardín,true,2024-07-06
PRD02031,Edición Limitada F- Plus,Edición Limitada F- Plus — Afeitado. Producto de alta calidad para cocina.,876.12,78,libros|deportes|jardín,true,2020-12-28
PRD02032,Kit Profesional D- Pro,Kit Profesional D- Pro — Afeitado. Producto de alta calidad para electrónica.,2001.63,387,cocina|tecnología|electrónica|deportes,true,2019-03-04
PRD02033,Edición Limitada F,Edición Limitada F — Afeitado. Producto de alta calidad para jardín.,1598.54,222,gaming|tecnología|arte,false,2019-05-05
PRD02034,Artículo Especial B- Rojo,Artículo Especial B- Rojo — Afeitado. Producto de alta calidad para cocina.,1251.54,233,gaming|afeitado|viajes|hogar,true,2019-11-27
PRD02035,Edición Limitada F- Rojo,Edición Limitada F- Rojo — Afeitado. Producto de alta calidad para fotografía.,2298.18,385,música|juguetes,true,2020-11-10
PRD02036,Set Completo C,Set Completo C — Afeitado. Producto de alta calidad para moda.,894.56,260,automóviles|belleza|deportes,true,2021-01-11
PRD02037,Set Completo C- Negro,Set Completo C- Negro — Afeitado. Producto de alta calidad para música.,1045.55,171,cine|belleza|tecnología|hogar|música,true,2023-10-28
PRD02038,Edición Limitada F,Edición Limitada F — Afeitado. Producto de alta calidad para gaming.,2219.07,27,gaming|libros|cocina|deportes|afeitado,true,2022-04-24
PRD02039,Set Completo C- Pro,Set Completo C- Pro — Afeitado. Producto de alta calidad para libros.,630.25,403,música|mascotas,true,2023-06-16
PRD02040,Kit Profesional D 2024,Kit Profesional D 2024 — Afeitado. Producto de alta calidad para cocina.,1607.68,107,fotografía|moda|gaming|mascotas,true,2022-12-24
PRD02041,Set Completo C 2024,Set Completo C 2024 — Afeitado. Producto de alta calidad para jardín.,2463.42,327,automóviles|tecnología|viajes|gaming,true,2024-11-11
PRD02042,Artículo Especial B- Rojo,Artículo Especial B- Rojo — Afeitado. Producto de alta calidad para fitness.,801.71,498,afeitado|gaming|libros|moda|automóviles,true,2019-03-25
PRD02043,Pack Básico E Mini,Pack Básico E Mini — Afeitado. Producto de alta calidad para viajes.,299.21,238,hogar|fitness|juguetes|tecnología|oficina,false,2020-05-28
PRD02044,Set Completo C- Negro,Set Completo C- Negro — Afeitado. Producto de alta calidad para cocina.,1210.84,240,oficina|moda,true,2022-03-29
PRD02045,Artículo Especial B- Negro,Artículo Especial B- Negro — Afeitado. Producto de alta calidad para arte.,505.02,201,hogar|mascotas|cocina|tecnología|belleza,true,2021-11-15
PRD02046,Modelo Estándar G- Pro,Modelo Estándar G- Pro — Afeitado. Producto de alta calidad para electrónica.,1015.13,69,viajes|mascotas|fotografía|cocina|cine,true,2019-01-21
PRD02047,Modelo Estándar G- Lite,Modelo Estándar G- Lite — Afeitado. Producto de alta calidad para tecnología.,661.97,285,fotografía|mascotas,true,2020-08-29
PRD02048,Producto Premium A- Azul,Producto Premium A- Azul — Afeitado. Producto de alta calidad para belleza.,892.2,347,automóviles|oficina|viajes|afeitado|libros,true,2020-06-27
PRD02049,Producto Premium A- Rojo,Producto Premium A- Rojo — Afeitado. Producto de alta calidad para libros.,296.83,202,juguetes|gaming|arte,true,2019-03-16
PRD02050,Versión Pro H- Pro,Versión Pro H- Pro — Solar. Producto de alta calidad para viajes.,727.72,341,jardín|solar|belleza,true,2019-07-30
PRD02051,Modelo Estándar G- Azul,Modelo Estándar G- Azul — Solar. Producto de alta calidad para gaming.,377.93,173,mascotas|automóviles|deportes|electrónica|fitness,true,2019-10-02
PRD02052,Versión Pro H- Lite,Versión Pro H- Lite — Solar. Producto de alta calidad para tecnología.,1890.89,107,música|oficina|automóviles|gaming,true,2021-06-20
PRD02053,Kit Profesional D XL,Kit Profesional D XL — Solar. Producto de alta calidad para viajes.,1635.39,92,libros|cine|moda|automóviles,false,2022-11-17
PRD02054,Kit Profesional D- Rojo,Kit Profesional D- Rojo — Solar. Producto de alta calidad para fotografía.,638.63,233,deportes|solar,true,2024-06-25
PRD02055,Pack Básico E- Plus,Pack Básico E- Plus — Solar. Producto de alta calidad para juguetes.,97.17,213,solar|electrónica|oficina,false,2019-06-13
PRD02056,Artículo Especial B XL,Artículo Especial B XL — Solar. Producto de alta calidad para oficina.,2364.79,197,arte|cine|fitness|mascotas,true,2021-08-12
PRD02057,Producto Premium A Mini,Producto Premium A Mini — Solar. Producto de alta calidad para belleza.,1178.0,462,cocina|tecnología|fitness,true,2023-07-03
PRD02058,Producto Premium A 2024,Producto Premium A 2024 — Solar. Producto de alta calidad para fitness.,1765.88,219,fotografía|hogar,true,2024-07-28
PRD02059,Kit Profesional D,Kit Profesional D — Solar. Producto de alta calidad para jardín.,1656.08,487,música|hogar|automóviles|juguetes|electrónica,true,2019-10-07
PRD02060,Modelo Estándar G- Pro,Modelo Estándar G- Pro — Solar. Producto de alta calidad para moda.,1909.18,135,música|gaming|jardín|oficina|fotografía,true,2020-05-01
PRD02061,Versión Pro H 2024,Versión Pro H 2024 — Solar. Producto de alta calidad para belleza.,2024.0,425,electrónica|hogar|libros|cine|fitness,true,2020-10-16
PRD02062,Set Completo C XL,Set Completo C XL — Solar. Producto de alta calidad para automóviles.,1896.56,187,música|mascotas,true,2024-12-27
PRD02063,Pack Básico E XL,Pack Básico E XL — Solar. Producto de alta calidad para fotografía.,69.45,51,oficina|cine,true,2024-12-10
PRD02064,Edición Limitada F- Pro,Edición Limitada F- Pro — Solar. Producto de alta calidad para viajes.,1766.86,233,electrónica|gaming|moda,false,2022-02-13
PRD02065,Kit Profesional D- Negro,Kit Profesional D- Negro — Solar. Producto de alta calidad para jardín.,59.39,384,arte|juguetes|cine|mascotas,true,2020-05-19
PRD02066,Pack Básico E 2024,Pack Básico E 2024 — Solar. Producto de alta calidad para cocina.,10.66,18,cocina|fotografía,false,2019-08-31
PRD02067,Edición Limitada F- Lite,Edición Limitada F- Lite — Solar. Producto de alta calidad para moda.,1936.69,372,libros|gaming,false,2020-05-18
PRD02068,Pack Básico E,Pack Básico E — Solar. Producto de alta calidad para belleza.,1852.76,257,oficina|mascotas|música|jardín|automóviles,true,2020-12-23
PRD02069,Pack Básico E- Blanco,Pack Básico E- Blanco — Solar. Producto de alta calidad para hogar.,2240.84,408,viajes|cocina|oficina|mascotas|libros,false,2023-03-16
PRD02070,Kit Profesional D- Lite,Kit Profesional D- Lite — Solar. Producto de alta calidad para belleza.,1274.28,359,solar|fitness|cocina|electrónica|arte,true,2024-03-05
PRD02071,Versión Pro H- Negro,Versión Pro H- Negro — Solar. Producto de alta calidad para arte.,2434.93,331,fitness|viajes,true,2020-08-08
PRD02072,Modelo Estándar G- Plus,Modelo Estándar G- Plus — Solar. Producto de alta calidad para mascotas.,10.05,148,hogar|belleza|fitness|viajes|cine,true,2020-03-13
PRD02073,Producto Premium A- Rojo,Producto Premium A- Rojo — Solar. Producto de alta calidad para moda.,945.67,150,música|arte,true,2019-08-30
PRD02074,Kit Profesional D- Negro,Kit Profesional D- Negro — Solar. Producto de alta calidad para electrónica.,1203.34,56,cine|mascotas|electrónica|arte|libros,true,2019-01-03
PRD02075,Versión Pro H XL,Versión Pro H XL — Solar. Producto de alta calidad para música.,28.13,356,hogar|electrónica|jardín|viajes|fitness,false,2022-04-25
PRD02076,Set Completo C XL,Set Completo C XL — Solar. Producto de alta calidad para mascotas.,1281.74,465,fotografía|viajes,false,2020-02-17
PRD02077,Versión Pro H- Lite,Versión Pro H- Lite — Solar. Producto de alta calidad para fotografía.,363.87,126,música|electrónica|moda,true,2022-11-25
PRD02078,Modelo Estándar G Mini,Modelo Estándar G Mini — Solar. Producto de alta calidad para cocina.,1278.14,453,juguetes|deportes|fitness,false,2023-09-21
PRD02079,Set Completo C- Pro,Set Completo C- Pro — Solar. Producto de alta calidad para viajes.,398.15,223,moda|fotografía|cine|electrónica|automóviles,true,2019-07-03
PRD02080,Modelo Estándar G- Negro,Modelo Estándar G- Negro — Solar. Producto de alta calidad para cocina.,2276.16,15,arte|moda|música|cine,false,2021-08-31
PRD02081,Kit Profesional D- Negro,Kit Profesional D- Negro — Solar. Producto de alta calidad para cine.,962.78,496,libros|moda|jardín,true,2023-11-19
PRD02082,Producto Premium A- Pro,Producto Premium A- Pro — Orgánico. Producto de alta calidad para jardín.,396.15,500,orgánico|música|cocina,true,2020-04-11
PRD02083,Kit Profesional D- Pro,Kit Profesional D- Pro — Orgánico. Producto de alta calidad para belleza.,2284.15,340,música|automóviles|jardín,true,2024-03-25
PRD02084,Edición Limitada F 2024,Edición Limitada F 2024 — Orgánico. Producto de alta calidad para electrónica.,84.9,114,gaming|automóviles,true,2022-09-25
PRD02085,Artículo Especial B- Azul,Artículo Especial B- Azul — Orgánico. Producto de alta calidad para libros.,895.46,209,electrónica|belleza|oficina|cine|fotografía,true,2023-03-05
PRD02086,Edición Limitada F- Negro,Edición Limitada F- Negro — Orgánico. Producto de alta calidad para arte.,2482.29,254,electrónica|tecnología,true,2022-11-25
PRD02087,Edición Limitada F- Blanco,Edición Limitada F- Blanco — Orgánico. Producto de alta calidad para fotografía.,1234.32,47,moda|belleza|cine|oficina,true,2021-12-29
PRD02088,Kit Profesional D- Pro,Kit Profesional D- Pro — Orgánico. Producto de alta calidad para gaming.,1493.77,160,orgánico|música|fitness|belleza|cine,false,2023-06-23
PRD02089,Producto Premium A,Producto Premium A — Orgánico. Producto de alta calidad para juguetes.,918.68,446,orgánico|música|fitness|arte|deportes,false,2024-05-30
PRD02090,Edición Limitada F- Negro,Edición Limitada F- Negro — Orgánico. Producto de alta calidad para deportes.,1471.96,427,mascotas|automóviles|cocina,true,2021-06-11
PRD02091,Versión Pro H- Azul,Versión Pro H- Azul — Orgánico. Producto de alta calidad para jardín.,1674.25,352,cocina|fitness|automóviles|tecnología,true,2024-07-10
PRD02092,Artículo Especial B- Azul,Artículo Especial B- Azul — Orgánico. Producto de alta calidad para fitness.,1709.69,76,jardín|deportes|cine|cocina,false,2019-11-12
PRD02093,Edición Limitada F- Azul,Edición Limitada F- Azul — Orgánico. Producto de alta calidad para moda.,2257.85,379,libros|orgánico|cocina,true,2024-01-16
PRD02094,Producto Premium A- Negro,Producto Premium A- Negro — Orgánico. Producto de alta calidad para moda.,185.39,396,automóviles|hogar|música|electrónica,true,2022-01-21
PRD02095,Kit Profesional D- Plus,Kit Profesional D- Plus — Orgánico. Producto de alta calidad para oficina.,1290.74,127,belleza|hogar|libros|cine,true,2024-06-19
PRD02096,Producto Premium A 2024,Producto Premium A 2024 — Orgánico. Producto de alta calidad para fitness.,1356.89,436,fitness|automóviles,true,2019-02-18
PRD02097,Artículo Especial B- Rojo,Artículo Especial B- Rojo — Orgánico. Producto de alta calidad para fitness.,710.14,17,viajes|orgánico,true,2019-04-14
PRD02098,Producto Premium A- Pro,Producto Premium A- Pro — Orgánico. Producto de alta calidad para gaming.,1588.74,35,gaming|fitness|automóviles|jardín|moda,true,2020-03-08
PRD02099,Modelo Estándar G- Lite,Modelo Estándar G- Lite — Orgánico. Producto de alta calidad para jardín.,406.1,492,jardín|tecnología|libros|deportes,false,2022-04-05
PRD02100,Modelo Estándar G- Rojo,Modelo Estándar G- Rojo — Orgánico. Producto de alta calidad para juguetes.,1765.6,268,automóviles|hogar|libros,true,2022-11-21
PRD02101,Modelo Estándar G- Blanco,Modelo Estándar G- Blanco — Orgánico. Producto de alta calidad para juguetes.,1556.63,461,electrónica|cocina,true,2021-12-15
PRD02102,Artículo Especial B- Blanco,Artículo Especial B- Blanco — Orgánico. Producto de alta calidad para jardín.,564.11,189,tecnología|juguetes|libros|orgánico|gaming,false,2021-11-29
PRD02103,Edición Limitada F- Plus,Edición Limitada F- Plus — Orgánico. Producto de alta calidad para hogar.,889.28,108,jardín|cine,true,2024-09-29
PRD02104,Pack Básico E XL,Pack Básico E XL — Orgánico. Producto de alta calidad para fotografía.,1426.68,332,moda|fotografía|gaming|automóviles,true,2023-06-11
PRD02105,Modelo Estándar G- Rojo,Modelo Estándar G- Rojo — Orgánico. Producto de alta calidad para viajes.,2189.72,406,moda|automóviles|cine|libros,true,2022-08-15
PRD02106,Set Completo C- Azul,Set Completo C- Azul — Orgánico. Producto de alta calidad para cine.,2483.08,130,mascotas|libros,true,2024-06-26
PRD02107,Set Completo C- Lite,Set Completo C- Lite — Orgánico. Producto de alta calidad para mascotas.,913.37,128,viajes|juguetes,true,2023-01-27
PRD02108,Modelo Estándar G- Negro,Modelo Estándar G- Negro — Orgánico. Producto de alta calidad para fotografía.,504.19,452,fitness|automóviles,true,2021-10-02
PRD02109,Kit Profesional D- Pro,Kit Profesional D- Pro — Orgánico. Producto de alta calidad para juguetes.,1289.82,279,orgánico|cocina|libros|mascotas,true,2022-12-16
PRD02110,Set Completo C,Set Completo C — Orgánico. Producto de alta calidad para libros.,448.56,487,oficina|cine|arte|orgánico|viajes,false,2023-08-26
PRD02111,Set Completo C- Blanco,Set Completo C- Blanco — Educativos. Producto de alta calidad para mascotas.,211.85,174,jardín|belleza|gaming,true,2020-12-13
PRD02112,Pack Básico E- Negro,Pack Básico E- Negro — Educativos. Producto de alta calidad para belleza.,2413.3,420,oficina|educativos|arte,true,2024-04-10
PRD02113,Set Completo C- Blanco,Set Completo C- Blanco — Educativos. Producto de alta calidad para jardín.,1245.35,66,deportes|electrónica,true,2019-04-20
PRD02114,Edición Limitada F,Edición Limitada F — Educativos. Producto de alta calidad para arte.,672.3,341,cine|juguetes|fotografía,true,2021-07-03
PRD02115,Pack Básico E- Negro,Pack Básico E- Negro — Educativos. Producto de alta calidad para gaming.,1858.75,376,gaming|oficina|deportes|tecnología,true,2021-02-01
PRD02116,Modelo Estándar G Mini,Modelo Estándar G Mini — Educativos. Producto de alta calidad para mascotas.,1601.13,246,electrónica|juguetes|moda|jardín|belleza,true,2021-11-18
PRD02117,Producto Premium A- Negro,Producto Premium A- Negro — Educativos. Producto de alta calidad para automóviles.,8.83,128,moda|fotografía,true,2021-08-01
PRD02118,Versión Pro H 2024,Versión Pro H 2024 — Educativos. Producto de alta calidad para mascotas.,1607.82,364,cine|tecnología|deportes,false,2024-01-05
PRD02119,Edición Limitada F Mini,Edición Limitada F Mini — Educativos. Producto de alta calidad para juguetes.,337.46,115,viajes|fotografía|libros,true,2021-05-17
PRD02120,Set Completo C- Rojo,Set Completo C- Rojo — Educativos. Producto de alta calidad para electrónica.,1130.28,233,arte|mascotas|oficina,true,2021-01-13
PRD02121,Edición Limitada F- Plus,Edición Limitada F- Plus — Educativos. Producto de alta calidad para música.,1316.22,47,moda|música|hogar|automóviles,true,2022-11-11
PRD02122,Pack Básico E 2024,Pack Básico E 2024 — Educativos. Producto de alta calidad para juguetes.,478.06,423,jardín|moda|gaming|cine,false,2021-08-01
PRD02123,Versión Pro H 2024,Versión Pro H 2024 — Educativos. Producto de alta calidad para arte.,831.41,339,música|tecnología|fotografía|electrónica,true,2021-10-07
PRD02124,Versión Pro H- Plus,Versión Pro H- Plus — Educativos. Producto de alta calidad para juguetes.,1755.4,90,cine|juguetes,true,2021-09-28
PRD02125,Kit Profesional D- Blanco,Kit Profesional D- Blanco — Educativos. Producto de alta calidad para jardín.,779.66,364,libros|fitness,false,2019-11-29
PRD02126,Pack Básico E- Lite,Pack Básico E- Lite — Educativos. Producto de alta calidad para jardín.,2484.19,110,educativos|electrónica|automóviles|deportes|juguetes,false,2024-10-17
PRD02127,Artículo Especial B- Azul,Artículo Especial B- Azul — Educativos. Producto de alta calidad para hogar.,1762.14,364,oficina|fotografía|fitness|libros,true,2019-09-22
PRD02128,Versión Pro H- Blanco,Versión Pro H- Blanco — Educativos. Producto de alta calidad para electrónica.,223.02,109,educativos|fitness|moda,false,2022-02-24
PRD02129,Versión Pro H XL,Versión Pro H XL — Educativos. Producto de alta calidad para fotografía.,2208.94,392,libros|cine|viajes|automóviles|oficina,false,2022-12-17
PRD02130,Versión Pro H XL,Versión Pro H XL — Educativos. Producto de alta calidad para libros.,1569.48,10,mascotas|belleza,true,2020-09-21
PRD02131,Artículo Especial B,Artículo Especial B — Educativos. Producto de alta calidad para jardín.,448.87,305,hogar|cocina,true,2023-07-29
PRD02132,Modelo Estándar G- Blanco,Modelo Estándar G- Blanco — Educativos. Producto de alta calidad para cocina.,1467.5,443,deportes|fitness|mascotas|oficina,true,2020-03-17
PRD02133,Modelo Estándar G- Plus,Modelo Estándar G- Plus — Educativos. Producto de alta calidad para tecnología.,1661.18,365,educativos|tecnología,true,2019-02-02
PRD02134,Edición Limitada F 2024,Edición Limitada F 2024 — Educativos. Producto de alta calidad para juguetes.,2145.23,490,música|cocina|educativos|juguetes|mascotas,false,2022-04-15
PRD02135,Modelo Estándar G- Pro,Modelo Estándar G- Pro — Educativos. Producto de alta calidad para arte.,499.95,58,oficina|fotografía|automóviles,false,2019-07-03
PRD02136,Artículo Especial B XL,Artículo Especial B XL — Educativos. Producto de alta calidad para viajes.,2162.29,388,libros|fitness|deportes|música|viajes,true,2021-11-14
PRD02137,Edición Limitada F- Azul,Edición Limitada F- Azul — Educativos. Producto de alta calidad para libros.,1113.47,198,electrónica|arte|educativos|mascotas|belleza,true,2021-10-23
PRD02138,Versión Pro H- Pro,Versión Pro H- Pro — Educativos. Producto de alta calidad para oficina.,27.64,47,viajes|deportes,true,2023-11-28
PRD02139,Producto Premium A- Plus,Producto Premium A- Plus — Educativos. Producto de alta calidad para mascotas.,217.92,431,deportes|música|automóviles|tecnología|jardín,true,2019-05-25
PRD02140,Modelo Estándar G- Lite,Modelo Estándar G- Lite — Educativos. Producto de alta calidad para electrónica.,1985.17,61,oficina|mascotas|cocina|educativos|libros,true,2020-01-05
PRD02141,Pack Básico E- Azul,Pack Básico E- Azul — Educativos. Producto de alta calidad para viajes.,1957.67,78,cine|jardín|automóviles|gaming,true,2019-07-26
PRD02142,Modelo Estándar G XL,Modelo Estándar G XL — Acción. Producto de alta calidad para mascotas.,1116.5,105,libros|arte|fitness|belleza,true,2023-04-05
PRD02143,Producto Premium A- Plus,Producto Premium A- Plus — Acción. Producto de alta calidad para oficina.,443.76,152,moda|mascotas,false,2021-07-06
PRD02144,Modelo Estándar G- Rojo,Modelo Estándar G- Rojo — Acción. Producto de alta calidad para cine.,1525.44,343,deportes|música|cine|acción|cocina,true,2021-04-18
PRD02145,Artículo Especial B XL,Artículo Especial B XL — Acción. Producto de alta calidad para juguetes.,642.89,163,música|electrónica|fitness|cine|fotografía,true,2019-06-06
PRD02146,Edición Limitada F- Lite,Edición Limitada F- Lite — Acción. Producto de alta calidad para moda.,978.22,183,viajes|tecnología|moda|cine|acción,true,2020-04-28
PRD02147,Modelo Estándar G- Rojo,Modelo Estándar G- Rojo — Acción. Producto de alta calidad para fotografía.,1158.49,429,electrónica|automóviles,true,2019-08-16
PRD02148,Artículo Especial B- Azul,Artículo Especial B- Azul — Acción. Producto de alta calidad para mascotas.,915.4,472,viajes|mascotas|gaming|jardín,true,2020-10-17
PRD02149,Edición Limitada F XL,Edición Limitada F XL — Acción. Producto de alta calidad para juguetes.,904.55,299,electrónica|acción|mascotas|moda|fitness,true,2024-10-17
PRD02150,Versión Pro H- Negro,Versión Pro H- Negro — Acción. Producto de alta calidad para fitness.,1524.42,149,juguetes|oficina|cine,true,2020-01-29
PRD02151,Versión Pro H,Versión Pro H — Acción. Producto de alta calidad para viajes.,621.98,65,libros|juguetes,false,2020-03-05
PRD02152,Kit Profesional D- Plus,Kit Profesional D- Plus — Acción. Producto de alta calidad para deportes.,628.04,184,jardín|tecnología|música|deportes,false,2022-03-22
PRD02153,Versión Pro H- Negro,Versión Pro H- Negro — Acción. Producto de alta calidad para deportes.,668.45,369,oficina|deportes|automóviles,true,2023-03-14
PRD02154,Modelo Estándar G- Negro,Modelo Estándar G- Negro — Acción. Producto de alta calidad para arte.,392.07,452,jardín|arte|fitness|belleza|música,true,2023-02-18
PRD02155,Edición Limitada F 2024,Edición Limitada F 2024 — Acción. Producto de alta calidad para oficina.,1920.61,475,tecnología|jardín|viajes|acción|libros,true,2020-12-27
PRD02156,Kit Profesional D- Pro,Kit Profesional D- Pro — Acción. Producto de alta calidad para arte.,1533.1,371,belleza|electrónica|automóviles,true,2020-03-01
PRD02157,Edición Limitada F XL,Edición Limitada F XL — Acción. Producto de alta calidad para cocina.,1662.15,211,fotografía|mascotas|música|jardín|automóviles,true,2024-08-05
PRD02158,Edición Limitada F- Pro,Edición Limitada F- Pro — Acción. Producto de alta calidad para hogar.,2242.68,388,electrónica|libros,true,2021-10-02
PRD02159,Artículo Especial B 2024,Artículo Especial B 2024 — Acción. Producto de alta calidad para fitness.,2336.9,206,moda|automóviles|belleza|acción,true,2024-05-20
PRD02160,Edición Limitada F,Edición Limitada F — Acción. Producto de alta calidad para tecnología.,1326.8,287,belleza|hogar|tecnología|fitness,false,2020-03-21
PRD02161,Versión Pro H XL,Versión Pro H XL — Acción. Producto de alta calidad para belleza.,1472.74,415,cocina|acción|mascotas|jardín|deportes,false,2024-01-04
PRD02162,Modelo Estándar G- Azul,Modelo Estándar G- Azul — Acción. Producto de alta calidad para fotografía.,2340.38,418,acción|fotografía|cine|fitness|gaming,false,2021-08-16
PRD02163,Versión Pro H- Rojo,Versión Pro H- Rojo — Acción. Producto de alta calidad para música.,1984.07,257,gaming|viajes|mascotas|libros|belleza,true,2023-10-29
PRD02164,Artículo Especial B- Pro,Artículo Especial B- Pro — Acción. Producto de alta calidad para belleza.,1214.88,453,música|viajes,false,2021-04-26
PRD02165,Kit Profesional D- Rojo,Kit Profesional D- Rojo — Acción. Producto de alta calidad para fitness.,1502.71,465,moda|fitness|música|hogar,true,2019-02-05
PRD02166,Pack Básico E- Plus,Pack Básico E- Plus — Acción. Producto de alta calidad para música.,2161.42,304,jardín|tecnología|mascotas,true,2023-10-16
PRD02167,Pack Básico E- Pro,Pack Básico E- Pro — Acción. Producto de alta calidad para juguetes.,1432.49,58,electrónica|gaming|jardín|cine|tecnología,true,2022-07-22
PRD02168,Versión Pro H- Rojo,Versión Pro H- Rojo — Acción. Producto de alta calidad para automóviles.,1536.92,179,gaming|cine|jardín|arte|viajes,false,2024-12-05
PRD02169,Pack Básico E 2024,Pack Básico E 2024 — Acción. Producto de alta calidad para cocina.,615.63,135,acción|arte|electrónica|hogar,false,2021-11-02
PRD02170,Modelo Estándar G- Azul,Modelo Estándar G- Azul — Muñecas. Producto de alta calidad para cocina.,1196.29,121,música|fitness|mascotas|cocina,false,2024-06-02
PRD02171,Set Completo C- Negro,Set Completo C- Negro — Muñecas. Producto de alta calidad para arte.,1290.46,196,gaming|automóviles|cocina,true,2023-12-26
PRD02172,Artículo Especial B 2024,Artículo Especial B 2024 — Muñecas. Producto de alta calidad para oficina.,321.45,20,fitness|arte|mascotas|belleza|gaming,true,2021-02-06
PRD02173,Producto Premium A- Pro,Producto Premium A- Pro — Muñecas. Producto de alta calidad para electrónica.,879.95,117,fitness|fotografía,false,2020-04-09
PRD02174,Edición Limitada F 2024,Edición Limitada F 2024 — Muñecas. Producto de alta calidad para fotografía.,1431.27,473,fotografía|moda|fitness|deportes,true,2022-02-09
PRD02175,Pack Básico E- Lite,Pack Básico E- Lite — Muñecas. Producto de alta calidad para gaming.,475.17,480,mascotas|hogar|libros,true,2021-08-17
PRD02176,Modelo Estándar G- Pro,Modelo Estándar G- Pro — Muñecas. Producto de alta calidad para oficina.,2192.57,483,viajes|arte|muñecas,false,2023-02-18
PRD02177,Edición Limitada F XL,Edición Limitada F XL — Muñecas. Producto de alta calidad para automóviles.,2493.84,95,juguetes|cine,true,2020-10-02
PRD02178,Modelo Estándar G,Modelo Estándar G — Muñecas. Producto de alta calidad para mascotas.,1630.84,97,belleza|mascotas|fitness|oficina|automóviles,false,2020-08-22
PRD02179,Modelo Estándar G- Azul,Modelo Estándar G- Azul — Muñecas. Producto de alta calidad para gaming.,1141.86,444,juguetes|mascotas,false,2024-10-12
PRD02180,Modelo Estándar G- Lite,Modelo Estándar G- Lite — Muñecas. Producto de alta calidad para automóviles.,1645.08,414,juguetes|mascotas,true,2024-08-04
PRD02181,Edición Limitada F,Edición Limitada F — Muñecas. Producto de alta calidad para moda.,697.22,227,muñecas|fotografía,true,2023-01-30
PRD02182,Modelo Estándar G- Blanco,Modelo Estándar G- Blanco — Muñecas. Producto de alta calidad para música.,2323.05,353,deportes|tecnología,true,2021-08-05
PRD02183,Modelo Estándar G- Pro,Modelo Estándar G- Pro — Muñecas. Producto de alta calidad para gaming.,867.35,8,electrónica|automóviles|música,true,2023-04-30
PRD02184,Pack Básico E Mini,Pack Básico E Mini — Muñecas. Producto de alta calidad para electrónica.,1252.19,226,arte|jardín,true,2019-10-05
PRD02185,Kit Profesional D XL,Kit Profesional D XL — Muñecas. Producto de alta calidad para moda.,1793.11,259,música|cocina|fitness|belleza|deportes,true,2024-02-29
PRD02186,Producto Premium A- Plus,Producto Premium A- Plus — Muñecas. Producto de alta calidad para fitness.,914.59,316,fitness|viajes|belleza|tecnología,false,2023-05-25
PRD02187,Set Completo C- Lite,Set Completo C- Lite — Muñecas. Producto de alta calidad para arte.,1924.71,42,oficina|arte|moda,true,2019-04-09
PRD02188,Producto Premium A- Lite,Producto Premium A- Lite — Muñecas. Producto de alta calidad para belleza.,797.34,230,electrónica|música|deportes|libros|hogar,true,2021-09-19
PRD02189,Set Completo C- Plus,Set Completo C- Plus — Muñecas. Producto de alta calidad para fotografía.,1928.41,491,gaming|electrónica|juguetes|belleza,true,2020-04-02
PRD02190,Pack Básico E- Negro,Pack Básico E- Negro — Muñecas. Producto de alta calidad para viajes.,607.13,289,mascotas|hogar|muñecas,true,2023-10-12
PRD02191,Edición Limitada F 2024,Edición Limitada F 2024 — Muñecas. Producto de alta calidad para viajes.,655.71,500,moda|jardín|belleza,false,2024-08-17
PRD02192,Artículo Especial B- Lite,Artículo Especial B- Lite — Muñecas. Producto de alta calidad para moda.,843.25,478,música|viajes|belleza|cine|jardín,false,2023-08-22
PRD02193,Versión Pro H- Plus,Versión Pro H- Plus — Muñecas. Producto de alta calidad para fotografía.,1962.73,51,arte|juguetes|muñecas|electrónica,true,2022-09-01
PRD02194,Edición Limitada F Mini,Edición Limitada F Mini — Muñecas. Producto de alta calidad para belleza.,102.55,333,mascotas|libros|arte|tecnología|fotografía,true,2022-09-06
PRD02195,Producto Premium A Mini,Producto Premium A Mini — Muñecas. Producto de alta calidad para automóviles.,532.02,149,fitness|automóviles|electrónica|libros,true,2024-06-07
PRD02196,Set Completo C,Set Completo C — Construcción. Producto de alta calidad para fotografía.,2353.29,43,libros|fotografía,true,2019-03-09
PRD02197,Producto Premium A- Plus,Producto Premium A- Plus — Construcción. Producto de alta calidad para hogar.,950.54,219,juguetes|gaming|hogar|cine,true,2024-11-12
PRD02198,Artículo Especial B- Pro,Artículo Especial B- Pro — Construcción. Producto de alta calidad para tecnología.,581.24,360,construcción|cine|jardín|deportes,true,2022-03-11
PRD02199,Versión Pro H Mini,Versión Pro H Mini — Construcción. Producto de alta calidad para moda.,842.61,485,moda|construcción|oficina|fotografía,true,2022-05-17
PRD02200,Set Completo C Mini,Set Completo C Mini — Construcción. Producto de alta calidad para oficina.,778.87,123,tecnología|cine|juguetes|moda|oficina,true,2022-06-14
PRD02201,Modelo Estándar G Mini,Modelo Estándar G Mini — Construcción. Producto de alta calidad para viajes.,1972.33,287,construcción|automóviles|moda|gaming,true,2023-06-01
PRD02202,Modelo Estándar G- Rojo,Modelo Estándar G- Rojo — Construcción. Producto de alta calidad para mascotas.,1929.18,19,libros|música|fotografía|arte|fitness,true,2020-02-03
PRD02203,Kit Profesional D- Pro,Kit Profesional D- Pro — Construcción. Producto de alta calidad para cine.,655.28,359,fotografía|música,true,2023-07-25
PRD02204,Producto Premium A,Producto Premium A — Construcción. Producto de alta calidad para cocina.,533.24,359,cocina|arte,false,2019-03-16
PRD02205,Versión Pro H Mini,Versión Pro H Mini — Construcción. Producto de alta calidad para hogar.,30.56,378,fitness|hogar|fotografía,false,2023-03-23
PRD02206,Producto Premium A XL,Producto Premium A XL — Construcción. Producto de alta calidad para jardín.,2421.67,491,viajes|deportes|mascotas|tecnología|automóviles,true,2023-06-19
PRD02207,Kit Profesional D,Kit Profesional D — Construcción. Producto de alta calidad para música.,952.42,281,construcción|belleza|fotografía,true,2020-03-20
PRD02208,Edición Limitada F,Edición Limitada F — Construcción. Producto de alta calidad para cine.,817.16,78,cine|cocina,true,2023-08-02
PRD02209,Versión Pro H- Azul,Versión Pro H- Azul — Construcción. Producto de alta calidad para libros.,551.49,225,libros|arte,false,2020-03-18
PRD02210,Versión Pro H- Lite,Versión Pro H- Lite — Construcción. Producto de alta calidad para mascotas.,2320.06,143,música|juguetes|arte,true,2022-06-19
PRD02211,Producto Premium A 2024,Producto Premium A 2024 — Construcción. Producto de alta calidad para hogar.,1620.67,238,construcción|juguetes,true,2024-01-23
PRD02212,Kit Profesional D- Negro,Kit Profesional D- Negro — Construcción. Producto de alta calidad para cine.,2235.05,480,mascotas|hogar|jardín|moda,true,2020-12-07
PRD02213,Pack Básico E- Rojo,Pack Básico E- Rojo — Construcción. Producto de alta calidad para arte.,659.92,94,deportes|jardín|fitness|moda|cocina,false,2020-03-05
PRD02214,Pack Básico E- Rojo,Pack Básico E- Rojo — Construcción. Producto de alta calidad para cocina.,1822.36,44,automóviles|libros|jardín|fotografía,true,2023-02-20
PRD02215,Kit Profesional D- Plus,Kit Profesional D- Plus — Construcción. Producto de alta calidad para libros.,1267.42,10,cocina|oficina,true,2023-10-22
PRD02216,Kit Profesional D- Plus,Kit Profesional D- Plus — Construcción. Producto de alta calidad para música.,1841.18,418,oficina|cine|fitness,false,2022-07-03
PRD02217,Modelo Estándar G,Modelo Estándar G — Construcción. Producto de alta calidad para tecnología.,2112.92,407,fotografía|hogar|construcción|jardín|cocina,true,2022-01-11
PRD02218,Modelo Estándar G- Negro,Modelo Estándar G- Negro — Construcción. Producto de alta calidad para fitness.,391.53,197,arte|viajes|fotografía,true,2022-12-17
PRD02219,Kit Profesional D- Blanco,Kit Profesional D- Blanco — Construcción. Producto de alta calidad para arte.,2347.44,37,libros|deportes|viajes|belleza|cocina,true,2023-01-14
PRD02220,Edición Limitada F- Rojo,Edición Limitada F- Rojo — Construcción. Producto de alta calidad para tecnología.,2166.35,188,construcción|arte|libros,false,2022-10-21
PRD02221,Producto Premium A 2024,Producto Premium A 2024 — Construcción. Producto de alta calidad para deportes.,1099.31,77,construcción|automóviles|música|tecnología,false,2024-04-12
PRD02222,Kit Profesional D- Azul,Kit Profesional D- Azul — Construcción. Producto de alta calidad para gaming.,1326.1,77,moda|música|viajes|mascotas,false,2020-03-07
PRD02223,Versión Pro H- Blanco,Versión Pro H- Blanco — Construcción. Producto de alta calidad para electrónica.,1124.82,149,gaming|construcción|libros|jardín|juguetes,false,2023-10-26
PRD02224,Edición Limitada F 2024,Edición Limitada F 2024 — Construcción. Producto de alta calidad para electrónica.,1906.98,385,juguetes|fotografía,true,2024-01-03
PRD02225,Set Completo C XL,Set Completo C XL — Construcción. Producto de alta calidad para arte.,507.13,326,cocina|oficina|viajes|deportes,false,2024-06-25
PRD02226,Set Completo C- Lite,Set Completo C- Lite — Construcción. Producto de alta calidad para electrónica.,1013.82,330,automóviles|cocina|tecnología|fitness|gaming,true,2023-09-28
PRD02227,Set Completo C,Set Completo C — Construcción. Producto de alta calidad para hogar.,2255.34,247,deportes|cine|hogar,false,2021-04-25
PRD02228,Edición Limitada F- Azul,Edición Limitada F- Azul — Vehículos Juguete. Producto de alta calidad para hogar.,557.91,334,moda|viajes|belleza|juguetes,true,2021-03-28
PRD02229,Artículo Especial B 2024,Artículo Especial B 2024 — Vehículos Juguete. Producto de alta calidad para música.,1010.02,127,hogar|cine,false,2019-02-16
PRD02230,Set Completo C 2024,Set Completo C 2024 — Vehículos Juguete. Producto de alta calidad para oficina.,559.09,329,hogar|oficina,true,2024-12-04
PRD02231,Kit Profesional D- Negro,Kit Profesional D- Negro — Vehículos Juguete. Producto de alta calidad para juguetes.,1938.36,247,arte|cocina,true,2021-09-14
PRD02232,Edición Limitada F- Plus,Edición Limitada F- Plus — Vehículos Juguete. Producto de alta calidad para tecnología.,1451.61,344,cocina|deportes|fitness,false,2019-12-12
PRD02233,Modelo Estándar G,Modelo Estándar G — Vehículos Juguete. Producto de alta calidad para libros.,727.81,210,música|gaming|cine|arte|moda,true,2019-06-05
PRD02234,Set Completo C- Rojo,Set Completo C- Rojo — Vehículos Juguete. Producto de alta calidad para jardín.,266.39,492,belleza|oficina|libros|juguetes|fitness,true,2020-08-22
PRD02235,Kit Profesional D- Pro,Kit Profesional D- Pro — Vehículos Juguete. Producto de alta calidad para fotografía.,167.32,16,jardín|libros,true,2024-12-08
PRD02236,Edición Limitada F- Plus,Edición Limitada F- Plus — Vehículos Juguete. Producto de alta calidad para arte.,165.42,94,vehículos juguete|tecnología|cine|libros|automóviles,false,2024-05-10
PRD02237,Modelo Estándar G- Lite,Modelo Estándar G- Lite — Vehículos Juguete. Producto de alta calidad para belleza.,1383.1,476,moda|belleza|viajes|jardín,true,2023-05-22
PRD02238,Artículo Especial B- Rojo,Artículo Especial B- Rojo — Vehículos Juguete. Producto de alta calidad para moda.,1180.26,269,electrónica|gaming,false,2021-03-13
PRD02239,Artículo Especial B- Rojo,Artículo Especial B- Rojo — Vehículos Juguete. Producto de alta calidad para tecnología.,1549.71,467,juguetes|tecnología|viajes,true,2020-09-27
PRD02240,Edición Limitada F Mini,Edición Limitada F Mini — Vehículos Juguete. Producto de alta calidad para mascotas.,1583.07,146,música|cine|moda|mascotas|tecnología,true,2022-03-11
PRD02241,Versión Pro H XL,Versión Pro H XL — Vehículos Juguete. Producto de alta calidad para hogar.,1157.31,455,deportes|gaming|música,true,2024-12-22
PRD02242,Set Completo C- Blanco,Set Completo C- Blanco — Vehículos Juguete. Producto de alta calidad para fitness.,1136.52,131,música|libros|juguetes,true,2020-12-16
PRD02243,Artículo Especial B- Rojo,Artículo Especial B- Rojo — Vehículos Juguete. Producto de alta calidad para fotografía.,1928.29,120,belleza|fotografía|mascotas,true,2023-02-15
PRD02244,Modelo Estándar G- Rojo,Modelo Estándar G- Rojo — Vehículos Juguete. Producto de alta calidad para juguetes.,135.02,88,oficina|cocina|electrónica|belleza,true,2024-05-01
PRD02245,Modelo Estándar G- Azul,Modelo Estándar G- Azul — Vehículos Juguete. Producto de alta calidad para arte.,2106.47,331,jardín|oficina|automóviles|gaming|mascotas,true,2023-01-12
PRD02246,Pack Básico E- Pro,Pack Básico E- Pro — Vehículos Juguete. Producto de alta calidad para electrónica.,101.54,496,belleza|mascotas|arte,true,2024-08-09
PRD02247,Producto Premium A- Azul,Producto Premium A- Azul — Vehículos Juguete. Producto de alta calidad para gaming.,242.0,392,electrónica|libros,true,2019-11-15
PRD02248,Producto Premium A- Rojo,Producto Premium A- Rojo — Vehículos Juguete. Producto de alta calidad para jardín.,2016.43,297,viajes|gaming|hogar,false,2023-03-16
PRD02249,Pack Básico E,Pack Básico E — Vehículos Juguete. Producto de alta calidad para deportes.,784.39,453,moda|deportes,true,2019-05-07
PRD02250,Kit Profesional D- Pro,Kit Profesional D- Pro — Vehículos Juguete. Producto de alta calidad para moda.,2465.61,351,tecnología|jardín|música,true,2023-04-19
PRD02251,Artículo Especial B- Lite,Artículo Especial B- Lite — Vehículos Juguete. Producto de alta calidad para hogar.,581.6,149,libros|cine|oficina|gaming,true,2023-04-02
PRD02252,Set Completo C- Azul,Set Completo C- Azul — Vehículos Juguete. Producto de alta calidad para hogar.,1191.02,308,tecnología|deportes,true,2024-01-13
PRD02253,Versión Pro H- Rojo,Versión Pro H- Rojo — Electrónicos Juguete. Producto de alta calidad para tecnología.,1511.29,283,fitness|hogar,true,2023-01-22
PRD02254,Producto Premium A,Producto Premium A — Electrónicos Juguete. Producto de alta calidad para gaming.,397.46,186,jardín|electrónica|gaming|arte,true,2023-09-05
PRD02255,Artículo Especial B- Plus,Artículo Especial B- Plus — Electrónicos Juguete. Producto de alta calidad para libros.,603.32,360,gaming|arte|música|cocina|hogar,true,2019-04-26
PRD02256,Modelo Estándar G- Plus,Modelo Estándar G- Plus — Electrónicos Juguete. Producto de alta calidad para tecnología.,1038.46,86,moda|cine,true,2023-10-01
PRD02257,Set Completo C- Azul,Set Completo C- Azul — Electrónicos Juguete. Producto de alta calidad para juguetes.,207.48,22,electrónica|electrónicos juguete|oficina|fotografía,true,2022-05-17
PRD02258,Versión Pro H- Negro,Versión Pro H- Negro — Electrónicos Juguete. Producto de alta calidad para arte.,2160.04,83,fitness|viajes|libros|juguetes|mascotas,false,2024-07-13
PRD02259,Artículo Especial B- Pro,Artículo Especial B- Pro — Electrónicos Juguete. Producto de alta calidad para hogar.,2040.1,244,automóviles|oficina|electrónicos juguete|hogar|cine,true,2021-10-18
PRD02260,Edición Limitada F- Negro,Edición Limitada F- Negro — Electrónicos Juguete. Producto de alta calidad para hogar.,410.39,80,deportes|cocina,true,2021-12-13
PRD02261,Pack Básico E- Pro,Pack Básico E- Pro — Electrónicos Juguete. Producto de alta calidad para electrónica.,2288.69,38,jardín|electrónica|viajes|deportes,false,2021-04-15
PRD02262,Pack Básico E- Negro,Pack Básico E- Negro — Electrónicos Juguete. Producto de alta calidad para fitness.,1494.79,335,jardín|cine,true,2022-06-24
PRD02263,Edición Limitada F- Plus,Edición Limitada F- Plus — Electrónicos Juguete. Producto de alta calidad para deportes.,23.56,477,viajes|cocina,false,2020-05-15
PRD02264,Modelo Estándar G- Negro,Modelo Estándar G- Negro — Electrónicos Juguete. Producto de alta calidad para electrónica.,287.82,109,tecnología|cine|hogar|viajes|moda,true,2020-05-29
PRD02265,Artículo Especial B Mini,Artículo Especial B Mini — Electrónicos Juguete. Producto de alta calidad para fitness.,78.89,240,electrónica|música,false,2021-09-28
PRD02266,Edición Limitada F- Lite,Edición Limitada F- Lite — Electrónicos Juguete. Producto de alta calidad para fotografía.,1665.93,438,tecnología|electrónicos juguete|deportes|juguetes,true,2022-07-23
PRD02267,Modelo Estándar G,Modelo Estándar G — Electrónicos Juguete. Producto de alta calidad para viajes.,1055.76,138,belleza|libros|fotografía|deportes|hogar,true,2022-02-21
PRD02268,Pack Básico E Mini,Pack Básico E Mini — Electrónicos Juguete. Producto de alta calidad para fitness.,2196.94,449,hogar|cocina,true,2024-04-21
PRD02269,Modelo Estándar G- Lite,Modelo Estándar G- Lite — Electrónicos Juguete. Producto de alta calidad para jardín.,321.69,458,cocina|automóviles|libros,true,2019-09-13
PRD02270,Set Completo C- Negro,Set Completo C- Negro — Electrónicos Juguete. Producto de alta calidad para gaming.,657.97,265,jardín|automóviles,true,2019-08-13
PRD02271,Artículo Especial B Mini,Artículo Especial B Mini — Electrónicos Juguete. Producto de alta calidad para cine.,2298.78,163,oficina|libros|gaming|cocina,true,2023-09-27
PRD02272,Artículo Especial B- Plus,Artículo Especial B- Plus — Electrónicos Juguete. Producto de alta calidad para hogar.,1904.32,484,jardín|cocina|fitness|viajes,false,2021-08-14
PRD02273,Pack Básico E XL,Pack Básico E XL — Electrónicos Juguete. Producto de alta calidad para hogar.,1615.71,49,tecnología|jardín|moda|fitness,true,2022-03-25
PRD02274,Versión Pro H Mini,Versión Pro H Mini — Electrónicos Juguete. Producto de alta calidad para hogar.,1603.71,387,gaming|fotografía,true,2021-09-18
PRD02275,Versión Pro H 2024,Versión Pro H 2024 — Electrónicos Juguete. Producto de alta calidad para electrónica.,1341.14,382,electrónicos juguete|mascotas,false,2022-08-08
PRD02276,Producto Premium A- Negro,Producto Premium A- Negro — Electrónicos Juguete. Producto de alta calidad para cocina.,1740.27,327,tecnología|cocina|hogar,true,2022-08-14
PRD02277,Versión Pro H- Rojo,Versión Pro H- Rojo — Electrónicos Juguete. Producto de alta calidad para gaming.,2464.4,221,gaming|electrónicos juguete|cocina|oficina|arte,false,2024-04-04
PRD02278,Producto Premium A- Negro,Producto Premium A- Negro — Electrónicos Juguete. Producto de alta calidad para fitness.,195.88,24,automóviles|arte|libros|oficina|gaming,true,2024-06-04
PRD02279,Producto Premium A XL,Producto Premium A XL — Electrónicos Juguete. Producto de alta calidad para automóviles.,2280.28,167,mascotas|tecnología|deportes,false,2020-04-18
PRD02280,Versión Pro H- Rojo,Versión Pro H- Rojo — Electrónicos Juguete. Producto de alta calidad para fitness.,427.03,370,oficina|arte,true,2019-03-29
PRD02281,Producto Premium A XL,Producto Premium A XL — Electrónicos Juguete. Producto de alta calidad para electrónica.,173.22,373,mascotas|juguetes|libros|automóviles,true,2021-12-29
PRD02282,Modelo Estándar G- Lite,Modelo Estándar G- Lite — Electrónicos Juguete. Producto de alta calidad para fotografía.,1853.82,39,cine|viajes,false,2020-12-05
PRD02283,Artículo Especial B XL,Artículo Especial B XL — Outdoor Juguete. Producto de alta calidad para oficina.,1850.49,13,cocina|moda|cine|música,true,2024-10-01
PRD02284,Modelo Estándar G 2024,Modelo Estándar G 2024 — Outdoor Juguete. Producto de alta calidad para electrónica.,2400.27,479,deportes|hogar|libros,true,2020-04-27
PRD02285,Set Completo C 2024,Set Completo C 2024 — Outdoor Juguete. Producto de alta calidad para fitness.,2389.15,199,música|viajes|gaming,false,2021-01-29
PRD02286,Versión Pro H- Blanco,Versión Pro H- Blanco — Outdoor Juguete. Producto de alta calidad para hogar.,2357.47,217,tecnología|viajes|automóviles|arte,true,2023-10-23
PRD02287,Versión Pro H- Negro,Versión Pro H- Negro — Outdoor Juguete. Producto de alta calidad para viajes.,1244.53,73,deportes|viajes|cocina|música,true,2024-07-18
PRD02288,Edición Limitada F Mini,Edición Limitada F Mini — Outdoor Juguete. Producto de alta calidad para libros.,1692.2,6,gaming|mascotas|cocina|música|hogar,true,2022-06-21
PRD02289,Set Completo C,Set Completo C — Outdoor Juguete. Producto de alta calidad para electrónica.,927.19,33,oficina|gaming|mascotas|cocina|hogar,true,2024-09-12
PRD02290,Set Completo C- Pro,Set Completo C- Pro — Outdoor Juguete. Producto de alta calidad para gaming.,344.17,487,fitness|juguetes,true,2022-09-13
PRD02291,Edición Limitada F- Pro,Edición Limitada F- Pro — Outdoor Juguete. Producto de alta calidad para mascotas.,1680.16,107,mascotas|oficina|gaming|cine|fotografía,false,2021-01-16
PRD02292,Edición Limitada F- Plus,Edición Limitada F- Plus — Outdoor Juguete. Producto de alta calidad para libros.,1058.58,298,gaming|automóviles|hogar,true,2019-10-20
PRD02293,Artículo Especial B- Azul,Artículo Especial B- Azul — Outdoor Juguete. Producto de alta calidad para hogar.,1640.73,15,hogar|outdoor juguete|deportes|gaming,false,2019-07-27
PRD02294,Edición Limitada F- Azul,Edición Limitada F- Azul — Outdoor Juguete. Producto de alta calidad para automóviles.,2435.99,426,moda|música|cocina|cine,true,2022-02-16
PRD02295,Artículo Especial B- Blanco,Artículo Especial B- Blanco — Outdoor Juguete. Producto de alta calidad para moda.,574.23,285,libros|outdoor juguete|música,false,2020-11-27
PRD02296,Kit Profesional D 2024,Kit Profesional D 2024 — Outdoor Juguete. Producto de alta calidad para gaming.,521.96,245,mascotas|moda|juguetes|fotografía,true,2020-03-05
PRD02297,Edición Limitada F 2024,Edición Limitada F 2024 — Outdoor Juguete. Producto de alta calidad para jardín.,566.85,417,automóviles|viajes|mascotas|música|hogar,true,2020-04-02
PRD02298,Set Completo C- Lite,Set Completo C- Lite — Outdoor Juguete. Producto de alta calidad para electrónica.,1545.09,34,automóviles|tecnología,true,2021-05-06
PRD02299,Artículo Especial B XL,Artículo Especial B XL — Outdoor Juguete. Producto de alta calidad para belleza.,757.48,1,deportes|electrónica|belleza,true,2021-10-06
PRD02300,Versión Pro H Mini,Versión Pro H Mini — Outdoor Juguete. Producto de alta calidad para viajes.,312.64,228,outdoor juguete|electrónica|gaming|belleza,true,2021-07-03
PRD02301,Pack Básico E XL,Pack Básico E XL — Outdoor Juguete. Producto de alta calidad para electrónica.,786.33,438,cine|música|fotografía|arte,false,2019-05-08
PRD02302,Producto Premium A,Producto Premium A — Outdoor Juguete. Producto de alta calidad para cocina.,1299.37,282,gaming|arte|fitness|automóviles,true,2021-04-17
PRD02303,Artículo Especial B 2024,Artículo Especial B 2024 — Outdoor Juguete. Producto de alta calidad para automóviles.,1413.8,164,belleza|música,true,2021-08-09
PRD02304,Set Completo C 2024,Set Completo C 2024 — Outdoor Juguete. Producto de alta calidad para automóviles.,1910.6,248,mascotas|outdoor juguete|juguetes|belleza,true,2022-10-27
PRD02305,Kit Profesional D- Plus,Kit Profesional D- Plus — Outdoor Juguete. Producto de alta calidad para fitness.,1926.51,452,arte|jardín,true,2020-02-15
PRD02306,Kit Profesional D,Kit Profesional D — Outdoor Juguete. Producto de alta calidad para viajes.,156.83,391,tecnología|cine|jardín|juguetes|mascotas,true,2023-07-03
PRD02307,Artículo Especial B- Negro,Artículo Especial B- Negro — Outdoor Juguete. Producto de alta calidad para fitness.,2497.25,380,jardín|deportes,true,2022-09-23
PRD02308,Producto Premium A XL,Producto Premium A XL — Outdoor Juguete. Producto de alta calidad para moda.,2103.35,117,mascotas|viajes|hogar,false,2021-11-13
PRD02309,Artículo Especial B- Plus,Artículo Especial B- Plus — Arte Niños. Producto de alta calidad para tecnología.,1432.73,212,viajes|mascotas,true,2021-05-15
PRD02310,Set Completo C,Set Completo C — Arte Niños. Producto de alta calidad para mascotas.,1295.81,73,fotografía|arte,true,2019-07-04
PRD02311,Modelo Estándar G- Blanco,Modelo Estándar G- Blanco — Arte Niños. Producto de alta calidad para mascotas.,1081.84,124,electrónica|fotografía|libros|oficina,true,2022-01-10
PRD02312,Edición Limitada F- Pro,Edición Limitada F- Pro — Arte Niños. Producto de alta calidad para fitness.,2087.02,366,jardín|fitness,true,2019-04-09
PRD02313,Modelo Estándar G- Plus,Modelo Estándar G- Plus — Arte Niños. Producto de alta calidad para moda.,2037.04,318,libros|tecnología,true,2020-10-12
PRD02314,Versión Pro H 2024,Versión Pro H 2024 — Arte Niños. Producto de alta calidad para tecnología.,1739.83,471,gaming|fitness,true,2022-08-07
PRD02315,Modelo Estándar G 2024,Modelo Estándar G 2024 — Arte Niños. Producto de alta calidad para belleza.,2378.9,399,cocina|fitness|jardín|oficina,true,2024-01-04
PRD02316,Versión Pro H- Rojo,Versión Pro H- Rojo — Arte Niños. Producto de alta calidad para deportes.,143.55,498,música|moda|fitness|cocina,true,2023-01-20
PRD02317,Edición Limitada F- Lite,Edición Limitada F- Lite — Arte Niños. Producto de alta calidad para mascotas.,297.02,409,cocina|tecnología|juguetes|música|moda,true,2023-06-01
PRD02318,Kit Profesional D,Kit Profesional D — Arte Niños. Producto de alta calidad para fotografía.,2211.24,447,deportes|gaming,true,2019-11-18
PRD02319,Edición Limitada F Mini,Edición Limitada F Mini — Arte Niños. Producto de alta calidad para cocina.,52.67,401,cine|mascotas,true,2019-10-23
PRD02320,Modelo Estándar G- Pro,Modelo Estándar G- Pro — Arte Niños. Producto de alta calidad para moda.,38.81,11,automóviles|cocina|tecnología|moda,true,2022-04-18
PRD02321,Modelo Estándar G- Rojo,Modelo Estándar G- Rojo — Arte Niños. Producto de alta calidad para fotografía.,1323.42,374,cocina|oficina|electrónica|cine,false,2021-05-14
PRD02322,Edición Limitada F- Blanco,Edición Limitada F- Blanco — Arte Niños. Producto de alta calidad para fotografía.,1454.5,202,jardín|tecnología|fotografía|belleza,false,2020-08-04
PRD02323,Set Completo C- Pro,Set Completo C- Pro — Arte Niños. Producto de alta calidad para oficina.,103.61,169,jardín|moda|deportes|viajes|automóviles,true,2024-04-11
PRD02324,Artículo Especial B 2024,Artículo Especial B 2024 — Arte Niños. Producto de alta calidad para arte.,1982.59,90,música|hogar,true,2023-04-23
PRD02325,Producto Premium A 2024,Producto Premium A 2024 — Arte Niños. Producto de alta calidad para fotografía.,828.1,123,arte|juguetes,true,2019-04-03
PRD02326,Edición Limitada F,Edición Limitada F — Arte Niños. Producto de alta calidad para mascotas.,1710.99,438,deportes|mascotas|cocina|arte niños|jardín,false,2024-05-24
PRD02327,Kit Profesional D- Negro,Kit Profesional D- Negro — Arte Niños. Producto de alta calidad para juguetes.,1752.97,234,gaming|música,false,2020-05-13
PRD02328,Versión Pro H,Versión Pro H — Arte Niños. Producto de alta calidad para cocina.,253.6,471,arte|fotografía|cine,true,2024-09-19
PRD02329,Pack Básico E- Lite,Pack Básico E- Lite — Arte Niños. Producto de alta calidad para belleza.,1709.54,116,fotografía|arte|automóviles|música|cocina,true,2019-12-11
PRD02330,Artículo Especial B- Negro,Artículo Especial B- Negro — Arte Niños. Producto de alta calidad para mascotas.,2354.61,477,electrónica|libros|cocina,true,2022-02-16
PRD02331,Versión Pro H- Pro,Versión Pro H- Pro — Arte Niños. Producto de alta calidad para tecnología.,2428.67,455,cocina|fotografía,true,2022-06-06
PRD02332,Pack Básico E- Lite,Pack Básico E- Lite — Arte Niños. Producto de alta calidad para fotografía.,2205.51,286,belleza|cocina|cine|gaming,false,2020-09-25
PRD02333,Producto Premium A Mini,Producto Premium A Mini — Arte Niños. Producto de alta calidad para viajes.,2008.0,231,gaming|mascotas|cine|oficina|jardín,true,2024-04-09
PRD02334,Edición Limitada F- Azul,Edición Limitada F- Azul — Arte Niños. Producto de alta calidad para hogar.,2138.23,216,libros|arte|hogar|juguetes,true,2024-02-05
PRD02335,Versión Pro H- Rojo,Versión Pro H- Rojo — Arte Niños. Producto de alta calidad para juguetes.,1885.11,61,jardín|electrónica|arte niños|juguetes|cine,true,2019-12-01
PRD02336,Edición Limitada F- Blanco,Edición Limitada F- Blanco — Arte Niños. Producto de alta calidad para tecnología.,1123.57,271,cocina|libros|fitness|viajes|hogar,true,2024-07-25
PRD02337,Modelo Estándar G- Plus,Modelo Estándar G- Plus — Arte Niños. Producto de alta calidad para viajes.,2115.06,407,juguetes|hogar|tecnología|arte,false,2023-11-22
PRD02338,Versión Pro H,Versión Pro H — Arte Niños. Producto de alta calidad para cocina.,2292.17,17,cocina|electrónica|mascotas|juguetes,true,2020-03-30
PRD02339,Versión Pro H- Plus,Versión Pro H- Plus — Arte Niños. Producto de alta calidad para deportes.,2490.08,184,libros|arte,true,2019-03-16
PRD02340,Pack Básico E- Rojo,Pack Básico E- Rojo — Arte Niños. Producto de alta calidad para libros.,1148.44,189,moda|oficina|belleza|fitness,false,2022-08-19
PRD02341,Versión Pro H- Rojo,Versión Pro H- Rojo — Puzzles. Producto de alta calidad para cine.,1832.74,482,belleza|cocina|arte|fitness,false,2024-04-23
PRD02342,Kit Profesional D- Azul,Kit Profesional D- Azul — Puzzles. Producto de alta calidad para viajes.,70.83,399,cocina|música|tecnología|fitness,true,2022-10-30
PRD02343,Versión Pro H- Blanco,Versión Pro H- Blanco — Puzzles. Producto de alta calidad para automóviles.,975.74,450,mascotas|libros|automóviles|oficina|puzzles,false,2022-09-01
PRD02344,Producto Premium A 2024,Producto Premium A 2024 — Puzzles. Producto de alta calidad para oficina.,590.71,276,música|jardín|cine|tecnología,true,2023-10-02
PRD02345,Set Completo C- Plus,Set Completo C- Plus — Puzzles. Producto de alta calidad para moda.,495.38,28,fotografía|cocina|belleza|música|puzzles,false,2023-01-16
PRD02346,Modelo Estándar G- Negro,Modelo Estándar G- Negro — Puzzles. Producto de alta calidad para libros.,1703.5,142,arte|gaming|mascotas|juguetes|electrónica,false,2021-11-14
PRD02347,Artículo Especial B- Lite,Artículo Especial B- Lite — Puzzles. Producto de alta calidad para juguetes.,977.03,170,juguetes|deportes|puzzles|hogar,true,2023-10-21
PRD02348,Versión Pro H- Blanco,Versión Pro H- Blanco — Puzzles. Producto de alta calidad para arte.,252.28,218,oficina|música|arte|moda,false,2019-10-30
PRD02349,Producto Premium A- Plus,Producto Premium A- Plus — Puzzles. Producto de alta calidad para automóviles.,1676.38,32,viajes|moda|mascotas,true,2019-03-28
PRD02350,Kit Profesional D- Rojo,Kit Profesional D- Rojo — Puzzles. Producto de alta calidad para fotografía.,2367.62,118,libros|viajes,true,2024-05-21
PRD02351,Modelo Estándar G XL,Modelo Estándar G XL — Puzzles. Producto de alta calidad para deportes.,248.68,356,cocina|oficina|fotografía,false,2019-01-16
PRD02352,Edición Limitada F XL,Edición Limitada F XL — Puzzles. Producto de alta calidad para jardín.,1433.05,461,hogar|música,true,2022-05-15
PRD02353,Producto Premium A- Azul,Producto Premium A- Azul — Puzzles. Producto de alta calidad para oficina.,393.45,463,hogar|belleza,true,2024-03-07
PRD02354,Pack Básico E- Lite,Pack Básico E- Lite — Puzzles. Producto de alta calidad para viajes.,1635.54,423,juguetes|arte|hogar|deportes,true,2019-04-23
PRD02355,Producto Premium A- Pro,Producto Premium A- Pro — Puzzles. Producto de alta calidad para viajes.,546.02,285,jardín|puzzles|juguetes|cocina|libros,true,2022-04-03
PRD02356,Versión Pro H- Pro,Versión Pro H- Pro — Puzzles. Producto de alta calidad para mascotas.,965.34,123,música|automóviles|oficina|fotografía,true,2024-04-25
PRD02357,Edición Limitada F,Edición Limitada F — Puzzles. Producto de alta calidad para deportes.,1189.87,232,tecnología|música|electrónica,true,2020-07-13
PRD02358,Artículo Especial B- Lite,Artículo Especial B- Lite — Puzzles. Producto de alta calidad para jardín.,884.49,227,arte|moda|fitness,true,2020-10-08
PRD02359,Pack Básico E Mini,Pack Básico E Mini — Puzzles. Producto de alta calidad para mascotas.,989.46,301,automóviles|gaming|electrónica|libros,true,2024-03-04
PRD02360,Pack Básico E XL,Pack Básico E XL — Puzzles. Producto de alta calidad para música.,2418.97,259,música|automóviles,false,2023-12-18
PRD02361,Versión Pro H- Rojo,Versión Pro H- Rojo — Puzzles. Producto de alta calidad para música.,49.94,305,belleza|cine|deportes|moda|fotografía,false,2023-04-04
PRD02362,Modelo Estándar G- Pro,Modelo Estándar G- Pro — Puzzles. Producto de alta calidad para automóviles.,1217.76,25,fotografía|hogar|fitness,true,2019-11-01
PRD02363,Producto Premium A- Rojo,Producto Premium A- Rojo — Puzzles. Producto de alta calidad para electrónica.,1762.39,412,cocina|deportes,true,2019-02-02
PRD02364,Artículo Especial B- Blanco,Artículo Especial B- Blanco — Puzzles. Producto de alta calidad para jardín.,2471.0,186,gaming|puzzles|electrónica|moda,false,2021-01-07
PRD02365,Artículo Especial B- Rojo,Artículo Especial B- Rojo — Puzzles. Producto de alta calidad para viajes.,1458.19,462,gaming|arte|fitness|tecnología|deportes,true,2023-02-24
PRD02366,Artículo Especial B,Artículo Especial B — Puzzles. Producto de alta calidad para electrónica.,758.85,431,fitness|automóviles,true,2023-06-09
PRD02367,Artículo Especial B- Azul,Artículo Especial B- Azul — Puzzles. Producto de alta calidad para electrónica.,1420.23,184,moda|puzzles|deportes|electrónica|cocina,false,2020-01-13
PRD02368,Producto Premium A- Plus,Producto Premium A- Plus — Puzzles. Producto de alta calidad para viajes.,1765.58,232,tecnología|música|hogar,true,2023-12-29
PRD02369,Versión Pro H Mini,Versión Pro H Mini — Bebés. Producto de alta calidad para juguetes.,248.78,87,deportes|tecnología,false,2022-03-31
PRD02370,Set Completo C- Negro,Set Completo C- Negro — Bebés. Producto de alta calidad para deportes.,2457.15,106,música|cocina|tecnología,false,2023-08-31
PRD02371,Edición Limitada F- Rojo,Edición Limitada F- Rojo — Bebés. Producto de alta calidad para gaming.,2439.74,174,cine|moda|música|fitness|deportes,true,2022-01-14
PRD02372,Pack Básico E- Plus,Pack Básico E- Plus — Bebés. Producto de alta calidad para moda.,1779.49,489,deportes|belleza,true,2019-05-07
PRD02373,Edición Limitada F,Edición Limitada F — Bebés. Producto de alta calidad para juguetes.,2307.2,483,fitness|gaming,true,2020-04-05
PRD02374,Modelo Estándar G,Modelo Estándar G — Bebés. Producto de alta calidad para mascotas.,1998.1,248,mascotas|cine|viajes,false,2022-01-27
PRD02375,Modelo Estándar G,Modelo Estándar G — Bebés. Producto de alta calidad para arte.,378.42,4,cocina|automóviles|fitness|cine,true,2024-04-18
PRD02376,Set Completo C- Blanco,Set Completo C- Blanco — Bebés. Producto de alta calidad para automóviles.,1478.7,212,cine|cocina|moda|bebés,true,2021-12-15
PRD02377,Versión Pro H- Pro,Versión Pro H- Pro — Bebés. Producto de alta calidad para hogar.,1944.05,153,hogar|automóviles|música|mascotas,true,2020-03-23
PRD02378,Modelo Estándar G,Modelo Estándar G — Bebés. Producto de alta calidad para arte.,1679.55,466,belleza|tecnología|deportes|mascotas,false,2022-09-14
PRD02379,Producto Premium A 2024,Producto Premium A 2024 — Bebés. Producto de alta calidad para moda.,956.63,134,cine|mascotas|belleza,true,2022-08-28
PRD02380,Pack Básico E- Negro,Pack Básico E- Negro — Bebés. Producto de alta calidad para tecnología.,1873.06,271,cocina|libros|bebés|oficina,true,2024-07-15
PRD02381,Edición Limitada F,Edición Limitada F — Bebés. Producto de alta calidad para jardín.,572.19,394,fitness|hogar,true,2024-09-27
PRD02382,Modelo Estándar G 2024,Modelo Estándar G 2024 — Bebés. Producto de alta calidad para jardín.,361.73,371,oficina|electrónica|moda|fotografía,true,2019-09-15
PRD02383,Pack Básico E- Blanco,Pack Básico E- Blanco — Bebés. Producto de alta calidad para electrónica.,1650.37,334,electrónica|cine,true,2019-11-18
PRD02384,Producto Premium A- Lite,Producto Premium A- Lite — Bebés. Producto de alta calidad para libros.,1067.71,343,cocina|gaming,true,2024-04-18
PRD02385,Versión Pro H- Lite,Versión Pro H- Lite — Bebés. Producto de alta calidad para fitness.,2164.54,19,hogar|moda|fitness|cocina|bebés,true,2019-12-09
PRD02386,Versión Pro H- Lite,Versión Pro H- Lite — Bebés. Producto de alta calidad para belleza.,872.92,450,deportes|electrónica,true,2020-03-30
PRD02387,Producto Premium A- Plus,Producto Premium A- Plus — Bebés. Producto de alta calidad para electrónica.,2434.93,223,belleza|cocina|música|automóviles|fotografía,true,2023-01-25
PRD02388,Modelo Estándar G- Plus,Modelo Estándar G- Plus — Bebés. Producto de alta calidad para música.,1721.71,283,moda|jardín|oficina|mascotas|libros,true,2020-10-14
PRD02389,Pack Básico E XL,Pack Básico E XL — Bebés. Producto de alta calidad para hogar.,31.63,185,cocina|viajes,true,2020-09-10
PRD02390,Versión Pro H- Blanco,Versión Pro H- Blanco — Bebés. Producto de alta calidad para cocina.,494.72,401,oficina|mascotas|belleza|gaming,true,2024-03-14
PRD02391,Artículo Especial B- Blanco,Artículo Especial B- Blanco — Bebés. Producto de alta calidad para fotografía.,1462.07,352,arte|juguetes,false,2022-01-01
PRD02392,Modelo Estándar G XL,Modelo Estándar G XL — Bebés. Producto de alta calidad para fitness.,1679.58,386,deportes|música,false,2020-11-07
PRD02393,Set Completo C,Set Completo C — Bebés. Producto de alta calidad para libros.,2149.94,183,jardín|hogar|tecnología,false,2019-06-06
PRD02394,Producto Premium A- Negro,Producto Premium A- Negro — Bebés. Producto de alta calidad para arte.,1146.91,474,bebés|música|moda|cine|gaming,true,2021-07-16
PRD02395,Edición Limitada F XL,Edición Limitada F XL — Bebés. Producto de alta calidad para deportes.,981.61,223,fitness|hogar,false,2023-04-01
PRD02396,Set Completo C XL,Set Completo C XL — Bebés. Producto de alta calidad para libros.,2140.42,399,arte|belleza|cine|viajes|juguetes,true,2019-08-11
PRD02397,Modelo Estándar G 2024,Modelo Estándar G 2024 — Coleccionables. Producto de alta calidad para arte.,818.94,23,viajes|libros|moda|oficina|música,true,2022-02-04
PRD02398,Modelo Estándar G XL,Modelo Estándar G XL — Coleccionables. Producto de alta calidad para viajes.,2002.89,421,tecnología|oficina|electrónica|belleza,false,2024-03-11
PRD02399,Artículo Especial B 2024,Artículo Especial B 2024 — Coleccionables. Producto de alta calidad para tecnología.,1887.9,223,coleccionables|fotografía|hogar,false,2019-07-28
PRD02400,Edición Limitada F 2024,Edición Limitada F 2024 — Coleccionables. Producto de alta calidad para cocina.,2386.87,220,automóviles|fotografía|gaming|juguetes,true,2019-01-24
PRD02401,Kit Profesional D- Pro,Kit Profesional D- Pro — Coleccionables. Producto de alta calidad para mascotas.,693.42,190,tecnología|belleza|mascotas|moda|cine,true,2021-09-30
PRD02402,Pack Básico E- Rojo,Pack Básico E- Rojo — Coleccionables. Producto de alta calidad para tecnología.,148.92,64,oficina|moda|fitness|belleza|gaming,false,2024-04-08
PRD02403,Producto Premium A- Blanco,Producto Premium A- Blanco — Coleccionables. Producto de alta calidad para fitness.,15.94,471,jardín|cocina|arte|hogar|viajes,true,2019-07-15
PRD02404,Artículo Especial B XL,Artículo Especial B XL — Coleccionables. Producto de alta calidad para tecnología.,528.33,277,mascotas|fitness|fotografía|coleccionables,true,2024-09-11
PRD02405,Set Completo C- Plus,Set Completo C- Plus — Coleccionables. Producto de alta calidad para tecnología.,415.7,227,tecnología|cine|música|automóviles,true,2022-08-26
PRD02406,Edición Limitada F- Pro,Edición Limitada F- Pro — Coleccionables. Producto de alta calidad para deportes.,1735.2,163,música|tecnología|arte,true,2023-01-17
PRD02407,Producto Premium A- Negro,Producto Premium A- Negro — Coleccionables. Producto de alta calidad para electrónica.,1172.95,283,fitness|música|cocina,false,2020-01-12
PRD02408,Edición Limitada F,Edición Limitada F — Coleccionables. Producto de alta calidad para automóviles.,1589.58,12,hogar|viajes|coleccionables|automóviles,true,2019-12-26
PRD02409,Artículo Especial B- Rojo,Artículo Especial B- Rojo — Coleccionables. Producto de alta calidad para mascotas.,2419.6,132,libros|tecnología,true,2019-01-14
PRD02410,Pack Básico E- Pro,Pack Básico E- Pro — Coleccionables. Producto de alta calidad para viajes.,1453.29,410,fitness|jardín,true,2021-05-21
PRD02411,Versión Pro H- Lite,Versión Pro H- Lite — Coleccionables. Producto de alta calidad para electrónica.,2233.76,115,cine|belleza|juguetes,false,2021-12-22
PRD02412,Kit Profesional D,Kit Profesional D — Coleccionables. Producto de alta calidad para moda.,1508.81,187,arte|música|viajes,false,2023-03-18
PRD02413,Kit Profesional D- Lite,Kit Profesional D- Lite — Coleccionables. Producto de alta calidad para viajes.,376.04,244,electrónica|deportes,true,2020-05-19
PRD02414,Pack Básico E XL,Pack Básico E XL — Coleccionables. Producto de alta calidad para juguetes.,1340.33,113,libros|fitness,false,2019-10-12
PRD02415,Modelo Estándar G XL,Modelo Estándar G XL — Coleccionables. Producto de alta calidad para viajes.,2419.96,43,viajes|jardín|fotografía|coleccionables,true,2022-12-04
PRD02416,Edición Limitada F XL,Edición Limitada F XL — Coleccionables. Producto de alta calidad para hogar.,923.56,469,arte|jardín|belleza|hogar,true,2022-08-02
PRD02417,Modelo Estándar G- Azul,Modelo Estándar G- Azul — Coleccionables. Producto de alta calidad para jardín.,1545.34,399,belleza|electrónica,true,2024-05-15
PRD02418,Kit Profesional D Mini,Kit Profesional D Mini — Coleccionables. Producto de alta calidad para viajes.,24.55,123,libros|viajes,true,2020-09-29
PRD02419,Kit Profesional D- Negro,Kit Profesional D- Negro — Coleccionables. Producto de alta calidad para tecnología.,1241.67,12,tecnología|libros|fitness|coleccionables|oficina,true,2021-11-24
PRD02420,Kit Profesional D 2024,Kit Profesional D 2024 — Coleccionables. Producto de alta calidad para libros.,105.06,199,cine|jardín|automóviles|fotografía|electrónica,true,2024-08-08
PRD02421,Set Completo C- Plus,Set Completo C- Plus — Coleccionables. Producto de alta calidad para tecnología.,510.33,182,mascotas|automóviles|jardín|juguetes,true,2024-08-24
PRD02422,Versión Pro H- Azul,Versión Pro H- Azul — Coleccionables. Producto de alta calidad para viajes.,2440.37,97,belleza|automóviles,true,2020-08-26
PRD02423,Versión Pro H,Versión Pro H — Coleccionables. Producto de alta calidad para electrónica.,1357.31,255,oficina|juguetes,true,2022-04-21
PRD02424,Versión Pro H- Pro,Versión Pro H- Pro — Coleccionables. Producto de alta calidad para juguetes.,350.83,259,automóviles|cine,false,2019-01-14
PRD02425,Modelo Estándar G- Plus,Modelo Estándar G- Plus — Madera. Producto de alta calidad para tecnología.,1363.39,7,automóviles|deportes|jardín,false,2023-05-06
PRD02426,Modelo Estándar G 2024,Modelo Estándar G 2024 — Madera. Producto de alta calidad para música.,1472.04,189,música|mascotas,true,2022-06-30
PRD02427,Pack Básico E- Lite,Pack Básico E- Lite — Madera. Producto de alta calidad para oficina.,1941.72,68,automóviles|tecnología|jardín|belleza,true,2024-01-16
PRD02428,Pack Básico E- Negro,Pack Básico E- Negro — Madera. Producto de alta calidad para automóviles.,108.01,108,oficina|electrónica|tecnología|viajes|hogar,true,2019-09-13
PRD02429,Producto Premium A XL,Producto Premium A XL — Madera. Producto de alta calidad para cocina.,1379.7,459,cocina|madera|automóviles|electrónica,true,2019-07-02
PRD02430,Kit Profesional D- Rojo,Kit Profesional D- Rojo — Madera. Producto de alta calidad para hogar.,970.29,110,fitness|belleza|cine|electrónica|libros,true,2021-01-18
PRD02431,Producto Premium A- Lite,Producto Premium A- Lite — Madera. Producto de alta calidad para gaming.,1590.36,327,jardín|fotografía|moda|fitness|mascotas,true,2022-05-28
PRD02432,Versión Pro H 2024,Versión Pro H 2024 — Madera. Producto de alta calidad para gaming.,1312.47,224,viajes|electrónica,true,2022-10-01
PRD02433,Set Completo C- Lite,Set Completo C- Lite — Madera. Producto de alta calidad para gaming.,1219.09,323,tecnología|fotografía|deportes|fitness|belleza,false,2020-02-08
PRD02434,Kit Profesional D- Negro,Kit Profesional D- Negro — Madera. Producto de alta calidad para cocina.,972.31,246,música|hogar|mascotas|fitness,true,2020-07-17
PRD02435,Pack Básico E- Azul,Pack Básico E- Azul — Madera. Producto de alta calidad para moda.,401.83,180,hogar|mascotas|belleza,false,2021-07-14
PRD02436,Modelo Estándar G- Lite,Modelo Estándar G- Lite — Madera. Producto de alta calidad para automóviles.,2063.16,140,moda|automóviles|fotografía,false,2023-12-10
PRD02437,Pack Básico E,Pack Básico E — Madera. Producto de alta calidad para cine.,1125.31,71,fitness|electrónica,true,2023-07-23
PRD02438,Versión Pro H 2024,Versión Pro H 2024 — Madera. Producto de alta calidad para libros.,2257.88,134,jardín|fitness|libros|oficina,true,2022-05-16
PRD02439,Modelo Estándar G- Lite,Modelo Estándar G- Lite — Madera. Producto de alta calidad para mascotas.,409.23,315,música|oficina|madera|moda|electrónica,true,2023-09-17
PRD02440,Producto Premium A- Lite,Producto Premium A- Lite — Madera. Producto de alta calidad para hogar.,2472.7,116,hogar|fitness,true,2021-11-30
PRD02441,Versión Pro H- Azul,Versión Pro H- Azul — Madera. Producto de alta calidad para cine.,2009.69,70,belleza|automóviles|viajes|gaming|libros,true,2024-11-19
PRD02442,Edición Limitada F Mini,Edición Limitada F Mini — Madera. Producto de alta calidad para deportes.,1409.68,30,jardín|automóviles|madera|música,true,2023-10-31
PRD02443,Edición Limitada F- Lite,Edición Limitada F- Lite — Madera. Producto de alta calidad para viajes.,1401.1,251,mascotas|cocina|belleza|moda,true,2022-07-02
PRD02444,Pack Básico E XL,Pack Básico E XL — Madera. Producto de alta calidad para tecnología.,583.38,331,jardín|libros|mascotas,false,2023-02-06
PRD02445,Producto Premium A,Producto Premium A — Madera. Producto de alta calidad para cine.,1034.41,325,libros|jardín,true,2022-03-14
PRD02446,Modelo Estándar G- Negro,Modelo Estándar G- Negro — Madera. Producto de alta calidad para jardín.,20.86,200,oficina|moda|juguetes|deportes,true,2020-03-11
PRD02447,Edición Limitada F- Rojo,Edición Limitada F- Rojo — Madera. Producto de alta calidad para cocina.,244.73,437,fotografía|gaming|moda|juguetes,false,2024-10-26
PRD02448,Set Completo C Mini,Set Completo C Mini — Madera. Producto de alta calidad para fitness.,2054.25,340,fotografía|música|tecnología|fitness|oficina,false,2020-06-18
PRD02449,Kit Profesional D,Kit Profesional D — Madera. Producto de alta calidad para juguetes.,936.92,453,viajes|música|hogar|jardín|cine,true,2023-06-26
PRD02450,Producto Premium A- Plus,Producto Premium A- Plus — Madera. Producto de alta calidad para deportes.,1698.5,442,madera|belleza,true,2023-07-13
PRD02451,Versión Pro H- Negro,Versión Pro H- Negro — Madera. Producto de alta calidad para jardín.,897.21,138,cocina|tecnología|libros,true,2019-04-02
PRD02452,Set Completo C- Plus,Set Completo C- Plus — Madera. Producto de alta calidad para arte.,849.39,31,cocina|gaming|fotografía|juguetes|jardín,true,2023-11-01
PRD02453,Galletas Avena- Plus,Galletas Avena- Plus — Snacks. Producto de alta calidad para juguetes.,396.62,449,cocina|deportes|oficina|jardín|tecnología,true,2023-03-12
PRD02454,Nueces Mix 2024,Nueces Mix 2024 — Snacks. Producto de alta calidad para moda.,1411.63,133,fitness|arte|belleza|mascotas|snacks,true,2021-02-06
PRD02455,Frutos Secos- Pro,Frutos Secos- Pro — Snacks. Producto de alta calidad para cine.,129.09,472,música|automóviles|snacks|gaming,true,2020-02-10
PRD02456,Frutos Secos- Azul,Frutos Secos- Azul — Snacks. Producto de alta calidad para electrónica.,1509.72,360,gaming|libros,true,2024-07-20
PRD02457,Galletas Avena Mini,Galletas Avena Mini — Snacks. Producto de alta calidad para automóviles.,865.9,219,gaming|snacks|libros|fotografía,false,2024-02-14
PRD02458,Frutos Secos Mini,Frutos Secos Mini — Snacks. Producto de alta calidad para cocina.,328.05,467,moda|fotografía|mascotas|electrónica,false,2023-05-31
PRD02459,Nueces Mix 2024,Nueces Mix 2024 — Snacks. Producto de alta calidad para electrónica.,1988.74,321,fotografía|hogar|juguetes,true,2023-08-07
PRD02460,Chips Artesanales,Chips Artesanales — Snacks. Producto de alta calidad para deportes.,416.78,194,belleza|fotografía|oficina|música|automóviles,true,2021-10-11
PRD02461,Nueces Mix- Negro,Nueces Mix- Negro — Snacks. Producto de alta calidad para oficina.,891.96,240,automóviles|libros|jardín,true,2022-11-29
PRD02462,Maní Japonés- Blanco,Maní Japonés- Blanco — Snacks. Producto de alta calidad para mascotas.,859.26,288,automóviles|juguetes|deportes|tecnología,true,2023-01-29
PRD02463,Galletas Avena 2024,Galletas Avena 2024 — Snacks. Producto de alta calidad para libros.,878.94,394,gaming|cocina|arte|cine,true,2020-04-24
PRD02464,Galletas Avena- Azul,Galletas Avena- Azul — Snacks. Producto de alta calidad para jardín.,1287.71,436,cocina|moda|electrónica|tecnología,true,2019-03-24
PRD02465,Chips Artesanales- Azul,Chips Artesanales- Azul — Snacks. Producto de alta calidad para fitness.,2332.73,317,oficina|fotografía|gaming|fitness,true,2022-01-08
PRD02466,Frutos Secos- Plus,Frutos Secos- Plus — Snacks. Producto de alta calidad para deportes.,413.03,93,hogar|libros|automóviles,false,2020-02-17
PRD02467,Galletas Avena Mini,Galletas Avena Mini — Snacks. Producto de alta calidad para mascotas.,801.74,499,hogar|automóviles|deportes,true,2021-12-11
PRD02468,Maní Japonés- Plus,Maní Japonés- Plus — Snacks. Producto de alta calidad para tecnología.,1112.65,326,moda|mascotas|snacks|arte|tecnología,false,2023-02-28
PRD02469,Nueces Mix- Lite,Nueces Mix- Lite — Snacks. Producto de alta calidad para viajes.,452.37,66,música|electrónica|cine,false,2021-11-11
PRD02470,Galletas Avena- Plus,Galletas Avena- Plus — Snacks. Producto de alta calidad para moda.,136.18,246,tecnología|mascotas|automóviles,true,2024-07-04
PRD02471,Palomitas Gourmet XL,Palomitas Gourmet XL — Snacks. Producto de alta calidad para cine.,2090.33,289,mascotas|fitness|música|viajes|jardín,true,2021-03-10
PRD02472,Maní Japonés 2024,Maní Japonés 2024 — Snacks. Producto de alta calidad para automóviles.,2166.58,468,arte|cocina|oficina|hogar,true,2021-07-08
PRD02473,Palomitas Gourmet XL,Palomitas Gourmet XL — Snacks. Producto de alta calidad para hogar.,2022.39,214,automóviles|música|cine,true,2019-03-15
PRD02474,Chips Artesanales- Pro,Chips Artesanales- Pro — Snacks. Producto de alta calidad para hogar.,2131.4,184,música|mascotas|fotografía|electrónica,true,2024-07-16
PRD02475,Frutos Secos- Azul,Frutos Secos- Azul — Snacks. Producto de alta calidad para deportes.,1437.46,406,viajes|deportes|electrónica,true,2021-07-21
PRD02476,Frutos Secos- Rojo,Frutos Secos- Rojo — Snacks. Producto de alta calidad para arte.,2149.13,322,fitness|cine|deportes|jardín|hogar,true,2023-04-04
PRD02477,Nueces Mix- Negro,Nueces Mix- Negro — Snacks. Producto de alta calidad para jardín.,432.97,157,tecnología|moda,true,2024-12-04
PRD02478,Maní Japonés 2024,Maní Japonés 2024 — Snacks. Producto de alta calidad para automóviles.,2356.03,459,moda|tecnología|arte|hogar|libros,true,2021-07-20
PRD02479,Maní Japonés Mini,Maní Japonés Mini — Snacks. Producto de alta calidad para oficina.,2218.37,106,viajes|hogar|tecnología|fitness|snacks,true,2023-04-19
PRD02480,Frutos Secos 2024,Frutos Secos 2024 — Snacks. Producto de alta calidad para música.,1690.43,91,snacks|juguetes|música|mascotas|fotografía,false,2023-04-26
PRD02481,Versión Pro H- Pro,Versión Pro H- Pro — Bebidas. Producto de alta calidad para viajes.,412.98,275,deportes|bebidas|arte,false,2021-12-01
PRD02482,Set Completo C Mini,Set Completo C Mini — Bebidas. Producto de alta calidad para hogar.,1117.93,158,electrónica|fitness,true,2021-02-28
PRD02483,Pack Básico E Mini,Pack Básico E Mini — Bebidas. Producto de alta calidad para juguetes.,1651.1,497,hogar|juguetes|oficina|cine,false,2022-07-16
PRD02484,Set Completo C Mini,Set Completo C Mini — Bebidas. Producto de alta calidad para mascotas.,2414.81,228,viajes|belleza|cocina|tecnología,true,2020-07-31
PRD02485,Edición Limitada F- Plus,Edición Limitada F- Plus — Bebidas. Producto de alta calidad para moda.,831.88,164,bebidas|jardín|automóviles,true,2023-12-27
PRD02486,Set Completo C- Pro,Set Completo C- Pro — Bebidas. Producto de alta calidad para deportes.,1976.82,334,bebidas|hogar,false,2021-02-23
PRD02487,Versión Pro H- Blanco,Versión Pro H- Blanco — Bebidas. Producto de alta calidad para cocina.,1449.73,424,mascotas|arte,true,2022-01-26
PRD02488,Modelo Estándar G- Lite,Modelo Estándar G- Lite — Bebidas. Producto de alta calidad para cine.,2016.02,407,oficina|jardín,true,2024-02-24
PRD02489,Artículo Especial B- Pro,Artículo Especial B- Pro — Bebidas. Producto de alta calidad para deportes.,683.92,0,cocina|gaming,true,2019-01-07
PRD02490,Modelo Estándar G Mini,Modelo Estándar G Mini — Bebidas. Producto de alta calidad para cine.,1156.29,185,fitness|electrónica|cine|fotografía,false,2023-09-14
PRD02491,Kit Profesional D- Blanco,Kit Profesional D- Blanco — Bebidas. Producto de alta calidad para fitness.,11.77,314,mascotas|fotografía|deportes|moda|fitness,true,2024-10-29
PRD02492,Set Completo C- Azul,Set Completo C- Azul — Bebidas. Producto de alta calidad para música.,2228.55,60,moda|oficina|fotografía,true,2023-10-12
PRD02493,Versión Pro H Mini,Versión Pro H Mini — Bebidas. Producto de alta calidad para gaming.,2095.05,435,jardín|hogar,false,2022-10-01
PRD02494,Kit Profesional D,Kit Profesional D — Bebidas. Producto de alta calidad para automóviles.,1493.05,35,viajes|fotografía|música|belleza,false,2024-07-03
PRD02495,Set Completo C XL,Set Completo C XL — Bebidas. Producto de alta calidad para mascotas.,283.02,57,moda|juguetes|cine,true,2019-08-19
PRD02496,Modelo Estándar G- Lite,Modelo Estándar G- Lite — Bebidas. Producto de alta calidad para electrónica.,141.18,29,cine|oficina,true,2023-11-11
PRD02497,Producto Premium A- Rojo,Producto Premium A- Rojo — Bebidas. Producto de alta calidad para electrónica.,1644.01,311,hogar|electrónica,false,2024-04-06
PRD02498,Kit Profesional D- Negro,Kit Profesional D- Negro — Bebidas. Producto de alta calidad para cocina.,1684.38,315,jardín|electrónica|moda|cine,false,2024-03-04
PRD02499,Artículo Especial B- Blanco,Artículo Especial B- Blanco — Bebidas. Producto de alta calidad para belleza.,50.91,264,oficina|automóviles|gaming,true,2024-06-30
PRD02500,Versión Pro H- Plus,Versión Pro H- Plus — Bebidas. Producto de alta calidad para automóviles.,873.8,379,cocina|viajes|electrónica,false,2023-07-10
PRD02501,Modelo Estándar G- Blanco,Modelo Estándar G- Blanco — Bebidas. Producto de alta calidad para juguetes.,2182.41,365,cocina|automóviles|música|gaming|tecnología,false,2019-05-27
PRD02502,Artículo Especial B- Pro,Artículo Especial B- Pro — Bebidas. Producto de alta calidad para viajes.,44.81,196,mascotas|fitness|juguetes|arte,false,2021-03-07
PRD02503,Set Completo C Mini,Set Completo C Mini — Bebidas. Producto de alta calidad para deportes.,957.74,141,deportes|fitness,true,2024-11-07
PRD02504,Set Completo C 2024,Set Completo C 2024 — Bebidas. Producto de alta calidad para gaming.,2345.81,230,fotografía|cine|bebidas,true,2020-05-02
PRD02505,Modelo Estándar G- Pro,Modelo Estándar G- Pro — Bebidas. Producto de alta calidad para viajes.,1676.92,338,juguetes|cocina,true,2020-11-17
PRD02506,Edición Limitada F XL,Edición Limitada F XL — Bebidas. Producto de alta calidad para oficina.,1991.79,32,bebidas|gaming|mascotas|belleza|deportes,true,2020-04-28
PRD02507,Artículo Especial B 2024,Artículo Especial B 2024 — Bebidas. Producto de alta calidad para tecnología.,2018.84,141,gaming|cine,false,2019-04-06
PRD02508,Producto Premium A- Rojo,Producto Premium A- Rojo — Bebidas. Producto de alta calidad para fitness.,1707.47,50,fotografía|bebidas|cocina|moda|arte,true,2019-09-23
PRD02509,Pack Básico E- Blanco,Pack Básico E- Blanco — Bebidas. Producto de alta calidad para oficina.,1087.87,27,belleza|juguetes|deportes|oficina|música,true,2024-12-30
PRD02510,Modelo Estándar G Mini,Modelo Estándar G Mini — Bebidas. Producto de alta calidad para deportes.,2068.03,456,bebidas|jardín,true,2024-11-10
PRD02511,Pack Básico E- Negro,Pack Básico E- Negro — Bebidas. Producto de alta calidad para libros.,1194.88,427,bebidas|jardín|cine|hogar|belleza,true,2024-03-26
PRD02512,Set Completo C,Set Completo C — Bebidas. Producto de alta calidad para belleza.,1852.25,78,mascotas|moda|belleza|tecnología|fitness,true,2022-11-12
PRD02513,Producto Premium A- Rojo,Producto Premium A- Rojo — Bebidas. Producto de alta calidad para moda.,715.75,118,mascotas|juguetes|fitness|bebidas|música,true,2019-01-28
PRD02514,Café Guatemala SHB- Pro,Café Guatemala SHB- Pro — Café Té. Producto de alta calidad para juguetes.,235.45,285,automóviles|jardín,false,2022-11-24
PRD02515,Té Verde Matcha- Blanco,Té Verde Matcha- Blanco — Café Té. Producto de alta calidad para oficina.,663.6,138,oficina|fotografía|electrónica|jardín,true,2020-02-16
PRD02516,Cápsulas Espresso 2024,Cápsulas Espresso 2024 — Café Té. Producto de alta calidad para deportes.,1499.71,5,música|arte|deportes,true,2019-06-05
PRD02517,Cápsulas Espresso- Lite,Cápsulas Espresso- Lite — Café Té. Producto de alta calidad para mascotas.,2458.36,357,viajes|cocina|libros,false,2023-12-20
PRD02518,Café Guatemala SHB 2024,Café Guatemala SHB 2024 — Café Té. Producto de alta calidad para oficina.,1267.85,337,juguetes|fotografía|música|jardín,true,2021-08-19
PRD02519,Té Rooibos- Pro,Té Rooibos- Pro — Café Té. Producto de alta calidad para gaming.,1970.66,267,viajes|cocina|oficina|belleza,true,2020-01-10
PRD02520,Café Guatemala SHB- Negro,Café Guatemala SHB- Negro — Café Té. Producto de alta calidad para arte.,1507.04,445,café té|fitness|mascotas|cine,true,2020-02-13
PRD02521,Té Verde Matcha XL,Té Verde Matcha XL — Café Té. Producto de alta calidad para automóviles.,1179.03,388,arte|gaming|música|viajes,true,2019-02-27
PRD02522,Café Descafeinado- Plus,Café Descafeinado- Plus — Café Té. Producto de alta calidad para libros.,2243.58,348,hogar|electrónica|fitness,true,2022-08-02
PRD02523,Té Verde Matcha- Rojo,Té Verde Matcha- Rojo — Café Té. Producto de alta calidad para mascotas.,1848.21,405,cocina|libros|hogar,false,2022-12-02
PRD02524,Café Cold Brew- Lite,Café Cold Brew- Lite — Café Té. Producto de alta calidad para arte.,497.21,9,belleza|tecnología|mascotas,true,2021-07-01
PRD02525,Té Chai Especiado- Rojo,Té Chai Especiado- Rojo — Café Té. Producto de alta calidad para oficina.,1955.9,456,fitness|automóviles|moda|fotografía,true,2020-11-30
PRD02526,Café Guatemala SHB- Plus,Café Guatemala SHB- Plus — Café Té. Producto de alta calidad para automóviles.,916.46,225,automóviles|cine|música,true,2022-11-23
PRD02527,Café Descafeinado- Azul,Café Descafeinado- Azul — Café Té. Producto de alta calidad para cine.,2379.61,9,tecnología|jardín|música|arte|automóviles,true,2021-06-10
PRD02528,Café Cold Brew- Pro,Café Cold Brew- Pro — Café Té. Producto de alta calidad para jardín.,1890.55,235,libros|jardín|café té,true,2019-12-05
PRD02529,Cápsulas Espresso,Cápsulas Espresso — Café Té. Producto de alta calidad para electrónica.,498.93,382,deportes|arte,true,2020-07-09
PRD02530,Cápsulas Espresso- Azul,Cápsulas Espresso- Azul — Café Té. Producto de alta calidad para belleza.,2312.56,260,hogar|fotografía|electrónica|mascotas,false,2023-04-05
PRD02531,Té Verde Matcha- Plus,Té Verde Matcha- Plus — Café Té. Producto de alta calidad para tecnología.,2469.06,268,gaming|electrónica,true,2024-04-19
PRD02532,Cápsulas Espresso- Pro,Cápsulas Espresso- Pro — Café Té. Producto de alta calidad para música.,2337.9,360,automóviles|música|belleza,true,2019-11-05
PRD02533,Té Rooibos- Azul,Té Rooibos- Azul — Café Té. Producto de alta calidad para cocina.,1981.29,412,fitness|electrónica|arte|viajes|mascotas,true,2023-05-13
PRD02534,Café Cold Brew- Negro,Café Cold Brew- Negro — Café Té. Producto de alta calidad para libros.,390.94,6,café té|fitness|cine,true,2020-11-23
PRD02535,Cápsulas Espresso- Rojo,Cápsulas Espresso- Rojo — Café Té. Producto de alta calidad para electrónica.,528.2,38,cocina|café té|libros|cine|hogar,false,2019-08-21
PRD02536,Café Guatemala SHB- Lite,Café Guatemala SHB- Lite — Café Té. Producto de alta calidad para cine.,852.97,336,oficina|café té|cocina,true,2019-06-01
PRD02537,Café Descafeinado- Blanco,Café Descafeinado- Blanco — Café Té. Producto de alta calidad para cine.,2436.02,7,deportes|cine|libros,true,2024-10-15
PRD02538,Té Rooibos- Blanco,Té Rooibos- Blanco — Café Té. Producto de alta calidad para tecnología.,617.44,184,automóviles|arte|mascotas|hogar|moda,false,2021-02-19
PRD02539,Café Descafeinado- Pro,Café Descafeinado- Pro — Café Té. Producto de alta calidad para fitness.,187.93,86,música|fitness|moda|cine|fotografía,true,2021-05-27
PRD02540,Té Rooibos 2024,Té Rooibos 2024 — Café Té. Producto de alta calidad para oficina.,1153.67,381,tecnología|automóviles|deportes|juguetes|café té,true,2022-03-02
PRD02541,Té Verde Matcha- Lite,Té Verde Matcha- Lite — Café Té. Producto de alta calidad para fitness.,1280.79,285,gaming|jardín,true,2024-09-10
PRD02542,Pack Básico E- Azul,Pack Básico E- Azul — Gourmet. Producto de alta calidad para mascotas.,2147.91,437,libros|hogar|viajes|música|jardín,false,2024-07-17
PRD02543,Kit Profesional D 2024,Kit Profesional D 2024 — Gourmet. Producto de alta calidad para moda.,1711.45,410,deportes|juguetes|gourmet,true,2024-08-27
PRD02544,Kit Profesional D 2024,Kit Profesional D 2024 — Gourmet. Producto de alta calidad para fitness.,1427.14,490,gaming|moda|juguetes|mascotas,false,2024-06-22
PRD02545,Pack Básico E- Blanco,Pack Básico E- Blanco — Gourmet. Producto de alta calidad para deportes.,1392.57,415,belleza|hogar,false,2019-05-15
PRD02546,Pack Básico E- Plus,Pack Básico E- Plus — Gourmet. Producto de alta calidad para cine.,266.47,182,oficina|deportes|gaming,false,2020-10-15
PRD02547,Pack Básico E- Lite,Pack Básico E- Lite — Gourmet. Producto de alta calidad para hogar.,332.21,68,viajes|moda,true,2021-05-20
PRD02548,Versión Pro H 2024,Versión Pro H 2024 — Gourmet. Producto de alta calidad para libros.,774.51,252,electrónica|tecnología,true,2021-09-28
PRD02549,Artículo Especial B- Negro,Artículo Especial B- Negro — Gourmet. Producto de alta calidad para hogar.,550.52,195,oficina|música|tecnología|jardín,true,2021-12-07
PRD02550,Set Completo C- Plus,Set Completo C- Plus — Gourmet. Producto de alta calidad para tecnología.,2221.04,294,cine|deportes|belleza,true,2020-02-26
PRD02551,Kit Profesional D- Negro,Kit Profesional D- Negro — Gourmet. Producto de alta calidad para fitness.,1151.91,32,tecnología|deportes,true,2021-01-10
PRD02552,Modelo Estándar G Mini,Modelo Estándar G Mini — Gourmet. Producto de alta calidad para viajes.,1632.6,339,libros|viajes|belleza,false,2019-11-04
PRD02553,Producto Premium A- Blanco,Producto Premium A- Blanco — Gourmet. Producto de alta calidad para oficina.,2219.7,159,juguetes|belleza,true,2020-01-08
PRD02554,Artículo Especial B- Rojo,Artículo Especial B- Rojo — Gourmet. Producto de alta calidad para mascotas.,94.46,73,oficina|cine|deportes|gaming|gourmet,false,2024-03-21
PRD02555,Set Completo C,Set Completo C — Gourmet. Producto de alta calidad para arte.,22.97,117,arte|moda|juguetes|belleza,true,2021-04-18
PRD02556,Kit Profesional D- Pro,Kit Profesional D- Pro — Gourmet. Producto de alta calidad para libros.,1777.09,166,hogar|cine,true,2023-09-22
PRD02557,Producto Premium A- Rojo,Producto Premium A- Rojo — Gourmet. Producto de alta calidad para deportes.,93.56,414,cine|hogar|mascotas|gaming,true,2023-01-27
PRD02558,Artículo Especial B- Azul,Artículo Especial B- Azul — Gourmet. Producto de alta calidad para moda.,992.54,442,libros|tecnología|juguetes,true,2021-04-11
PRD02559,Pack Básico E,Pack Básico E — Gourmet. Producto de alta calidad para gaming.,1040.11,288,fotografía|deportes|viajes|fitness|jardín,true,2021-09-05
PRD02560,Kit Profesional D- Lite,Kit Profesional D- Lite — Gourmet. Producto de alta calidad para oficina.,698.49,51,automóviles|arte|mascotas,true,2021-06-25
PRD02561,Producto Premium A,Producto Premium A — Gourmet. Producto de alta calidad para cine.,259.42,249,belleza|fotografía,true,2020-08-03
PRD02562,Producto Premium A- Negro,Producto Premium A- Negro — Gourmet. Producto de alta calidad para tecnología.,673.64,494,jardín|automóviles|gaming|hogar,true,2023-01-25
PRD02563,Kit Profesional D XL,Kit Profesional D XL — Gourmet. Producto de alta calidad para cine.,1792.94,440,gourmet|arte|oficina|automóviles,true,2022-04-04
PRD02564,Set Completo C,Set Completo C — Gourmet. Producto de alta calidad para libros.,1908.13,109,automóviles|hogar,true,2019-03-29
PRD02565,Producto Premium A- Negro,Producto Premium A- Negro — Gourmet. Producto de alta calidad para oficina.,1017.89,57,arte|hogar|automóviles|belleza|tecnología,false,2019-03-06
PRD02566,Edición Limitada F,Edición Limitada F — Gourmet. Producto de alta calidad para mascotas.,2037.81,324,fitness|hogar|juguetes|música|cine,true,2024-03-05
PRD02567,Producto Premium A- Rojo,Producto Premium A- Rojo — Gourmet. Producto de alta calidad para viajes.,1570.1,375,hogar|cine|música|libros|automóviles,false,2022-03-08
PRD02568,Edición Limitada F- Lite,Edición Limitada F- Lite — Gourmet. Producto de alta calidad para deportes.,2114.06,455,música|tecnología|libros|oficina|cocina,true,2024-06-14
PRD02569,Kit Profesional D- Lite,Kit Profesional D- Lite — Gourmet. Producto de alta calidad para cocina.,1881.44,149,gaming|fotografía|mascotas|cine,true,2019-12-29
PRD02570,Versión Pro H- Negro,Versión Pro H- Negro — Gourmet. Producto de alta calidad para arte.,911.5,7,fotografía|fitness|viajes|deportes|gourmet,true,2023-02-17
PRD02571,Set Completo C Mini,Set Completo C Mini — Orgánicos. Producto de alta calidad para viajes.,878.48,498,jardín|juguetes,true,2024-04-11
PRD02572,Modelo Estándar G- Rojo,Modelo Estándar G- Rojo — Orgánicos. Producto de alta calidad para deportes.,639.24,19,electrónica|libros|juguetes,true,2023-08-18
PRD02573,Set Completo C- Rojo,Set Completo C- Rojo — Orgánicos. Producto de alta calidad para electrónica.,1775.87,21,moda|automóviles|hogar|cocina,true,2022-05-02
PRD02574,Kit Profesional D- Lite,Kit Profesional D- Lite — Orgánicos. Producto de alta calidad para jardín.,285.3,6,electrónica|fotografía,true,2019-08-31
PRD02575,Set Completo C- Pro,Set Completo C- Pro — Orgánicos. Producto de alta calidad para viajes.,1653.55,130,fitness|orgánicos|viajes,true,2019-11-25
PRD02576,Versión Pro H- Lite,Versión Pro H- Lite — Orgánicos. Producto de alta calidad para fotografía.,2269.16,474,música|belleza|tecnología,true,2022-11-19
PRD02577,Versión Pro H- Pro,Versión Pro H- Pro — Orgánicos. Producto de alta calidad para oficina.,2443.78,18,moda|hogar|cine|gaming,true,2024-01-14
PRD02578,Pack Básico E 2024,Pack Básico E 2024 — Orgánicos. Producto de alta calidad para viajes.,473.88,386,belleza|hogar|electrónica,false,2021-04-16
PRD02579,Artículo Especial B,Artículo Especial B — Orgánicos. Producto de alta calidad para libros.,1088.0,415,juguetes|jardín|arte,true,2020-03-22
PRD02580,Modelo Estándar G- Rojo,Modelo Estándar G- Rojo — Orgánicos. Producto de alta calidad para cine.,1161.52,86,cocina|jardín|mascotas|cine|orgánicos,true,2022-12-27
PRD02581,Producto Premium A 2024,Producto Premium A 2024 — Orgánicos. Producto de alta calidad para arte.,623.29,239,arte|moda|deportes|fotografía,true,2020-09-27
PRD02582,Set Completo C 2024,Set Completo C 2024 — Orgánicos. Producto de alta calidad para cocina.,1573.46,122,hogar|tecnología|libros|automóviles|arte,true,2020-03-14
PRD02583,Edición Limitada F Mini,Edición Limitada F Mini — Orgánicos. Producto de alta calidad para fitness.,2347.38,426,libros|tecnología|gaming|música,true,2023-08-04
PRD02584,Artículo Especial B XL,Artículo Especial B XL — Orgánicos. Producto de alta calidad para oficina.,1327.56,394,arte|música,true,2021-04-20
PRD02585,Edición Limitada F- Azul,Edición Limitada F- Azul — Orgánicos. Producto de alta calidad para belleza.,552.19,115,jardín|mascotas,true,2019-03-03
PRD02586,Kit Profesional D 2024,Kit Profesional D 2024 — Orgánicos. Producto de alta calidad para juguetes.,1162.48,72,tecnología|hogar|jardín|mascotas,true,2023-07-04
PRD02587,Artículo Especial B,Artículo Especial B — Orgánicos. Producto de alta calidad para mascotas.,92.33,150,tecnología|mascotas|hogar|electrónica,true,2022-12-20
PRD02588,Edición Limitada F- Rojo,Edición Limitada F- Rojo — Orgánicos. Producto de alta calidad para fotografía.,2359.53,126,jardín|juguetes,false,2020-04-21
PRD02589,Modelo Estándar G- Plus,Modelo Estándar G- Plus — Orgánicos. Producto de alta calidad para arte.,295.53,211,belleza|fotografía|gaming,false,2022-07-24
PRD02590,Modelo Estándar G XL,Modelo Estándar G XL — Orgánicos. Producto de alta calidad para gaming.,454.24,84,oficina|electrónica|música|cine,false,2023-08-03
PRD02591,Kit Profesional D- Blanco,Kit Profesional D- Blanco — Orgánicos. Producto de alta calidad para juguetes.,1692.59,341,gaming|mascotas|moda|viajes,true,2019-11-19
PRD02592,Edición Limitada F- Lite,Edición Limitada F- Lite — Orgánicos. Producto de alta calidad para electrónica.,773.94,203,fitness|hogar|cocina|deportes|gaming,true,2019-03-28
PRD02593,Set Completo C XL,Set Completo C XL — Orgánicos. Producto de alta calidad para juguetes.,2331.86,52,cine|belleza|deportes|jardín|moda,false,2019-12-22
PRD02594,Producto Premium A- Blanco,Producto Premium A- Blanco — Orgánicos. Producto de alta calidad para electrónica.,1106.38,127,música|gaming|jardín|oficina,true,2021-05-30
PRD02595,Artículo Especial B- Azul,Artículo Especial B- Azul — Orgánicos. Producto de alta calidad para viajes.,485.98,176,automóviles|cocina,false,2019-11-04
PRD02596,Modelo Estándar G 2024,Modelo Estándar G 2024 — Dulces. Producto de alta calidad para electrónica.,276.09,195,jardín|hogar|deportes,true,2022-03-21
PRD02597,Producto Premium A- Plus,Producto Premium A- Plus — Dulces. Producto de alta calidad para arte.,1206.28,159,cocina|electrónica|belleza,true,2021-07-26
PRD02598,Pack Básico E- Pro,Pack Básico E- Pro — Dulces. Producto de alta calidad para cine.,165.21,262,jardín|fotografía|electrónica|viajes,true,2020-02-05
PRD02599,Set Completo C- Lite,Set Completo C- Lite — Dulces. Producto de alta calidad para gaming.,2220.59,280,gaming|mascotas|tecnología|juguetes|automóviles,true,2022-01-04
PRD02600,Producto Premium A- Negro,Producto Premium A- Negro — Dulces. Producto de alta calidad para cine.,1840.82,191,belleza|arte|mascotas|automóviles,false,2020-03-02
PRD02601,Producto Premium A 2024,Producto Premium A 2024 — Dulces. Producto de alta calidad para libros.,1273.1,144,cocina|deportes,true,2019-06-04
PRD02602,Modelo Estándar G- Blanco,Modelo Estándar G- Blanco — Dulces. Producto de alta calidad para moda.,517.04,474,jardín|deportes|electrónica,false,2023-03-27
PRD02603,Kit Profesional D- Lite,Kit Profesional D- Lite — Dulces. Producto de alta calidad para automóviles.,491.89,43,deportes|cocina|juguetes,true,2020-01-19
PRD02604,Versión Pro H- Blanco,Versión Pro H- Blanco — Dulces. Producto de alta calidad para fotografía.,1862.34,173,juguetes|viajes|automóviles,true,2019-01-29
PRD02605,Kit Profesional D,Kit Profesional D — Dulces. Producto de alta calidad para fotografía.,1638.06,250,cocina|juguetes|hogar,false,2023-07-04
PRD02606,Pack Básico E XL,Pack Básico E XL — Dulces. Producto de alta calidad para belleza.,1727.64,414,mascotas|viajes|belleza,true,2023-07-26
PRD02607,Kit Profesional D- Azul,Kit Profesional D- Azul — Dulces. Producto de alta calidad para arte.,1397.87,459,dulces|libros|música|mascotas|hogar,true,2023-01-30
PRD02608,Set Completo C- Pro,Set Completo C- Pro — Dulces. Producto de alta calidad para deportes.,504.24,208,moda|música|deportes,true,2024-06-16
PRD02609,Kit Profesional D- Azul,Kit Profesional D- Azul — Dulces. Producto de alta calidad para automóviles.,1012.14,252,deportes|mascotas|automóviles|electrónica,true,2020-09-24
PRD02610,Producto Premium A- Plus,Producto Premium A- Plus — Dulces. Producto de alta calidad para fitness.,1274.49,355,jardín|cocina|automóviles,true,2019-01-16
PRD02611,Kit Profesional D XL,Kit Profesional D XL — Dulces. Producto de alta calidad para automóviles.,1344.88,261,jardín|mascotas,true,2020-12-12
PRD02612,Versión Pro H XL,Versión Pro H XL — Dulces. Producto de alta calidad para moda.,2264.74,397,oficina|belleza|fitness,true,2021-07-03
PRD02613,Set Completo C- Plus,Set Completo C- Plus — Dulces. Producto de alta calidad para juguetes.,1432.57,162,cocina|jardín,true,2021-10-20
PRD02614,Modelo Estándar G XL,Modelo Estándar G XL — Dulces. Producto de alta calidad para automóviles.,1099.48,212,gaming|música|moda,true,2022-05-15
PRD02615,Artículo Especial B- Pro,Artículo Especial B- Pro — Dulces. Producto de alta calidad para juguetes.,1383.59,143,música|gaming|moda|cine|mascotas,false,2019-09-22
PRD02616,Versión Pro H,Versión Pro H — Dulces. Producto de alta calidad para cocina.,2122.66,150,cocina|deportes,false,2019-01-04
PRD02617,Artículo Especial B- Blanco,Artículo Especial B- Blanco — Dulces. Producto de alta calidad para fotografía.,1894.42,280,belleza|viajes,false,2020-06-08
PRD02618,Pack Básico E 2024,Pack Básico E 2024 — Dulces. Producto de alta calidad para deportes.,1363.62,245,cine|música|viajes|electrónica,true,2023-10-10
PRD02619,Set Completo C- Plus,Set Completo C- Plus — Dulces. Producto de alta calidad para jardín.,1603.35,285,jardín|tecnología|dulces|viajes|fitness,true,2021-09-10
PRD02620,Modelo Estándar G- Pro,Modelo Estándar G- Pro — Dulces. Producto de alta calidad para cine.,1612.82,476,fotografía|deportes|jardín|belleza|cocina,true,2023-08-28
PRD02621,Kit Profesional D- Plus,Kit Profesional D- Plus — Dulces. Producto de alta calidad para mascotas.,887.1,231,jardín|deportes|automóviles|cocina,false,2022-11-04
PRD02622,Edición Limitada F XL,Edición Limitada F XL — Conservas. Producto de alta calidad para deportes.,1265.23,274,oficina|cocina|fitness,true,2023-08-23
PRD02623,Versión Pro H- Rojo,Versión Pro H- Rojo — Conservas. Producto de alta calidad para moda.,1897.67,144,belleza|juguetes|música|viajes,true,2023-03-26
PRD02624,Pack Básico E- Rojo,Pack Básico E- Rojo — Conservas. Producto de alta calidad para libros.,1243.85,61,tecnología|música|arte|cine,false,2019-09-12
PRD02625,Set Completo C XL,Set Completo C XL — Conservas. Producto de alta calidad para tecnología.,2283.28,492,juguetes|belleza|oficina|deportes,true,2020-03-20
PRD02626,Versión Pro H- Lite,Versión Pro H- Lite — Conservas. Producto de alta calidad para tecnología.,11.37,155,música|juguetes|fotografía,true,2024-09-11
PRD02627,Versión Pro H- Rojo,Versión Pro H- Rojo — Conservas. Producto de alta calidad para automóviles.,1095.42,374,conservas|música,false,2019-02-09
PRD02628,Edición Limitada F- Pro,Edición Limitada F- Pro — Conservas. Producto de alta calidad para oficina.,1035.94,422,tecnología|automóviles,false,2020-02-21
PRD02629,Producto Premium A- Plus,Producto Premium A- Plus — Conservas. Producto de alta calidad para moda.,591.1,85,oficina|viajes|deportes,false,2022-05-30
PRD02630,Edición Limitada F XL,Edición Limitada F XL — Conservas. Producto de alta calidad para arte.,2218.94,229,música|arte|moda|deportes,true,2023-07-11
PRD02631,Edición Limitada F- Pro,Edición Limitada F- Pro — Conservas. Producto de alta calidad para mascotas.,1390.33,342,fotografía|automóviles|cine|viajes|libros,true,2019-02-14
PRD02632,Edición Limitada F- Lite,Edición Limitada F- Lite — Conservas. Producto de alta calidad para fotografía.,1199.72,59,fitness|conservas,true,2024-11-13
PRD02633,Modelo Estándar G,Modelo Estándar G — Conservas. Producto de alta calidad para deportes.,2070.98,337,jardín|cine,true,2023-07-30
PRD02634,Kit Profesional D- Negro,Kit Profesional D- Negro — Conservas. Producto de alta calidad para cine.,733.22,307,cine|conservas|tecnología|música|fotografía,false,2023-03-15
PRD02635,Artículo Especial B 2024,Artículo Especial B 2024 — Conservas. Producto de alta calidad para oficina.,579.21,499,fotografía|viajes,false,2023-05-05
PRD02636,Edición Limitada F- Plus,Edición Limitada F- Plus — Conservas. Producto de alta calidad para cocina.,964.34,396,arte|cocina|cine|tecnología,true,2021-02-19
PRD02637,Modelo Estándar G,Modelo Estándar G — Conservas. Producto de alta calidad para oficina.,397.72,360,viajes|gaming|automóviles|belleza,false,2022-06-24
PRD02638,Modelo Estándar G- Lite,Modelo Estándar G- Lite — Conservas. Producto de alta calidad para automóviles.,1287.16,284,belleza|hogar,true,2022-08-04
PRD02639,Pack Básico E- Negro,Pack Básico E- Negro — Conservas. Producto de alta calidad para automóviles.,2452.92,227,conservas|tecnología|viajes|jardín,true,2022-06-06
PRD02640,Edición Limitada F- Negro,Edición Limitada F- Negro — Conservas. Producto de alta calidad para oficina.,2200.19,28,cine|hogar|juguetes,true,2024-01-18
PRD02641,Set Completo C Mini,Set Completo C Mini — Conservas. Producto de alta calidad para música.,739.29,43,tecnología|oficina|fotografía,true,2019-10-15
PRD02642,Pack Básico E- Pro,Pack Básico E- Pro — Conservas. Producto de alta calidad para cine.,1191.28,198,electrónica|oficina|tecnología|moda,false,2022-11-04
PRD02643,Set Completo C- Azul,Set Completo C- Azul — Conservas. Producto de alta calidad para electrónica.,2353.17,442,cine|viajes,true,2022-11-28
PRD02644,Versión Pro H- Negro,Versión Pro H- Negro — Conservas. Producto de alta calidad para electrónica.,594.18,247,hogar|moda|fotografía|conservas,false,2024-06-12
PRD02645,Versión Pro H XL,Versión Pro H XL — Conservas. Producto de alta calidad para mascotas.,681.92,111,juguetes|viajes|libros|conservas,false,2023-04-18
PRD02646,Artículo Especial B XL,Artículo Especial B XL — Conservas. Producto de alta calidad para oficina.,2023.6,156,mascotas|fitness|oficina|electrónica|hogar,true,2019-05-04
PRD02647,Pack Básico E Mini,Pack Básico E Mini — Conservas. Producto de alta calidad para fotografía.,1763.63,104,música|belleza,true,2022-02-11
PRD02648,Modelo Estándar G XL,Modelo Estándar G XL — Conservas. Producto de alta calidad para mascotas.,1689.35,138,cine|juguetes|cocina|hogar|gaming,false,2023-05-04
PRD02649,Modelo Estándar G XL,Modelo Estándar G XL — Conservas. Producto de alta calidad para juguetes.,1297.95,467,automóviles|mascotas,true,2021-08-08
PRD02650,Pack Básico E- Negro,Pack Básico E- Negro — Conservas. Producto de alta calidad para oficina.,1865.98,27,fitness|juguetes|moda,true,2022-03-14
PRD02651,Pack Básico E- Rojo,Pack Básico E- Rojo — Conservas. Producto de alta calidad para cocina.,348.58,175,cocina|música|electrónica|moda|juguetes,true,2022-05-14
PRD02652,Versión Pro H 2024,Versión Pro H 2024 — Conservas. Producto de alta calidad para belleza.,2068.9,243,deportes|moda|fitness|cocina|electrónica,true,2020-10-30
PRD02653,Producto Premium A- Plus,Producto Premium A- Plus — Conservas. Producto de alta calidad para tecnología.,2329.29,122,deportes|oficina|gaming|hogar,false,2023-04-13
PRD02654,Set Completo C 2024,Set Completo C 2024 — Cereales. Producto de alta calidad para tecnología.,1037.69,286,gaming|fitness,true,2020-04-16
PRD02655,Versión Pro H- Plus,Versión Pro H- Plus — Cereales. Producto de alta calidad para oficina.,482.52,321,tecnología|mascotas|arte|cereales|hogar,true,2021-06-01
PRD02656,Edición Limitada F- Lite,Edición Limitada F- Lite — Cereales. Producto de alta calidad para mascotas.,234.52,34,oficina|mascotas|fotografía|cine|gaming,false,2024-05-16
PRD02657,Set Completo C- Lite,Set Completo C- Lite — Cereales. Producto de alta calidad para belleza.,2255.58,200,electrónica|automóviles|jardín|deportes|cine,true,2021-07-16
PRD02658,Artículo Especial B- Azul,Artículo Especial B- Azul — Cereales. Producto de alta calidad para libros.,1861.84,155,viajes|libros,false,2023-08-07
PRD02659,Pack Básico E,Pack Básico E — Cereales. Producto de alta calidad para tecnología.,1419.72,398,cine|cereales|arte|cocina,true,2024-01-28
PRD02660,Kit Profesional D- Lite,Kit Profesional D- Lite — Cereales. Producto de alta calidad para hogar.,721.72,334,cocina|gaming|cereales|fitness,false,2020-06-24
PRD02661,Modelo Estándar G- Blanco,Modelo Estándar G- Blanco — Cereales. Producto de alta calidad para automóviles.,2120.37,315,belleza|moda,true,2020-12-24
PRD02662,Pack Básico E 2024,Pack Básico E 2024 — Cereales. Producto de alta calidad para tecnología.,1975.69,181,belleza|tecnología|oficina,true,2020-10-29
PRD02663,Modelo Estándar G- Pro,Modelo Estándar G- Pro — Cereales. Producto de alta calidad para oficina.,1001.47,214,fotografía|arte,true,2023-10-13
PRD02664,Producto Premium A- Negro,Producto Premium A- Negro — Cereales. Producto de alta calidad para libros.,1965.16,412,viajes|cereales|deportes,true,2022-07-18
PRD02665,Producto Premium A- Rojo,Producto Premium A- Rojo — Cereales. Producto de alta calidad para libros.,821.0,236,fitness|electrónica,false,2021-12-29
PRD02666,Modelo Estándar G- Negro,Modelo Estándar G- Negro — Cereales. Producto de alta calidad para gaming.,1858.19,115,mascotas|electrónica|juguetes,true,2021-03-19
PRD02667,Edición Limitada F- Lite,Edición Limitada F- Lite — Cereales. Producto de alta calidad para electrónica.,673.04,201,libros|tecnología|deportes|belleza,false,2022-08-05
PRD02668,Artículo Especial B- Lite,Artículo Especial B- Lite — Cereales. Producto de alta calidad para deportes.,1829.74,7,juguetes|arte|moda,true,2022-02-26
PRD02669,Artículo Especial B 2024,Artículo Especial B 2024 — Cereales. Producto de alta calidad para libros.,1597.91,108,deportes|mascotas|gaming|música,true,2023-02-18
PRD02670,Modelo Estándar G- Pro,Modelo Estándar G- Pro — Cereales. Producto de alta calidad para gaming.,2046.43,389,fotografía|jardín|deportes|libros,true,2019-09-10
PRD02671,Modelo Estándar G- Plus,Modelo Estándar G- Plus — Cereales. Producto de alta calidad para oficina.,1688.79,483,jardín|cocina|fotografía,true,2019-11-08
PRD02672,Artículo Especial B- Rojo,Artículo Especial B- Rojo — Cereales. Producto de alta calidad para música.,2191.84,175,fitness|viajes|cereales,false,2021-12-09
PRD02673,Set Completo C 2024,Set Completo C 2024 — Cereales. Producto de alta calidad para automóviles.,2090.04,145,cereales|tecnología|mascotas|automóviles|deportes,false,2021-10-13
PRD02674,Edición Limitada F- Negro,Edición Limitada F- Negro — Cereales. Producto de alta calidad para automóviles.,1683.29,445,cocina|moda|electrónica,true,2019-12-28
PRD02675,Producto Premium A- Pro,Producto Premium A- Pro — Cereales. Producto de alta calidad para cocina.,1680.69,213,cocina|moda|arte,true,2022-07-15
PRD02676,Artículo Especial B- Blanco,Artículo Especial B- Blanco — Cereales. Producto de alta calidad para hogar.,62.59,49,cine|oficina,true,2023-10-31
PRD02677,Versión Pro H- Azul,Versión Pro H- Azul — Cereales. Producto de alta calidad para cocina.,301.49,193,libros|fitness|gaming|tecnología|juguetes,true,2024-12-31
PRD02678,Kit Profesional D XL,Kit Profesional D XL — Cereales. Producto de alta calidad para tecnología.,1721.45,31,cocina|libros|belleza|tecnología,true,2021-11-07
PRD02679,Kit Profesional D- Negro,Kit Profesional D- Negro — Cereales. Producto de alta calidad para viajes.,611.13,297,moda|mascotas|belleza|oficina,true,2022-11-02
PRD02680,Producto Premium A- Azul,Producto Premium A- Azul — Cereales. Producto de alta calidad para tecnología.,2200.43,457,cereales|viajes|música|juguetes,true,2020-08-05
PRD02681,Edición Limitada F- Pro,Edición Limitada F- Pro — Cereales. Producto de alta calidad para cine.,1519.46,407,cine|libros|automóviles|fotografía,true,2023-03-02
PRD02682,Versión Pro H 2024,Versión Pro H 2024 — Cereales. Producto de alta calidad para viajes.,1507.89,36,gaming|oficina|cereales,true,2022-03-30
PRD02683,Edición Limitada F- Negro,Edición Limitada F- Negro — Cereales. Producto de alta calidad para tecnología.,2303.22,347,electrónica|belleza|cereales|automóviles,true,2024-12-08
PRD02684,Versión Pro H- Blanco,Versión Pro H- Blanco — Cereales. Producto de alta calidad para belleza.,500.45,308,oficina|electrónica|automóviles,false,2019-10-19
PRD02685,Edición Limitada F Mini,Edición Limitada F Mini — Cereales. Producto de alta calidad para música.,856.97,342,cine|tecnología|electrónica|fotografía,true,2023-09-15
PRD02686,Modelo Estándar G Mini,Modelo Estándar G Mini — Cereales. Producto de alta calidad para electrónica.,2348.54,182,tecnología|viajes|música|electrónica|hogar,false,2024-09-10
PRD02687,Producto Premium A XL,Producto Premium A XL — Lácteos. Producto de alta calidad para moda.,1216.66,129,libros|moda,false,2020-06-03
PRD02688,Producto Premium A- Plus,Producto Premium A- Plus — Lácteos. Producto de alta calidad para cocina.,2065.58,245,viajes|juguetes|tecnología|cine,false,2024-12-23
PRD02689,Kit Profesional D XL,Kit Profesional D XL — Lácteos. Producto de alta calidad para cocina.,1574.66,6,moda|libros|fotografía,false,2021-11-12
PRD02690,Kit Profesional D Mini,Kit Profesional D Mini — Lácteos. Producto de alta calidad para hogar.,206.36,34,juguetes|mascotas,true,2019-01-02
PRD02691,Producto Premium A- Azul,Producto Premium A- Azul — Lácteos. Producto de alta calidad para deportes.,2319.89,326,mascotas|música|deportes|cine|cocina,false,2023-11-11
PRD02692,Modelo Estándar G Mini,Modelo Estándar G Mini — Lácteos. Producto de alta calidad para arte.,1737.48,93,cocina|mascotas|deportes|tecnología|oficina,false,2021-06-19
PRD02693,Edición Limitada F- Lite,Edición Limitada F- Lite — Lácteos. Producto de alta calidad para tecnología.,270.46,333,libros|tecnología|belleza|gaming,true,2021-02-28
PRD02694,Artículo Especial B- Lite,Artículo Especial B- Lite — Lácteos. Producto de alta calidad para fitness.,556.91,81,lácteos|automóviles,true,2020-01-07
PRD02695,Producto Premium A- Plus,Producto Premium A- Plus — Lácteos. Producto de alta calidad para belleza.,530.93,193,deportes|cine|oficina|cocina,true,2019-06-04
PRD02696,Pack Básico E- Blanco,Pack Básico E- Blanco — Lácteos. Producto de alta calidad para fotografía.,355.04,195,hogar|cine|mascotas,true,2020-06-19
PRD02697,Pack Básico E- Plus,Pack Básico E- Plus — Lácteos. Producto de alta calidad para moda.,125.37,220,moda|cine,false,2023-05-31
PRD02698,Kit Profesional D- Plus,Kit Profesional D- Plus — Lácteos. Producto de alta calidad para moda.,310.01,30,automóviles|belleza|música|deportes|cocina,false,2020-04-27
PRD02699,Set Completo C XL,Set Completo C XL — Lácteos. Producto de alta calidad para moda.,1179.96,371,automóviles|cocina,true,2024-12-23
PRD02700,Artículo Especial B- Plus,Artículo Especial B- Plus — Lácteos. Producto de alta calidad para fitness.,682.2,276,arte|cine,true,2023-10-22
PRD02701,Versión Pro H- Pro,Versión Pro H- Pro — Lácteos. Producto de alta calidad para juguetes.,1572.94,384,juguetes|tecnología|gaming|lácteos|cine,true,2022-08-04
PRD02702,Versión Pro H XL,Versión Pro H XL — Lácteos. Producto de alta calidad para mascotas.,1903.57,270,tecnología|juguetes,true,2021-06-09
PRD02703,Modelo Estándar G- Pro,Modelo Estándar G- Pro — Lácteos. Producto de alta calidad para viajes.,16.12,99,viajes|moda|belleza,true,2022-07-17
PRD02704,Kit Profesional D,Kit Profesional D — Lácteos. Producto de alta calidad para tecnología.,1969.88,12,oficina|belleza|música|tecnología,true,2019-05-13
PRD02705,Modelo Estándar G- Plus,Modelo Estándar G- Plus — Lácteos. Producto de alta calidad para fotografía.,509.79,404,fitness|cocina|electrónica|arte,true,2023-11-14
PRD02706,Modelo Estándar G- Azul,Modelo Estándar G- Azul — Lácteos. Producto de alta calidad para viajes.,1180.41,26,fitness|deportes|hogar,true,2020-07-31
PRD02707,Edición Limitada F 2024,Edición Limitada F 2024 — Lácteos. Producto de alta calidad para gaming.,2454.71,443,deportes|mascotas|música,true,2021-07-11
PRD02708,Producto Premium A- Rojo,Producto Premium A- Rojo — Lácteos. Producto de alta calidad para hogar.,1785.14,85,belleza|automóviles,true,2019-11-20
PRD02709,Producto Premium A- Rojo,Producto Premium A- Rojo — Lácteos. Producto de alta calidad para mascotas.,1705.14,64,gaming|moda|cine|fitness,true,2024-03-17
PRD02710,Artículo Especial B- Blanco,Artículo Especial B- Blanco — Lácteos. Producto de alta calidad para electrónica.,1413.84,212,hogar|cine|automóviles|lácteos|tecnología,false,2020-01-24
PRD02711,Kit Profesional D- Pro,Kit Profesional D- Pro — Lácteos. Producto de alta calidad para viajes.,2330.62,423,deportes|fitness|libros,false,2024-06-05
PRD02712,Artículo Especial B- Negro,Artículo Especial B- Negro — Lácteos. Producto de alta calidad para jardín.,2340.31,269,electrónica|tecnología,false,2024-12-27
PRD02713,Pack Básico E- Lite,Pack Básico E- Lite — Lácteos. Producto de alta calidad para jardín.,878.05,281,hogar|fotografía|mascotas|gaming,true,2022-06-27
PRD02714,Kit Profesional D Mini,Kit Profesional D Mini — Lácteos. Producto de alta calidad para belleza.,1151.12,298,fotografía|música|fitness|oficina|juguetes,false,2023-04-05
PRD02715,Versión Pro H- Azul,Versión Pro H- Azul — Lácteos. Producto de alta calidad para gaming.,565.26,336,deportes|cine|oficina|moda,false,2020-10-21
PRD02716,Producto Premium A- Negro,Producto Premium A- Negro — Lácteos. Producto de alta calidad para arte.,1698.82,329,tecnología|oficina|arte|moda,true,2019-11-11
PRD02717,Kit Profesional D- Blanco,Kit Profesional D- Blanco — Panadería. Producto de alta calidad para fitness.,2277.66,367,moda|fotografía|mascotas,false,2020-09-10
PRD02718,Artículo Especial B- Negro,Artículo Especial B- Negro — Panadería. Producto de alta calidad para fotografía.,579.11,46,panadería|oficina|arte|gaming,false,2024-08-30
PRD02719,Set Completo C Mini,Set Completo C Mini — Panadería. Producto de alta calidad para deportes.,1371.12,164,jardín|música,false,2024-09-15
PRD02720,Modelo Estándar G,Modelo Estándar G — Panadería. Producto de alta calidad para automóviles.,149.67,110,tecnología|juguetes|belleza,true,2019-12-10
PRD02721,Kit Profesional D- Rojo,Kit Profesional D- Rojo — Panadería. Producto de alta calidad para automóviles.,1090.62,255,jardín|gaming|fitness,false,2019-09-08
PRD02722,Kit Profesional D- Rojo,Kit Profesional D- Rojo — Panadería. Producto de alta calidad para hogar.,1162.09,409,libros|fotografía|cocina|hogar|jardín,false,2020-08-13
PRD02723,Pack Básico E- Azul,Pack Básico E- Azul — Panadería. Producto de alta calidad para libros.,718.69,308,oficina|jardín,true,2022-05-19
PRD02724,Set Completo C- Lite,Set Completo C- Lite — Panadería. Producto de alta calidad para juguetes.,65.33,434,fotografía|automóviles|mascotas,true,2020-12-06
PRD02725,Artículo Especial B- Lite,Artículo Especial B- Lite — Panadería. Producto de alta calidad para cocina.,1393.44,269,belleza|juguetes|moda,true,2022-11-28
PRD02726,Modelo Estándar G- Blanco,Modelo Estándar G- Blanco — Panadería. Producto de alta calidad para libros.,847.36,343,mascotas|viajes|gaming|hogar|música,false,2020-01-29
PRD02727,Modelo Estándar G- Lite,Modelo Estándar G- Lite — Panadería. Producto de alta calidad para cocina.,1994.66,133,cocina|tecnología|panadería,false,2023-12-17
PRD02728,Modelo Estándar G- Pro,Modelo Estándar G- Pro — Panadería. Producto de alta calidad para automóviles.,2112.79,408,libros|fotografía|cine,true,2023-07-01
PRD02729,Artículo Especial B- Lite,Artículo Especial B- Lite — Panadería. Producto de alta calidad para gaming.,185.01,190,deportes|mascotas|arte,true,2020-03-03
PRD02730,Pack Básico E- Pro,Pack Básico E- Pro — Panadería. Producto de alta calidad para arte.,22.73,412,panadería|electrónica|tecnología|fitness,false,2019-04-05
PRD02731,Pack Básico E Mini,Pack Básico E Mini — Panadería. Producto de alta calidad para electrónica.,1051.67,265,automóviles|moda|mascotas|jardín,true,2024-12-30
PRD02732,Artículo Especial B- Azul,Artículo Especial B- Azul — Panadería. Producto de alta calidad para belleza.,1092.09,395,hogar|música|electrónica,true,2024-07-22
PRD02733,Kit Profesional D- Pro,Kit Profesional D- Pro — Panadería. Producto de alta calidad para belleza.,908.96,274,belleza|música|libros|cocina,true,2022-03-21
PRD02734,Modelo Estándar G,Modelo Estándar G — Panadería. Producto de alta calidad para arte.,274.17,159,arte|gaming|fotografía,false,2023-10-03
PRD02735,Artículo Especial B- Rojo,Artículo Especial B- Rojo — Panadería. Producto de alta calidad para hogar.,1641.19,149,hogar|juguetes,false,2019-05-14
PRD02736,Kit Profesional D XL,Kit Profesional D XL — Panadería. Producto de alta calidad para gaming.,2071.64,481,panadería|música,true,2024-09-05
PRD02737,Pack Básico E- Rojo,Pack Básico E- Rojo — Panadería. Producto de alta calidad para libros.,1149.42,453,hogar|libros,false,2019-10-28
PRD02738,Versión Pro H- Negro,Versión Pro H- Negro — Panadería. Producto de alta calidad para juguetes.,2069.82,49,cine|automóviles|fitness|viajes,false,2019-01-19
PRD02739,Pack Básico E- Rojo,Pack Básico E- Rojo — Panadería. Producto de alta calidad para belleza.,1644.26,304,juguetes|cocina|tecnología|automóviles|panadería,true,2019-04-28
PRD02740,Set Completo C XL,Set Completo C XL — Panadería. Producto de alta calidad para fitness.,2071.15,284,cine|cocina,true,2023-05-13
PRD02741,Producto Premium A- Blanco,Producto Premium A- Blanco — Panadería. Producto de alta calidad para fitness.,808.27,284,electrónica|jardín|cocina,false,2023-08-31
PRD02742,Set Completo C 2024,Set Completo C 2024 — Panadería. Producto de alta calidad para fitness.,1377.59,214,música|gaming,true,2023-04-26
PRD02743,Modelo Estándar G,Modelo Estándar G — Panadería. Producto de alta calidad para hogar.,915.81,441,belleza|tecnología,true,2019-04-16
PRD02744,Producto Premium A- Azul,Producto Premium A- Azul — Panadería. Producto de alta calidad para belleza.,2319.72,78,tecnología|fitness,false,2024-02-12
PRD02745,Versión Pro H Mini,Versión Pro H Mini — Panadería. Producto de alta calidad para tecnología.,2271.33,232,panadería|libros|moda,true,2021-02-19
PRD02746,Producto Premium A 2024,Producto Premium A 2024 — Panadería. Producto de alta calidad para viajes.,1846.16,447,jardín|juguetes,false,2020-11-12
PRD02747,Modelo Estándar G Mini,Modelo Estándar G Mini — Panadería. Producto de alta calidad para juguetes.,874.25,287,música|hogar|arte|cocina|deportes,true,2019-10-05
PRD02748,Producto Premium A Mini,Producto Premium A Mini — Salsas. Producto de alta calidad para libros.,2080.39,339,electrónica|libros|música,false,2022-06-16
PRD02749,Kit Profesional D- Pro,Kit Profesional D- Pro — Salsas. Producto de alta calidad para viajes.,1760.2,286,fotografía|juguetes|música,false,2023-05-19
PRD02750,Pack Básico E XL,Pack Básico E XL — Salsas. Producto de alta calidad para gaming.,1525.39,184,arte|oficina|deportes|moda,true,2021-07-29
PRD02751,Edición Limitada F- Plus,Edición Limitada F- Plus — Salsas. Producto de alta calidad para automóviles.,1003.01,417,automóviles|gaming|cocina,true,2021-06-01
PRD02752,Modelo Estándar G- Negro,Modelo Estándar G- Negro — Salsas. Producto de alta calidad para arte.,2400.26,106,arte|fitness,true,2024-06-22
PRD02753,Set Completo C XL,Set Completo C XL — Salsas. Producto de alta calidad para juguetes.,165.89,167,deportes|cocina|juguetes|moda|fotografía,true,2024-03-31
PRD02754,Producto Premium A- Blanco,Producto Premium A- Blanco — Salsas. Producto de alta calidad para deportes.,2127.77,287,oficina|automóviles|hogar|cocina|fitness,true,2019-11-28
PRD02755,Versión Pro H Mini,Versión Pro H Mini — Salsas. Producto de alta calidad para belleza.,1959.09,378,automóviles|cocina|fitness,false,2022-05-17
PRD02756,Pack Básico E XL,Pack Básico E XL — Salsas. Producto de alta calidad para cine.,1055.12,177,moda|salsas|juguetes|música,true,2024-10-17
PRD02757,Versión Pro H Mini,Versión Pro H Mini — Salsas. Producto de alta calidad para arte.,1596.15,233,tecnología|moda|belleza,true,2019-04-03
PRD02758,Artículo Especial B XL,Artículo Especial B XL — Salsas. Producto de alta calidad para fitness.,1715.6,176,fotografía|viajes|fitness|electrónica|juguetes,true,2020-06-11
PRD02759,Modelo Estándar G 2024,Modelo Estándar G 2024 — Salsas. Producto de alta calidad para tecnología.,1063.75,53,belleza|cocina,true,2019-02-24
PRD02760,Artículo Especial B- Blanco,Artículo Especial B- Blanco — Salsas. Producto de alta calidad para oficina.,1760.78,330,cine|libros|cocina,true,2022-04-16
PRD02761,Versión Pro H Mini,Versión Pro H Mini — Salsas. Producto de alta calidad para hogar.,2432.87,292,tecnología|libros,true,2022-11-13
PRD02762,Modelo Estándar G Mini,Modelo Estándar G Mini — Salsas. Producto de alta calidad para mascotas.,1555.63,352,libros|fotografía|cocina|jardín|moda,false,2023-01-12
PRD02763,Set Completo C- Rojo,Set Completo C- Rojo — Salsas. Producto de alta calidad para belleza.,2381.85,108,mascotas|fotografía|electrónica|cine|gaming,true,2019-08-11
PRD02764,Versión Pro H- Blanco,Versión Pro H- Blanco — Salsas. Producto de alta calidad para moda.,2147.34,366,oficina|hogar,false,2019-08-21
PRD02765,Kit Profesional D- Rojo,Kit Profesional D- Rojo — Salsas. Producto de alta calidad para moda.,2224.0,347,fotografía|deportes|automóviles|tecnología|cocina,true,2020-07-05
PRD02766,Set Completo C- Azul,Set Completo C- Azul — Salsas. Producto de alta calidad para electrónica.,1194.45,127,fitness|juguetes,true,2022-11-11
PRD02767,Modelo Estándar G 2024,Modelo Estándar G 2024 — Salsas. Producto de alta calidad para arte.,863.83,372,automóviles|mascotas|cine,true,2024-01-15
PRD02768,Edición Limitada F- Blanco,Edición Limitada F- Blanco — Salsas. Producto de alta calidad para tecnología.,2352.12,371,automóviles|jardín|belleza|fitness,false,2023-01-14
PRD02769,Modelo Estándar G- Rojo,Modelo Estándar G- Rojo — Salsas. Producto de alta calidad para moda.,1185.07,26,automóviles|música|cine|fotografía|salsas,true,2021-07-07
PRD02770,Set Completo C- Pro,Set Completo C- Pro — Salsas. Producto de alta calidad para fotografía.,2122.03,227,cocina|cine|salsas|fitness,true,2021-09-04
PRD02771,Set Completo C XL,Set Completo C XL — Salsas. Producto de alta calidad para hogar.,1140.53,352,salsas|automóviles|fotografía|juguetes,true,2022-03-20
PRD02772,Edición Limitada F,Edición Limitada F — Salsas. Producto de alta calidad para hogar.,105.73,436,cine|viajes|oficina|mascotas,true,2022-10-03
PRD02773,Artículo Especial B XL,Artículo Especial B XL — Salsas. Producto de alta calidad para oficina.,2139.49,178,salsas|hogar|viajes|belleza|electrónica,true,2023-01-30
PRD02774,Pack Básico E- Blanco,Pack Básico E- Blanco — Salsas. Producto de alta calidad para libros.,1664.6,147,juguetes|automóviles|hogar,true,2021-10-05
PRD02775,Versión Pro H- Plus,Versión Pro H- Plus — Salsas. Producto de alta calidad para cine.,19.49,226,deportes|automóviles,false,2020-03-18
PRD02776,Pack Básico E- Azul,Pack Básico E- Azul — Salsas. Producto de alta calidad para electrónica.,832.94,50,moda|cocina|belleza|tecnología|automóviles,true,2020-09-27
PRD02777,Kit Profesional D Mini,Kit Profesional D Mini — Salsas. Producto de alta calidad para mascotas.,2423.37,199,juguetes|cocina|mascotas|oficina|viajes,true,2022-06-06
PRD02778,Modelo Estándar G- Negro,Modelo Estándar G- Negro — Salsas. Producto de alta calidad para automóviles.,960.83,345,salsas|deportes|automóviles|mascotas|electrónica,true,2022-07-19
PRD02779,Pack Básico E- Azul,Pack Básico E- Azul — Salsas. Producto de alta calidad para deportes.,1588.03,463,oficina|jardín,false,2020-10-27
PRD02780,Producto Premium A- Pro,Producto Premium A- Pro — Vinos. Producto de alta calidad para mascotas.,54.5,153,deportes|libros|jardín,true,2022-07-28
PRD02781,Set Completo C Mini,Set Completo C Mini — Vinos. Producto de alta calidad para jardín.,1907.48,293,fitness|oficina|arte|belleza,true,2023-12-15
PRD02782,Edición Limitada F XL,Edición Limitada F XL — Vinos. Producto de alta calidad para gaming.,1042.32,17,vinos|música,false,2020-01-06
PRD02783,Kit Profesional D- Plus,Kit Profesional D- Plus — Vinos. Producto de alta calidad para hogar.,874.64,87,hogar|automóviles|gaming,true,2022-06-11
PRD02784,Pack Básico E- Pro,Pack Básico E- Pro — Vinos. Producto de alta calidad para música.,1734.13,147,viajes|música|arte,true,2019-08-17
PRD02785,Edición Limitada F- Plus,Edición Limitada F- Plus — Vinos. Producto de alta calidad para cocina.,2484.57,394,hogar|cine,true,2024-03-20
PRD02786,Edición Limitada F- Negro,Edición Limitada F- Negro — Vinos. Producto de alta calidad para moda.,506.9,78,oficina|libros|automóviles|jardín,true,2024-07-23
PRD02787,Artículo Especial B- Plus,Artículo Especial B- Plus — Vinos. Producto de alta calidad para cine.,1860.31,1,vinos|moda|libros|automóviles,false,2019-07-02
PRD02788,Modelo Estándar G- Azul,Modelo Estándar G- Azul — Vinos. Producto de alta calidad para música.,1700.91,332,cocina|viajes|oficina|vinos,false,2019-01-09
PRD02789,Kit Profesional D- Azul,Kit Profesional D- Azul — Vinos. Producto de alta calidad para moda.,1597.6,415,cine|cocina|deportes|vinos,true,2024-07-21
PRD02790,Edición Limitada F- Blanco,Edición Limitada F- Blanco — Vinos. Producto de alta calidad para arte.,676.11,437,arte|deportes,true,2021-07-21
PRD02791,Versión Pro H- Blanco,Versión Pro H- Blanco — Vinos. Producto de alta calidad para belleza.,113.67,186,cine|automóviles|arte,true,2022-07-01
PRD02792,Modelo Estándar G,Modelo Estándar G — Vinos. Producto de alta calidad para música.,1639.57,131,gaming|fitness|fotografía,true,2020-09-21
PRD02793,Edición Limitada F- Pro,Edición Limitada F- Pro — Vinos. Producto de alta calidad para oficina.,2403.19,8,moda|cine|deportes,true,2021-07-13
PRD02794,Pack Básico E- Pro,Pack Básico E- Pro — Vinos. Producto de alta calidad para automóviles.,494.82,251,mascotas|arte|música,true,2019-07-30
PRD02795,Edición Limitada F- Lite,Edición Limitada F- Lite — Vinos. Producto de alta calidad para gaming.,2375.31,260,gaming|fitness|arte,true,2023-07-04
PRD02796,Artículo Especial B 2024,Artículo Especial B 2024 — Vinos. Producto de alta calidad para fotografía.,1533.25,271,belleza|cocina|viajes,false,2023-12-03
PRD02797,Producto Premium A,Producto Premium A — Vinos. Producto de alta calidad para electrónica.,2269.06,319,arte|mascotas|viajes|juguetes,true,2019-01-14
PRD02798,Modelo Estándar G Mini,Modelo Estándar G Mini — Vinos. Producto de alta calidad para tecnología.,633.41,52,tecnología|juguetes|fotografía|vinos|oficina,false,2023-02-25
PRD02799,Edición Limitada F,Edición Limitada F — Vinos. Producto de alta calidad para cine.,1291.98,165,jardín|cine|arte|fitness,false,2019-06-09
PRD02800,Versión Pro H- Blanco,Versión Pro H- Blanco — Vinos. Producto de alta calidad para gaming.,458.3,9,viajes|música|fotografía,true,2021-10-29
PRD02801,Modelo Estándar G- Azul,Modelo Estándar G- Azul — Vinos. Producto de alta calidad para juguetes.,2169.17,240,juguetes|hogar,true,2023-10-26
PRD02802,Kit Profesional D- Lite,Kit Profesional D- Lite — Vinos. Producto de alta calidad para fotografía.,1905.63,367,fitness|juguetes|deportes,true,2020-01-08
PRD02803,Producto Premium A- Blanco,Producto Premium A- Blanco — Vinos. Producto de alta calidad para cocina.,1386.66,1,hogar|libros|oficina|viajes|música,true,2020-05-09
PRD02804,Pack Básico E- Pro,Pack Básico E- Pro — Vinos. Producto de alta calidad para tecnología.,431.17,76,libros|vinos|cocina|oficina,true,2021-09-09
PRD02805,Producto Premium A,Producto Premium A — Audio Auto. Producto de alta calidad para oficina.,327.88,87,hogar|viajes,true,2024-11-26
PRD02806,Pack Básico E Mini,Pack Básico E Mini — Audio Auto. Producto de alta calidad para gaming.,2091.26,171,fitness|moda|juguetes,true,2020-01-28
PRD02807,Set Completo C XL,Set Completo C XL — Audio Auto. Producto de alta calidad para automóviles.,463.56,140,cine|hogar|mascotas|jardín,false,2022-02-23
PRD02808,Versión Pro H- Lite,Versión Pro H- Lite — Audio Auto. Producto de alta calidad para viajes.,1452.15,192,moda|belleza|electrónica|juguetes,true,2023-01-26
PRD02809,Pack Básico E,Pack Básico E — Audio Auto. Producto de alta calidad para gaming.,1495.55,458,tecnología|electrónica|moda,true,2023-05-26
PRD02810,Modelo Estándar G,Modelo Estándar G — Audio Auto. Producto de alta calidad para jardín.,1804.7,240,mascotas|viajes|hogar,true,2022-10-01
PRD02811,Modelo Estándar G- Negro,Modelo Estándar G- Negro — Audio Auto. Producto de alta calidad para electrónica.,806.52,442,viajes|jardín|música|libros|fotografía,false,2024-04-11
PRD02812,Kit Profesional D 2024,Kit Profesional D 2024 — Audio Auto. Producto de alta calidad para jardín.,394.72,85,fotografía|viajes|automóviles,true,2022-02-18
PRD02813,Set Completo C- Blanco,Set Completo C- Blanco — Audio Auto. Producto de alta calidad para viajes.,1307.5,256,automóviles|gaming|viajes,true,2019-12-05
PRD02814,Set Completo C- Blanco,Set Completo C- Blanco — Audio Auto. Producto de alta calidad para tecnología.,965.03,394,fitness|oficina|tecnología,true,2024-06-10
PRD02815,Producto Premium A Mini,Producto Premium A Mini — Audio Auto. Producto de alta calidad para fitness.,190.65,473,cocina|fotografía,true,2022-06-29
PRD02816,Set Completo C XL,Set Completo C XL — Audio Auto. Producto de alta calidad para automóviles.,1109.72,340,cocina|arte|cine,true,2019-04-18
PRD02817,Kit Profesional D Mini,Kit Profesional D Mini — Audio Auto. Producto de alta calidad para viajes.,1736.87,329,moda|cocina|jardín|música,false,2021-02-13
PRD02818,Pack Básico E- Negro,Pack Básico E- Negro — Audio Auto. Producto de alta calidad para electrónica.,522.02,260,viajes|fitness|belleza|gaming,true,2024-11-09
PRD02819,Artículo Especial B XL,Artículo Especial B XL — Audio Auto. Producto de alta calidad para fitness.,1907.3,287,fitness|gaming,false,2022-01-02
PRD02820,Edición Limitada F XL,Edición Limitada F XL — Audio Auto. Producto de alta calidad para libros.,2022.51,115,moda|automóviles|música|arte,true,2024-05-07
PRD02821,Kit Profesional D,Kit Profesional D — Audio Auto. Producto de alta calidad para belleza.,1401.1,223,mascotas|tecnología,true,2019-10-14
PRD02822,Pack Básico E- Lite,Pack Básico E- Lite — Audio Auto. Producto de alta calidad para arte.,675.85,488,fotografía|electrónica|arte|música|hogar,false,2021-10-19
PRD02823,Edición Limitada F,Edición Limitada F — Audio Auto. Producto de alta calidad para libros.,1866.97,346,juguetes|libros|oficina|electrónica|tecnología,true,2022-09-25
PRD02824,Pack Básico E Mini,Pack Básico E Mini — Audio Auto. Producto de alta calidad para arte.,2230.94,378,hogar|moda,false,2023-02-16
PRD02825,Set Completo C Mini,Set Completo C Mini — Audio Auto. Producto de alta calidad para tecnología.,1117.02,402,deportes|libros|jardín|juguetes,true,2024-09-09
PRD02826,Producto Premium A- Pro,Producto Premium A- Pro — Audio Auto. Producto de alta calidad para música.,1063.62,430,fotografía|mascotas|moda|gaming|viajes,true,2021-12-28
PRD02827,Edición Limitada F- Azul,Edición Limitada F- Azul — Audio Auto. Producto de alta calidad para libros.,680.28,500,tecnología|jardín|fitness,false,2021-07-10
PRD02828,Artículo Especial B- Rojo,Artículo Especial B- Rojo — Audio Auto. Producto de alta calidad para libros.,1198.75,455,fotografía|moda|viajes,true,2022-11-15
PRD02829,Kit Profesional D- Negro,Kit Profesional D- Negro — Audio Auto. Producto de alta calidad para belleza.,841.2,126,oficina|deportes,true,2023-08-12
PRD02830,Edición Limitada F- Azul,Edición Limitada F- Azul — Audio Auto. Producto de alta calidad para cine.,2478.54,141,música|audio auto,false,2020-10-31
PRD02831,Pack Básico E- Plus,Pack Básico E- Plus — Audio Auto. Producto de alta calidad para jardín.,708.12,321,moda|jardín|electrónica|cine|fotografía,true,2024-09-04
PRD02832,Versión Pro H Mini,Versión Pro H Mini — Llantas. Producto de alta calidad para deportes.,202.93,375,electrónica|automóviles,true,2019-06-12
PRD02833,Artículo Especial B- Blanco,Artículo Especial B- Blanco — Llantas. Producto de alta calidad para libros.,982.36,53,fotografía|automóviles|tecnología|arte,true,2022-05-02
PRD02834,Versión Pro H- Rojo,Versión Pro H- Rojo — Llantas. Producto de alta calidad para moda.,644.16,336,tecnología|cocina,true,2019-10-12
PRD02835,Versión Pro H- Blanco,Versión Pro H- Blanco — Llantas. Producto de alta calidad para fotografía.,436.61,291,deportes|fotografía|juguetes,true,2019-05-07
PRD02836,Producto Premium A- Lite,Producto Premium A- Lite — Llantas. Producto de alta calidad para moda.,188.09,343,moda|cocina|deportes|libros,true,2024-02-21
PRD02837,Kit Profesional D- Negro,Kit Profesional D- Negro — Llantas. Producto de alta calidad para deportes.,1965.69,186,arte|llantas,false,2021-06-07
PRD02838,Edición Limitada F,Edición Limitada F — Llantas. Producto de alta calidad para hogar.,1620.47,135,jardín|tecnología|llantas|electrónica|arte,true,2021-12-30
PRD02839,Edición Limitada F- Negro,Edición Limitada F- Negro — Llantas. Producto de alta calidad para electrónica.,305.5,242,cine|tecnología|juguetes|arte,true,2020-06-22
PRD02840,Set Completo C- Negro,Set Completo C- Negro — Llantas. Producto de alta calidad para hogar.,266.27,60,gaming|belleza|cine|hogar,true,2022-10-03
PRD02841,Modelo Estándar G- Blanco,Modelo Estándar G- Blanco — Llantas. Producto de alta calidad para cine.,661.8,53,hogar|cocina|viajes|arte|juguetes,false,2019-05-27
PRD02842,Edición Limitada F,Edición Limitada F — Llantas. Producto de alta calidad para mascotas.,542.55,102,mascotas|música|fitness|arte,false,2019-05-28
PRD02843,Artículo Especial B- Blanco,Artículo Especial B- Blanco — Llantas. Producto de alta calidad para belleza.,808.16,331,tecnología|electrónica|libros,true,2019-05-11
PRD02844,Edición Limitada F- Blanco,Edición Limitada F- Blanco — Llantas. Producto de alta calidad para oficina.,1799.43,219,tecnología|belleza|automóviles|jardín,true,2019-05-22
PRD02845,Edición Limitada F- Azul,Edición Limitada F- Azul — Llantas. Producto de alta calidad para deportes.,1682.02,426,jardín|moda|hogar,true,2021-08-31
PRD02846,Pack Básico E,Pack Básico E — Llantas. Producto de alta calidad para música.,1709.1,427,oficina|llantas,false,2020-04-13
PRD02847,Artículo Especial B XL,Artículo Especial B XL — Llantas. Producto de alta calidad para deportes.,1304.36,171,llantas|música|automóviles,true,2022-06-06
PRD02848,Set Completo C- Pro,Set Completo C- Pro — Llantas. Producto de alta calidad para cine.,2052.97,218,llantas|viajes|fotografía|fitness,true,2020-08-31
PRD02849,Set Completo C- Plus,Set Completo C- Plus — Llantas. Producto de alta calidad para belleza.,2100.42,32,belleza|jardín|cine,true,2022-02-14
PRD02850,Producto Premium A- Pro,Producto Premium A- Pro — Llantas. Producto de alta calidad para electrónica.,1603.15,75,música|juguetes,true,2020-07-09
PRD02851,Kit Profesional D,Kit Profesional D — Llantas. Producto de alta calidad para electrónica.,1659.74,259,mascotas|llantas|oficina|automóviles|gaming,true,2024-02-09
PRD02852,Producto Premium A- Plus,Producto Premium A- Plus — Llantas. Producto de alta calidad para automóviles.,632.35,312,automóviles|libros,true,2019-08-09
PRD02853,Edición Limitada F- Negro,Edición Limitada F- Negro — Llantas. Producto de alta calidad para moda.,1138.74,287,viajes|hogar|arte,true,2020-12-31
PRD02854,Kit Profesional D- Lite,Kit Profesional D- Lite — Llantas. Producto de alta calidad para juguetes.,1118.31,415,deportes|cine|música|tecnología|llantas,true,2020-09-10
PRD02855,Artículo Especial B Mini,Artículo Especial B Mini — Llantas. Producto de alta calidad para juguetes.,2204.63,216,cine|llantas|moda,true,2023-09-11
PRD02856,Artículo Especial B,Artículo Especial B — Llantas. Producto de alta calidad para cine.,1647.43,459,tecnología|gaming|llantas|música,false,2024-05-09
PRD02857,Modelo Estándar G,Modelo Estándar G — Aceites. Producto de alta calidad para mascotas.,980.87,219,gaming|viajes|oficina|arte|moda,true,2023-07-15
PRD02858,Edición Limitada F- Pro,Edición Limitada F- Pro — Aceites. Producto de alta calidad para moda.,1623.27,347,automóviles|tecnología,true,2022-10-23
PRD02859,Kit Profesional D,Kit Profesional D — Aceites. Producto de alta calidad para moda.,1731.14,179,aceites|oficina|música|arte|moda,true,2024-08-30
PRD02860,Modelo Estándar G- Rojo,Modelo Estándar G- Rojo — Aceites. Producto de alta calidad para cocina.,1938.22,108,deportes|juguetes|oficina|fotografía,false,2020-06-03
PRD02861,Artículo Especial B- Lite,Artículo Especial B- Lite — Aceites. Producto de alta calidad para electrónica.,1749.42,204,arte|tecnología,true,2019-06-23
PRD02862,Artículo Especial B Mini,Artículo Especial B Mini — Aceites. Producto de alta calidad para jardín.,2194.03,252,fotografía|oficina,true,2021-05-12
PRD02863,Producto Premium A- Azul,Producto Premium A- Azul — Aceites. Producto de alta calidad para hogar.,701.31,392,deportes|electrónica|oficina,false,2020-01-19
PRD02864,Modelo Estándar G- Plus,Modelo Estándar G- Plus — Aceites. Producto de alta calidad para fitness.,474.75,328,arte|tecnología|moda|cocina,true,2024-07-15
PRD02865,Artículo Especial B- Pro,Artículo Especial B- Pro — Aceites. Producto de alta calidad para belleza.,1791.89,201,arte|libros|música|fitness|moda,true,2021-10-11
PRD02866,Kit Profesional D XL,Kit Profesional D XL — Aceites. Producto de alta calidad para electrónica.,1241.78,435,viajes|jardín,true,2023-10-25
PRD02867,Modelo Estándar G- Plus,Modelo Estándar G- Plus — Aceites. Producto de alta calidad para fotografía.,624.59,103,viajes|fitness|deportes|oficina,true,2024-07-15
PRD02868,Versión Pro H,Versión Pro H — Aceites. Producto de alta calidad para tecnología.,1148.19,106,música|moda,false,2019-07-03
PRD02869,Artículo Especial B,Artículo Especial B — Aceites. Producto de alta calidad para automóviles.,1586.86,77,tecnología|gaming,true,2019-01-23
PRD02870,Pack Básico E- Negro,Pack Básico E- Negro — Aceites. Producto de alta calidad para belleza.,1225.22,412,tecnología|oficina|aceites|electrónica|arte,true,2024-10-31
PRD02871,Artículo Especial B- Lite,Artículo Especial B- Lite — Aceites. Producto de alta calidad para oficina.,655.52,24,deportes|juguetes|tecnología|mascotas|cine,true,2021-12-24
PRD02872,Kit Profesional D XL,Kit Profesional D XL — Aceites. Producto de alta calidad para electrónica.,317.22,353,cine|deportes|jardín|libros,false,2020-11-22
PRD02873,Set Completo C- Lite,Set Completo C- Lite — Aceites. Producto de alta calidad para música.,675.08,370,tecnología|fitness,false,2019-06-04
PRD02874,Producto Premium A- Blanco,Producto Premium A- Blanco — Aceites. Producto de alta calidad para juguetes.,2257.58,162,jardín|arte|fitness|libros,false,2024-12-12
PRD02875,Modelo Estándar G- Rojo,Modelo Estándar G- Rojo — Aceites. Producto de alta calidad para viajes.,2448.18,448,viajes|juguetes|electrónica,true,2022-12-13
PRD02876,Producto Premium A- Blanco,Producto Premium A- Blanco — Aceites. Producto de alta calidad para fotografía.,1105.03,155,belleza|fotografía|aceites,true,2019-12-12
PRD02877,Kit Profesional D- Azul,Kit Profesional D- Azul — Aceites. Producto de alta calidad para gaming.,826.57,398,gaming|cine|moda|juguetes|automóviles,false,2022-10-22
PRD02878,Pack Básico E- Plus,Pack Básico E- Plus — Aceites. Producto de alta calidad para tecnología.,453.41,81,viajes|hogar|automóviles|aceites|cocina,true,2019-03-07
PRD02879,Set Completo C Mini,Set Completo C Mini — Aceites. Producto de alta calidad para fitness.,1001.74,35,belleza|fitness|música|viajes|fotografía,true,2019-11-18
PRD02880,Artículo Especial B- Lite,Artículo Especial B- Lite — Aceites. Producto de alta calidad para jardín.,226.12,447,cine|tecnología|automóviles|jardín|moda,true,2023-03-29
PRD02881,Versión Pro H 2024,Versión Pro H 2024 — Aceites. Producto de alta calidad para belleza.,2119.59,66,fotografía|libros|arte,true,2023-01-16
PRD02882,Edición Limitada F- Rojo,Edición Limitada F- Rojo — Aceites. Producto de alta calidad para tecnología.,1806.14,352,aceites|fotografía,true,2022-10-11
PRD02883,Modelo Estándar G- Azul,Modelo Estándar G- Azul — Aceites. Producto de alta calidad para automóviles.,1508.67,61,cocina|cine|oficina,true,2019-04-03
PRD02884,Pack Básico E XL,Pack Básico E XL — Aceites. Producto de alta calidad para deportes.,462.35,176,moda|libros|cine|fitness|gaming,true,2021-07-02
PRD02885,Versión Pro H,Versión Pro H — Herramientas Auto. Producto de alta calidad para jardín.,1741.58,483,oficina|hogar|moda|fotografía|automóviles,true,2024-10-16
PRD02886,Artículo Especial B- Pro,Artículo Especial B- Pro — Herramientas Auto. Producto de alta calidad para cocina.,2280.51,414,automóviles|gaming,true,2021-09-04
PRD02887,Artículo Especial B- Blanco,Artículo Especial B- Blanco — Herramientas Auto. Producto de alta calidad para automóviles.,687.07,106,oficina|cocina|arte,true,2019-12-23
PRD02888,Versión Pro H 2024,Versión Pro H 2024 — Herramientas Auto. Producto de alta calidad para libros.,1883.14,452,fotografía|mascotas,true,2022-06-13
PRD02889,Producto Premium A- Plus,Producto Premium A- Plus — Herramientas Auto. Producto de alta calidad para moda.,2052.85,332,gaming|automóviles|libros|moda,true,2022-12-27
PRD02890,Versión Pro H 2024,Versión Pro H 2024 — Herramientas Auto. Producto de alta calidad para viajes.,91.24,497,electrónica|herramientas auto|fitness|juguetes|tecnología,true,2022-08-07
PRD02891,Versión Pro H Mini,Versión Pro H Mini — Herramientas Auto. Producto de alta calidad para deportes.,547.11,137,moda|gaming|cine|electrónica|viajes,true,2023-05-13
PRD02892,Pack Básico E- Plus,Pack Básico E- Plus — Herramientas Auto. Producto de alta calidad para oficina.,1837.79,161,deportes|arte|herramientas auto|jardín,false,2020-09-05
PRD02893,Modelo Estándar G- Negro,Modelo Estándar G- Negro — Herramientas Auto. Producto de alta calidad para deportes.,1044.36,227,automóviles|música|cocina|gaming,true,2022-11-01
PRD02894,Versión Pro H Mini,Versión Pro H Mini — Herramientas Auto. Producto de alta calidad para cocina.,1907.37,445,mascotas|herramientas auto|viajes|moda,false,2019-10-07
PRD02895,Producto Premium A- Negro,Producto Premium A- Negro — Herramientas Auto. Producto de alta calidad para moda.,2245.89,422,cocina|deportes|cine|fotografía|tecnología,true,2019-09-04
PRD02896,Edición Limitada F- Lite,Edición Limitada F- Lite — Herramientas Auto. Producto de alta calidad para automóviles.,2073.32,127,fitness|oficina|jardín,false,2024-01-02
PRD02897,Versión Pro H- Plus,Versión Pro H- Plus — Herramientas Auto. Producto de alta calidad para hogar.,747.67,144,fitness|cocina|tecnología|libros|gaming,true,2024-04-13
PRD02898,Artículo Especial B- Azul,Artículo Especial B- Azul — Herramientas Auto. Producto de alta calidad para jardín.,1048.29,493,cocina|tecnología|libros|belleza|música,true,2022-12-29
PRD02899,Set Completo C XL,Set Completo C XL — Herramientas Auto. Producto de alta calidad para arte.,974.29,389,cine|mascotas|arte,true,2024-02-04
PRD02900,Edición Limitada F Mini,Edición Limitada F Mini — Herramientas Auto. Producto de alta calidad para oficina.,1891.18,229,tecnología|gaming|fotografía|automóviles,true,2021-10-07
PRD02901,Edición Limitada F- Pro,Edición Limitada F- Pro — Herramientas Auto. Producto de alta calidad para juguetes.,457.1,134,cine|fotografía|música,false,2019-07-21
PRD02902,Producto Premium A- Pro,Producto Premium A- Pro — Herramientas Auto. Producto de alta calidad para oficina.,1263.3,338,cocina|mascotas|cine|arte,true,2021-04-02
PRD02903,Artículo Especial B 2024,Artículo Especial B 2024 — Herramientas Auto. Producto de alta calidad para automóviles.,685.04,276,cine|oficina|música|electrónica|moda,true,2021-09-10
PRD02904,Set Completo C 2024,Set Completo C 2024 — Herramientas Auto. Producto de alta calidad para gaming.,1630.34,12,deportes|arte|automóviles|gaming|cocina,true,2021-12-27
PRD02905,Versión Pro H- Azul,Versión Pro H- Azul — Herramientas Auto. Producto de alta calidad para belleza.,156.42,391,fotografía|cocina|música|oficina,true,2021-11-29
PRD02906,Pack Básico E- Lite,Pack Básico E- Lite — Herramientas Auto. Producto de alta calidad para música.,1004.42,249,herramientas auto|oficina|belleza|moda|electrónica,true,2021-11-10
PRD02907,Pack Básico E- Plus,Pack Básico E- Plus — Herramientas Auto. Producto de alta calidad para fitness.,487.85,455,hogar|herramientas auto|arte|electrónica|belleza,false,2019-12-15
PRD02908,Artículo Especial B- Lite,Artículo Especial B- Lite — Herramientas Auto. Producto de alta calidad para deportes.,948.32,120,deportes|mascotas|viajes,false,2024-04-24
PRD02909,Kit Profesional D- Negro,Kit Profesional D- Negro — Herramientas Auto. Producto de alta calidad para hogar.,997.52,217,tecnología|viajes|deportes|hogar,true,2023-08-29
PRD02910,Modelo Estándar G XL,Modelo Estándar G XL — GPS. Producto de alta calidad para electrónica.,350.85,291,mascotas|cine|música|deportes|automóviles,true,2022-07-02
PRD02911,Set Completo C- Rojo,Set Completo C- Rojo — GPS. Producto de alta calidad para hogar.,2467.32,200,cine|belleza|jardín|electrónica|moda,false,2024-02-11
PRD02912,Artículo Especial B Mini,Artículo Especial B Mini — GPS. Producto de alta calidad para electrónica.,1526.16,274,automóviles|juguetes|arte|electrónica,true,2022-09-29
PRD02913,Set Completo C- Azul,Set Completo C- Azul — GPS. Producto de alta calidad para oficina.,2452.81,96,libros|oficina|automóviles|moda,true,2019-04-17
PRD02914,Artículo Especial B- Azul,Artículo Especial B- Azul — GPS. Producto de alta calidad para hogar.,2489.09,493,gaming|cocina|fitness|oficina|libros,true,2024-05-13
PRD02915,Edición Limitada F- Pro,Edición Limitada F- Pro — GPS. Producto de alta calidad para deportes.,287.62,227,música|deportes|belleza,true,2022-09-26
PRD02916,Producto Premium A- Plus,Producto Premium A- Plus — GPS. Producto de alta calidad para oficina.,1183.02,101,jardín|electrónica,true,2023-10-17
PRD02917,Kit Profesional D- Negro,Kit Profesional D- Negro — GPS. Producto de alta calidad para música.,486.94,178,fotografía|fitness|gaming|belleza|viajes,true,2022-04-27
PRD02918,Producto Premium A- Azul,Producto Premium A- Azul — GPS. Producto de alta calidad para fitness.,87.5,485,gaming|gps|música|deportes,true,2020-10-19
PRD02919,Modelo Estándar G- Plus,Modelo Estándar G- Plus — GPS. Producto de alta calidad para mascotas.,2123.44,21,oficina|deportes|fotografía|arte,true,2024-01-14
PRD02920,Artículo Especial B- Plus,Artículo Especial B- Plus — GPS. Producto de alta calidad para arte.,1334.48,282,arte|jardín,true,2020-05-30
PRD02921,Set Completo C,Set Completo C — GPS. Producto de alta calidad para cine.,827.73,411,cocina|viajes,true,2023-02-28
PRD02922,Modelo Estándar G- Plus,Modelo Estándar G- Plus — GPS. Producto de alta calidad para fotografía.,592.01,368,jardín|automóviles|gps,true,2022-05-15
PRD02923,Artículo Especial B,Artículo Especial B — GPS. Producto de alta calidad para cine.,1413.52,420,viajes|libros|jardín|electrónica|gps,true,2019-04-22
PRD02924,Pack Básico E- Blanco,Pack Básico E- Blanco — GPS. Producto de alta calidad para cocina.,228.5,228,libros|oficina|gps|deportes,true,2020-12-17
PRD02925,Kit Profesional D Mini,Kit Profesional D Mini — GPS. Producto de alta calidad para juguetes.,2249.66,296,moda|jardín|mascotas|belleza,true,2019-09-02
PRD02926,Versión Pro H- Blanco,Versión Pro H- Blanco — GPS. Producto de alta calidad para automóviles.,2327.97,77,hogar|libros,true,2021-06-01
PRD02927,Producto Premium A- Negro,Producto Premium A- Negro — GPS. Producto de alta calidad para deportes.,1227.73,222,tecnología|arte|oficina|fotografía,true,2023-10-11
PRD02928,Modelo Estándar G 2024,Modelo Estándar G 2024 — GPS. Producto de alta calidad para tecnología.,779.34,442,gaming|moda,true,2019-05-07
PRD02929,Pack Básico E- Lite,Pack Básico E- Lite — GPS. Producto de alta calidad para viajes.,300.67,469,deportes|viajes,true,2022-01-28
PRD02930,Modelo Estándar G,Modelo Estándar G — GPS. Producto de alta calidad para hogar.,260.38,465,mascotas|cocina|viajes|música,true,2020-03-17
PRD02931,Pack Básico E XL,Pack Básico E XL — GPS. Producto de alta calidad para oficina.,1897.65,376,oficina|gps|libros|deportes,true,2024-04-25
PRD02932,Modelo Estándar G XL,Modelo Estándar G XL — GPS. Producto de alta calidad para deportes.,591.18,250,oficina|deportes,false,2022-04-14
PRD02933,Edición Limitada F XL,Edición Limitada F XL — GPS. Producto de alta calidad para cine.,760.06,12,tecnología|arte|juguetes,true,2021-04-15
PRD02934,Artículo Especial B- Lite,Artículo Especial B- Lite — GPS. Producto de alta calidad para jardín.,854.12,9,hogar|deportes,false,2021-06-06
PRD02935,Pack Básico E- Azul,Pack Básico E- Azul — GPS. Producto de alta calidad para tecnología.,522.9,435,arte|viajes|cocina|mascotas,false,2019-08-29
PRD02936,Producto Premium A- Negro,Producto Premium A- Negro — GPS. Producto de alta calidad para arte.,900.24,494,viajes|fitness|gps|tecnología,false,2021-01-03
PRD02937,Set Completo C- Rojo,Set Completo C- Rojo — GPS. Producto de alta calidad para jardín.,1241.16,141,fotografía|oficina,true,2021-12-20
PRD02938,Edición Limitada F- Pro,Edición Limitada F- Pro — GPS. Producto de alta calidad para fotografía.,1831.89,16,cine|juguetes,true,2020-10-29
PRD02939,Pack Básico E- Negro,Pack Básico E- Negro — Limpieza Auto. Producto de alta calidad para juguetes.,516.1,50,limpieza auto|juguetes,true,2021-03-26
PRD02940,Kit Profesional D 2024,Kit Profesional D 2024 — Limpieza Auto. Producto de alta calidad para oficina.,1246.55,444,cine|limpieza auto,true,2019-04-19
PRD02941,Set Completo C- Negro,Set Completo C- Negro — Limpieza Auto. Producto de alta calidad para oficina.,656.6,133,automóviles|cine|limpieza auto|moda,true,2021-02-13
PRD02942,Producto Premium A,Producto Premium A — Limpieza Auto. Producto de alta calidad para oficina.,1212.75,366,fitness|belleza|limpieza auto,true,2021-03-29
PRD02943,Kit Profesional D- Plus,Kit Profesional D- Plus — Limpieza Auto. Producto de alta calidad para libros.,1181.37,26,viajes|electrónica,true,2019-12-05
PRD02944,Modelo Estándar G XL,Modelo Estándar G XL — Limpieza Auto. Producto de alta calidad para electrónica.,1145.0,485,automóviles|arte|viajes|moda,true,2024-11-01
PRD02945,Kit Profesional D- Rojo,Kit Profesional D- Rojo — Limpieza Auto. Producto de alta calidad para cocina.,1729.95,7,juguetes|arte,true,2020-04-26
PRD02946,Producto Premium A- Negro,Producto Premium A- Negro — Limpieza Auto. Producto de alta calidad para tecnología.,192.04,19,gaming|cine,true,2019-05-18
PRD02947,Edición Limitada F- Rojo,Edición Limitada F- Rojo — Limpieza Auto. Producto de alta calidad para hogar.,1665.28,4,libros|viajes,true,2024-09-04
PRD02948,Edición Limitada F- Blanco,Edición Limitada F- Blanco — Limpieza Auto. Producto de alta calidad para jardín.,369.54,40,fitness|gaming|juguetes|cine,true,2023-01-19
PRD02949,Pack Básico E- Negro,Pack Básico E- Negro — Limpieza Auto. Producto de alta calidad para oficina.,157.81,97,juguetes|belleza|electrónica,true,2019-08-28
PRD02950,Artículo Especial B- Pro,Artículo Especial B- Pro — Limpieza Auto. Producto de alta calidad para hogar.,1243.15,56,juguetes|cocina|hogar,true,2023-11-02
PRD02951,Pack Básico E 2024,Pack Básico E 2024 — Limpieza Auto. Producto de alta calidad para libros.,1499.28,476,música|cocina|moda,false,2022-11-05
PRD02952,Artículo Especial B- Blanco,Artículo Especial B- Blanco — Limpieza Auto. Producto de alta calidad para automóviles.,2490.61,45,cine|jardín,true,2022-05-07
PRD02953,Producto Premium A- Negro,Producto Premium A- Negro — Limpieza Auto. Producto de alta calidad para hogar.,552.03,214,música|viajes,false,2019-04-04
PRD02954,Modelo Estándar G- Pro,Modelo Estándar G- Pro — Limpieza Auto. Producto de alta calidad para cine.,470.97,258,limpieza auto|cine|electrónica|gaming,true,2021-02-26
PRD02955,Artículo Especial B- Rojo,Artículo Especial B- Rojo — Limpieza Auto. Producto de alta calidad para automóviles.,2227.87,11,fotografía|limpieza auto|cine,false,2020-12-18
PRD02956,Pack Básico E Mini,Pack Básico E Mini — Limpieza Auto. Producto de alta calidad para fitness.,1283.53,373,fitness|viajes,true,2019-02-25
PRD02957,Producto Premium A XL,Producto Premium A XL — Limpieza Auto. Producto de alta calidad para libros.,1360.78,169,música|automóviles|deportes|jardín,false,2023-06-16
PRD02958,Versión Pro H- Blanco,Versión Pro H- Blanco — Limpieza Auto. Producto de alta calidad para fotografía.,1228.7,488,tecnología|automóviles,true,2024-03-27
PRD02959,Producto Premium A- Pro,Producto Premium A- Pro — Limpieza Auto. Producto de alta calidad para deportes.,2263.41,191,arte|electrónica,true,2024-09-15
PRD02960,Edición Limitada F- Negro,Edición Limitada F- Negro — Limpieza Auto. Producto de alta calidad para gaming.,1558.65,320,juguetes|arte|oficina|música,true,2021-11-14
PRD02961,Set Completo C- Blanco,Set Completo C- Blanco — Limpieza Auto. Producto de alta calidad para libros.,324.9,135,mascotas|viajes,false,2022-06-05
PRD02962,Set Completo C XL,Set Completo C XL — Limpieza Auto. Producto de alta calidad para electrónica.,2228.35,88,música|tecnología,false,2019-11-08
PRD02963,Edición Limitada F- Negro,Edición Limitada F- Negro — Limpieza Auto. Producto de alta calidad para mascotas.,784.36,264,cocina|libros|moda,true,2022-10-06
PRD02964,Kit Profesional D- Negro,Kit Profesional D- Negro — Limpieza Auto. Producto de alta calidad para moda.,571.7,452,arte|cine|libros|limpieza auto,true,2021-06-14
PRD02965,Pack Básico E- Negro,Pack Básico E- Negro — Limpieza Auto. Producto de alta calidad para fotografía.,287.24,217,tecnología|limpieza auto|hogar,true,2019-09-27
PRD02966,Pack Básico E- Blanco,Pack Básico E- Blanco — Limpieza Auto. Producto de alta calidad para automóviles.,1165.11,347,fotografía|gaming,true,2024-05-12
PRD02967,Edición Limitada F- Pro,Edición Limitada F- Pro — Limpieza Auto. Producto de alta calidad para jardín.,63.73,27,libros|mascotas|oficina,true,2020-06-03
PRD02968,Versión Pro H- Lite,Versión Pro H- Lite — Limpieza Auto. Producto de alta calidad para fotografía.,882.08,39,oficina|juguetes|automóviles|electrónica|música,true,2023-11-22
PRD02969,Kit Profesional D- Pro,Kit Profesional D- Pro — Limpieza Auto. Producto de alta calidad para electrónica.,1966.72,85,electrónica|jardín,false,2023-04-07
PRD02970,Modelo Estándar G- Azul,Modelo Estándar G- Azul — Limpieza Auto. Producto de alta calidad para electrónica.,70.59,57,juguetes|jardín|automóviles,true,2019-06-14
PRD02971,Versión Pro H- Pro,Versión Pro H- Pro — Seguridad Auto. Producto de alta calidad para deportes.,324.7,73,arte|música,false,2020-01-25
PRD02972,Producto Premium A- Rojo,Producto Premium A- Rojo — Seguridad Auto. Producto de alta calidad para libros.,1813.82,107,libros|arte|juguetes,true,2021-08-22
PRD02973,Pack Básico E- Azul,Pack Básico E- Azul — Seguridad Auto. Producto de alta calidad para oficina.,1081.29,450,hogar|jardín|deportes,false,2023-07-22
PRD02974,Pack Básico E Mini,Pack Básico E Mini — Seguridad Auto. Producto de alta calidad para oficina.,1221.91,269,jardín|juguetes|mascotas|moda,true,2020-04-03
PRD02975,Artículo Especial B- Negro,Artículo Especial B- Negro — Seguridad Auto. Producto de alta calidad para libros.,1365.16,122,arte|mascotas,true,2024-02-02
PRD02976,Kit Profesional D- Plus,Kit Profesional D- Plus — Seguridad Auto. Producto de alta calidad para cine.,2339.77,5,fitness|arte,true,2024-10-13
PRD02977,Modelo Estándar G- Rojo,Modelo Estándar G- Rojo — Seguridad Auto. Producto de alta calidad para fitness.,1811.14,408,viajes|cine|música,true,2022-05-23
PRD02978,Modelo Estándar G XL,Modelo Estándar G XL — Seguridad Auto. Producto de alta calidad para arte.,1156.91,442,electrónica|deportes|cocina,true,2024-07-28
PRD02979,Producto Premium A- Pro,Producto Premium A- Pro — Seguridad Auto. Producto de alta calidad para cocina.,649.13,25,seguridad auto|deportes|oficina|mascotas|automóviles,true,2022-06-10
PRD02980,Set Completo C- Plus,Set Completo C- Plus — Seguridad Auto. Producto de alta calidad para electrónica.,694.07,311,automóviles|oficina|cocina|música,true,2021-08-04
PRD02981,Modelo Estándar G- Lite,Modelo Estándar G- Lite — Seguridad Auto. Producto de alta calidad para hogar.,1965.61,61,moda|fotografía|oficina|belleza|cine,true,2024-02-22
PRD02982,Modelo Estándar G- Negro,Modelo Estándar G- Negro — Seguridad Auto. Producto de alta calidad para electrónica.,743.14,147,mascotas|electrónica|gaming,false,2023-12-30
PRD02983,Versión Pro H 2024,Versión Pro H 2024 — Seguridad Auto. Producto de alta calidad para hogar.,1730.57,327,arte|libros|electrónica|gaming,true,2021-09-19
PRD02984,Edición Limitada F- Lite,Edición Limitada F- Lite — Seguridad Auto. Producto de alta calidad para fitness.,696.83,338,fitness|fotografía|hogar|viajes|seguridad auto,false,2022-12-12
PRD02985,Versión Pro H Mini,Versión Pro H Mini — Seguridad Auto. Producto de alta calidad para mascotas.,1960.3,457,electrónica|oficina,false,2019-09-07
PRD02986,Producto Premium A- Rojo,Producto Premium A- Rojo — Seguridad Auto. Producto de alta calidad para hogar.,182.73,397,fitness|viajes|tecnología|juguetes,true,2021-03-13
PRD02987,Artículo Especial B- Blanco,Artículo Especial B- Blanco — Seguridad Auto. Producto de alta calidad para cine.,1597.59,229,música|arte|juguetes|seguridad auto|hogar,true,2023-01-03
PRD02988,Pack Básico E,Pack Básico E — Seguridad Auto. Producto de alta calidad para mascotas.,2128.92,240,arte|fitness|música|oficina,true,2020-03-04
PRD02989,Edición Limitada F- Lite,Edición Limitada F- Lite — Seguridad Auto. Producto de alta calidad para viajes.,1899.45,224,libros|cine|fotografía|seguridad auto,true,2022-01-09
PRD02990,Set Completo C 2024,Set Completo C 2024 — Seguridad Auto. Producto de alta calidad para deportes.,322.32,1,libros|tecnología|música,false,2022-02-01
PRD02991,Pack Básico E XL,Pack Básico E XL — Seguridad Auto. Producto de alta calidad para hogar.,395.18,370,moda|electrónica|música|cine|fitness,true,2019-09-10
PRD02992,Versión Pro H- Lite,Versión Pro H- Lite — Seguridad Auto. Producto de alta calidad para electrónica.,1131.28,87,oficina|jardín,true,2021-08-07
PRD02993,Producto Premium A,Producto Premium A — Seguridad Auto. Producto de alta calidad para música.,859.47,30,música|hogar|juguetes,true,2021-03-10
PRD02994,Producto Premium A- Lite,Producto Premium A- Lite — Seguridad Auto. Producto de alta calidad para fitness.,2276.45,468,moda|cine|juguetes|oficina,true,2020-04-09
PRD02995,Pack Básico E Mini,Pack Básico E Mini — Seguridad Auto. Producto de alta calidad para deportes.,1453.03,52,libros|viajes|cine|cocina,true,2021-12-18
PRD02996,Producto Premium A Mini,Producto Premium A Mini — Seguridad Auto. Producto de alta calidad para moda.,941.37,152,moda|belleza|juguetes,true,2023-07-13
PRD02997,Modelo Estándar G- Blanco,Modelo Estándar G- Blanco — Seguridad Auto. Producto de alta calidad para fitness.,303.95,63,música|hogar|arte,false,2024-03-24
PRD02998,Versión Pro H XL,Versión Pro H XL — Seguridad Auto. Producto de alta calidad para arte.,846.62,119,juguetes|jardín|tecnología,true,2023-10-29
PRD02999,Pack Básico E Mini,Pack Básico E Mini — Seguridad Auto. Producto de alta calidad para fotografía.,86.85,111,cocina|música|oficina,true,2019-07-11
PRD03000,Versión Pro H- Plus,Versión Pro H- Plus — Iluminación Auto. Producto de alta calidad para automóviles.,1169.62,290,música|libros|belleza,true,2022-09-23
