fromProductId,toProductId,similarityScore,algorithm,computedAt
PRD00001,PRD00005,0.8391,content-based,2024-11-25
PRD00001,PRD00002,0.6327,content-based,2024-03-07
PRD00001,PRD00019,0.6543,content-based,2025-01-17
PRD00002,PRD00025,0.9142,node-similarity,2023-10-03
PRD00002,PRD00018,0.9755,hybrid,2025-11-14
PRD00003,PRD00005,0.9008,pagerank,2024-09-04
PRD00003,PRD00021,0.9409,content-based,2025-05-09
PRD00003,PRD00017,0.7007,hybrid,2022-06-26
PRD00004,PRD00016,0.658,content-based,2025-04-02
PRD00004,PRD00015,0.6663,pagerank,2024-09-26
PRD00004,PRD00014,0.6241,node-similarity,2023-11-09
PRD00005,PRD00013,0.6333,node-similarity,2023-09-07
PRD00005,PRD00023,0.9539,pagerank,2022-11-09
PRD00005,PRD00026,0.979,node-similarity,2023-04-17
PRD00006,PRD00027,0.7926,collaborative,2024-12-29
PRD00006,PRD00020,0.6545,hybrid,2025-03-28
PRD00006,PRD00014,0.5641,node-similarity,2024-03-08
PRD00007,PRD00029,0.8171,content-based,2025-11-20
PRD00007,PRD00027,0.9812,content-based,2024-05-22
PRD00007,PRD00021,0.7917,hybrid,2024-02-25
PRD00008,PRD00027,0.9027,collaborative,2023-10-25
PRD00008,PRD00004,0.6525,content-based,2023-08-04
PRD00008,PRD00011,0.5748,pagerank,2024-10-29
PRD00009,PRD00007,0.8478,content-based,2025-05-03
PRD00009,PRD00020,0.8672,content-based,2023-10-27
PRD00009,PRD00008,0.5541,hybrid,2025-10-03
PRD00010,PRD00028,0.7074,collaborative,2023-02-27
PRD00010,PRD00027,0.9094,content-based,2023-02-02
PRD00010,PRD00012,0.5635,content-based,2024-09-20
PRD00011,PRD00024,0.9665,hybrid,2025-04-23
PRD00011,PRD00021,0.7386,hybrid,2023-10-25
PRD00012,PRD00024,0.6072,pagerank,2023-06-19
PRD00012,PRD00016,0.6471,collaborative,2025-12-04
PRD00012,PRD00003,0.9338,collaborative,2023-05-22
PRD00013,PRD00022,0.919,hybrid,2023-04-04
PRD00013,PRD00029,0.5975,content-based,2025-05-25
PRD00013,PRD00023,0.9869,hybrid,2024-06-03
PRD00014,PRD00021,0.8171,node-similarity,2024-10-14
PRD00014,PRD00012,0.6391,hybrid,2023-10-09
PRD00015,PRD00005,0.9088,collaborative,2022-03-26
PRD00015,PRD00014,0.7299,content-based,2022-07-03
PRD00015,PRD00006,0.762,collaborative,2023-07-22
PRD00016,PRD00023,0.6821,pagerank,2024-06-08
PRD00016,PRD00028,0.9331,pagerank,2023-07-06
PRD00017,PRD00022,0.8497,pagerank,2024-06-02
PRD00017,PRD00010,0.9027,pagerank,2023-08-13
PRD00017,PRD00026,0.7449,hybrid,2024-02-20
PRD00018,PRD00016,0.7302,pagerank,2025-01-11
PRD00018,PRD00005,0.9127,collaborative,2022-05-04
PRD00018,PRD00025,0.9118,content-based,2023-05-24
PRD00019,PRD00027,0.9593,hybrid,2025-03-08
PRD00019,PRD00023,0.8796,pagerank,2023-02-22
PRD00019,PRD00016,0.7564,collaborative,2023-09-25
PRD00020,PRD00002,0.9765,node-similarity,2025-09-29
PRD00020,PRD00007,0.5767,collaborative,2025-12-20
PRD00020,PRD00024,0.8004,pagerank,2024-07-31
PRD00021,PRD00018,0.6751,hybrid,2025-11-23
PRD00021,PRD00009,0.9162,node-similarity,2022-06-12
PRD00021,PRD00010,0.6494,content-based,2024-10-20
PRD00022,PRD00012,0.684,pagerank,2022-08-28
PRD00022,PRD00025,0.9712,hybrid,2025-07-20
PRD00023,PRD00022,0.9168,pagerank,2022-01-22
PRD00023,PRD00002,0.9344,hybrid,2023-11-27
PRD00023,PRD00009,0.7095,hybrid,2024-11-01
PRD00024,PRD00004,0.8176,pagerank,2022-09-04
PRD00024,PRD00010,0.5769,pagerank,2025-06-02
PRD00025,PRD00029,0.8557,node-similarity,2022-10-03
PRD00025,PRD00015,0.7234,node-similarity,2025-03-22
PRD00025,PRD00016,0.8687,hybrid,2025-08-24
PRD00026,PRD00028,0.7014,content-based,2022-12-19
PRD00026,PRD00023,0.8959,node-similarity,2022-11-12
PRD00026,PRD00022,0.7822,collaborative,2023-04-22
PRD00027,PRD00016,0.9735,content-based,2024-05-03
PRD00027,PRD00003,0.6372,node-similarity,2023-12-09
PRD00028,PRD00027,0.8136,collaborative,2024-02-25
PRD00028,PRD00013,0.927,pagerank,2022-03-28
PRD00028,PRD00009,0.9069,hybrid,2025-05-16
PRD00029,PRD00011,0.9632,hybrid,2025-08-13
PRD00029,PRD00027,0.7862,collaborative,2022-07-27
PRD00029,PRD00018,0.6927,content-based,2023-09-07
PRD00030,PRD00032,0.8108,content-based,2025-07-25
PRD00030,PRD00044,0.9674,collaborative,2024-10-01
PRD00030,PRD00055,0.7327,pagerank,2023-10-15
PRD00031,PRD00056,0.5621,content-based,2022-10-19
PRD00031,PRD00039,0.794,node-similarity,2025-08-24
PRD00031,PRD00041,0.5933,hybrid,2024-06-16
PRD00032,PRD00039,0.949,node-similarity,2022-04-07
PRD00032,PRD00038,0.9666,hybrid,2022-08-25
PRD00032,PRD00033,0.6465,hybrid,2024-12-07
PRD00033,PRD00055,0.6861,hybrid,2024-08-24
PRD00033,PRD00037,0.9247,hybrid,2022-11-03
PRD00033,PRD00047,0.8947,pagerank,2022-01-31
PRD00034,PRD00032,0.7018,node-similarity,2023-07-29
PRD00034,PRD00045,0.7885,pagerank,2024-11-03
PRD00034,PRD00037,0.7388,hybrid,2022-01-08
PRD00035,PRD00050,0.7994,hybrid,2025-07-15
PRD00035,PRD00043,0.9782,collaborative,2024-01-16
PRD00035,PRD00040,0.6614,content-based,2025-12-10
PRD00036,PRD00055,0.6853,collaborative,2022-05-03
PRD00036,PRD00039,0.8379,content-based,2023-11-17
PRD00036,PRD00050,0.7109,pagerank,2022-09-17
PRD00037,PRD00041,0.628,content-based,2024-05-11
PRD00037,PRD00056,0.6319,collaborative,2024-02-08
PRD00037,PRD00042,0.8819,node-similarity,2024-09-15
PRD00038,PRD00047,0.82,content-based,2025-12-08
PRD00038,PRD00052,0.7978,pagerank,2024-07-18
PRD00038,PRD00041,0.7346,content-based,2024-09-06
PRD00039,PRD00035,0.9802,collaborative,2024-02-08
PRD00039,PRD00043,0.7595,node-similarity,2023-05-05
PRD00040,PRD00036,0.9108,hybrid,2022-07-15
PRD00040,PRD00048,0.8995,content-based,2023-09-17
PRD00040,PRD00032,0.671,content-based,2024-05-31
PRD00041,PRD00048,0.6267,content-based,2025-05-15
PRD00042,PRD00040,0.926,content-based,2022-01-21
PRD00042,PRD00048,0.8763,hybrid,2022-01-10
PRD00042,PRD00033,0.83,collaborative,2025-11-23
PRD00043,PRD00045,0.5889,collaborative,2024-12-28
PRD00043,PRD00036,0.9794,content-based,2022-09-10
PRD00043,PRD00052,0.8729,pagerank,2022-08-08
PRD00044,PRD00041,0.6091,pagerank,2024-06-09
PRD00044,PRD00048,0.9592,node-similarity,2022-02-19
PRD00044,PRD00050,0.9711,collaborative,2022-03-03
PRD00045,PRD00035,0.6391,node-similarity,2023-12-02
PRD00045,PRD00037,0.7547,collaborative,2022-12-17
PRD00045,PRD00046,0.851,collaborative,2022-07-11
PRD00046,PRD00035,0.8175,collaborative,2023-01-10
PRD00046,PRD00048,0.6859,content-based,2025-05-26
PRD00046,PRD00056,0.7904,node-similarity,2025-01-04
PRD00047,PRD00040,0.8464,content-based,2024-06-15
PRD00047,PRD00048,0.9144,content-based,2023-04-17
PRD00047,PRD00045,0.939,pagerank,2024-12-05
PRD00048,PRD00031,0.604,pagerank,2022-08-13
PRD00048,PRD00052,0.7933,collaborative,2024-04-19
PRD00048,PRD00053,0.6101,collaborative,2022-07-06
PRD00049,PRD00033,0.7365,hybrid,2023-02-27
PRD00049,PRD00040,0.5676,hybrid,2023-11-06
PRD00049,PRD00051,0.7748,node-similarity,2022-05-14
PRD00050,PRD00054,0.7344,pagerank,2023-11-01
PRD00050,PRD00032,0.5987,collaborative,2025-03-20
PRD00050,PRD00038,0.58,pagerank,2024-03-08
PRD00051,PRD00054,0.9044,hybrid,2022-01-02
PRD00051,PRD00045,0.6598,pagerank,2023-09-07
PRD00051,PRD00033,0.5751,pagerank,2022-12-24
PRD00052,PRD00039,0.6253,pagerank,2024-11-23
PRD00052,PRD00044,0.6022,content-based,2022-05-19
PRD00052,PRD00030,0.8908,hybrid,2025-03-27
PRD00053,PRD00038,0.9263,node-similarity,2024-06-09
PRD00053,PRD00054,0.7022,pagerank,2024-08-16
PRD00054,PRD00055,0.9311,content-based,2022-11-29
PRD00054,PRD00031,0.7147,node-similarity,2023-03-03
PRD00054,PRD00038,0.7183,node-similarity,2023-04-14
PRD00055,PRD00039,0.6394,content-based,2022-05-25
PRD00056,PRD00045,0.6374,collaborative,2023-11-04
PRD00056,PRD00052,0.9363,node-similarity,2024-09-07
PRD00056,PRD00047,0.9729,node-similarity,2022-09-29
PRD00057,PRD00060,0.7798,content-based,2024-02-09
PRD00057,PRD00065,0.6383,node-similarity,2024-05-10
PRD00057,PRD00064,0.6952,pagerank,2023-03-20
PRD00058,PRD00064,0.5833,hybrid,2024-05-11
PRD00058,PRD00062,0.6366,hybrid,2024-10-11
PRD00058,PRD00069,0.9866,node-similarity,2025-12-11
PRD00059,PRD00080,0.885,node-similarity,2024-03-01
PRD00059,PRD00074,0.5893,hybrid,2022-03-09
PRD00059,PRD00072,0.9864,content-based,2025-12-09
PRD00060,PRD00058,0.7437,node-similarity,2022-11-07
PRD00060,PRD00075,0.8238,content-based,2025-08-26
PRD00060,PRD00068,0.6791,hybrid,2024-12-18
PRD00061,PRD00075,0.7637,hybrid,2022-06-18
PRD00061,PRD00080,0.8915,node-similarity,2023-10-07
PRD00061,PRD00065,0.7446,pagerank,2024-08-25
PRD00062,PRD00072,0.6802,pagerank,2022-11-06
PRD00062,PRD00078,0.7855,node-similarity,2023-11-21
PRD00062,PRD00066,0.7913,collaborative,2023-06-17
PRD00063,PRD00073,0.6014,content-based,2023-09-27
PRD00063,PRD00067,0.8517,content-based,2023-07-01
PRD00063,PRD00072,0.946,hybrid,2023-12-09
PRD00064,PRD00062,0.7023,hybrid,2024-09-17
PRD00064,PRD00059,0.8415,collaborative,2023-05-05
PRD00064,PRD00076,0.5837,collaborative,2024-04-19
PRD00065,PRD00074,0.5556,hybrid,2024-11-13
PRD00065,PRD00062,0.6804,hybrid,2022-09-22
PRD00066,PRD00059,0.8855,content-based,2025-09-16
PRD00066,PRD00069,0.6872,hybrid,2023-04-01
PRD00066,PRD00080,0.6625,content-based,2023-09-21
PRD00067,PRD00076,0.861,pagerank,2023-02-22
PRD00067,PRD00077,0.5563,hybrid,2023-10-28
PRD00067,PRD00078,0.7198,collaborative,2022-02-21
PRD00068,PRD00063,0.7517,content-based,2025-05-15
PRD00068,PRD00073,0.8923,hybrid,2024-04-26
PRD00068,PRD00077,0.7258,collaborative,2025-07-04
PRD00069,PRD00082,0.8086,hybrid,2022-11-10
PRD00069,PRD00067,0.8912,hybrid,2023-12-18
PRD00069,PRD00083,0.7419,content-based,2024-11-06
PRD00070,PRD00064,0.5517,hybrid,2025-03-26
PRD00070,PRD00073,0.6895,content-based,2022-11-04
PRD00070,PRD00074,0.9,hybrid,2025-12-10
PRD00071,PRD00065,0.8972,collaborative,2024-03-10
PRD00071,PRD00076,0.6557,hybrid,2024-04-06
PRD00071,PRD00073,0.9762,content-based,2025-05-23
PRD00072,PRD00076,0.8276,node-similarity,2022-09-21
PRD00072,PRD00074,0.8942,node-similarity,2022-01-16
PRD00072,PRD00081,0.9625,collaborative,2024-01-26
PRD00073,PRD00074,0.5902,pagerank,2023-03-07
PRD00073,PRD00062,0.5821,hybrid,2023-02-28
PRD00073,PRD00076,0.7264,collaborative,2023-04-27
PRD00074,PRD00068,0.8574,pagerank,2025-08-20
PRD00074,PRD00057,0.8158,node-similarity,2023-12-11
PRD00074,PRD00066,0.6052,pagerank,2024-05-01
PRD00075,PRD00067,0.8735,pagerank,2023-03-15
PRD00075,PRD00068,0.7621,hybrid,2024-07-18
PRD00075,PRD00073,0.7368,collaborative,2025-10-22
PRD00076,PRD00074,0.5636,hybrid,2024-03-19
PRD00076,PRD00081,0.8725,pagerank,2025-07-24
PRD00077,PRD00063,0.5888,node-similarity,2022-06-14
PRD00077,PRD00064,0.6158,content-based,2025-01-07
PRD00078,PRD00068,0.8362,collaborative,2025-02-21
PRD00078,PRD00083,0.5951,collaborative,2023-05-22
PRD00078,PRD00064,0.5895,hybrid,2023-03-10
PRD00079,PRD00076,0.5953,node-similarity,2025-04-23
PRD00079,PRD00069,0.8213,node-similarity,2022-01-08
PRD00079,PRD00067,0.9104,hybrid,2022-05-21
PRD00080,PRD00057,0.6035,hybrid,2022-06-30
PRD00081,PRD00070,0.5616,hybrid,2024-01-26
PRD00081,PRD00071,0.9536,collaborative,2024-08-15
PRD00082,PRD00076,0.8903,node-similarity,2024-09-22
PRD00082,PRD00080,0.9775,pagerank,2025-07-03
PRD00082,PRD00057,0.9466,content-based,2023-05-23
PRD00083,PRD00059,0.8288,content-based,2025-05-29
PRD00083,PRD00058,0.8473,pagerank,2023-05-18
PRD00083,PRD00084,0.8804,collaborative,2022-03-05
PRD00084,PRD00065,0.6498,hybrid,2022-06-02
PRD00084,PRD00082,0.7191,pagerank,2024-09-25
PRD00084,PRD00077,0.6957,hybrid,2023-03-10
PRD00085,PRD00116,0.8309,content-based,2022-10-26
PRD00085,PRD00099,0.6479,pagerank,2022-07-25
PRD00085,PRD00093,0.9633,hybrid,2024-05-30
PRD00086,PRD00099,0.8689,pagerank,2022-03-09
PRD00086,PRD00091,0.7094,node-similarity,2022-10-09
PRD00086,PRD00098,0.6391,pagerank,2024-03-08
PRD00087,PRD00106,0.6419,hybrid,2022-02-12
PRD00087,PRD00092,0.811,node-similarity,2025-05-03
PRD00087,PRD00091,0.7321,hybrid,2022-11-04
PRD00088,PRD00116,0.7871,hybrid,2023-02-17
PRD00088,PRD00102,0.6012,node-similarity,2024-06-28
PRD00088,PRD00085,0.9664,hybrid,2025-04-25
PRD00089,PRD00108,0.6537,collaborative,2024-03-20
PRD00089,PRD00093,0.776,node-similarity,2023-04-30
PRD00089,PRD00116,0.6968,hybrid,2025-12-29
PRD00090,PRD00107,0.8142,content-based,2022-06-18
PRD00090,PRD00101,0.5695,content-based,2025-02-20
PRD00090,PRD00109,0.9493,hybrid,2022-10-03
PRD00091,PRD00085,0.6459,collaborative,2024-09-01
PRD00091,PRD00092,0.6422,hybrid,2024-10-20
PRD00091,PRD00102,0.934,node-similarity,2022-10-06
PRD00092,PRD00085,0.7663,collaborative,2025-07-04
PRD00092,PRD00113,0.7976,node-similarity,2025-10-07
PRD00092,PRD00089,0.6531,node-similarity,2024-07-27
PRD00093,PRD00109,0.7121,pagerank,2024-09-29
PRD00093,PRD00102,0.931,content-based,2024-01-04
PRD00093,PRD00100,0.5954,hybrid,2024-02-29
PRD00094,PRD00112,0.942,hybrid,2024-04-04
PRD00094,PRD00100,0.7407,node-similarity,2025-05-22
PRD00094,PRD00111,0.7318,collaborative,2024-09-06
PRD00095,PRD00113,0.9405,pagerank,2023-02-20
PRD00095,PRD00111,0.976,node-similarity,2023-05-03
PRD00095,PRD00109,0.7212,hybrid,2024-05-28
PRD00096,PRD00087,0.9337,content-based,2022-06-27
PRD00096,PRD00108,0.9544,pagerank,2023-09-26
PRD00096,PRD00088,0.779,node-similarity,2025-08-05
PRD00097,PRD00114,0.9514,node-similarity,2024-01-17
PRD00097,PRD00101,0.8218,collaborative,2023-10-14
PRD00097,PRD00112,0.5925,content-based,2022-01-01
PRD00098,PRD00092,0.6217,hybrid,2022-05-12
PRD00098,PRD00095,0.5853,hybrid,2025-09-17
PRD00098,PRD00109,0.688,hybrid,2022-01-14
PRD00099,PRD00092,0.7724,node-similarity,2022-11-17
PRD00099,PRD00091,0.6819,node-similarity,2023-11-16
PRD00099,PRD00104,0.723,collaborative,2022-01-28
PRD00100,PRD00087,0.602,hybrid,2025-01-30
PRD00100,PRD00115,0.7667,hybrid,2024-06-20
PRD00101,PRD00085,0.9027,collaborative,2022-09-04
PRD00101,PRD00106,0.6457,node-similarity,2025-04-02
PRD00101,PRD00109,0.7818,collaborative,2025-01-06
PRD00102,PRD00109,0.8822,content-based,2022-10-25
PRD00102,PRD00089,0.6427,content-based,2025-11-28
PRD00102,PRD00099,0.6017,content-based,2023-10-23
PRD00103,PRD00099,0.9882,hybrid,2024-05-08
PRD00103,PRD00091,0.8935,pagerank,2025-06-04
PRD00103,PRD00111,0.6902,hybrid,2023-03-05
PRD00104,PRD00085,0.5701,collaborative,2023-07-29
PRD00104,PRD00094,0.604,hybrid,2024-04-07
PRD00104,PRD00101,0.8555,pagerank,2022-05-07
PRD00105,PRD00088,0.9536,collaborative,2024-02-11
PRD00105,PRD00085,0.8945,node-similarity,2023-05-09
PRD00105,PRD00103,0.9862,hybrid,2022-08-03
PRD00106,PRD00102,0.7653,pagerank,2024-01-13
PRD00106,PRD00095,0.9602,hybrid,2023-01-27
PRD00106,PRD00090,0.8136,hybrid,2025-02-21
PRD00107,PRD00101,0.7383,content-based,2024-10-02
PRD00107,PRD00105,0.825,pagerank,2022-05-06
PRD00107,PRD00093,0.9532,collaborative,2022-12-15
PRD00108,PRD00086,0.8708,hybrid,2023-02-07
PRD00108,PRD00104,0.8002,node-similarity,2024-06-23
PRD00109,PRD00094,0.709,pagerank,2023-01-17
PRD00109,PRD00089,0.7834,content-based,2024-07-18
PRD00110,PRD00102,0.6861,pagerank,2024-07-07
PRD00110,PRD00099,0.9401,hybrid,2024-03-04
PRD00110,PRD00105,0.741,node-similarity,2022-07-30
PRD00111,PRD00098,0.5863,pagerank,2022-01-15
PRD00111,PRD00113,0.6868,hybrid,2023-09-08
PRD00112,PRD00091,0.8453,collaborative,2022-07-01
PRD00112,PRD00111,0.8616,hybrid,2024-12-11
PRD00112,PRD00110,0.761,collaborative,2024-05-01
PRD00113,PRD00089,0.9452,collaborative,2023-07-14
PRD00113,PRD00100,0.6193,hybrid,2025-01-19
PRD00114,PRD00093,0.6151,hybrid,2025-04-15
PRD00114,PRD00113,0.7606,pagerank,2025-08-13
PRD00114,PRD00096,0.6093,pagerank,2023-02-18
PRD00115,PRD00106,0.9813,collaborative,2025-06-28
PRD00115,PRD00089,0.8015,collaborative,2022-06-28
PRD00115,PRD00110,0.8588,content-based,2023-10-30
PRD00116,PRD00111,0.5865,pagerank,2022-10-10
PRD00116,PRD00093,0.7559,content-based,2022-08-17
PRD00116,PRD00112,0.596,node-similarity,2025-01-23
PRD00117,PRD00118,0.9536,collaborative,2025-02-02
PRD00117,PRD00125,0.698,hybrid,2022-12-10
PRD00117,PRD00126,0.8023,node-similarity,2024-01-07
PRD00118,PRD00127,0.8462,collaborative,2025-07-12
PRD00118,PRD00128,0.7556,hybrid,2025-01-13
PRD00118,PRD00129,0.955,content-based,2024-06-22
PRD00119,PRD00130,0.7962,hybrid,2025-08-08
PRD00119,PRD00124,0.9254,collaborative,2022-03-22
PRD00119,PRD00117,0.9893,pagerank,2025-05-07
PRD00120,PRD00134,0.9354,collaborative,2023-07-16
PRD00120,PRD00117,0.6983,hybrid,2025-04-18
PRD00120,PRD00126,0.6839,hybrid,2022-03-17
PRD00121,PRD00119,0.7142,node-similarity,2023-05-27
PRD00121,PRD00132,0.7838,node-similarity,2025-07-17
PRD00121,PRD00122,0.6961,pagerank,2022-07-31
PRD00122,PRD00140,0.6459,pagerank,2024-05-20
PRD00122,PRD00123,0.6338,pagerank,2025-10-15
PRD00122,PRD00118,0.5649,pagerank,2025-05-28
PRD00123,PRD00131,0.743,pagerank,2025-09-02
PRD00123,PRD00124,0.756,content-based,2025-04-15
PRD00123,PRD00126,0.7057,pagerank,2024-06-12
PRD00124,PRD00135,0.9786,pagerank,2024-02-11
PRD00124,PRD00139,0.82,node-similarity,2022-08-07
PRD00124,PRD00117,0.916,node-similarity,2022-02-20
PRD00125,PRD00135,0.5979,hybrid,2023-03-16
PRD00125,PRD00127,0.7461,hybrid,2022-01-20
PRD00125,PRD00128,0.5656,pagerank,2024-03-26
PRD00126,PRD00139,0.7967,content-based,2023-08-07
PRD00126,PRD00138,0.601,pagerank,2025-10-24
PRD00126,PRD00129,0.8396,hybrid,2025-10-06
PRD00127,PRD00139,0.6009,collaborative,2025-02-28
PRD00127,PRD00136,0.7946,pagerank,2024-04-27
PRD00127,PRD00141,0.8152,hybrid,2022-06-25
PRD00128,PRD00134,0.6903,hybrid,2022-08-16
PRD00128,PRD00138,0.7026,hybrid,2024-03-24
PRD00128,PRD00122,0.777,node-similarity,2025-12-23
PRD00129,PRD00120,0.9179,content-based,2025-01-04
PRD00129,PRD00122,0.8918,hybrid,2023-10-02
PRD00130,PRD00134,0.8826,node-similarity,2024-05-18
PRD00130,PRD00128,0.7915,content-based,2023-03-20
PRD00130,PRD00135,0.5764,pagerank,2025-07-08
PRD00131,PRD00122,0.6051,content-based,2022-11-17
PRD00131,PRD00119,0.6291,content-based,2025-10-10
PRD00131,PRD00135,0.827,pagerank,2022-05-20
PRD00132,PRD00126,0.7442,pagerank,2023-08-18
PRD00132,PRD00135,0.8903,node-similarity,2022-05-23
PRD00133,PRD00129,0.8072,content-based,2025-09-27
PRD00133,PRD00123,0.7532,content-based,2025-03-21
PRD00133,PRD00118,0.8037,hybrid,2024-01-31
PRD00134,PRD00141,0.6683,collaborative,2022-09-30
PRD00134,PRD00133,0.8404,collaborative,2022-07-15
PRD00135,PRD00139,0.7321,node-similarity,2025-08-19
PRD00135,PRD00120,0.77,pagerank,2025-12-10
PRD00136,PRD00125,0.9279,node-similarity,2022-05-29
PRD00136,PRD00124,0.7756,hybrid,2025-06-30
PRD00136,PRD00132,0.6757,hybrid,2024-06-10
PRD00137,PRD00134,0.9453,node-similarity,2024-12-16
PRD00137,PRD00135,0.7824,node-similarity,2023-08-13
PRD00137,PRD00140,0.7488,node-similarity,2025-08-08
PRD00138,PRD00136,0.6672,content-based,2025-05-11
PRD00138,PRD00127,0.6175,node-similarity,2025-08-05
PRD00138,PRD00141,0.7371,hybrid,2023-02-01
PRD00139,PRD00121,0.6956,node-similarity,2022-12-14
PRD00139,PRD00140,0.9361,pagerank,2024-10-31
PRD00140,PRD00125,0.6938,content-based,2023-12-29
PRD00140,PRD00133,0.8712,collaborative,2023-11-07
PRD00140,PRD00117,0.5745,collaborative,2022-08-21
PRD00141,PRD00139,0.9422,pagerank,2025-07-18
PRD00141,PRD00123,0.8114,node-similarity,2023-01-06
PRD00141,PRD00122,0.7074,content-based,2023-12-25
PRD00142,PRD00145,0.7831,content-based,2023-12-25
PRD00142,PRD00158,0.7683,hybrid,2023-01-11
PRD00142,PRD00148,0.9562,hybrid,2024-12-30
PRD00143,PRD00157,0.9033,collaborative,2024-05-27
PRD00143,PRD00146,0.8683,collaborative,2024-10-07
PRD00143,PRD00154,0.5834,node-similarity,2023-03-27
PRD00144,PRD00161,0.6877,content-based,2025-01-10
PRD00144,PRD00158,0.8897,hybrid,2024-04-08
PRD00144,PRD00143,0.6379,pagerank,2022-11-10
PRD00145,PRD00156,0.6053,node-similarity,2024-11-01
PRD00145,PRD00153,0.9442,collaborative,2023-05-10
PRD00145,PRD00161,0.7421,node-similarity,2022-04-07
PRD00146,PRD00152,0.6794,node-similarity,2025-12-18
PRD00146,PRD00163,0.7606,node-similarity,2025-05-09
PRD00146,PRD00159,0.7077,content-based,2022-10-20
PRD00147,PRD00165,0.5894,node-similarity,2022-03-27
PRD00147,PRD00154,0.8304,pagerank,2025-04-07
PRD00147,PRD00155,0.7458,hybrid,2024-06-10
PRD00148,PRD00164,0.7803,collaborative,2023-09-17
PRD00148,PRD00159,0.905,hybrid,2024-06-20
PRD00148,PRD00161,0.6317,node-similarity,2022-03-15
PRD00149,PRD00160,0.9427,content-based,2022-04-01
PRD00149,PRD00164,0.5965,pagerank,2022-04-29
PRD00149,PRD00146,0.6212,node-similarity,2024-09-07
PRD00150,PRD00157,0.6926,collaborative,2022-05-05
PRD00150,PRD00160,0.9069,pagerank,2023-11-14
PRD00150,PRD00163,0.7462,collaborative,2023-08-09
PRD00151,PRD00159,0.7883,pagerank,2025-06-28
PRD00151,PRD00147,0.8054,content-based,2025-11-26
PRD00151,PRD00146,0.6002,pagerank,2024-08-02
PRD00152,PRD00161,0.6784,content-based,2025-03-11
PRD00152,PRD00145,0.7007,collaborative,2025-11-02
PRD00152,PRD00162,0.7754,pagerank,2023-12-15
PRD00153,PRD00148,0.6047,node-similarity,2024-10-23
PRD00153,PRD00156,0.7531,hybrid,2024-04-29
PRD00153,PRD00147,0.5904,collaborative,2025-09-01
PRD00154,PRD00157,0.9396,pagerank,2023-01-22
PRD00154,PRD00161,0.95,pagerank,2024-03-04
PRD00154,PRD00145,0.9074,content-based,2025-04-27
PRD00155,PRD00166,0.8068,hybrid,2025-05-20
PRD00155,PRD00152,0.8257,node-similarity,2025-06-04
PRD00155,PRD00165,0.671,hybrid,2022-08-11
PRD00156,PRD00163,0.6863,content-based,2023-09-07
PRD00156,PRD00154,0.848,pagerank,2025-07-31
PRD00156,PRD00160,0.9014,pagerank,2022-11-27
PRD00157,PRD00160,0.5909,collaborative,2025-02-17
PRD00157,PRD00163,0.8406,pagerank,2022-11-16
PRD00157,PRD00158,0.9689,pagerank,2025-10-23
PRD00158,PRD00154,0.7857,pagerank,2023-08-05
PRD00158,PRD00155,0.9271,content-based,2022-03-08
PRD00159,PRD00142,0.919,content-based,2023-03-22
PRD00159,PRD00153,0.9722,pagerank,2024-06-20
PRD00159,PRD00150,0.9888,hybrid,2023-05-26
PRD00160,PRD00162,0.5979,content-based,2024-04-15
PRD00161,PRD00166,0.9235,node-similarity,2022-03-31
PRD00161,PRD00163,0.9425,pagerank,2024-07-20
PRD00161,PRD00147,0.6391,hybrid,2023-01-13
PRD00162,PRD00147,0.892,node-similarity,2025-09-23
PRD00162,PRD00144,0.907,hybrid,2022-10-04
PRD00162,PRD00155,0.9004,pagerank,2025-03-07
PRD00163,PRD00152,0.9038,hybrid,2024-05-12
PRD00163,PRD00154,0.7256,collaborative,2023-06-06
PRD00163,PRD00149,0.9824,content-based,2022-09-27
PRD00164,PRD00165,0.9605,content-based,2023-06-07
PRD00164,PRD00157,0.851,hybrid,2024-07-20
PRD00165,PRD00150,0.553,pagerank,2022-08-10
PRD00165,PRD00160,0.68,node-similarity,2022-07-22
PRD00165,PRD00146,0.7099,node-similarity,2022-03-17
PRD00166,PRD00149,0.9757,hybrid,2023-06-11
PRD00166,PRD00165,0.8341,content-based,2022-06-23
PRD00167,PRD00183,0.5641,hybrid,2025-07-06
PRD00167,PRD00176,0.7339,content-based,2023-07-14
PRD00167,PRD00190,0.8307,content-based,2025-06-06
PRD00168,PRD00173,0.7678,pagerank,2025-07-30
PRD00168,PRD00189,0.8399,node-similarity,2023-01-20
PRD00168,PRD00186,0.8076,content-based,2024-08-08
PRD00169,PRD00172,0.8064,content-based,2023-04-07
PRD00169,PRD00188,0.9817,collaborative,2023-10-17
PRD00169,PRD00186,0.7368,content-based,2025-09-13
PRD00170,PRD00192,0.7967,node-similarity,2024-06-14
PRD00170,PRD00187,0.9523,hybrid,2022-03-24
PRD00170,PRD00182,0.9386,node-similarity,2022-08-01
PRD00171,PRD00185,0.7244,content-based,2024-12-19
PRD00171,PRD00172,0.6056,hybrid,2023-11-01
PRD00171,PRD00178,0.7068,content-based,2022-08-05
PRD00172,PRD00190,0.8093,node-similarity,2022-05-03
PRD00172,PRD00195,0.9792,pagerank,2024-08-06
PRD00172,PRD00180,0.656,collaborative,2025-06-01
PRD00173,PRD00182,0.674,pagerank,2025-06-16
PRD00173,PRD00197,0.7671,pagerank,2025-09-17
PRD00173,PRD00179,0.7668,node-similarity,2023-05-08
PRD00174,PRD00185,0.5747,content-based,2022-04-02
PRD00174,PRD00193,0.8756,collaborative,2025-02-07
PRD00174,PRD00172,0.8827,hybrid,2023-05-02
PRD00175,PRD00196,0.7028,node-similarity,2025-03-13
PRD00175,PRD00197,0.9032,pagerank,2025-10-03
PRD00175,PRD00176,0.8219,pagerank,2025-01-05
PRD00176,PRD00190,0.5531,content-based,2023-12-02
PRD00176,PRD00173,0.7152,collaborative,2025-08-08
PRD00176,PRD00181,0.9423,pagerank,2025-10-08
PRD00177,PRD00194,0.8948,collaborative,2023-06-29
PRD00177,PRD00172,0.9325,pagerank,2024-02-25
PRD00177,PRD00167,0.6423,node-similarity,2025-04-06
PRD00178,PRD00170,0.7152,hybrid,2022-01-31
PRD00178,PRD00192,0.6979,hybrid,2022-07-23
PRD00178,PRD00189,0.7284,collaborative,2024-03-25
PRD00179,PRD00196,0.5885,content-based,2023-02-04
PRD00179,PRD00184,0.7597,node-similarity,2025-01-01
PRD00179,PRD00176,0.5662,hybrid,2022-05-05
PRD00180,PRD00196,0.6748,pagerank,2025-09-13
PRD00180,PRD00198,0.9381,node-similarity,2022-12-29
PRD00180,PRD00168,0.624,content-based,2024-07-06
PRD00181,PRD00177,0.7489,node-similarity,2022-03-18
PRD00181,PRD00171,0.6028,node-similarity,2024-08-09
PRD00181,PRD00173,0.9767,node-similarity,2024-03-22
PRD00182,PRD00196,0.8595,pagerank,2022-11-07
PRD00182,PRD00177,0.583,collaborative,2024-01-28
PRD00182,PRD00184,0.8307,pagerank,2023-02-02
PRD00183,PRD00181,0.8062,collaborative,2025-05-21
PRD00183,PRD00194,0.5664,node-similarity,2024-05-11
PRD00183,PRD00198,0.6046,node-similarity,2022-03-21
PRD00184,PRD00183,0.894,node-similarity,2023-03-30
PRD00184,PRD00188,0.7454,hybrid,2024-05-13
PRD00184,PRD00196,0.6985,content-based,2024-11-20
PRD00185,PRD00181,0.7316,pagerank,2023-09-05
PRD00185,PRD00197,0.9876,node-similarity,2022-06-11
PRD00186,PRD00181,0.7292,hybrid,2023-11-14
PRD00186,PRD00198,0.6452,node-similarity,2023-03-18
PRD00187,PRD00197,0.7527,node-similarity,2023-03-24
PRD00187,PRD00176,0.7947,collaborative,2023-10-07
PRD00187,PRD00190,0.8461,pagerank,2023-09-01
PRD00188,PRD00167,0.9061,node-similarity,2024-10-02
PRD00188,PRD00168,0.879,pagerank,2024-07-21
PRD00188,PRD00194,0.8645,node-similarity,2025-07-02
PRD00189,PRD00169,0.8237,node-similarity,2024-08-16
PRD00189,PRD00191,0.8849,collaborative,2024-03-08
PRD00190,PRD00191,0.924,content-based,2023-07-30
PRD00190,PRD00177,0.7077,content-based,2024-12-06
PRD00191,PRD00175,0.7003,node-similarity,2024-05-17
PRD00191,PRD00172,0.7072,pagerank,2022-02-02
PRD00192,PRD00181,0.8675,content-based,2022-12-07
PRD00192,PRD00196,0.7896,pagerank,2025-12-19
PRD00192,PRD00184,0.7109,pagerank,2025-05-06
PRD00193,PRD00172,0.9109,pagerank,2024-06-07
PRD00193,PRD00192,0.9729,collaborative,2023-07-23
PRD00193,PRD00170,0.6972,collaborative,2025-06-14
PRD00194,PRD00190,0.668,pagerank,2024-05-15
PRD00194,PRD00180,0.6444,pagerank,2025-12-27
PRD00195,PRD00187,0.7019,collaborative,2025-02-13
PRD00195,PRD00183,0.7417,content-based,2024-10-30
PRD00195,PRD00179,0.5983,pagerank,2023-04-11
PRD00196,PRD00187,0.6434,pagerank,2022-03-17
PRD00196,PRD00167,0.6547,node-similarity,2025-08-20
PRD00196,PRD00170,0.8846,hybrid,2023-02-21
PRD00197,PRD00194,0.7392,pagerank,2025-05-27
PRD00197,PRD00182,0.9272,node-similarity,2024-06-02
PRD00197,PRD00180,0.748,content-based,2022-12-10
PRD00198,PRD00179,0.5594,hybrid,2024-12-01
PRD00198,PRD00177,0.9836,hybrid,2025-02-15
PRD00199,PRD00213,0.7182,content-based,2023-09-04
PRD00199,PRD00217,0.8744,content-based,2022-05-10
PRD00199,PRD00222,0.6357,hybrid,2022-04-11
PRD00200,PRD00208,0.7034,hybrid,2024-10-05
PRD00200,PRD00211,0.5873,collaborative,2024-12-08
PRD00200,PRD00209,0.9687,content-based,2024-06-11
PRD00201,PRD00217,0.6349,pagerank,2022-09-14
PRD00201,PRD00209,0.6213,node-similarity,2022-09-10
PRD00201,PRD00220,0.5841,hybrid,2025-04-09
PRD00202,PRD00207,0.6259,collaborative,2023-06-13
PRD00202,PRD00210,0.7537,content-based,2023-09-06
PRD00202,PRD00199,0.5854,collaborative,2025-09-09
PRD00203,PRD00217,0.844,content-based,2025-01-01
PRD00203,PRD00204,0.5657,hybrid,2025-05-23
PRD00203,PRD00213,0.8727,collaborative,2025-11-01
PRD00204,PRD00213,0.8497,content-based,2022-08-19
PRD00204,PRD00210,0.6681,node-similarity,2025-09-23
PRD00205,PRD00221,0.9671,collaborative,2025-07-08
PRD00205,PRD00222,0.6641,content-based,2022-11-27
PRD00205,PRD00202,0.7908,pagerank,2023-12-02
PRD00206,PRD00205,0.8648,node-similarity,2024-02-10
PRD00206,PRD00202,0.7806,hybrid,2024-08-05
PRD00206,PRD00216,0.5842,hybrid,2023-09-04
PRD00207,PRD00217,0.8649,content-based,2023-10-10
PRD00207,PRD00201,0.7319,content-based,2025-02-02
PRD00207,PRD00218,0.5505,node-similarity,2022-06-08
PRD00208,PRD00221,0.6645,content-based,2023-11-12
PRD00208,PRD00201,0.6014,content-based,2022-11-13
PRD00208,PRD00224,0.668,content-based,2025-07-13
PRD00209,PRD00208,0.8414,content-based,2024-01-22
PRD00209,PRD00214,0.7264,content-based,2024-05-17
PRD00209,PRD00224,0.8245,node-similarity,2024-10-04
PRD00210,PRD00199,0.6854,hybrid,2024-11-07
PRD00210,PRD00201,0.6216,collaborative,2025-04-28
PRD00210,PRD00216,0.8302,content-based,2025-07-20
PRD00211,PRD00222,0.9541,hybrid,2025-09-19
PRD00211,PRD00199,0.6151,collaborative,2023-02-08
PRD00211,PRD00208,0.7087,pagerank,2024-01-08
PRD00212,PRD00205,0.6995,content-based,2025-10-21
PRD00212,PRD00211,0.9035,content-based,2025-06-17
PRD00212,PRD00214,0.756,node-similarity,2024-11-29
PRD00213,PRD00206,0.9346,pagerank,2022-08-25
PRD00213,PRD00209,0.8727,collaborative,2022-06-12
PRD00213,PRD00211,0.752,content-based,2023-12-01
PRD00214,PRD00201,0.9399,hybrid,2025-11-03
PRD00214,PRD00204,0.5907,hybrid,2025-12-08
PRD00215,PRD00220,0.8477,pagerank,2023-08-15
PRD00215,PRD00200,0.5657,content-based,2022-04-01
PRD00215,PRD00207,0.7712,collaborative,2022-06-24
PRD00216,PRD00221,0.8759,hybrid,2022-09-12
PRD00216,PRD00201,0.8324,node-similarity,2023-08-16
PRD00216,PRD00205,0.8009,node-similarity,2023-01-03
PRD00217,PRD00221,0.8915,hybrid,2025-03-21
PRD00217,PRD00202,0.8478,hybrid,2022-09-29
PRD00217,PRD00213,0.5605,hybrid,2022-05-29
PRD00218,PRD00220,0.9772,node-similarity,2023-08-24
PRD00218,PRD00222,0.5789,content-based,2022-03-22
PRD00218,PRD00202,0.9441,content-based,2025-12-28
PRD00219,PRD00210,0.9445,node-similarity,2024-06-01
PRD00219,PRD00211,0.5901,node-similarity,2025-03-12
PRD00219,PRD00224,0.5873,node-similarity,2023-08-05
PRD00220,PRD00203,0.961,collaborative,2024-01-10
PRD00220,PRD00202,0.9145,pagerank,2023-09-05
PRD00220,PRD00199,0.9456,hybrid,2022-03-27
PRD00221,PRD00224,0.9503,node-similarity,2023-07-20
PRD00221,PRD00204,0.7154,pagerank,2025-06-30
PRD00221,PRD00201,0.7797,collaborative,2022-09-13
PRD00222,PRD00221,0.9859,collaborative,2024-10-22
PRD00222,PRD00209,0.5523,collaborative,2023-02-17
PRD00222,PRD00200,0.7442,hybrid,2023-06-17
PRD00223,PRD00221,0.6322,collaborative,2025-08-08
PRD00223,PRD00204,0.9823,hybrid,2025-11-15
PRD00223,PRD00206,0.634,hybrid,2023-03-15
PRD00224,PRD00199,0.9497,content-based,2025-02-09
PRD00224,PRD00214,0.6722,hybrid,2022-05-14
PRD00224,PRD00205,0.9194,content-based,2022-02-16
PRD00225,PRD00256,0.9154,content-based,2022-07-26
PRD00225,PRD00238,0.9149,hybrid,2024-08-30
PRD00225,PRD00229,0.8105,collaborative,2022-01-13
PRD00226,PRD00239,0.8586,content-based,2023-07-07
PRD00226,PRD00252,0.8803,content-based,2024-03-29
PRD00226,PRD00230,0.7411,hybrid,2025-08-10
PRD00227,PRD00233,0.9597,hybrid,2024-05-16
PRD00227,PRD00238,0.5776,collaborative,2024-07-15
PRD00227,PRD00226,0.8539,content-based,2023-04-27
PRD00228,PRD00231,0.9353,collaborative,2022-07-25
PRD00228,PRD00243,0.8982,pagerank,2023-06-18
PRD00228,PRD00250,0.8001,hybrid,2022-08-23
PRD00229,PRD00255,0.886,collaborative,2024-04-27
PRD00229,PRD00253,0.711,hybrid,2022-01-09
PRD00229,PRD00230,0.7477,pagerank,2022-05-20
PRD00230,PRD00247,0.814,content-based,2023-04-14
PRD00230,PRD00245,0.9228,content-based,2025-03-30
PRD00230,PRD00242,0.6245,content-based,2025-10-25
PRD00231,PRD00230,0.8858,pagerank,2023-12-14
PRD00231,PRD00254,0.6286,collaborative,2024-07-30
PRD00231,PRD00249,0.5708,node-similarity,2022-10-29
PRD00232,PRD00255,0.8915,node-similarity,2025-08-05
PRD00232,PRD00253,0.705,hybrid,2025-05-05
PRD00232,PRD00225,0.5548,pagerank,2023-12-14
PRD00233,PRD00254,0.9394,content-based,2024-01-19
PRD00233,PRD00232,0.5588,hybrid,2023-07-13
PRD00233,PRD00236,0.9485,collaborative,2023-11-13
PRD00234,PRD00243,0.805,content-based,2024-01-19
PRD00234,PRD00245,0.7828,node-similarity,2023-11-04
PRD00234,PRD00233,0.7675,node-similarity,2023-01-02
PRD00235,PRD00252,0.5926,content-based,2025-03-11
PRD00235,PRD00257,0.7056,collaborative,2022-10-27
PRD00235,PRD00233,0.5984,content-based,2025-06-08
PRD00236,PRD00247,0.9091,pagerank,2025-11-04
PRD00236,PRD00228,0.7181,content-based,2022-01-16
PRD00236,PRD00245,0.9512,hybrid,2024-07-06
PRD00237,PRD00249,0.8433,pagerank,2025-08-09
PRD00237,PRD00246,0.6277,content-based,2022-03-28
PRD00237,PRD00229,0.8811,collaborative,2022-08-29
PRD00238,PRD00237,0.7394,node-similarity,2024-06-29
PRD00238,PRD00255,0.7852,node-similarity,2025-06-25
PRD00239,PRD00244,0.6691,pagerank,2024-08-24
PRD00239,PRD00251,0.9104,collaborative,2023-02-18
PRD00239,PRD00252,0.7861,collaborative,2022-05-16
PRD00240,PRD00230,0.9328,collaborative,2025-06-08
PRD00240,PRD00244,0.6268,collaborative,2023-04-11
PRD00240,PRD00232,0.7614,content-based,2024-09-30
PRD00241,PRD00249,0.8876,content-based,2025-04-04
PRD00241,PRD00252,0.5912,node-similarity,2023-05-03
PRD00241,PRD00226,0.6211,pagerank,2024-03-28
PRD00242,PRD00233,0.6736,pagerank,2025-06-07
PRD00242,PRD00236,0.5999,pagerank,2022-08-18
PRD00242,PRD00248,0.8575,collaborative,2025-11-24
PRD00243,PRD00252,0.5844,content-based,2022-01-31
PRD00243,PRD00241,0.9166,pagerank,2025-09-13
PRD00243,PRD00247,0.98,pagerank,2022-01-24
PRD00244,PRD00253,0.6986,content-based,2023-04-29
PRD00244,PRD00252,0.8402,content-based,2022-03-24
PRD00244,PRD00235,0.6592,pagerank,2025-11-18
PRD00245,PRD00249,0.97,content-based,2023-11-03
PRD00245,PRD00238,0.6973,hybrid,2022-02-02
PRD00245,PRD00248,0.8122,pagerank,2025-06-19
PRD00246,PRD00234,0.5542,node-similarity,2022-08-01
PRD00246,PRD00250,0.6184,collaborative,2023-09-11
PRD00246,PRD00242,0.9346,content-based,2023-04-22
PRD00247,PRD00240,0.5689,collaborative,2023-11-02
PRD00247,PRD00229,0.8784,pagerank,2022-09-07
PRD00248,PRD00227,0.9165,collaborative,2022-09-10
PRD00248,PRD00238,0.7723,pagerank,2024-02-21
PRD00248,PRD00225,0.671,content-based,2023-11-05
PRD00249,PRD00227,0.9241,collaborative,2022-09-27
PRD00249,PRD00226,0.5642,node-similarity,2025-01-28
PRD00250,PRD00232,0.743,collaborative,2022-12-29
PRD00250,PRD00226,0.7742,collaborative,2024-01-30
PRD00250,PRD00256,0.9501,hybrid,2025-09-13
PRD00251,PRD00227,0.6103,content-based,2022-10-01
PRD00251,PRD00230,0.8099,hybrid,2024-05-23
PRD00251,PRD00249,0.9002,pagerank,2024-04-09
PRD00252,PRD00255,0.9775,collaborative,2023-12-28
PRD00252,PRD00250,0.9394,collaborative,2023-12-24
PRD00253,PRD00257,0.76,node-similarity,2023-12-11
PRD00253,PRD00233,0.6414,collaborative,2023-01-03
PRD00253,PRD00237,0.5562,node-similarity,2022-02-14
PRD00254,PRD00237,0.658,content-based,2024-12-07
PRD00254,PRD00241,0.8509,node-similarity,2023-01-20
PRD00254,PRD00239,0.5848,pagerank,2025-09-25
PRD00255,PRD00240,0.8888,hybrid,2025-05-11
PRD00255,PRD00253,0.8978,node-similarity,2022-08-31
PRD00256,PRD00228,0.6852,content-based,2022-12-03
PRD00256,PRD00240,0.8518,content-based,2024-11-01
PRD00257,PRD00242,0.7967,collaborative,2022-09-20
PRD00257,PRD00251,0.7429,pagerank,2022-04-07
PRD00257,PRD00225,0.9014,content-based,2022-01-28
PRD00258,PRD00267,0.8879,pagerank,2023-07-29
PRD00258,PRD00282,0.6393,node-similarity,2022-08-22
PRD00258,PRD00275,0.7764,pagerank,2022-02-07
PRD00259,PRD00271,0.6063,hybrid,2023-06-01
PRD00259,PRD00273,0.8472,node-similarity,2022-06-15
PRD00259,PRD00283,0.6833,collaborative,2022-01-01
PRD00260,PRD00259,0.8082,node-similarity,2022-07-30
PRD00260,PRD00262,0.7078,node-similarity,2022-03-16
PRD00260,PRD00264,0.6278,node-similarity,2024-10-23
PRD00261,PRD00258,0.8136,hybrid,2024-01-13
PRD00261,PRD00267,0.7157,node-similarity,2022-08-22
PRD00261,PRD00263,0.7973,content-based,2024-07-04
PRD00262,PRD00271,0.9689,hybrid,2022-02-12
PRD00262,PRD00263,0.6723,node-similarity,2023-05-03
PRD00262,PRD00268,0.6821,hybrid,2024-04-29
PRD00263,PRD00282,0.9707,content-based,2025-10-05
PRD00263,PRD00260,0.9235,node-similarity,2025-03-12
PRD00264,PRD00269,0.7026,content-based,2025-02-03
PRD00264,PRD00271,0.9841,hybrid,2025-03-13
PRD00264,PRD00274,0.6002,node-similarity,2022-08-08
PRD00265,PRD00262,0.7958,collaborative,2024-06-05
PRD00265,PRD00275,0.5552,content-based,2023-09-20
PRD00265,PRD00259,0.7435,hybrid,2024-04-17
PRD00266,PRD00268,0.9444,node-similarity,2025-08-13
PRD00266,PRD00278,0.553,hybrid,2022-04-26
PRD00266,PRD00279,0.707,node-similarity,2024-06-20
PRD00267,PRD00265,0.666,collaborative,2023-01-31
PRD00267,PRD00283,0.853,content-based,2022-06-16
PRD00267,PRD00275,0.7335,collaborative,2024-01-18
PRD00268,PRD00282,0.7657,hybrid,2025-03-28
PRD00268,PRD00281,0.5632,content-based,2022-03-01
PRD00268,PRD00277,0.6139,content-based,2023-03-17
PRD00269,PRD00277,0.5571,node-similarity,2025-05-24
PRD00269,PRD00281,0.8771,content-based,2024-08-22
PRD00269,PRD00260,0.6703,node-similarity,2024-09-05
PRD00270,PRD00281,0.962,hybrid,2024-10-25
PRD00270,PRD00261,0.8684,pagerank,2022-04-27
PRD00270,PRD00258,0.8698,hybrid,2024-03-04
PRD00271,PRD00270,0.5908,node-similarity,2025-01-07
PRD00271,PRD00274,0.6034,collaborative,2022-11-07
PRD00272,PRD00271,0.9061,collaborative,2023-06-22
PRD00272,PRD00282,0.7016,hybrid,2023-12-16
PRD00272,PRD00263,0.6395,content-based,2023-09-07
PRD00273,PRD00266,0.9633,collaborative,2024-10-29
PRD00273,PRD00267,0.9035,pagerank,2023-10-24
PRD00273,PRD00261,0.734,pagerank,2023-07-10
PRD00274,PRD00265,0.874,pagerank,2025-05-01
PRD00274,PRD00261,0.5594,pagerank,2022-09-05
PRD00274,PRD00277,0.6829,node-similarity,2022-02-18
PRD00275,PRD00270,0.9042,node-similarity,2023-07-13
PRD00275,PRD00261,0.7454,collaborative,2022-02-17
PRD00275,PRD00260,0.7594,hybrid,2023-09-18
PRD00276,PRD00280,0.9583,collaborative,2023-03-20
PRD00276,PRD00282,0.8894,pagerank,2025-11-03
PRD00276,PRD00263,0.9073,content-based,2022-12-29
PRD00277,PRD00273,0.6478,collaborative,2024-08-09
PRD00277,PRD00283,0.5965,collaborative,2023-12-15
PRD00278,PRD00264,0.6843,node-similarity,2024-10-20
PRD00278,PRD00272,0.9697,hybrid,2022-10-28
PRD00278,PRD00261,0.759,pagerank,2023-11-21
PRD00279,PRD00268,0.5721,node-similarity,2024-03-18
PRD00279,PRD00261,0.8533,hybrid,2024-09-20
PRD00279,PRD00282,0.8793,hybrid,2023-04-28
PRD00280,PRD00278,0.6952,content-based,2024-04-23
PRD00280,PRD00277,0.6652,content-based,2023-04-03
PRD00281,PRD00260,0.8435,collaborative,2023-07-17
PRD00281,PRD00273,0.8201,node-similarity,2022-10-22
PRD00282,PRD00267,0.7455,content-based,2022-07-25
PRD00282,PRD00271,0.6129,content-based,2024-05-17
PRD00282,PRD00283,0.945,pagerank,2022-12-28
PRD00283,PRD00260,0.8006,node-similarity,2022-04-12
PRD00283,PRD00272,0.8177,node-similarity,2025-12-28
PRD00284,PRD00307,0.6588,collaborative,2024-03-18
PRD00284,PRD00291,0.7702,pagerank,2024-04-27
PRD00284,PRD00305,0.6173,hybrid,2024-12-05
PRD00285,PRD00289,0.9018,node-similarity,2023-04-21
PRD00285,PRD00287,0.571,content-based,2022-09-04
PRD00285,PRD00301,0.755,pagerank,2022-11-13
PRD00286,PRD00284,0.716,content-based,2024-03-01
PRD00286,PRD00298,0.7945,collaborative,2022-06-19
PRD00286,PRD00310,0.6358,pagerank,2024-08-02
PRD00287,PRD00292,0.7459,node-similarity,2023-02-02
PRD00287,PRD00288,0.8588,hybrid,2025-08-09
PRD00287,PRD00306,0.9157,hybrid,2022-03-17
PRD00288,PRD00291,0.7094,hybrid,2024-07-12
PRD00288,PRD00305,0.742,hybrid,2025-07-07
PRD00288,PRD00300,0.8032,collaborative,2023-07-30
PRD00289,PRD00311,0.7048,content-based,2022-08-22
PRD00289,PRD00302,0.7415,collaborative,2022-09-20
PRD00289,PRD00294,0.9818,content-based,2023-03-11
PRD00290,PRD00288,0.8766,pagerank,2025-02-12
PRD00290,PRD00298,0.9256,pagerank,2025-11-05
PRD00290,PRD00302,0.6075,collaborative,2024-06-02
PRD00291,PRD00287,0.6401,collaborative,2024-05-14
PRD00291,PRD00294,0.6832,content-based,2022-12-03
PRD00291,PRD00286,0.5645,pagerank,2025-06-20
PRD00292,PRD00286,0.6011,pagerank,2023-02-23
PRD00292,PRD00300,0.5704,collaborative,2024-10-04
PRD00293,PRD00304,0.7743,node-similarity,2023-05-18
PRD00293,PRD00298,0.786,node-similarity,2023-05-18
PRD00293,PRD00291,0.6327,content-based,2023-08-28
PRD00294,PRD00287,0.9071,hybrid,2022-02-05
PRD00294,PRD00306,0.9343,content-based,2023-12-15
PRD00294,PRD00302,0.9167,pagerank,2022-08-25
PRD00295,PRD00293,0.7567,collaborative,2022-03-04
PRD00295,PRD00284,0.9055,content-based,2022-03-14
PRD00295,PRD00287,0.67,collaborative,2025-12-27
PRD00296,PRD00293,0.8999,node-similarity,2025-05-28
PRD00296,PRD00298,0.6077,hybrid,2025-12-23
PRD00296,PRD00304,0.85,collaborative,2024-03-12
PRD00297,PRD00305,0.9584,collaborative,2022-12-23
PRD00297,PRD00300,0.6094,hybrid,2025-02-05
PRD00297,PRD00292,0.7417,collaborative,2025-06-01
PRD00298,PRD00291,0.6085,collaborative,2024-08-26
PRD00298,PRD00303,0.6748,content-based,2022-04-20
PRD00298,PRD00292,0.6781,pagerank,2023-02-02
PRD00299,PRD00292,0.6925,content-based,2025-01-20
PRD00299,PRD00295,0.7468,hybrid,2022-09-24
PRD00299,PRD00313,0.9424,collaborative,2024-09-08
PRD00300,PRD00309,0.5674,hybrid,2025-09-15
PRD00300,PRD00295,0.7352,node-similarity,2025-04-20
PRD00300,PRD00285,0.7348,pagerank,2025-08-02
PRD00301,PRD00312,0.8289,hybrid,2025-05-08
PRD00301,PRD00299,0.7952,collaborative,2024-03-25
PRD00301,PRD00288,0.881,content-based,2025-06-06
PRD00302,PRD00291,0.7168,hybrid,2024-01-13
PRD00302,PRD00299,0.7278,hybrid,2022-05-28
PRD00302,PRD00303,0.9046,collaborative,2022-11-27
PRD00303,PRD00313,0.8094,pagerank,2022-02-01
PRD00303,PRD00291,0.896,node-similarity,2024-11-21
PRD00303,PRD00300,0.7516,content-based,2023-08-26
PRD00304,PRD00309,0.85,content-based,2024-08-28
PRD00304,PRD00300,0.5784,collaborative,2025-06-17
PRD00305,PRD00313,0.8202,node-similarity,2023-08-14
PRD00305,PRD00296,0.5877,content-based,2024-06-25
PRD00305,PRD00311,0.869,collaborative,2025-05-22
PRD00306,PRD00290,0.5829,collaborative,2025-08-31
PRD00306,PRD00291,0.8757,hybrid,2024-08-27
PRD00306,PRD00296,0.8182,node-similarity,2023-08-26
PRD00307,PRD00314,0.8121,hybrid,2025-10-12
PRD00307,PRD00305,0.813,collaborative,2024-11-11
PRD00307,PRD00294,0.6729,collaborative,2024-12-12
PRD00308,PRD00286,0.7693,collaborative,2022-08-12
PRD00308,PRD00284,0.6352,content-based,2024-04-02
PRD00308,PRD00311,0.5742,content-based,2023-08-11
PRD00309,PRD00292,0.6043,content-based,2022-06-18
PRD00309,PRD00307,0.5894,pagerank,2024-11-27
PRD00309,PRD00291,0.737,content-based,2025-02-16
PRD00310,PRD00314,0.8161,node-similarity,2022-06-11
PRD00310,PRD00312,0.7072,collaborative,2024-06-09
PRD00310,PRD00294,0.5556,content-based,2024-05-02
PRD00311,PRD00284,0.7518,pagerank,2023-04-07
PRD00311,PRD00313,0.9507,hybrid,2025-01-31
PRD00311,PRD00298,0.6248,content-based,2022-08-07
PRD00312,PRD00304,0.8547,pagerank,2022-02-23
PRD00312,PRD00293,0.678,hybrid,2025-07-27
PRD00312,PRD00296,0.8931,hybrid,2023-06-20
PRD00313,PRD00285,0.6651,hybrid,2024-07-18
PRD00313,PRD00308,0.7619,node-similarity,2022-12-10
PRD00313,PRD00301,0.8793,content-based,2023-10-24
PRD00314,PRD00312,0.9486,content-based,2025-10-18
PRD00314,PRD00291,0.6728,pagerank,2023-05-01
PRD00314,PRD00286,0.839,pagerank,2022-03-20
PRD00315,PRD00341,0.6243,node-similarity,2024-11-02
PRD00315,PRD00338,0.8377,hybrid,2025-05-06
PRD00315,PRD00347,0.7507,content-based,2025-02-04
PRD00316,PRD00342,0.9665,hybrid,2024-12-16
PRD00316,PRD00329,0.6246,content-based,2022-05-14
PRD00316,PRD00332,0.6207,content-based,2024-09-19
PRD00317,PRD00345,0.6475,node-similarity,2025-01-30
PRD00317,PRD00316,0.5701,collaborative,2025-11-15
PRD00317,PRD00315,0.7279,content-based,2022-09-29
PRD00318,PRD00337,0.5666,hybrid,2023-06-26
PRD00318,PRD00328,0.7093,pagerank,2025-03-25
PRD00318,PRD00329,0.9745,hybrid,2025-04-02
PRD00319,PRD00334,0.6194,node-similarity,2024-11-03
PRD00319,PRD00325,0.7466,content-based,2022-10-01
PRD00319,PRD00324,0.7423,hybrid,2023-06-20
PRD00320,PRD00316,0.7885,node-similarity,2022-11-30
PRD00320,PRD00343,0.6998,hybrid,2025-01-04
PRD00320,PRD00318,0.9418,node-similarity,2022-02-05
PRD00321,PRD00340,0.9259,hybrid,2025-01-18
PRD00321,PRD00325,0.6483,content-based,2023-01-08
PRD00321,PRD00328,0.9479,pagerank,2022-03-22
PRD00322,PRD00326,0.8621,node-similarity,2022-06-18
PRD00322,PRD00344,0.9224,hybrid,2022-07-24
PRD00322,PRD00339,0.815,collaborative,2024-04-02
PRD00323,PRD00331,0.7638,node-similarity,2022-01-22
PRD00323,PRD00317,0.8715,pagerank,2022-03-04
PRD00323,PRD00345,0.6027,pagerank,2022-01-04
PRD00324,PRD00347,0.6639,node-similarity,2022-09-14
PRD00324,PRD00341,0.5718,hybrid,2022-08-22
PRD00325,PRD00334,0.9028,collaborative,2022-07-08
PRD00325,PRD00317,0.7131,collaborative,2023-01-03
PRD00325,PRD00344,0.8982,content-based,2023-12-13
PRD00326,PRD00345,0.5546,pagerank,2024-10-21
PRD00326,PRD00320,0.7605,content-based,2022-11-18
PRD00326,PRD00315,0.9855,pagerank,2023-01-17
PRD00327,PRD00346,0.8509,node-similarity,2025-06-25
PRD00327,PRD00331,0.7571,hybrid,2024-07-21
PRD00327,PRD00338,0.6406,node-similarity,2022-08-10
PRD00328,PRD00335,0.8471,content-based,2024-08-28
PRD00328,PRD00323,0.6528,content-based,2023-01-22
PRD00328,PRD00315,0.8769,node-similarity,2022-11-14
PRD00329,PRD00331,0.8333,collaborative,2025-01-01
PRD00329,PRD00335,0.9582,node-similarity,2025-08-22
PRD00329,PRD00341,0.7198,hybrid,2022-11-29
PRD00330,PRD00315,0.8714,hybrid,2024-06-19
PRD00330,PRD00318,0.7762,pagerank,2022-02-03
PRD00330,PRD00321,0.9498,hybrid,2024-01-02
PRD00331,PRD00328,0.5558,hybrid,2023-02-25
PRD00331,PRD00336,0.6237,content-based,2025-04-11
PRD00331,PRD00330,0.6903,collaborative,2024-08-08
PRD00332,PRD00336,0.7107,content-based,2024-12-06
PRD00332,PRD00346,0.9036,content-based,2025-05-10
PRD00332,PRD00335,0.5506,node-similarity,2024-10-15
PRD00333,PRD00346,0.6774,content-based,2023-07-19
PRD00333,PRD00327,0.812,hybrid,2022-09-26
PRD00333,PRD00322,0.6815,pagerank,2023-08-09
PRD00334,PRD00330,0.9813,collaborative,2024-12-31
PRD00334,PRD00316,0.9783,pagerank,2022-09-13
PRD00334,PRD00344,0.7141,hybrid,2025-05-17
PRD00335,PRD00334,0.7821,node-similarity,2025-09-25
PRD00336,PRD00316,0.582,hybrid,2022-05-23
PRD00336,PRD00318,0.731,hybrid,2022-09-24
PRD00336,PRD00342,0.5625,content-based,2023-11-25
PRD00337,PRD00315,0.9727,collaborative,2022-11-18
PRD00337,PRD00347,0.5816,collaborative,2025-05-20
PRD00337,PRD00339,0.9142,node-similarity,2025-03-05
PRD00338,PRD00330,0.7249,hybrid,2022-01-23
PRD00338,PRD00323,0.9498,collaborative,2025-10-06
PRD00338,PRD00334,0.7189,node-similarity,2023-09-15
PRD00339,PRD00328,0.69,node-similarity,2022-01-06
PRD00339,PRD00342,0.8201,node-similarity,2025-01-16
PRD00339,PRD00323,0.6167,pagerank,2023-02-14
PRD00340,PRD00333,0.957,pagerank,2024-04-14
PRD00340,PRD00325,0.9846,pagerank,2022-04-18
PRD00340,PRD00346,0.8366,pagerank,2024-08-20
PRD00341,PRD00346,0.9881,pagerank,2024-11-21
PRD00341,PRD00334,0.6655,node-similarity,2024-10-15
PRD00341,PRD00325,0.6022,node-similarity,2024-08-03
PRD00342,PRD00329,0.882,node-similarity,2023-06-23
PRD00342,PRD00333,0.6154,hybrid,2022-07-27
PRD00343,PRD00334,0.9554,collaborative,2023-04-15
PRD00343,PRD00317,0.6825,content-based,2024-11-29
PRD00343,PRD00328,0.7939,node-similarity,2025-03-03
PRD00344,PRD00315,0.9133,content-based,2025-09-04
PRD00344,PRD00332,0.6538,pagerank,2024-06-02
PRD00344,PRD00343,0.9424,hybrid,2025-12-06
PRD00345,PRD00344,0.7546,hybrid,2022-09-03
PRD00345,PRD00342,0.5748,pagerank,2022-07-08
PRD00346,PRD00331,0.6226,pagerank,2025-06-25
PRD00346,PRD00317,0.5632,content-based,2023-06-13
PRD00346,PRD00335,0.6724,pagerank,2022-06-01
PRD00347,PRD00334,0.8775,content-based,2022-09-01
PRD00347,PRD00342,0.627,collaborative,2024-10-27
PRD00348,PRD00352,0.961,hybrid,2025-08-30
PRD00348,PRD00370,0.7433,content-based,2023-06-02
PRD00348,PRD00362,0.8695,pagerank,2025-02-16
PRD00349,PRD00362,0.6019,pagerank,2023-04-24
PRD00349,PRD00367,0.6326,pagerank,2023-10-14
PRD00349,PRD00372,0.7143,content-based,2024-03-06
PRD00350,PRD00366,0.6573,hybrid,2024-07-25
PRD00350,PRD00371,0.611,node-similarity,2023-05-11
PRD00350,PRD00356,0.9697,pagerank,2023-12-23
PRD00351,PRD00356,0.8257,content-based,2025-09-01
PRD00351,PRD00364,0.5772,pagerank,2024-05-24
PRD00351,PRD00349,0.7127,content-based,2025-07-18
PRD00352,PRD00362,0.9865,pagerank,2022-03-26
PRD00352,PRD00358,0.9628,collaborative,2023-12-05
PRD00352,PRD00360,0.8584,pagerank,2023-06-07
PRD00353,PRD00362,0.6767,node-similarity,2025-03-24
PRD00353,PRD00359,0.7719,collaborative,2022-11-27
PRD00353,PRD00351,0.8797,hybrid,2025-02-11
PRD00354,PRD00368,0.9047,collaborative,2023-06-01
PRD00354,PRD00359,0.6734,node-similarity,2024-11-26
PRD00354,PRD00351,0.7381,collaborative,2022-11-01
PRD00355,PRD00348,0.9106,collaborative,2022-11-07
PRD00355,PRD00364,0.578,content-based,2022-08-11
PRD00355,PRD00370,0.9596,hybrid,2024-01-11
PRD00356,PRD00364,0.716,pagerank,2023-08-08
PRD00356,PRD00355,0.5509,collaborative,2025-04-30
PRD00357,PRD00355,0.8289,hybrid,2024-10-31
PRD00357,PRD00362,0.7692,collaborative,2023-10-19
PRD00357,PRD00369,0.7184,hybrid,2024-05-10
PRD00358,PRD00361,0.7327,collaborative,2022-01-27
PRD00358,PRD00365,0.8873,collaborative,2025-01-24
PRD00359,PRD00371,0.9492,hybrid,2023-05-24
PRD00359,PRD00372,0.7874,node-similarity,2022-05-10
PRD00359,PRD00362,0.8274,collaborative,2022-11-12
PRD00360,PRD00361,0.916,pagerank,2023-12-14
PRD00360,PRD00366,0.6556,pagerank,2022-10-03
PRD00361,PRD00353,0.7529,pagerank,2024-06-19
PRD00361,PRD00367,0.8591,hybrid,2025-05-02
PRD00361,PRD00368,0.6028,node-similarity,2022-11-07
PRD00362,PRD00372,0.6288,content-based,2025-06-17
PRD00362,PRD00361,0.8041,collaborative,2023-03-01
PRD00363,PRD00368,0.6171,collaborative,2025-10-18
PRD00363,PRD00364,0.5881,hybrid,2023-01-02
PRD00363,PRD00351,0.7902,collaborative,2024-12-17
PRD00364,PRD00350,0.6724,content-based,2024-11-02
PRD00365,PRD00357,0.9318,content-based,2024-06-07
PRD00365,PRD00366,0.8187,content-based,2022-05-30
PRD00365,PRD00354,0.7111,hybrid,2025-07-07
PRD00366,PRD00349,0.8013,hybrid,2024-11-10
PRD00366,PRD00361,0.8614,pagerank,2022-06-23
PRD00366,PRD00357,0.6762,hybrid,2023-06-28
PRD00367,PRD00348,0.8921,pagerank,2025-08-22
PRD00367,PRD00358,0.6691,pagerank,2024-11-03
PRD00367,PRD00370,0.6278,content-based,2022-02-02
PRD00368,PRD00351,0.7524,collaborative,2025-10-11
PRD00368,PRD00350,0.6231,hybrid,2023-09-13
PRD00368,PRD00352,0.6318,pagerank,2022-06-17
PRD00369,PRD00349,0.9391,hybrid,2025-11-21
PRD00369,PRD00361,0.9136,collaborative,2023-11-22
PRD00369,PRD00367,0.7202,hybrid,2025-12-28
PRD00370,PRD00371,0.7428,hybrid,2025-08-19
PRD00370,PRD00349,0.644,content-based,2024-01-03
PRD00370,PRD00354,0.8176,hybrid,2022-07-25
PRD00371,PRD00366,0.8368,content-based,2023-01-15
PRD00371,PRD00372,0.7574,hybrid,2023-03-22
PRD00371,PRD00368,0.6088,pagerank,2022-07-17
PRD00372,PRD00365,0.8036,content-based,2024-04-06
PRD00372,PRD00370,0.9539,hybrid,2023-07-02
PRD00373,PRD00384,0.7781,content-based,2022-02-18
PRD00373,PRD00386,0.7424,node-similarity,2025-11-04
PRD00373,PRD00377,0.8876,collaborative,2024-10-19
PRD00374,PRD00383,0.873,node-similarity,2024-09-13
PRD00374,PRD00390,0.9125,content-based,2025-09-01
PRD00374,PRD00386,0.9714,pagerank,2025-07-24
PRD00375,PRD00379,0.7161,collaborative,2025-06-24
PRD00375,PRD00376,0.562,collaborative,2022-04-14
PRD00375,PRD00384,0.7822,hybrid,2023-12-19
PRD00376,PRD00389,0.8207,hybrid,2022-04-04
PRD00376,PRD00391,0.7481,collaborative,2024-04-20
PRD00376,PRD00398,0.7664,hybrid,2024-02-18
PRD00377,PRD00390,0.8423,content-based,2024-04-10
PRD00377,PRD00400,0.9521,collaborative,2025-03-24
PRD00377,PRD00389,0.6964,node-similarity,2022-09-09
PRD00378,PRD00382,0.6487,node-similarity,2023-03-26
PRD00378,PRD00390,0.8641,node-similarity,2023-02-13
PRD00378,PRD00393,0.6115,node-similarity,2024-08-20
PRD00379,PRD00380,0.9528,node-similarity,2023-01-17
PRD00379,PRD00388,0.8435,pagerank,2024-02-20
PRD00379,PRD00387,0.7356,pagerank,2024-09-12
PRD00380,PRD00399,0.922,node-similarity,2022-11-29
PRD00380,PRD00389,0.9448,collaborative,2022-10-19
PRD00380,PRD00395,0.7842,content-based,2022-11-01
PRD00381,PRD00384,0.6333,node-similarity,2023-08-14
PRD00381,PRD00391,0.6829,collaborative,2022-07-29
PRD00381,PRD00376,0.5724,collaborative,2023-07-01
PRD00382,PRD00373,0.689,pagerank,2024-08-22
PRD00382,PRD00400,0.568,collaborative,2022-06-05
PRD00382,PRD00398,0.9201,node-similarity,2022-10-10
PRD00383,PRD00388,0.6995,collaborative,2024-12-31
PRD00383,PRD00391,0.9635,pagerank,2025-06-04
PRD00383,PRD00394,0.9372,node-similarity,2022-12-20
PRD00384,PRD00399,0.816,collaborative,2022-12-05
PRD00384,PRD00377,0.556,collaborative,2022-12-22
PRD00384,PRD00400,0.8631,content-based,2023-03-02
PRD00385,PRD00381,0.553,pagerank,2024-06-26
PRD00385,PRD00397,0.7692,node-similarity,2024-09-17
PRD00385,PRD00391,0.6792,collaborative,2022-10-15
PRD00386,PRD00379,0.7535,pagerank,2025-01-28
PRD00386,PRD00381,0.7173,pagerank,2024-07-31
PRD00387,PRD00385,0.8195,content-based,2023-01-08
PRD00387,PRD00395,0.8043,hybrid,2023-06-02
PRD00387,PRD00398,0.5671,pagerank,2025-01-23
PRD00388,PRD00377,0.64,hybrid,2022-06-13
PRD00388,PRD00400,0.7059,collaborative,2024-09-15
PRD00388,PRD00390,0.9815,content-based,2023-06-28
PRD00389,PRD00383,0.772,content-based,2024-09-22
PRD00389,PRD00391,0.7938,node-similarity,2022-11-01
PRD00390,PRD00375,0.9132,collaborative,2024-03-18
PRD00390,PRD00398,0.7197,hybrid,2025-03-08
PRD00390,PRD00381,0.6385,hybrid,2022-12-17
PRD00391,PRD00375,0.5831,collaborative,2025-08-07
PRD00391,PRD00384,0.8374,node-similarity,2025-07-08
PRD00392,PRD00384,0.7821,pagerank,2023-06-24
PRD00392,PRD00386,0.5653,pagerank,2023-09-13
PRD00392,PRD00377,0.5862,node-similarity,2025-05-28
PRD00393,PRD00400,0.7226,node-similarity,2022-03-30
PRD00393,PRD00373,0.9451,hybrid,2022-12-23
PRD00393,PRD00399,0.6669,node-similarity,2022-04-04
PRD00394,PRD00380,0.7253,pagerank,2024-07-30
PRD00394,PRD00389,0.8049,collaborative,2022-02-14
PRD00394,PRD00396,0.5996,node-similarity,2022-02-01
PRD00395,PRD00399,0.691,node-similarity,2024-04-15
PRD00395,PRD00386,0.7516,content-based,2025-09-13
PRD00395,PRD00390,0.7242,node-similarity,2022-12-09
PRD00396,PRD00388,0.6749,node-similarity,2024-10-11
PRD00396,PRD00393,0.9336,pagerank,2022-12-09
PRD00396,PRD00373,0.6554,hybrid,2024-07-08
PRD00397,PRD00380,0.5915,node-similarity,2023-05-20
PRD00397,PRD00375,0.8313,content-based,2023-08-18
PRD00397,PRD00374,0.6234,node-similarity,2025-12-07
PRD00398,PRD00389,0.613,node-similarity,2024-02-10
PRD00398,PRD00386,0.925,collaborative,2024-02-14
PRD00398,PRD00395,0.7486,node-similarity,2022-03-19
PRD00399,PRD00385,0.9793,pagerank,2024-11-23
PRD00399,PRD00389,0.688,pagerank,2022-03-03
PRD00400,PRD00391,0.7984,content-based,2025-01-12
PRD00400,PRD00375,0.6303,hybrid,2025-04-11
PRD00401,PRD00421,0.6352,node-similarity,2024-03-09
PRD00401,PRD00415,0.8095,node-similarity,2025-06-06
PRD00401,PRD00427,0.9194,content-based,2025-04-16
PRD00402,PRD00420,0.8843,content-based,2024-07-31
PRD00402,PRD00403,0.806,collaborative,2023-12-19
PRD00402,PRD00409,0.6822,hybrid,2022-04-18
PRD00403,PRD00413,0.5981,hybrid,2024-09-03
PRD00403,PRD00414,0.7571,hybrid,2023-08-17
PRD00403,PRD00429,0.6937,collaborative,2023-10-17
PRD00404,PRD00417,0.772,collaborative,2022-10-31
PRD00404,PRD00423,0.8043,pagerank,2023-04-29
PRD00404,PRD00422,0.5553,content-based,2022-09-20
PRD00405,PRD00401,0.9628,content-based,2022-12-08
PRD00405,PRD00422,0.8323,content-based,2022-08-28
PRD00405,PRD00426,0.8644,collaborative,2023-01-31
PRD00406,PRD00425,0.701,content-based,2023-01-21
PRD00406,PRD00420,0.8767,collaborative,2024-04-09
PRD00406,PRD00424,0.7134,collaborative,2024-11-19
PRD00407,PRD00406,0.9795,content-based,2024-12-03
PRD00407,PRD00402,0.8124,content-based,2025-01-08
PRD00407,PRD00414,0.9555,content-based,2023-02-14
PRD00408,PRD00430,0.6455,content-based,2022-06-30
PRD00408,PRD00422,0.6347,content-based,2022-05-28
PRD00408,PRD00414,0.7314,node-similarity,2023-05-08
PRD00409,PRD00427,0.6886,node-similarity,2022-04-16
PRD00409,PRD00413,0.8313,collaborative,2022-10-12
PRD00409,PRD00419,0.7535,collaborative,2023-07-25
PRD00410,PRD00405,0.7502,hybrid,2022-06-26
PRD00410,PRD00429,0.7193,node-similarity,2023-01-02
PRD00410,PRD00418,0.7465,node-similarity,2025-07-07
PRD00411,PRD00422,0.6052,hybrid,2024-12-14
PRD00411,PRD00433,0.7899,hybrid,2025-03-25
PRD00411,PRD00415,0.7958,hybrid,2025-09-15
PRD00412,PRD00415,0.9069,collaborative,2023-10-23
PRD00412,PRD00408,0.9226,node-similarity,2022-01-30
PRD00412,PRD00410,0.8388,node-similarity,2022-02-24
PRD00413,PRD00427,0.5729,content-based,2025-11-11
PRD00413,PRD00421,0.57,pagerank,2022-01-26
PRD00413,PRD00404,0.6429,collaborative,2025-02-21
PRD00414,PRD00405,0.6479,hybrid,2023-11-21
PRD00414,PRD00401,0.7804,collaborative,2023-06-05
PRD00414,PRD00429,0.9345,hybrid,2025-12-19
PRD00415,PRD00423,0.9855,hybrid,2025-10-16
PRD00415,PRD00413,0.7129,pagerank,2025-09-11
PRD00416,PRD00411,0.5612,hybrid,2024-11-06
PRD00416,PRD00420,0.8743,hybrid,2024-10-17
PRD00416,PRD00421,0.783,content-based,2022-07-23
PRD00417,PRD00415,0.651,content-based,2022-02-23
PRD00417,PRD00433,0.6257,hybrid,2025-08-23
PRD00418,PRD00412,0.8205,pagerank,2022-05-06
PRD00418,PRD00406,0.8693,collaborative,2023-09-17
PRD00418,PRD00408,0.7567,collaborative,2023-07-04
PRD00419,PRD00426,0.7961,collaborative,2023-12-11
PRD00419,PRD00415,0.5792,node-similarity,2025-12-04
PRD00419,PRD00428,0.588,hybrid,2022-01-19
PRD00420,PRD00421,0.9439,pagerank,2024-03-06
PRD00420,PRD00426,0.6907,content-based,2023-09-09
PRD00420,PRD00414,0.6861,content-based,2024-02-20
PRD00421,PRD00406,0.6931,pagerank,2023-07-14
PRD00421,PRD00404,0.8899,node-similarity,2024-08-10
PRD00422,PRD00415,0.7285,pagerank,2022-11-06
PRD00422,PRD00433,0.7436,content-based,2025-08-29
PRD00423,PRD00406,0.8097,pagerank,2023-09-05
PRD00423,PRD00408,0.7767,pagerank,2025-03-12
PRD00423,PRD00420,0.6714,pagerank,2024-06-29
PRD00424,PRD00416,0.5926,content-based,2024-12-04
PRD00424,PRD00425,0.6911,collaborative,2022-09-12
PRD00424,PRD00427,0.642,content-based,2023-05-29
PRD00425,PRD00407,0.6181,collaborative,2023-06-24
PRD00425,PRD00405,0.8461,content-based,2022-03-10
PRD00425,PRD00426,0.8959,collaborative,2025-03-22
PRD00426,PRD00431,0.9152,content-based,2024-04-24
PRD00426,PRD00415,0.726,content-based,2024-02-18
PRD00427,PRD00407,0.9452,hybrid,2025-12-24
PRD00427,PRD00425,0.6886,content-based,2022-09-20
PRD00428,PRD00404,0.7218,content-based,2023-06-16
PRD00428,PRD00412,0.7001,pagerank,2023-06-19
PRD00428,PRD00405,0.7773,pagerank,2024-06-19
PRD00429,PRD00409,0.8736,pagerank,2022-10-17
PRD00429,PRD00416,0.8556,hybrid,2023-12-26
PRD00429,PRD00428,0.8353,content-based,2025-03-19
PRD00430,PRD00433,0.9041,node-similarity,2025-07-04
PRD00430,PRD00403,0.8357,hybrid,2025-01-08
PRD00430,PRD00405,0.7928,content-based,2024-12-30
PRD00431,PRD00407,0.854,pagerank,2023-01-17
PRD00431,PRD00409,0.6391,pagerank,2025-05-07
PRD00432,PRD00423,0.6485,content-based,2024-04-04
PRD00432,PRD00404,0.8967,node-similarity,2022-01-24
PRD00432,PRD00409,0.6607,collaborative,2022-06-28
PRD00433,PRD00414,0.8755,pagerank,2024-05-30
PRD00433,PRD00419,0.6259,node-similarity,2025-08-15
PRD00434,PRD00457,0.79,content-based,2023-08-17
PRD00434,PRD00445,0.9188,content-based,2023-05-08
PRD00434,PRD00453,0.6414,pagerank,2025-12-28
PRD00435,PRD00436,0.8825,pagerank,2023-05-26
PRD00435,PRD00450,0.8146,content-based,2024-03-17
PRD00435,PRD00449,0.9119,hybrid,2025-11-23
PRD00436,PRD00452,0.9755,content-based,2024-10-09
PRD00436,PRD00440,0.8287,hybrid,2023-08-17
PRD00436,PRD00456,0.7656,collaborative,2024-08-01
PRD00437,PRD00443,0.8697,hybrid,2022-12-14
PRD00437,PRD00439,0.6243,hybrid,2024-07-07
PRD00437,PRD00458,0.7545,hybrid,2025-06-03
PRD00438,PRD00437,0.5783,node-similarity,2025-03-16
PRD00438,PRD00439,0.8537,hybrid,2022-10-06
PRD00438,PRD00443,0.7135,hybrid,2022-07-03
PRD00439,PRD00436,0.6754,collaborative,2022-01-05
PRD00439,PRD00443,0.5695,collaborative,2024-09-22
PRD00439,PRD00434,0.9238,content-based,2025-07-09
PRD00440,PRD00445,0.5989,content-based,2025-11-21
PRD00440,PRD00438,0.6419,pagerank,2024-08-13
PRD00440,PRD00434,0.7703,hybrid,2023-08-29
PRD00441,PRD00451,0.7087,node-similarity,2024-05-06
PRD00441,PRD00454,0.9027,content-based,2025-10-04
PRD00441,PRD00458,0.9474,collaborative,2025-11-18
PRD00442,PRD00460,0.703,collaborative,2023-09-13
PRD00442,PRD00441,0.557,collaborative,2023-09-09
PRD00442,PRD00459,0.8055,content-based,2023-01-12
PRD00443,PRD00447,0.9006,collaborative,2024-09-25
PRD00443,PRD00455,0.7476,content-based,2022-03-05
PRD00443,PRD00449,0.8123,content-based,2024-01-23
PRD00444,PRD00454,0.9387,hybrid,2022-08-31
PRD00444,PRD00460,0.7834,content-based,2023-05-26
PRD00444,PRD00458,0.828,pagerank,2025-04-23
PRD00445,PRD00449,0.8288,node-similarity,2024-09-13
PRD00445,PRD00454,0.954,collaborative,2022-04-13
PRD00446,PRD00449,0.9282,node-similarity,2022-02-28
PRD00446,PRD00452,0.733,content-based,2025-05-14
PRD00446,PRD00440,0.6707,pagerank,2022-09-04
PRD00447,PRD00454,0.9725,collaborative,2023-04-04
PRD00447,PRD00445,0.6204,content-based,2022-09-09
PRD00447,PRD00438,0.7826,content-based,2024-06-23
PRD00448,PRD00460,0.5619,pagerank,2022-11-03
PRD00448,PRD00451,0.7676,pagerank,2022-08-27
PRD00448,PRD00454,0.857,content-based,2022-10-04
PRD00449,PRD00439,0.9889,hybrid,2022-01-24
PRD00449,PRD00455,0.5539,collaborative,2025-01-20
PRD00450,PRD00443,0.9196,collaborative,2023-11-30
PRD00450,PRD00451,0.7986,pagerank,2023-02-01
PRD00450,PRD00446,0.7513,collaborative,2024-05-21
PRD00451,PRD00447,0.8118,node-similarity,2024-09-18
PRD00451,PRD00440,0.6007,collaborative,2024-01-27
PRD00451,PRD00439,0.632,collaborative,2024-04-09
PRD00452,PRD00435,0.7569,content-based,2024-05-06
PRD00452,PRD00443,0.7932,content-based,2023-06-23
PRD00453,PRD00437,0.881,content-based,2024-09-25
PRD00453,PRD00440,0.7587,hybrid,2025-11-09
PRD00453,PRD00460,0.8594,pagerank,2024-04-08
PRD00454,PRD00456,0.7609,collaborative,2023-06-23
PRD00454,PRD00438,0.7811,hybrid,2023-08-13
PRD00455,PRD00458,0.9751,node-similarity,2024-10-21
PRD00455,PRD00440,0.8647,hybrid,2025-08-21
PRD00455,PRD00456,0.8865,pagerank,2024-04-20
PRD00456,PRD00457,0.8418,pagerank,2025-09-04
PRD00456,PRD00441,0.7374,content-based,2022-04-06
PRD00456,PRD00458,0.9285,node-similarity,2023-12-22
PRD00457,PRD00441,0.8235,node-similarity,2023-04-25
PRD00457,PRD00435,0.876,collaborative,2023-10-25
PRD00457,PRD00448,0.9308,hybrid,2022-06-30
PRD00458,PRD00446,0.6701,collaborative,2024-12-02
PRD00458,PRD00459,0.977,hybrid,2025-03-06
PRD00459,PRD00450,0.8284,node-similarity,2025-04-22
PRD00459,PRD00451,0.9737,node-similarity,2023-06-21
PRD00459,PRD00435,0.7829,collaborative,2024-04-02
PRD00460,PRD00434,0.5559,node-similarity,2025-09-05
PRD00460,PRD00443,0.6375,collaborative,2024-02-01
PRD00461,PRD00440,0.6464,pagerank,2025-05-12
PRD00461,PRD00460,0.6513,pagerank,2024-04-02
PRD00461,PRD00459,0.8315,pagerank,2024-04-28
PRD00462,PRD00486,0.6046,collaborative,2025-05-19
PRD00462,PRD00484,0.7253,pagerank,2025-05-17
PRD00462,PRD00465,0.8123,node-similarity,2025-01-27
PRD00463,PRD00494,0.6208,collaborative,2024-06-09
PRD00463,PRD00466,0.8983,content-based,2024-12-29
PRD00463,PRD00490,0.7497,hybrid,2024-09-14
PRD00464,PRD00475,0.5605,pagerank,2024-01-30
PRD00464,PRD00490,0.7744,pagerank,2023-09-01
PRD00464,PRD00481,0.6579,collaborative,2024-11-10
PRD00465,PRD00464,0.6569,hybrid,2025-09-26
PRD00465,PRD00478,0.655,pagerank,2025-07-31
PRD00465,PRD00474,0.5689,hybrid,2025-08-24
PRD00466,PRD00494,0.7312,content-based,2024-02-16
PRD00466,PRD00475,0.9802,collaborative,2024-04-23
PRD00466,PRD00474,0.8817,content-based,2023-09-12
PRD00467,PRD00481,0.891,collaborative,2024-04-02
PRD00467,PRD00483,0.9371,hybrid,2022-04-02
PRD00467,PRD00471,0.5919,node-similarity,2022-11-19
PRD00468,PRD00471,0.5702,hybrid,2023-03-17
PRD00468,PRD00494,0.9695,pagerank,2025-07-12
PRD00468,PRD00464,0.9112,collaborative,2025-07-05
PRD00469,PRD00481,0.9601,pagerank,2025-10-08
PRD00469,PRD00492,0.8756,content-based,2024-03-22
PRD00469,PRD00482,0.7847,hybrid,2024-09-22
PRD00470,PRD00466,0.8189,hybrid,2022-10-08
PRD00470,PRD00483,0.9847,node-similarity,2022-02-13
PRD00470,PRD00473,0.889,content-based,2022-04-18
PRD00471,PRD00464,0.8183,hybrid,2023-07-26
PRD00471,PRD00462,0.7003,content-based,2022-10-31
PRD00471,PRD00480,0.8875,collaborative,2023-09-20
PRD00472,PRD00477,0.9637,collaborative,2023-11-20
PRD00472,PRD00483,0.6938,collaborative,2024-09-11
PRD00472,PRD00479,0.895,node-similarity,2024-12-08
PRD00473,PRD00482,0.5937,content-based,2023-02-28
PRD00473,PRD00486,0.9721,content-based,2025-03-14
PRD00473,PRD00472,0.6614,node-similarity,2024-11-19
PRD00474,PRD00482,0.6504,collaborative,2022-05-29
PRD00474,PRD00490,0.5635,node-similarity,2024-02-25
PRD00474,PRD00480,0.8531,content-based,2024-11-23
PRD00475,PRD00463,0.969,content-based,2023-01-22
PRD00475,PRD00482,0.7569,hybrid,2023-02-12
PRD00476,PRD00470,0.6572,collaborative,2025-01-25
PRD00476,PRD00472,0.836,content-based,2023-07-17
PRD00476,PRD00474,0.7488,collaborative,2023-07-15
PRD00477,PRD00486,0.9205,collaborative,2024-08-27
PRD00477,PRD00465,0.8469,pagerank,2025-02-27
PRD00477,PRD00489,0.7164,hybrid,2023-02-23
PRD00478,PRD00474,0.7746,collaborative,2022-01-23
PRD00478,PRD00464,0.6563,pagerank,2022-08-11
PRD00478,PRD00473,0.9216,pagerank,2025-04-09
PRD00479,PRD00473,0.7582,node-similarity,2024-01-24
PRD00479,PRD00493,0.7713,content-based,2025-12-14
PRD00479,PRD00477,0.7616,collaborative,2025-05-29
PRD00480,PRD00476,0.6832,content-based,2022-04-26
PRD00480,PRD00468,0.7114,node-similarity,2023-07-30
PRD00480,PRD00475,0.895,pagerank,2022-04-25
PRD00481,PRD00466,0.6075,pagerank,2024-02-23
PRD00481,PRD00492,0.7143,pagerank,2022-02-17
PRD00481,PRD00489,0.845,hybrid,2023-04-11
PRD00482,PRD00462,0.8243,content-based,2023-01-21
PRD00482,PRD00463,0.6177,collaborative,2023-09-27
PRD00482,PRD00471,0.692,content-based,2024-10-27
PRD00483,PRD00486,0.8242,node-similarity,2025-06-04
PRD00483,PRD00485,0.6596,pagerank,2022-09-15
PRD00483,PRD00462,0.8392,pagerank,2024-03-31
PRD00484,PRD00475,0.5922,pagerank,2025-03-12
PRD00484,PRD00478,0.7389,collaborative,2025-11-27
PRD00484,PRD00493,0.9278,collaborative,2023-10-01
PRD00485,PRD00473,0.7586,content-based,2024-01-18
PRD00485,PRD00490,0.8183,node-similarity,2023-05-28
PRD00485,PRD00462,0.603,content-based,2025-04-02
PRD00486,PRD00479,0.7056,collaborative,2025-04-27
PRD00486,PRD00472,0.9473,pagerank,2023-06-14
PRD00487,PRD00477,0.7232,content-based,2025-03-27
PRD00487,PRD00469,0.76,node-similarity,2022-07-21
PRD00487,PRD00463,0.7766,collaborative,2024-06-04
PRD00488,PRD00463,0.7794,hybrid,2022-08-10
PRD00488,PRD00470,0.7092,content-based,2025-07-19
PRD00488,PRD00465,0.8623,hybrid,2023-12-31
PRD00489,PRD00478,0.8094,content-based,2024-08-11
PRD00489,PRD00468,0.9552,pagerank,2025-05-19
PRD00489,PRD00462,0.8321,pagerank,2024-06-30
PRD00490,PRD00486,0.987,hybrid,2022-06-18
PRD00490,PRD00466,0.8334,node-similarity,2022-05-15
PRD00491,PRD00487,0.6245,node-similarity,2023-07-01
PRD00491,PRD00468,0.5697,hybrid,2023-02-13
PRD00491,PRD00488,0.6334,node-similarity,2024-12-08
PRD00492,PRD00487,0.684,node-similarity,2024-06-26
PRD00492,PRD00493,0.7149,pagerank,2022-01-05
PRD00492,PRD00490,0.8972,content-based,2024-05-17
PRD00493,PRD00481,0.7153,collaborative,2024-04-16
PRD00493,PRD00464,0.9832,hybrid,2022-01-19
PRD00493,PRD00468,0.624,pagerank,2023-09-25
PRD00494,PRD00488,0.8088,collaborative,2022-04-02
PRD00494,PRD00464,0.9801,pagerank,2022-08-08
PRD00495,PRD00510,0.6981,collaborative,2024-04-10
PRD00495,PRD00506,0.5777,collaborative,2024-02-01
PRD00495,PRD00520,0.552,node-similarity,2023-11-28
PRD00496,PRD00512,0.936,hybrid,2023-04-23
PRD00496,PRD00505,0.7944,collaborative,2022-05-19
PRD00496,PRD00508,0.8947,collaborative,2022-01-09
PRD00497,PRD00507,0.5981,collaborative,2022-04-28
PRD00497,PRD00502,0.7216,hybrid,2024-02-26
PRD00497,PRD00520,0.865,pagerank,2024-06-25
PRD00498,PRD00507,0.7809,pagerank,2025-09-29
PRD00498,PRD00520,0.9052,node-similarity,2023-12-23
PRD00498,PRD00515,0.7797,hybrid,2023-05-09
PRD00499,PRD00495,0.9728,collaborative,2025-04-02
PRD00499,PRD00514,0.9152,content-based,2022-12-14
PRD00499,PRD00509,0.7457,node-similarity,2023-08-04
PRD00500,PRD00499,0.6893,content-based,2024-03-18
PRD00500,PRD00521,0.551,node-similarity,2023-02-06
PRD00500,PRD00496,0.7797,pagerank,2025-11-02
PRD00501,PRD00498,0.6613,node-similarity,2023-03-16
PRD00501,PRD00513,0.9468,pagerank,2023-02-16
PRD00501,PRD00521,0.5836,hybrid,2025-01-13
PRD00502,PRD00513,0.6466,content-based,2022-06-30
PRD00502,PRD00508,0.8613,pagerank,2024-06-07
PRD00502,PRD00512,0.9354,content-based,2023-12-11
PRD00503,PRD00518,0.9563,pagerank,2022-12-05
PRD00503,PRD00515,0.9004,hybrid,2025-03-12
PRD00503,PRD00495,0.6292,hybrid,2023-06-22
PRD00504,PRD00499,0.8009,node-similarity,2025-06-08
PRD00504,PRD00511,0.9797,node-similarity,2025-07-25
PRD00504,PRD00495,0.8085,content-based,2023-01-15
PRD00505,PRD00522,0.901,collaborative,2022-09-26
PRD00505,PRD00511,0.7691,node-similarity,2022-07-14
PRD00505,PRD00501,0.9035,pagerank,2024-05-02
PRD00506,PRD00499,0.9802,hybrid,2025-06-09
PRD00506,PRD00522,0.6577,node-similarity,2022-02-05
PRD00506,PRD00515,0.7317,content-based,2024-12-02
PRD00507,PRD00502,0.7383,collaborative,2023-09-28
PRD00507,PRD00509,0.6935,pagerank,2022-07-05
PRD00507,PRD00501,0.8306,content-based,2022-09-15
PRD00508,PRD00513,0.9856,node-similarity,2023-08-07
PRD00508,PRD00509,0.653,hybrid,2024-11-09
PRD00508,PRD00501,0.7471,content-based,2024-03-31
PRD00509,PRD00501,0.7386,collaborative,2025-12-12
PRD00509,PRD00515,0.7693,collaborative,2025-06-24
PRD00509,PRD00504,0.814,collaborative,2023-09-08
PRD00510,PRD00511,0.9539,pagerank,2022-11-10
PRD00510,PRD00499,0.9001,collaborative,2024-04-15
PRD00510,PRD00517,0.6115,node-similarity,2024-09-06
PRD00511,PRD00513,0.6458,content-based,2024-07-28
PRD00511,PRD00512,0.6772,collaborative,2022-08-22
PRD00511,PRD00516,0.8169,pagerank,2025-01-31
PRD00512,PRD00507,0.6527,content-based,2024-04-14
PRD00512,PRD00510,0.964,pagerank,2025-09-12
PRD00513,PRD00521,0.9127,pagerank,2023-09-08
PRD00513,PRD00497,0.557,collaborative,2023-10-09
PRD00513,PRD00498,0.8223,pagerank,2025-08-29
PRD00514,PRD00497,0.7847,pagerank,2025-11-21
PRD00514,PRD00511,0.8924,hybrid,2023-01-30
PRD00514,PRD00506,0.667,pagerank,2025-06-01
PRD00515,PRD00522,0.8935,hybrid,2022-05-24
PRD00515,PRD00518,0.592,content-based,2024-07-10
PRD00516,PRD00520,0.5852,content-based,2023-04-16
PRD00516,PRD00503,0.7658,hybrid,2024-02-01
PRD00516,PRD00512,0.5755,content-based,2023-05-13
PRD00517,PRD00518,0.9277,pagerank,2025-07-03
PRD00517,PRD00509,0.8774,hybrid,2025-04-06
PRD00517,PRD00513,0.9378,node-similarity,2023-08-13
PRD00518,PRD00514,0.5505,content-based,2022-07-13
PRD00518,PRD00495,0.9348,hybrid,2022-01-25
PRD00518,PRD00502,0.6099,content-based,2022-08-21
PRD00519,PRD00495,0.8864,content-based,2023-07-30
PRD00519,PRD00521,0.8399,collaborative,2022-08-30
PRD00519,PRD00500,0.6715,node-similarity,2024-07-10
PRD00520,PRD00505,0.9493,pagerank,2023-12-06
PRD00520,PRD00506,0.5733,content-based,2025-11-28
PRD00520,PRD00509,0.864,node-similarity,2025-03-18
PRD00521,PRD00518,0.6814,content-based,2025-10-31
PRD00521,PRD00512,0.9852,node-similarity,2024-08-26
PRD00521,PRD00516,0.9407,content-based,2024-11-23
PRD00522,PRD00504,0.6562,pagerank,2023-01-21
PRD00522,PRD00509,0.8558,hybrid,2022-04-08
PRD00522,PRD00497,0.8089,node-similarity,2024-05-20
PRD00523,PRD00527,0.898,pagerank,2023-09-30
PRD00523,PRD00531,0.7548,content-based,2024-07-09
PRD00523,PRD00525,0.5678,content-based,2023-08-13
PRD00524,PRD00523,0.9476,collaborative,2024-01-05
PRD00524,PRD00535,0.676,pagerank,2025-06-28
PRD00524,PRD00531,0.7011,content-based,2024-04-20
PRD00525,PRD00533,0.6342,pagerank,2023-02-19
PRD00525,PRD00527,0.9513,content-based,2025-03-18
PRD00525,PRD00529,0.8775,pagerank,2023-11-21
PRD00526,PRD00534,0.8083,hybrid,2024-12-17
PRD00526,PRD00550,0.9424,hybrid,2023-01-17
PRD00526,PRD00537,0.9797,hybrid,2024-05-19
PRD00527,PRD00528,0.769,content-based,2025-10-24
PRD00527,PRD00524,0.766,hybrid,2024-12-19
PRD00527,PRD00543,0.6164,hybrid,2022-09-06
PRD00528,PRD00532,0.6615,collaborative,2024-02-19
PRD00528,PRD00544,0.6391,hybrid,2022-02-11
PRD00528,PRD00531,0.5855,node-similarity,2023-02-03
PRD00529,PRD00537,0.7148,collaborative,2024-02-07
PRD00529,PRD00523,0.8368,content-based,2023-11-13
PRD00529,PRD00547,0.7511,pagerank,2025-03-02
PRD00530,PRD00548,0.7715,pagerank,2025-12-15
PRD00530,PRD00545,0.6249,hybrid,2024-06-23
PRD00530,PRD00537,0.7052,node-similarity,2023-09-15
PRD00531,PRD00540,0.7333,collaborative,2022-05-31
PRD00531,PRD00539,0.6182,node-similarity,2024-09-05
PRD00531,PRD00546,0.823,hybrid,2023-03-01
PRD00532,PRD00535,0.7887,hybrid,2023-09-29
PRD00532,PRD00534,0.5547,node-similarity,2022-12-11
PRD00533,PRD00536,0.8671,content-based,2023-08-21
PRD00533,PRD00524,0.6703,content-based,2024-11-05
PRD00533,PRD00547,0.77,collaborative,2024-09-13
PRD00534,PRD00537,0.7644,node-similarity,2025-11-22
PRD00534,PRD00523,0.634,hybrid,2022-08-02
PRD00534,PRD00527,0.7367,collaborative,2023-02-10
PRD00535,PRD00525,0.8472,collaborative,2022-07-03
PRD00535,PRD00550,0.7741,hybrid,2025-11-17
PRD00535,PRD00538,0.5982,pagerank,2023-04-19
PRD00536,PRD00528,0.6722,pagerank,2023-03-15
PRD00536,PRD00542,0.8347,content-based,2022-07-10
PRD00536,PRD00526,0.9898,collaborative,2023-12-02
PRD00537,PRD00547,0.8403,node-similarity,2022-12-27
PRD00537,PRD00549,0.9233,content-based,2025-02-26
PRD00538,PRD00539,0.7855,node-similarity,2024-05-10
PRD00538,PRD00533,0.5885,content-based,2022-07-13
PRD00538,PRD00543,0.9209,pagerank,2023-01-09
PRD00539,PRD00526,0.762,pagerank,2023-08-24
PRD00539,PRD00542,0.8059,content-based,2023-12-26
PRD00540,PRD00549,0.8268,pagerank,2023-10-26
PRD00540,PRD00535,0.8984,hybrid,2022-11-30
PRD00540,PRD00524,0.5754,hybrid,2025-07-16
PRD00541,PRD00542,0.9507,content-based,2025-06-23
PRD00541,PRD00536,0.8986,hybrid,2023-01-15
PRD00541,PRD00551,0.7211,hybrid,2023-02-25
PRD00542,PRD00549,0.664,node-similarity,2024-12-20
PRD00542,PRD00525,0.8807,collaborative,2023-04-18
PRD00542,PRD00547,0.7368,node-similarity,2023-06-08
PRD00543,PRD00532,0.8581,hybrid,2025-02-24
PRD00543,PRD00539,0.7896,hybrid,2025-04-03
PRD00543,PRD00531,0.7765,pagerank,2022-09-02
PRD00544,PRD00527,0.5629,node-similarity,2024-12-10
PRD00544,PRD00529,0.9235,node-similarity,2022-07-07
PRD00544,PRD00536,0.6577,content-based,2023-05-11
PRD00545,PRD00546,0.7991,content-based,2022-12-29
PRD00545,PRD00550,0.605,node-similarity,2022-03-28
PRD00545,PRD00531,0.7387,node-similarity,2022-01-10
PRD00546,PRD00542,0.6863,hybrid,2023-07-07
PRD00546,PRD00525,0.7327,content-based,2024-11-09
PRD00546,PRD00536,0.6252,collaborative,2025-08-12
PRD00547,PRD00549,0.7318,collaborative,2025-03-09
PRD00547,PRD00545,0.8822,node-similarity,2025-09-17
PRD00547,PRD00530,0.5646,hybrid,2022-09-09
PRD00548,PRD00547,0.8243,node-similarity,2022-05-07
PRD00548,PRD00532,0.8963,pagerank,2025-01-12
PRD00548,PRD00549,0.7168,content-based,2025-03-27
PRD00549,PRD00529,0.6329,pagerank,2022-05-25
PRD00550,PRD00530,0.8176,hybrid,2022-02-13
PRD00550,PRD00536,0.7785,content-based,2022-09-05
PRD00550,PRD00538,0.6742,collaborative,2025-12-10
PRD00551,PRD00523,0.9192,node-similarity,2023-11-12
PRD00551,PRD00537,0.7579,pagerank,2023-07-16
PRD00551,PRD00533,0.966,node-similarity,2024-06-26
PRD00552,PRD00564,0.7789,node-similarity,2022-12-16
PRD00552,PRD00563,0.9875,node-similarity,2024-11-20
PRD00552,PRD00574,0.8372,content-based,2025-08-18
PRD00553,PRD00567,0.6727,collaborative,2022-11-06
PRD00553,PRD00557,0.5771,content-based,2025-01-25
PRD00553,PRD00556,0.9885,node-similarity,2024-11-26
PRD00554,PRD00572,0.5872,hybrid,2022-09-28
PRD00554,PRD00566,0.5939,pagerank,2023-11-16
PRD00554,PRD00574,0.9267,collaborative,2022-08-24
PRD00555,PRD00566,0.6253,node-similarity,2022-03-27
PRD00555,PRD00580,0.8723,collaborative,2025-03-22
PRD00555,PRD00576,0.8343,pagerank,2024-09-09
PRD00556,PRD00562,0.6843,hybrid,2023-08-01
PRD00556,PRD00574,0.8375,collaborative,2023-05-16
PRD00557,PRD00562,0.8995,hybrid,2022-07-29
PRD00557,PRD00567,0.9829,collaborative,2022-12-17
PRD00557,PRD00571,0.6044,collaborative,2022-02-18
PRD00558,PRD00580,0.5544,hybrid,2025-07-24
PRD00558,PRD00569,0.8934,hybrid,2022-03-11
PRD00558,PRD00557,0.7484,pagerank,2024-03-11
PRD00559,PRD00556,0.7449,pagerank,2024-02-03
PRD00559,PRD00555,0.5987,hybrid,2024-08-11
PRD00559,PRD00579,0.7725,node-similarity,2023-08-15
PRD00560,PRD00568,0.8538,pagerank,2024-09-03
PRD00560,PRD00564,0.6552,content-based,2025-08-26
PRD00560,PRD00554,0.9612,hybrid,2022-10-21
PRD00561,PRD00576,0.6002,hybrid,2022-05-31
PRD00561,PRD00570,0.9427,content-based,2023-03-09
PRD00561,PRD00571,0.8262,collaborative,2024-01-05
PRD00562,PRD00563,0.8676,hybrid,2022-09-06
PRD00562,PRD00578,0.9551,pagerank,2023-05-17
PRD00562,PRD00554,0.6354,content-based,2023-07-24
PRD00563,PRD00565,0.5579,content-based,2025-09-12
PRD00563,PRD00570,0.7187,node-similarity,2022-11-30
PRD00563,PRD00580,0.8013,content-based,2025-04-13
PRD00564,PRD00565,0.6879,collaborative,2022-01-07
PRD00564,PRD00563,0.8894,pagerank,2025-05-01
PRD00565,PRD00579,0.9488,hybrid,2025-03-12
PRD00565,PRD00573,0.6453,collaborative,2024-09-16
PRD00565,PRD00554,0.6742,node-similarity,2025-06-02
PRD00566,PRD00564,0.6769,hybrid,2022-11-28
PRD00566,PRD00569,0.9674,hybrid,2022-04-30
PRD00566,PRD00573,0.5652,hybrid,2022-12-10
PRD00567,PRD00572,0.5769,content-based,2022-05-20
PRD00567,PRD00563,0.5723,pagerank,2023-10-06
PRD00567,PRD00579,0.9478,pagerank,2022-09-24
PRD00568,PRD00562,0.6123,content-based,2025-12-27
PRD00568,PRD00574,0.737,node-similarity,2023-07-05
PRD00568,PRD00566,0.8112,pagerank,2023-11-29
PRD00569,PRD00579,0.8456,collaborative,2023-04-19
PRD00569,PRD00557,0.6707,pagerank,2023-03-21
PRD00569,PRD00561,0.7593,node-similarity,2023-04-18
PRD00570,PRD00564,0.8292,content-based,2022-01-07
PRD00570,PRD00568,0.911,content-based,2024-01-17
PRD00570,PRD00559,0.6025,node-similarity,2022-10-31
PRD00571,PRD00577,0.8581,collaborative,2025-07-11
PRD00571,PRD00568,0.9893,node-similarity,2022-06-19
PRD00571,PRD00574,0.5547,pagerank,2022-11-13
PRD00572,PRD00573,0.5825,pagerank,2024-08-16
PRD00572,PRD00561,0.848,hybrid,2024-05-02
PRD00572,PRD00579,0.6623,collaborative,2022-08-22
PRD00573,PRD00571,0.6512,hybrid,2025-02-08
PRD00573,PRD00567,0.8701,hybrid,2022-08-16
PRD00573,PRD00554,0.9744,node-similarity,2023-04-12
PRD00574,PRD00560,0.9824,collaborative,2025-07-03
PRD00574,PRD00578,0.5508,content-based,2025-02-05
PRD00574,PRD00567,0.6312,hybrid,2022-02-17
PRD00575,PRD00563,0.6676,node-similarity,2024-07-22
PRD00575,PRD00555,0.8462,pagerank,2023-08-05
PRD00575,PRD00565,0.6261,collaborative,2023-05-17
PRD00576,PRD00567,0.6836,pagerank,2025-03-09
PRD00576,PRD00557,0.6943,pagerank,2022-08-19
PRD00576,PRD00563,0.7446,pagerank,2024-12-28
PRD00577,PRD00566,0.7472,pagerank,2025-03-20
PRD00577,PRD00568,0.8172,content-based,2025-06-05
PRD00577,PRD00572,0.6736,collaborative,2023-10-30
PRD00578,PRD00577,0.6111,content-based,2025-12-16
PRD00578,PRD00569,0.5962,content-based,2025-06-06
PRD00578,PRD00572,0.9312,hybrid,2022-03-02
PRD00579,PRD00562,0.6038,collaborative,2024-01-15
PRD00579,PRD00571,0.6484,pagerank,2025-06-10
PRD00579,PRD00570,0.8512,node-similarity,2025-12-27
PRD00580,PRD00561,0.637,content-based,2024-06-28
PRD00580,PRD00577,0.8361,hybrid,2024-09-27
PRD00580,PRD00568,0.9494,hybrid,2024-04-25
PRD00581,PRD00589,0.9207,content-based,2024-09-29
PRD00581,PRD00598,0.5993,content-based,2023-07-08
PRD00581,PRD00586,0.8819,hybrid,2023-07-10
PRD00582,PRD00583,0.5651,collaborative,2023-08-10
PRD00582,PRD00613,0.7817,pagerank,2023-12-24
PRD00582,PRD00594,0.9298,pagerank,2022-03-25
PRD00583,PRD00602,0.8829,content-based,2025-12-10
PRD00583,PRD00597,0.608,hybrid,2022-10-04
PRD00583,PRD00604,0.7136,collaborative,2022-06-06
PRD00584,PRD00611,0.7137,collaborative,2025-02-16
PRD00584,PRD00587,0.8651,pagerank,2023-10-24
PRD00584,PRD00607,0.6641,collaborative,2024-09-19
PRD00585,PRD00599,0.6006,content-based,2022-03-13
PRD00585,PRD00597,0.9242,pagerank,2025-03-01
PRD00585,PRD00596,0.5988,node-similarity,2022-09-08
PRD00586,PRD00604,0.6286,pagerank,2024-11-10
PRD00586,PRD00603,0.818,node-similarity,2024-07-03
PRD00586,PRD00588,0.801,hybrid,2025-03-24
PRD00587,PRD00613,0.6983,pagerank,2022-04-15
PRD00587,PRD00582,0.9233,pagerank,2023-11-19
PRD00587,PRD00601,0.5616,hybrid,2025-01-25
PRD00588,PRD00584,0.6086,content-based,2023-05-13
PRD00588,PRD00589,0.5891,pagerank,2022-01-12
PRD00588,PRD00605,0.8184,node-similarity,2022-05-18
PRD00589,PRD00607,0.8619,collaborative,2025-08-07
PRD00589,PRD00590,0.569,collaborative,2022-01-29
PRD00589,PRD00602,0.7488,pagerank,2023-11-21
PRD00590,PRD00601,0.9583,pagerank,2023-12-02
PRD00590,PRD00608,0.9407,collaborative,2022-01-16
PRD00590,PRD00596,0.8233,hybrid,2024-09-03
PRD00591,PRD00604,0.8108,pagerank,2024-12-07
PRD00591,PRD00581,0.7026,hybrid,2022-09-30
PRD00591,PRD00607,0.6674,pagerank,2024-07-13
PRD00592,PRD00603,0.8144,pagerank,2022-01-11
PRD00592,PRD00606,0.5824,content-based,2022-06-08
PRD00592,PRD00584,0.7517,content-based,2024-04-30
PRD00593,PRD00592,0.9374,content-based,2024-01-13
PRD00593,PRD00595,0.8186,node-similarity,2022-01-15
PRD00593,PRD00610,0.8658,content-based,2024-02-20
PRD00594,PRD00609,0.7873,pagerank,2025-07-07
PRD00594,PRD00583,0.9727,content-based,2024-10-24
PRD00594,PRD00593,0.8666,hybrid,2025-08-19
PRD00595,PRD00608,0.8441,collaborative,2025-09-25
PRD00595,PRD00610,0.6236,node-similarity,2025-04-22
PRD00595,PRD00583,0.7421,pagerank,2022-11-08
PRD00596,PRD00589,0.7007,pagerank,2022-11-29
PRD00596,PRD00606,0.7341,hybrid,2025-08-14
PRD00596,PRD00591,0.601,pagerank,2023-12-25
PRD00597,PRD00611,0.5643,hybrid,2023-09-14
PRD00597,PRD00603,0.7023,collaborative,2025-06-23
PRD00597,PRD00584,0.9491,collaborative,2023-12-21
PRD00598,PRD00596,0.69,pagerank,2022-02-12
PRD00598,PRD00586,0.625,hybrid,2025-06-03
PRD00598,PRD00611,0.8656,hybrid,2024-06-02
PRD00599,PRD00602,0.5567,content-based,2023-04-12
PRD00599,PRD00607,0.8501,hybrid,2022-02-11
PRD00599,PRD00606,0.769,hybrid,2024-08-05
PRD00600,PRD00608,0.554,pagerank,2022-10-18
PRD00600,PRD00586,0.709,pagerank,2023-12-04
PRD00600,PRD00605,0.7835,content-based,2024-10-28
PRD00601,PRD00582,0.6939,node-similarity,2024-10-30
PRD00601,PRD00581,0.884,content-based,2025-04-24
PRD00601,PRD00598,0.9188,collaborative,2024-10-11
PRD00602,PRD00607,0.6232,collaborative,2022-05-17
PRD00602,PRD00590,0.8176,hybrid,2024-08-28
PRD00602,PRD00609,0.7617,content-based,2023-07-05
PRD00603,PRD00599,0.7674,content-based,2025-04-05
PRD00603,PRD00581,0.824,pagerank,2022-09-24
PRD00603,PRD00598,0.9306,content-based,2024-07-17
PRD00604,PRD00597,0.7209,pagerank,2024-04-29
PRD00604,PRD00587,0.8178,collaborative,2023-07-11
PRD00604,PRD00584,0.9217,pagerank,2022-01-03
PRD00605,PRD00584,0.6616,pagerank,2024-09-25
PRD00605,PRD00593,0.7088,content-based,2025-04-06
PRD00605,PRD00602,0.8239,collaborative,2022-05-04
PRD00606,PRD00602,0.5708,hybrid,2022-03-22
PRD00606,PRD00584,0.9894,node-similarity,2024-04-05
PRD00607,PRD00588,0.6283,collaborative,2024-09-08
PRD00607,PRD00610,0.7789,hybrid,2024-08-19
PRD00607,PRD00583,0.7029,pagerank,2025-10-18
PRD00608,PRD00594,0.7254,pagerank,2024-04-26
PRD00608,PRD00588,0.6641,hybrid,2024-08-14
PRD00609,PRD00583,0.7337,pagerank,2024-06-06
PRD00609,PRD00582,0.7816,hybrid,2025-12-23
PRD00610,PRD00613,0.8027,pagerank,2022-12-27
PRD00610,PRD00584,0.8291,hybrid,2025-08-05
PRD00610,PRD00591,0.7238,node-similarity,2023-01-07
PRD00611,PRD00610,0.8542,pagerank,2022-12-10
PRD00611,PRD00596,0.8452,content-based,2022-11-25
PRD00612,PRD00606,0.8999,node-similarity,2023-08-17
PRD00612,PRD00608,0.7113,hybrid,2023-07-09
PRD00612,PRD00583,0.6339,content-based,2022-02-21
PRD00613,PRD00602,0.7616,content-based,2025-01-02
PRD00613,PRD00599,0.7485,pagerank,2025-01-12
PRD00613,PRD00605,0.7765,content-based,2025-06-20
PRD00614,PRD00631,0.7061,pagerank,2024-03-04
PRD00614,PRD00639,0.9759,hybrid,2025-11-10
PRD00614,PRD00638,0.6795,content-based,2022-07-14
PRD00615,PRD00638,0.6412,node-similarity,2024-03-16
PRD00615,PRD00625,0.9274,collaborative,2025-05-07
PRD00615,PRD00628,0.9288,content-based,2025-07-25
PRD00616,PRD00628,0.8624,pagerank,2025-07-07
PRD00616,PRD00621,0.9842,content-based,2023-10-25
PRD00616,PRD00618,0.5674,pagerank,2022-07-13
PRD00617,PRD00619,0.8289,content-based,2025-10-19
PRD00617,PRD00640,0.9449,pagerank,2025-08-03
PRD00617,PRD00634,0.7624,content-based,2024-09-19
PRD00618,PRD00624,0.8477,collaborative,2022-09-02
PRD00618,PRD00626,0.9129,hybrid,2025-05-21
PRD00619,PRD00620,0.9564,node-similarity,2023-04-10
PRD00619,PRD00623,0.9781,collaborative,2025-04-18
PRD00619,PRD00630,0.7531,collaborative,2022-03-10
PRD00620,PRD00630,0.7993,content-based,2024-12-02
PRD00620,PRD00622,0.8132,pagerank,2025-05-10
PRD00620,PRD00637,0.8443,content-based,2024-06-24
PRD00621,PRD00636,0.7578,collaborative,2024-07-03
PRD00621,PRD00614,0.6235,collaborative,2025-06-21
PRD00621,PRD00632,0.6687,pagerank,2025-03-03
PRD00622,PRD00639,0.8292,hybrid,2025-12-04
PRD00622,PRD00633,0.9402,hybrid,2025-03-02
PRD00622,PRD00615,0.7507,hybrid,2023-10-17
PRD00623,PRD00640,0.6495,hybrid,2024-04-19
PRD00623,PRD00637,0.7222,node-similarity,2024-05-17
PRD00623,PRD00624,0.6557,collaborative,2022-11-30
PRD00624,PRD00614,0.8506,node-similarity,2025-03-05
PRD00624,PRD00635,0.7577,pagerank,2024-11-02
PRD00624,PRD00636,0.7682,hybrid,2024-08-02
PRD00625,PRD00621,0.5513,pagerank,2025-01-26
PRD00625,PRD00634,0.6731,hybrid,2022-06-15
PRD00625,PRD00637,0.9081,pagerank,2022-09-02
PRD00626,PRD00617,0.7348,hybrid,2022-08-28
PRD00626,PRD00621,0.6126,node-similarity,2025-06-09
PRD00626,PRD00615,0.8876,content-based,2025-02-06
PRD00627,PRD00635,0.7536,content-based,2023-06-12
PRD00627,PRD00622,0.8945,pagerank,2022-03-11
PRD00627,PRD00633,0.596,content-based,2024-01-30
PRD00628,PRD00621,0.9113,content-based,2025-05-22
PRD00628,PRD00623,0.6686,pagerank,2023-10-24
PRD00628,PRD00637,0.799,collaborative,2022-03-01
PRD00629,PRD00621,0.6585,collaborative,2022-12-15
PRD00629,PRD00637,0.8038,pagerank,2024-09-20
PRD00629,PRD00626,0.7327,collaborative,2022-04-27
PRD00630,PRD00618,0.8356,hybrid,2025-05-27
PRD00630,PRD00627,0.7621,pagerank,2025-04-21
PRD00630,PRD00614,0.8874,hybrid,2024-02-16
PRD00631,PRD00625,0.9171,content-based,2024-07-12
PRD00631,PRD00626,0.5951,node-similarity,2024-08-07
PRD00631,PRD00637,0.6723,content-based,2023-09-13
PRD00632,PRD00623,0.9756,hybrid,2025-12-01
PRD00632,PRD00624,0.7706,hybrid,2024-07-01
PRD00633,PRD00616,0.6711,content-based,2024-11-03
PRD00633,PRD00626,0.7718,collaborative,2022-04-17
PRD00633,PRD00634,0.7933,hybrid,2023-01-21
PRD00634,PRD00632,0.5994,pagerank,2024-02-27
PRD00634,PRD00621,0.9427,collaborative,2022-05-09
PRD00634,PRD00638,0.5976,content-based,2024-12-19
PRD00635,PRD00618,0.8548,pagerank,2023-12-16
PRD00635,PRD00619,0.9036,pagerank,2024-11-17
PRD00635,PRD00625,0.5715,content-based,2025-04-20
PRD00636,PRD00616,0.9144,collaborative,2022-05-09
PRD00636,PRD00637,0.6032,collaborative,2024-07-08
PRD00637,PRD00624,0.7195,pagerank,2023-03-03
PRD00637,PRD00630,0.8027,collaborative,2023-01-05
PRD00637,PRD00622,0.6647,node-similarity,2024-07-04
PRD00638,PRD00624,0.7134,pagerank,2025-07-15
PRD00638,PRD00631,0.8332,node-similarity,2025-08-07
PRD00638,PRD00630,0.6167,collaborative,2025-02-06
PRD00639,PRD00624,0.5751,collaborative,2025-03-06
PRD00639,PRD00623,0.6192,collaborative,2022-07-07
PRD00640,PRD00627,0.9744,hybrid,2022-07-04
PRD00640,PRD00641,0.9144,collaborative,2024-07-16
PRD00641,PRD00629,0.8456,pagerank,2023-01-25
PRD00641,PRD00617,0.7942,content-based,2025-06-18
PRD00641,PRD00637,0.6274,pagerank,2025-10-19
PRD00642,PRD00643,0.7294,collaborative,2022-02-07
PRD00642,PRD00664,0.8065,hybrid,2025-10-14
PRD00642,PRD00653,0.615,collaborative,2025-04-30
PRD00643,PRD00670,0.7366,hybrid,2023-10-29
PRD00643,PRD00648,0.9498,pagerank,2022-07-10
PRD00643,PRD00650,0.6243,node-similarity,2025-01-29
PRD00644,PRD00646,0.9338,pagerank,2025-11-08
PRD00644,PRD00670,0.8072,collaborative,2024-07-22
PRD00644,PRD00643,0.9822,collaborative,2022-02-05
PRD00645,PRD00656,0.7883,collaborative,2025-08-24
PRD00645,PRD00648,0.82,pagerank,2024-07-27
PRD00645,PRD00670,0.8836,node-similarity,2023-09-25
PRD00646,PRD00666,0.778,node-similarity,2023-03-04
PRD00646,PRD00653,0.735,node-similarity,2025-01-09
PRD00646,PRD00642,0.9333,node-similarity,2025-01-30
PRD00647,PRD00649,0.9042,node-similarity,2022-10-17
PRD00647,PRD00653,0.7692,content-based,2022-09-05
PRD00647,PRD00670,0.9755,content-based,2023-10-22
PRD00648,PRD00662,0.8007,content-based,2023-10-02
PRD00648,PRD00660,0.6086,node-similarity,2023-12-16
PRD00648,PRD00670,0.7905,collaborative,2022-08-07
PRD00649,PRD00661,0.8744,pagerank,2025-03-08
PRD00649,PRD00645,0.7309,node-similarity,2025-06-23
PRD00649,PRD00651,0.9669,node-similarity,2022-04-28
PRD00650,PRD00663,0.5677,content-based,2022-09-18
PRD00650,PRD00652,0.7718,hybrid,2022-10-06
PRD00650,PRD00648,0.5809,node-similarity,2023-02-04
PRD00651,PRD00666,0.8315,node-similarity,2023-11-19
PRD00651,PRD00656,0.6028,pagerank,2023-11-23
PRD00651,PRD00669,0.9893,pagerank,2023-01-26
PRD00652,PRD00667,0.6132,content-based,2023-08-30
PRD00652,PRD00663,0.6564,hybrid,2024-07-09
PRD00652,PRD00642,0.5896,pagerank,2022-11-18
PRD00653,PRD00660,0.8218,hybrid,2022-07-31
PRD00653,PRD00656,0.6746,hybrid,2022-06-24
PRD00654,PRD00643,0.9218,pagerank,2022-11-26
PRD00654,PRD00665,0.7835,node-similarity,2025-01-17
PRD00654,PRD00660,0.8681,collaborative,2022-08-14
PRD00655,PRD00654,0.571,pagerank,2025-05-23
PRD00655,PRD00658,0.7243,hybrid,2022-05-27
PRD00655,PRD00643,0.7022,pagerank,2025-03-03
PRD00656,PRD00668,0.5593,collaborative,2022-05-17
PRD00657,PRD00650,0.5972,collaborative,2025-06-10
PRD00657,PRD00652,0.6124,hybrid,2024-01-03
PRD00657,PRD00655,0.8565,hybrid,2024-05-16
PRD00658,PRD00645,0.8862,content-based,2024-10-27
PRD00658,PRD00662,0.8227,collaborative,2022-03-26
PRD00658,PRD00660,0.874,collaborative,2025-02-06
PRD00659,PRD00652,0.6636,node-similarity,2023-03-10
PRD00659,PRD00653,0.7021,node-similarity,2024-08-13
PRD00659,PRD00649,0.7688,collaborative,2024-06-23
PRD00660,PRD00661,0.9418,node-similarity,2023-09-22
PRD00660,PRD00649,0.7765,content-based,2025-11-17
PRD00661,PRD00651,0.8173,content-based,2024-05-11
PRD00661,PRD00666,0.9101,content-based,2023-05-27
PRD00661,PRD00652,0.9114,content-based,2025-06-19
PRD00662,PRD00661,0.7116,hybrid,2023-06-04
PRD00662,PRD00647,0.8202,content-based,2022-09-07
PRD00662,PRD00663,0.7592,collaborative,2024-11-06
PRD00663,PRD00648,0.8601,content-based,2023-03-21
PRD00663,PRD00645,0.5635,pagerank,2024-03-01
PRD00663,PRD00646,0.572,node-similarity,2022-10-25
PRD00664,PRD00669,0.9097,node-similarity,2022-05-24
PRD00664,PRD00650,0.8045,hybrid,2022-08-08
PRD00664,PRD00647,0.711,hybrid,2025-08-31
PRD00665,PRD00659,0.9815,collaborative,2023-10-18
PRD00665,PRD00662,0.7098,pagerank,2022-09-28
PRD00665,PRD00647,0.5523,pagerank,2025-07-19
PRD00666,PRD00647,0.8855,collaborative,2024-09-02
PRD00666,PRD00659,0.9337,content-based,2024-11-06
PRD00666,PRD00665,0.721,collaborative,2023-10-05
PRD00667,PRD00647,0.8499,node-similarity,2024-01-09
PRD00667,PRD00650,0.5817,content-based,2025-03-22
PRD00667,PRD00657,0.8906,node-similarity,2025-10-07
PRD00668,PRD00666,0.5692,collaborative,2025-10-28
PRD00668,PRD00663,0.6773,pagerank,2022-06-10
PRD00668,PRD00650,0.6775,hybrid,2025-11-06
PRD00669,PRD00649,0.629,pagerank,2022-03-21
PRD00669,PRD00650,0.5778,hybrid,2022-09-14
PRD00669,PRD00670,0.8044,node-similarity,2025-06-07
PRD00670,PRD00656,0.7982,content-based,2023-05-09
PRD00670,PRD00659,0.629,pagerank,2023-05-11
PRD00671,PRD00692,0.5744,collaborative,2024-10-28
PRD00671,PRD00674,0.769,hybrid,2022-05-01
PRD00671,PRD00693,0.5969,hybrid,2024-03-21
PRD00672,PRD00688,0.8897,content-based,2024-04-15
PRD00672,PRD00696,0.66,node-similarity,2025-02-13
PRD00672,PRD00678,0.9469,pagerank,2024-02-29
PRD00673,PRD00697,0.5623,content-based,2024-04-27
PRD00673,PRD00679,0.7724,hybrid,2025-03-08
PRD00673,PRD00677,0.8792,pagerank,2024-08-17
PRD00674,PRD00690,0.5702,node-similarity,2025-06-06
PRD00674,PRD00675,0.9346,pagerank,2023-09-12
PRD00674,PRD00679,0.8038,pagerank,2023-11-17
PRD00675,PRD00685,0.6027,hybrid,2022-09-12
PRD00675,PRD00686,0.7096,content-based,2025-01-03
PRD00676,PRD00699,0.9677,collaborative,2023-09-14
PRD00676,PRD00675,0.5895,node-similarity,2025-09-07
PRD00676,PRD00697,0.5902,pagerank,2025-08-21
PRD00677,PRD00693,0.9217,collaborative,2025-06-24
PRD00677,PRD00682,0.5921,node-similarity,2023-08-04
PRD00677,PRD00685,0.7433,pagerank,2023-05-19
PRD00678,PRD00674,0.7126,pagerank,2022-11-16
PRD00678,PRD00676,0.6666,node-similarity,2022-10-29
PRD00678,PRD00689,0.6284,node-similarity,2024-03-16
PRD00679,PRD00692,0.8656,content-based,2023-12-02
PRD00679,PRD00689,0.9121,content-based,2025-08-18
PRD00679,PRD00699,0.8616,pagerank,2024-01-22
PRD00680,PRD00679,0.5744,hybrid,2025-12-08
PRD00680,PRD00690,0.7755,hybrid,2023-08-08
PRD00680,PRD00698,0.8394,content-based,2025-11-27
PRD00681,PRD00682,0.8784,hybrid,2023-09-08
PRD00681,PRD00677,0.9695,collaborative,2024-06-23
PRD00681,PRD00680,0.5953,content-based,2022-09-21
PRD00682,PRD00672,0.5802,pagerank,2024-03-04
PRD00682,PRD00690,0.9317,content-based,2023-01-12
PRD00682,PRD00679,0.5765,collaborative,2024-11-06
PRD00683,PRD00693,0.5666,hybrid,2024-11-13
PRD00683,PRD00687,0.7847,collaborative,2024-01-08
PRD00683,PRD00689,0.9658,pagerank,2025-09-06
PRD00684,PRD00691,0.8674,pagerank,2024-06-11
PRD00684,PRD00698,0.8714,collaborative,2023-11-18
PRD00684,PRD00699,0.6116,collaborative,2023-08-04
PRD00685,PRD00683,0.8447,pagerank,2024-02-14
PRD00685,PRD00673,0.7745,node-similarity,2023-07-22
PRD00685,PRD00686,0.9018,hybrid,2024-01-27
PRD00686,PRD00695,0.8044,collaborative,2023-05-18
PRD00686,PRD00673,0.6007,hybrid,2022-08-09
PRD00686,PRD00689,0.863,pagerank,2025-01-18
PRD00687,PRD00694,0.8537,pagerank,2022-02-04
PRD00687,PRD00677,0.8951,pagerank,2024-05-11
PRD00687,PRD00699,0.872,collaborative,2023-11-30
PRD00688,PRD00680,0.6505,node-similarity,2023-03-17
PRD00688,PRD00671,0.8546,collaborative,2023-09-14
PRD00688,PRD00675,0.7806,hybrid,2024-08-21
PRD00689,PRD00671,0.588,node-similarity,2023-05-29
PRD00689,PRD00691,0.9032,pagerank,2024-11-14
PRD00689,PRD00694,0.7606,hybrid,2024-12-09
PRD00690,PRD00695,0.7935,collaborative,2023-03-27
PRD00690,PRD00673,0.77,content-based,2025-10-28
PRD00690,PRD00676,0.882,pagerank,2024-07-03
PRD00691,PRD00673,0.9872,collaborative,2022-05-13
PRD00691,PRD00699,0.8359,hybrid,2025-06-08
PRD00691,PRD00681,0.6178,pagerank,2025-09-01
PRD00692,PRD00686,0.8134,collaborative,2025-10-25
PRD00692,PRD00695,0.6309,content-based,2025-11-03
PRD00692,PRD00676,0.8251,pagerank,2025-12-31
PRD00693,PRD00696,0.697,pagerank,2024-04-24
PRD00693,PRD00676,0.757,hybrid,2022-09-05
PRD00694,PRD00675,0.967,pagerank,2025-02-23
PRD00694,PRD00693,0.6539,content-based,2025-11-14
PRD00694,PRD00677,0.8117,pagerank,2024-05-04
PRD00695,PRD00671,0.8938,content-based,2024-06-29
PRD00695,PRD00691,0.6932,node-similarity,2025-11-21
PRD00695,PRD00672,0.6709,pagerank,2023-01-10
PRD00696,PRD00699,0.828,pagerank,2022-03-24
PRD00696,PRD00698,0.8672,hybrid,2024-09-26
PRD00696,PRD00684,0.564,pagerank,2023-06-06
PRD00697,PRD00685,0.9849,pagerank,2024-08-25
PRD00697,PRD00688,0.6201,hybrid,2023-07-26
PRD00697,PRD00692,0.7095,hybrid,2022-07-01
PRD00698,PRD00687,0.7185,node-similarity,2025-11-29
PRD00698,PRD00690,0.6768,node-similarity,2022-07-29
PRD00698,PRD00671,0.7429,hybrid,2023-03-16
PRD00699,PRD00695,0.6603,content-based,2023-05-17
PRD00699,PRD00697,0.8252,hybrid,2023-08-20
PRD00700,PRD00729,0.615,hybrid,2022-12-27
PRD00700,PRD00712,0.956,pagerank,2022-06-01
PRD00700,PRD00707,0.901,node-similarity,2024-02-20
PRD00701,PRD00700,0.7898,content-based,2023-12-30
PRD00701,PRD00712,0.9258,node-similarity,2025-09-26
PRD00701,PRD00706,0.6029,collaborative,2024-06-13
PRD00702,PRD00728,0.5819,pagerank,2022-04-18
PRD00702,PRD00727,0.8295,content-based,2024-03-27
PRD00702,PRD00724,0.7025,content-based,2025-10-05
PRD00703,PRD00710,0.6135,hybrid,2022-09-27
PRD00703,PRD00700,0.5802,node-similarity,2024-01-16
PRD00703,PRD00723,0.8546,content-based,2023-11-29
PRD00704,PRD00706,0.9316,node-similarity,2022-09-30
PRD00704,PRD00727,0.7749,collaborative,2022-01-15
PRD00704,PRD00702,0.6349,pagerank,2025-02-23
PRD00705,PRD00723,0.9458,node-similarity,2024-12-29
PRD00705,PRD00722,0.766,node-similarity,2023-12-21
PRD00705,PRD00726,0.5893,content-based,2025-08-14
PRD00706,PRD00710,0.7254,collaborative,2023-03-09
PRD00706,PRD00708,0.7604,node-similarity,2022-07-27
PRD00706,PRD00731,0.7463,pagerank,2024-11-11
PRD00707,PRD00721,0.6272,node-similarity,2024-01-01
PRD00707,PRD00729,0.735,collaborative,2023-05-13
PRD00707,PRD00716,0.6218,hybrid,2022-03-04
PRD00708,PRD00703,0.5654,node-similarity,2024-12-17
PRD00708,PRD00709,0.5913,content-based,2025-10-19
PRD00708,PRD00702,0.584,pagerank,2022-06-02
PRD00709,PRD00717,0.8276,node-similarity,2023-05-25
PRD00709,PRD00720,0.7807,content-based,2025-02-26
PRD00709,PRD00707,0.7892,pagerank,2023-07-08
PRD00710,PRD00707,0.8693,content-based,2025-10-15
PRD00710,PRD00721,0.9472,pagerank,2022-01-26
PRD00711,PRD00700,0.7008,collaborative,2023-06-06
PRD00711,PRD00727,0.8537,pagerank,2024-08-16
PRD00711,PRD00729,0.6203,pagerank,2025-06-05
PRD00712,PRD00726,0.5877,content-based,2024-11-11
PRD00712,PRD00707,0.7081,content-based,2025-11-05
PRD00712,PRD00723,0.7804,hybrid,2023-04-10
PRD00713,PRD00703,0.8617,node-similarity,2022-01-07
PRD00713,PRD00731,0.8676,content-based,2024-05-07
PRD00713,PRD00723,0.6568,collaborative,2024-10-19
PRD00714,PRD00717,0.6486,content-based,2023-01-13
PRD00714,PRD00729,0.8586,node-similarity,2024-03-02
PRD00714,PRD00704,0.8259,content-based,2025-06-24
PRD00715,PRD00704,0.9134,hybrid,2022-11-19
PRD00715,PRD00714,0.6877,pagerank,2025-03-22
PRD00715,PRD00718,0.8828,hybrid,2024-08-31
PRD00716,PRD00718,0.7566,hybrid,2025-04-15
PRD00716,PRD00723,0.5832,node-similarity,2025-08-14
PRD00716,PRD00726,0.8139,content-based,2025-04-12
PRD00717,PRD00700,0.8765,content-based,2022-02-10
PRD00717,PRD00730,0.7167,collaborative,2022-01-21
PRD00717,PRD00711,0.8679,hybrid,2025-08-17
PRD00718,PRD00719,0.6932,pagerank,2025-04-17
PRD00718,PRD00730,0.8261,content-based,2024-05-19
PRD00718,PRD00706,0.6484,pagerank,2025-08-22
PRD00719,PRD00702,0.8123,collaborative,2024-10-21
PRD00719,PRD00720,0.6447,pagerank,2023-04-27
PRD00719,PRD00714,0.5791,pagerank,2022-01-13
PRD00720,PRD00716,0.5675,hybrid,2023-12-25
PRD00720,PRD00727,0.8191,node-similarity,2024-12-20
PRD00721,PRD00713,0.9832,pagerank,2023-07-18
PRD00721,PRD00711,0.6817,node-similarity,2025-03-15
PRD00721,PRD00723,0.7,node-similarity,2023-01-30
PRD00722,PRD00708,0.7105,node-similarity,2024-07-29
PRD00722,PRD00730,0.9484,pagerank,2025-03-29
PRD00722,PRD00700,0.9517,content-based,2022-05-06
PRD00723,PRD00719,0.6526,hybrid,2024-04-26
PRD00723,PRD00731,0.8903,node-similarity,2023-07-10
PRD00723,PRD00704,0.6058,pagerank,2022-12-11
PRD00724,PRD00727,0.8398,hybrid,2024-06-24
PRD00724,PRD00700,0.5501,collaborative,2022-06-14
PRD00724,PRD00712,0.5824,collaborative,2024-04-18
PRD00725,PRD00726,0.9194,hybrid,2022-03-24
PRD00725,PRD00710,0.8279,hybrid,2023-12-18
PRD00725,PRD00722,0.7209,node-similarity,2022-06-24
PRD00726,PRD00713,0.8474,content-based,2022-11-23
PRD00726,PRD00706,0.7018,pagerank,2022-06-07
PRD00726,PRD00715,0.8107,node-similarity,2023-06-02
PRD00727,PRD00729,0.8173,collaborative,2022-11-02
PRD00727,PRD00715,0.981,collaborative,2024-10-06
PRD00727,PRD00731,0.7417,hybrid,2025-02-24
PRD00728,PRD00719,0.7248,collaborative,2024-06-19
PRD00728,PRD00709,0.6781,node-similarity,2022-08-18
PRD00728,PRD00711,0.8235,node-similarity,2022-09-25
PRD00729,PRD00715,0.7026,pagerank,2024-03-25
PRD00729,PRD00722,0.7392,node-similarity,2024-10-01
PRD00730,PRD00726,0.8726,collaborative,2022-12-11
PRD00730,PRD00731,0.7659,hybrid,2024-02-09
PRD00731,PRD00717,0.8449,collaborative,2025-06-17
PRD00731,PRD00711,0.983,pagerank,2024-08-31
PRD00731,PRD00725,0.9469,pagerank,2025-07-01
PRD00732,PRD00762,0.9461,pagerank,2025-01-02
PRD00732,PRD00746,0.5871,collaborative,2023-02-09
PRD00732,PRD00760,0.9771,hybrid,2024-09-21
PRD00733,PRD00738,0.86,pagerank,2022-11-06
PRD00733,PRD00753,0.6967,node-similarity,2024-07-22
PRD00733,PRD00739,0.8172,pagerank,2022-04-25
PRD00734,PRD00762,0.6151,hybrid,2024-09-27
PRD00734,PRD00753,0.7319,pagerank,2025-04-17
PRD00734,PRD00748,0.6383,content-based,2024-11-18
PRD00735,PRD00736,0.7533,content-based,2022-08-14
PRD00735,PRD00733,0.8332,hybrid,2025-03-17
PRD00735,PRD00756,0.7176,collaborative,2024-03-07
PRD00736,PRD00760,0.8353,collaborative,2025-05-31
PRD00736,PRD00746,0.6443,hybrid,2025-03-14
PRD00736,PRD00756,0.6628,collaborative,2025-10-17
PRD00737,PRD00735,0.8813,node-similarity,2022-10-16
PRD00737,PRD00742,0.748,content-based,2024-02-05
PRD00737,PRD00758,0.7649,pagerank,2024-05-04
PRD00738,PRD00740,0.6469,collaborative,2024-03-21
PRD00738,PRD00757,0.9066,hybrid,2022-08-06
PRD00738,PRD00739,0.813,content-based,2024-05-04
PRD00739,PRD00748,0.9552,collaborative,2022-09-22
PRD00739,PRD00735,0.8068,content-based,2025-06-18
PRD00739,PRD00745,0.7139,content-based,2023-03-02
PRD00740,PRD00757,0.6043,content-based,2022-05-31
PRD00740,PRD00737,0.8501,content-based,2024-05-10
PRD00740,PRD00743,0.7091,collaborative,2023-07-01
PRD00741,PRD00759,0.815,hybrid,2022-03-22
PRD00741,PRD00743,0.7397,node-similarity,2022-12-28
PRD00741,PRD00733,0.7987,hybrid,2024-05-22
PRD00742,PRD00756,0.8912,hybrid,2022-07-04
PRD00742,PRD00735,0.8631,collaborative,2022-02-24
PRD00742,PRD00752,0.9142,collaborative,2024-11-19
PRD00743,PRD00754,0.9333,pagerank,2022-10-31
PRD00743,PRD00759,0.864,collaborative,2022-10-14
PRD00743,PRD00761,0.8148,pagerank,2025-12-08
PRD00744,PRD00739,0.7259,node-similarity,2025-03-26
PRD00744,PRD00735,0.7974,hybrid,2024-02-16
PRD00744,PRD00760,0.5609,hybrid,2023-07-08
PRD00745,PRD00735,0.665,hybrid,2025-02-13
PRD00745,PRD00756,0.816,node-similarity,2023-04-19
PRD00745,PRD00749,0.8716,hybrid,2022-11-23
PRD00746,PRD00745,0.6258,hybrid,2025-10-01
PRD00746,PRD00751,0.9032,hybrid,2023-06-21
PRD00747,PRD00756,0.6134,collaborative,2023-05-08
PRD00747,PRD00742,0.9208,pagerank,2022-02-18
PRD00747,PRD00735,0.7328,hybrid,2025-09-10
PRD00748,PRD00751,0.8181,collaborative,2024-10-25
PRD00748,PRD00732,0.674,hybrid,2023-06-22
PRD00749,PRD00759,0.6732,content-based,2022-06-28
PRD00749,PRD00737,0.7144,content-based,2023-01-26
PRD00749,PRD00752,0.7854,content-based,2022-11-02
PRD00750,PRD00757,0.8695,node-similarity,2024-05-28
PRD00750,PRD00746,0.7142,node-similarity,2022-06-07
PRD00750,PRD00754,0.7904,hybrid,2024-12-20
PRD00751,PRD00761,0.6698,pagerank,2022-04-11
PRD00751,PRD00747,0.576,collaborative,2022-08-05
PRD00752,PRD00738,0.8115,hybrid,2023-09-06
PRD00752,PRD00759,0.9235,pagerank,2024-11-17
PRD00753,PRD00761,0.7889,pagerank,2024-01-15
PRD00753,PRD00759,0.6718,hybrid,2025-09-02
PRD00753,PRD00756,0.7349,node-similarity,2024-09-15
PRD00754,PRD00742,0.9873,pagerank,2023-10-09
PRD00754,PRD00761,0.8844,pagerank,2022-09-29
PRD00754,PRD00747,0.8979,hybrid,2025-04-30
PRD00755,PRD00761,0.7022,pagerank,2024-10-01
PRD00755,PRD00739,0.8235,node-similarity,2024-06-17
PRD00755,PRD00751,0.6023,collaborative,2022-03-08
PRD00756,PRD00757,0.8745,pagerank,2024-08-12
PRD00756,PRD00739,0.9725,collaborative,2025-12-18
PRD00756,PRD00758,0.6264,hybrid,2024-06-16
PRD00757,PRD00758,0.6787,pagerank,2024-05-29
PRD00757,PRD00737,0.5834,hybrid,2024-10-17
PRD00758,PRD00739,0.9033,collaborative,2023-06-29
PRD00758,PRD00760,0.7581,pagerank,2022-12-07
PRD00758,PRD00755,0.6946,hybrid,2025-06-17
PRD00759,PRD00739,0.9297,node-similarity,2024-12-31
PRD00759,PRD00736,0.7993,node-similarity,2023-12-23
PRD00760,PRD00746,0.9126,pagerank,2023-07-09
PRD00760,PRD00762,0.7707,content-based,2022-10-19
PRD00761,PRD00748,0.7823,pagerank,2025-10-16
PRD00761,PRD00737,0.8295,node-similarity,2025-12-18
PRD00761,PRD00734,0.6158,node-similarity,2023-03-23
PRD00762,PRD00735,0.9579,hybrid,2022-10-27
PRD00762,PRD00736,0.858,collaborative,2022-08-27
PRD00762,PRD00754,0.9756,hybrid,2025-11-20
PRD00763,PRD00781,0.7839,hybrid,2023-04-17
PRD00763,PRD00770,0.8066,hybrid,2024-05-10
PRD00763,PRD00790,0.7278,node-similarity,2023-05-23
PRD00764,PRD00766,0.7578,pagerank,2025-12-28
PRD00764,PRD00783,0.8962,pagerank,2024-11-04
PRD00764,PRD00772,0.8445,hybrid,2022-06-05
PRD00765,PRD00770,0.9831,node-similarity,2025-11-10
PRD00765,PRD00766,0.776,hybrid,2022-02-07
PRD00765,PRD00771,0.678,collaborative,2022-05-26
PRD00766,PRD00782,0.7572,pagerank,2022-07-29
PRD00766,PRD00790,0.7182,collaborative,2022-02-24
PRD00766,PRD00787,0.7342,hybrid,2022-11-02
PRD00767,PRD00766,0.5848,hybrid,2025-12-05
PRD00767,PRD00768,0.9552,hybrid,2023-12-17
PRD00767,PRD00763,0.5628,collaborative,2022-05-19
PRD00768,PRD00784,0.6916,collaborative,2022-12-09
PRD00768,PRD00788,0.7576,hybrid,2025-12-19
PRD00768,PRD00776,0.7768,hybrid,2022-07-30
PRD00769,PRD00774,0.6978,node-similarity,2025-12-08
PRD00769,PRD00787,0.7817,node-similarity,2023-03-29
PRD00769,PRD00789,0.8859,node-similarity,2025-10-22
PRD00770,PRD00769,0.964,pagerank,2025-04-23
PRD00770,PRD00768,0.8827,hybrid,2022-01-24
PRD00770,PRD00772,0.6888,hybrid,2024-04-19
PRD00771,PRD00782,0.6523,pagerank,2023-02-25
PRD00771,PRD00773,0.846,hybrid,2024-03-08
PRD00771,PRD00786,0.9225,collaborative,2024-03-02
PRD00772,PRD00781,0.7187,pagerank,2022-02-06
PRD00772,PRD00782,0.7778,node-similarity,2024-12-06
PRD00772,PRD00774,0.9784,content-based,2022-01-26
PRD00773,PRD00774,0.7424,pagerank,2022-04-04
PRD00773,PRD00763,0.898,node-similarity,2024-10-25
PRD00773,PRD00772,0.9028,hybrid,2024-05-28
PRD00774,PRD00788,0.718,collaborative,2024-10-29
PRD00774,PRD00767,0.6049,content-based,2025-12-15
PRD00774,PRD00779,0.9752,collaborative,2022-05-21
PRD00775,PRD00773,0.9571,content-based,2022-09-18
PRD00775,PRD00763,0.9476,node-similarity,2024-06-21
PRD00775,PRD00779,0.9221,hybrid,2023-11-27
PRD00776,PRD00764,0.888,content-based,2025-07-14
PRD00776,PRD00772,0.9094,pagerank,2023-10-19
PRD00776,PRD00774,0.7755,collaborative,2023-01-07
PRD00777,PRD00782,0.645,content-based,2024-04-06
PRD00777,PRD00763,0.9733,hybrid,2024-07-28
PRD00777,PRD00769,0.9178,node-similarity,2023-07-13
PRD00778,PRD00783,0.6695,hybrid,2022-01-12
PRD00778,PRD00777,0.8625,content-based,2023-11-04
PRD00778,PRD00764,0.8888,content-based,2025-06-25
PRD00779,PRD00773,0.8607,pagerank,2023-07-02
PRD00779,PRD00781,0.967,hybrid,2024-09-28
PRD00779,PRD00783,0.5608,node-similarity,2024-01-24
PRD00780,PRD00769,0.7846,node-similarity,2024-01-11
PRD00780,PRD00764,0.8344,node-similarity,2023-10-14
PRD00780,PRD00766,0.7882,node-similarity,2025-03-23
PRD00781,PRD00783,0.7744,pagerank,2022-12-16
PRD00781,PRD00774,0.9572,collaborative,2022-01-11
PRD00781,PRD00782,0.803,node-similarity,2024-02-28
PRD00782,PRD00786,0.8776,node-similarity,2025-11-03
PRD00782,PRD00787,0.8988,node-similarity,2022-09-06
PRD00782,PRD00778,0.5762,pagerank,2023-07-22
PRD00783,PRD00772,0.7195,collaborative,2023-03-23
PRD00783,PRD00763,0.6593,content-based,2024-09-20
PRD00783,PRD00789,0.702,collaborative,2023-08-04
PRD00784,PRD00773,0.8367,collaborative,2023-05-17
PRD00784,PRD00769,0.7606,collaborative,2023-09-19
PRD00784,PRD00787,0.6769,pagerank,2024-12-09
PRD00785,PRD00771,0.754,pagerank,2025-01-28
PRD00785,PRD00763,0.5854,pagerank,2023-06-08
PRD00785,PRD00767,0.798,pagerank,2024-04-22
PRD00786,PRD00763,0.8572,hybrid,2022-10-10
PRD00786,PRD00770,0.9312,hybrid,2022-11-24
PRD00786,PRD00765,0.7563,pagerank,2025-11-11
PRD00787,PRD00770,0.7992,content-based,2023-05-23
PRD00787,PRD00778,0.9028,hybrid,2022-06-16
PRD00788,PRD00787,0.7111,hybrid,2024-01-30
PRD00788,PRD00780,0.942,hybrid,2022-12-06
PRD00789,PRD00765,0.9407,content-based,2025-12-12
PRD00789,PRD00779,0.9254,content-based,2022-07-14
PRD00789,PRD00787,0.8316,pagerank,2022-09-17
PRD00790,PRD00769,0.8212,hybrid,2025-06-24
PRD00790,PRD00789,0.6784,node-similarity,2024-06-01
PRD00791,PRD00810,0.8173,content-based,2022-04-27
PRD00791,PRD00812,0.5555,content-based,2023-01-02
PRD00791,PRD00792,0.9241,node-similarity,2022-04-07
PRD00792,PRD00815,0.8841,node-similarity,2024-09-26
PRD00792,PRD00812,0.9089,hybrid,2025-03-26
PRD00792,PRD00810,0.8201,collaborative,2022-03-21
PRD00793,PRD00791,0.8159,collaborative,2025-03-11
PRD00793,PRD00807,0.8681,hybrid,2023-08-27
PRD00793,PRD00800,0.6576,content-based,2024-06-08
PRD00794,PRD00798,0.6787,hybrid,2024-11-17
PRD00794,PRD00797,0.5961,pagerank,2022-03-07
PRD00794,PRD00799,0.7931,collaborative,2023-03-11
PRD00795,PRD00816,0.7777,hybrid,2024-07-06
PRD00795,PRD00815,0.8943,node-similarity,2024-02-14
PRD00795,PRD00796,0.5992,node-similarity,2024-04-07
PRD00796,PRD00815,0.6761,node-similarity,2024-01-21
PRD00796,PRD00816,0.5903,pagerank,2025-07-04
PRD00796,PRD00798,0.9434,content-based,2024-03-02
PRD00797,PRD00811,0.7958,node-similarity,2024-09-01
PRD00797,PRD00810,0.6553,pagerank,2024-07-24
PRD00797,PRD00819,0.7389,pagerank,2025-11-25
PRD00798,PRD00799,0.9342,node-similarity,2023-11-30
PRD00798,PRD00797,0.8679,hybrid,2022-03-24
PRD00798,PRD00818,0.7174,node-similarity,2022-09-06
PRD00799,PRD00804,0.8745,node-similarity,2022-08-30
PRD00799,PRD00800,0.7686,collaborative,2024-01-23
PRD00799,PRD00809,0.7885,content-based,2023-11-17
PRD00800,PRD00796,0.7612,hybrid,2025-11-14
PRD00800,PRD00792,0.9693,content-based,2025-10-03
PRD00800,PRD00809,0.8069,collaborative,2022-04-12
PRD00801,PRD00820,0.827,node-similarity,2022-05-12
PRD00801,PRD00795,0.6098,content-based,2025-08-11
PRD00801,PRD00814,0.92,node-similarity,2024-01-20
PRD00802,PRD00791,0.7697,content-based,2025-06-28
PRD00802,PRD00812,0.8547,collaborative,2025-04-04
PRD00802,PRD00800,0.7133,pagerank,2023-12-31
PRD00803,PRD00819,0.5661,content-based,2025-11-01
PRD00803,PRD00805,0.8181,pagerank,2023-12-11
PRD00803,PRD00807,0.6847,pagerank,2022-10-05
PRD00804,PRD00794,0.6304,hybrid,2023-07-03
PRD00804,PRD00815,0.9786,content-based,2023-10-29
PRD00804,PRD00803,0.8079,hybrid,2025-11-08
PRD00805,PRD00792,0.6869,node-similarity,2025-07-04
PRD00805,PRD00815,0.5731,content-based,2023-03-27
PRD00805,PRD00799,0.9761,pagerank,2025-05-17
PRD00806,PRD00814,0.6376,collaborative,2022-01-17
PRD00806,PRD00799,0.6981,pagerank,2024-11-06
PRD00806,PRD00793,0.9026,pagerank,2024-07-12
PRD00807,PRD00821,0.8905,hybrid,2025-04-12
PRD00808,PRD00813,0.5788,hybrid,2022-06-01
PRD00808,PRD00810,0.7326,collaborative,2025-11-18
PRD00808,PRD00805,0.8976,collaborative,2023-10-03
PRD00809,PRD00813,0.9447,content-based,2022-04-16
PRD00809,PRD00801,0.8016,hybrid,2024-02-25
PRD00809,PRD00820,0.8828,collaborative,2022-04-30
PRD00810,PRD00800,0.5723,content-based,2023-06-03
PRD00810,PRD00813,0.7915,collaborative,2025-09-08
PRD00811,PRD00795,0.5589,pagerank,2025-07-19
PRD00811,PRD00792,0.9779,pagerank,2023-12-24
PRD00811,PRD00816,0.6903,content-based,2023-09-01
PRD00812,PRD00800,0.7266,hybrid,2023-12-22
PRD00812,PRD00801,0.8766,pagerank,2024-04-15
PRD00812,PRD00797,0.6893,pagerank,2022-10-28
PRD00813,PRD00801,0.7045,pagerank,2024-07-05
PRD00813,PRD00794,0.7472,content-based,2024-03-17
PRD00813,PRD00802,0.9276,node-similarity,2023-12-10
PRD00814,PRD00812,0.6965,hybrid,2025-02-07
PRD00814,PRD00799,0.8579,node-similarity,2022-05-11
PRD00814,PRD00791,0.6674,collaborative,2023-08-26
PRD00815,PRD00813,0.6046,node-similarity,2022-03-18
PRD00815,PRD00801,0.8493,pagerank,2022-09-28
PRD00816,PRD00802,0.9211,hybrid,2023-11-30
PRD00816,PRD00792,0.9202,node-similarity,2024-09-12
PRD00816,PRD00815,0.8318,content-based,2024-01-02
PRD00817,PRD00818,0.9603,hybrid,2025-08-24
PRD00817,PRD00810,0.8465,collaborative,2022-02-03
PRD00817,PRD00793,0.9756,content-based,2024-03-04
PRD00818,PRD00796,0.6366,node-similarity,2025-12-03
PRD00818,PRD00806,0.6473,pagerank,2023-07-23
PRD00818,PRD00794,0.9149,collaborative,2023-06-15
PRD00819,PRD00792,0.8487,content-based,2022-05-09
PRD00819,PRD00812,0.587,content-based,2024-06-04
PRD00820,PRD00802,0.56,pagerank,2023-08-24
PRD00820,PRD00792,0.8286,collaborative,2024-07-15
PRD00820,PRD00810,0.9779,node-similarity,2022-06-28
PRD00821,PRD00806,0.9408,pagerank,2022-08-09
PRD00821,PRD00796,0.8483,pagerank,2022-11-16
PRD00821,PRD00820,0.6846,node-similarity,2022-06-22
PRD00822,PRD00841,0.9169,pagerank,2025-05-07
PRD00822,PRD00827,0.6625,collaborative,2024-02-15
PRD00822,PRD00845,0.9753,node-similarity,2025-03-25
PRD00823,PRD00849,0.921,node-similarity,2023-05-20
PRD00823,PRD00826,0.755,hybrid,2022-08-18
PRD00823,PRD00829,0.8776,content-based,2024-07-01
PRD00824,PRD00839,0.7112,collaborative,2025-07-06
PRD00824,PRD00849,0.7536,collaborative,2022-05-01
PRD00824,PRD00850,0.9873,node-similarity,2024-04-16
PRD00825,PRD00843,0.7744,hybrid,2023-12-27
PRD00825,PRD00846,0.7683,collaborative,2024-08-17
PRD00825,PRD00830,0.6634,hybrid,2022-09-19
PRD00826,PRD00846,0.9274,node-similarity,2024-04-09
PRD00826,PRD00830,0.7475,pagerank,2024-09-04
PRD00826,PRD00837,0.6171,content-based,2023-01-11
PRD00827,PRD00835,0.6094,content-based,2024-07-05
PRD00827,PRD00847,0.7656,content-based,2023-08-07
PRD00827,PRD00829,0.7457,node-similarity,2023-06-30
PRD00828,PRD00825,0.6311,pagerank,2024-05-23
PRD00828,PRD00827,0.5892,collaborative,2022-04-02
PRD00828,PRD00836,0.7225,pagerank,2024-08-25
PRD00829,PRD00847,0.8251,hybrid,2022-02-19
PRD00829,PRD00832,0.5703,collaborative,2023-04-12
PRD00829,PRD00840,0.7015,pagerank,2025-01-26
PRD00830,PRD00823,0.9047,hybrid,2024-12-10
PRD00830,PRD00848,0.9559,collaborative,2022-05-26
PRD00830,PRD00843,0.5654,content-based,2024-04-09
PRD00831,PRD00840,0.8654,pagerank,2025-02-15
PRD00831,PRD00822,0.9556,content-based,2025-05-20
PRD00831,PRD00845,0.8081,pagerank,2022-07-04
PRD00832,PRD00850,0.6776,content-based,2023-10-26
PRD00832,PRD00833,0.7356,hybrid,2022-07-09
PRD00832,PRD00837,0.8301,collaborative,2022-01-27
PRD00833,PRD00845,0.9052,collaborative,2025-09-08
PRD00833,PRD00834,0.9017,hybrid,2022-05-06
PRD00833,PRD00827,0.7237,pagerank,2025-11-26
PRD00834,PRD00830,0.9111,content-based,2024-07-31
PRD00834,PRD00832,0.6723,node-similarity,2023-07-24
PRD00834,PRD00840,0.9327,hybrid,2024-09-03
PRD00835,PRD00847,0.8666,content-based,2024-08-18
PRD00835,PRD00846,0.7045,node-similarity,2025-10-05
PRD00836,PRD00827,0.6149,collaborative,2022-02-12
PRD00836,PRD00846,0.9828,pagerank,2023-05-13
PRD00836,PRD00822,0.9134,hybrid,2025-08-23
PRD00837,PRD00849,0.6845,content-based,2025-09-04
PRD00837,PRD00827,0.8287,content-based,2024-08-16
PRD00837,PRD00831,0.6042,hybrid,2025-12-30
PRD00838,PRD00847,0.7965,content-based,2024-08-11
PRD00838,PRD00849,0.6811,hybrid,2022-08-31
PRD00838,PRD00826,0.9462,pagerank,2025-05-14
PRD00839,PRD00831,0.5564,collaborative,2025-08-25
PRD00839,PRD00825,0.8464,hybrid,2023-11-11
PRD00839,PRD00836,0.865,pagerank,2023-02-11
PRD00840,PRD00830,0.9013,content-based,2025-02-05
PRD00840,PRD00833,0.9441,content-based,2023-03-22
PRD00840,PRD00848,0.9785,pagerank,2025-04-24
PRD00841,PRD00850,0.8417,collaborative,2024-11-13
PRD00841,PRD00828,0.6778,collaborative,2024-04-23
PRD00841,PRD00848,0.7309,hybrid,2025-04-04
PRD00842,PRD00839,0.5861,pagerank,2023-03-11
PRD00842,PRD00830,0.7858,collaborative,2023-07-14
PRD00842,PRD00833,0.5611,collaborative,2024-07-03
PRD00843,PRD00845,0.8039,pagerank,2025-03-09
PRD00843,PRD00847,0.7082,hybrid,2022-10-23
PRD00843,PRD00842,0.6841,collaborative,2022-07-31
PRD00844,PRD00829,0.8656,collaborative,2025-07-22
PRD00844,PRD00825,0.7059,content-based,2025-05-15
PRD00844,PRD00834,0.821,content-based,2024-03-04
PRD00845,PRD00827,0.876,pagerank,2024-08-25
PRD00845,PRD00848,0.7423,hybrid,2022-04-18
PRD00845,PRD00832,0.6402,content-based,2023-07-31
PRD00846,PRD00843,0.9359,hybrid,2024-11-30
PRD00846,PRD00841,0.6016,content-based,2025-12-16
PRD00847,PRD00848,0.6886,pagerank,2025-08-04
PRD00847,PRD00849,0.7684,node-similarity,2022-03-17
PRD00848,PRD00844,0.5595,collaborative,2022-10-11
PRD00848,PRD00822,0.8071,collaborative,2023-10-25
PRD00848,PRD00826,0.7865,node-similarity,2022-11-09
PRD00849,PRD00840,0.941,content-based,2024-10-05
PRD00849,PRD00843,0.9598,node-similarity,2023-06-23
PRD00850,PRD00823,0.5765,content-based,2022-07-10
PRD00850,PRD00843,0.9279,collaborative,2022-12-13
PRD00850,PRD00849,0.8965,pagerank,2022-10-24
PRD00851,PRD00863,0.9821,pagerank,2024-10-06
PRD00851,PRD00856,0.6411,content-based,2025-02-11
PRD00851,PRD00859,0.907,hybrid,2023-12-01
PRD00852,PRD00878,0.6901,content-based,2025-03-24
PRD00852,PRD00870,0.6236,collaborative,2024-10-11
PRD00852,PRD00851,0.9004,pagerank,2025-07-30
PRD00853,PRD00860,0.6837,hybrid,2023-11-06
PRD00853,PRD00856,0.9046,node-similarity,2022-08-27
PRD00853,PRD00874,0.556,hybrid,2024-12-31
PRD00854,PRD00868,0.578,collaborative,2024-03-04
PRD00854,PRD00865,0.6127,pagerank,2024-02-19
PRD00854,PRD00859,0.8282,node-similarity,2022-11-05
PRD00855,PRD00874,0.6001,content-based,2022-10-11
PRD00855,PRD00864,0.5786,node-similarity,2025-10-27
PRD00855,PRD00854,0.7176,content-based,2022-08-25
PRD00856,PRD00854,0.8748,collaborative,2022-08-27
PRD00856,PRD00859,0.9837,pagerank,2022-04-12
PRD00856,PRD00873,0.6326,content-based,2022-03-14
PRD00857,PRD00864,0.9342,content-based,2024-09-24
PRD00857,PRD00858,0.6118,hybrid,2024-05-01
PRD00857,PRD00869,0.8742,pagerank,2023-12-30
PRD00858,PRD00870,0.8666,collaborative,2025-06-09
PRD00858,PRD00856,0.7367,collaborative,2022-01-19
PRD00859,PRD00872,0.966,node-similarity,2022-01-31
PRD00859,PRD00866,0.8858,collaborative,2022-10-15
PRD00859,PRD00865,0.6331,hybrid,2025-05-23
PRD00860,PRD00856,0.6888,collaborative,2022-08-19
PRD00860,PRD00865,0.6488,content-based,2022-05-16
PRD00860,PRD00852,0.8968,pagerank,2022-03-19
PRD00861,PRD00853,0.7613,content-based,2025-07-31
PRD00861,PRD00862,0.7874,content-based,2024-08-26
PRD00861,PRD00866,0.6155,collaborative,2023-09-22
PRD00862,PRD00877,0.5754,node-similarity,2024-12-14
PRD00862,PRD00870,0.7388,hybrid,2025-05-28
PRD00862,PRD00856,0.6925,collaborative,2024-07-09
PRD00863,PRD00853,0.8657,collaborative,2025-10-18
PRD00863,PRD00873,0.9201,collaborative,2025-07-06
PRD00863,PRD00867,0.7393,content-based,2023-11-20
PRD00864,PRD00869,0.9139,collaborative,2024-10-06
PRD00864,PRD00870,0.6909,node-similarity,2022-04-05
PRD00864,PRD00854,0.63,pagerank,2023-09-24
PRD00865,PRD00864,0.7888,content-based,2022-03-18
PRD00865,PRD00869,0.8544,hybrid,2025-04-03
PRD00866,PRD00852,0.9142,content-based,2025-07-18
PRD00866,PRD00867,0.8233,node-similarity,2023-08-26
PRD00866,PRD00869,0.6509,hybrid,2025-06-23
PRD00867,PRD00875,0.6993,hybrid,2024-12-20
PRD00867,PRD00864,0.6324,pagerank,2022-10-15
PRD00867,PRD00874,0.7439,content-based,2022-12-18
PRD00868,PRD00872,0.9721,collaborative,2023-06-08
PRD00868,PRD00865,0.9846,pagerank,2024-07-08
PRD00868,PRD00877,0.7815,pagerank,2024-08-20
PRD00869,PRD00854,0.6561,hybrid,2025-10-22
PRD00869,PRD00852,0.5813,pagerank,2025-05-23
PRD00869,PRD00878,0.8242,collaborative,2025-03-11
PRD00870,PRD00877,0.796,collaborative,2024-07-17
PRD00870,PRD00873,0.7918,pagerank,2023-06-13
PRD00871,PRD00870,0.5934,node-similarity,2022-05-17
PRD00871,PRD00864,0.7629,node-similarity,2023-10-10
PRD00871,PRD00872,0.7985,pagerank,2023-12-23
PRD00872,PRD00875,0.6653,collaborative,2025-06-25
PRD00872,PRD00857,0.9587,content-based,2025-04-01
PRD00873,PRD00853,0.9786,hybrid,2024-01-12
PRD00873,PRD00874,0.7346,hybrid,2022-10-16
PRD00873,PRD00868,0.9391,content-based,2025-08-09
PRD00874,PRD00864,0.6284,collaborative,2022-11-07
PRD00874,PRD00872,0.5919,pagerank,2023-05-06
PRD00875,PRD00873,0.9051,collaborative,2024-03-30
PRD00875,PRD00851,0.7082,pagerank,2024-02-22
PRD00875,PRD00869,0.8544,content-based,2023-06-12
PRD00876,PRD00857,0.7534,pagerank,2024-06-13
PRD00876,PRD00853,0.769,node-similarity,2024-03-28
PRD00876,PRD00860,0.6989,node-similarity,2024-09-09
PRD00877,PRD00876,0.9138,hybrid,2024-11-26
PRD00878,PRD00864,0.929,pagerank,2023-05-23
PRD00878,PRD00866,0.9141,collaborative,2025-04-21
PRD00878,PRD00856,0.7306,hybrid,2025-06-28
PRD00879,PRD00883,0.8208,collaborative,2024-11-24
PRD00879,PRD00894,0.6914,collaborative,2025-11-11
PRD00879,PRD00888,0.9018,hybrid,2023-08-30
PRD00880,PRD00893,0.587,node-similarity,2025-01-15
PRD00880,PRD00898,0.6492,content-based,2025-08-19
PRD00880,PRD00883,0.6546,pagerank,2023-11-08
PRD00881,PRD00888,0.7815,collaborative,2023-10-14
PRD00881,PRD00904,0.7786,hybrid,2024-01-07
PRD00881,PRD00889,0.834,hybrid,2023-03-18
PRD00882,PRD00885,0.6901,pagerank,2025-03-13
PRD00882,PRD00895,0.7082,node-similarity,2025-12-22
PRD00882,PRD00884,0.617,hybrid,2024-01-09
PRD00883,PRD00885,0.9766,pagerank,2025-07-25
PRD00883,PRD00884,0.88,node-similarity,2023-06-29
PRD00883,PRD00905,0.772,hybrid,2025-03-12
PRD00884,PRD00896,0.6839,pagerank,2024-04-08
PRD00884,PRD00899,0.8503,hybrid,2022-11-23
PRD00884,PRD00888,0.6938,collaborative,2023-07-12
PRD00885,PRD00891,0.6715,content-based,2025-03-13
PRD00885,PRD00904,0.8853,hybrid,2025-02-19
PRD00885,PRD00900,0.8024,node-similarity,2024-10-24
PRD00886,PRD00902,0.8224,hybrid,2023-04-30
PRD00886,PRD00903,0.73,collaborative,2024-06-08
PRD00886,PRD00883,0.6598,hybrid,2025-09-24
PRD00887,PRD00896,0.8731,pagerank,2023-03-26
PRD00887,PRD00895,0.788,hybrid,2025-02-14
PRD00887,PRD00886,0.8713,pagerank,2022-08-03
PRD00888,PRD00903,0.7886,hybrid,2024-11-24
PRD00888,PRD00899,0.8052,pagerank,2024-01-08
PRD00888,PRD00893,0.8393,pagerank,2023-04-28
PRD00889,PRD00882,0.6358,hybrid,2025-10-27
PRD00889,PRD00883,0.868,pagerank,2024-10-13
PRD00889,PRD00885,0.9879,node-similarity,2023-08-05
PRD00890,PRD00899,0.7821,hybrid,2025-05-12
PRD00890,PRD00880,0.9016,content-based,2022-05-12
PRD00890,PRD00892,0.9214,collaborative,2025-08-27
PRD00891,PRD00890,0.7323,node-similarity,2023-04-24
PRD00891,PRD00899,0.6413,content-based,2025-01-04
PRD00891,PRD00895,0.9209,content-based,2024-01-25
PRD00892,PRD00895,0.7782,hybrid,2023-12-12
PRD00892,PRD00893,0.9673,pagerank,2025-03-16
PRD00892,PRD00897,0.8132,hybrid,2024-08-14
PRD00893,PRD00895,0.5646,pagerank,2024-04-02
PRD00893,PRD00899,0.9078,collaborative,2025-09-11
PRD00893,PRD00886,0.6097,hybrid,2025-06-17
PRD00894,PRD00883,0.7007,content-based,2022-02-09
PRD00894,PRD00900,0.8739,pagerank,2022-06-05
PRD00894,PRD00893,0.8554,pagerank,2025-04-11
PRD00895,PRD00905,0.7596,hybrid,2025-04-13
PRD00895,PRD00880,0.6973,collaborative,2022-11-30
PRD00895,PRD00901,0.7918,hybrid,2024-05-07
PRD00896,PRD00892,0.6148,collaborative,2022-12-08
PRD00896,PRD00893,0.6309,hybrid,2025-06-05
PRD00896,PRD00894,0.8152,pagerank,2025-07-12
PRD00897,PRD00880,0.858,content-based,2025-11-17
PRD00897,PRD00882,0.6712,pagerank,2025-11-11
PRD00897,PRD00891,0.9247,collaborative,2023-11-14
PRD00898,PRD00883,0.6739,pagerank,2025-06-11
PRD00898,PRD00901,0.9439,content-based,2024-05-18
PRD00899,PRD00896,0.8137,hybrid,2025-11-22
PRD00899,PRD00894,0.757,hybrid,2023-05-06
PRD00900,PRD00892,0.5717,content-based,2024-09-09
PRD00900,PRD00880,0.6061,hybrid,2022-07-16
PRD00900,PRD00888,0.8579,content-based,2023-10-19
PRD00901,PRD00900,0.7162,content-based,2023-04-06
PRD00901,PRD00890,0.597,content-based,2024-03-04
PRD00901,PRD00885,0.8583,pagerank,2024-04-17
PRD00902,PRD00896,0.6209,node-similarity,2023-05-13
PRD00902,PRD00885,0.8293,pagerank,2022-02-19
PRD00902,PRD00890,0.7654,hybrid,2023-04-08
PRD00903,PRD00904,0.8833,hybrid,2025-02-12
PRD00904,PRD00896,0.7212,pagerank,2025-10-28
PRD00904,PRD00890,0.9052,collaborative,2024-01-04
PRD00905,PRD00891,0.6606,collaborative,2022-09-05
PRD00905,PRD00889,0.9582,pagerank,2024-03-11
PRD00906,PRD00938,0.5784,collaborative,2023-08-28
PRD00906,PRD00921,0.8995,node-similarity,2025-10-17
PRD00906,PRD00937,0.8277,collaborative,2022-04-09
PRD00907,PRD00925,0.9686,node-similarity,2024-03-04
PRD00907,PRD00916,0.6055,content-based,2025-02-20
PRD00907,PRD00908,0.7516,collaborative,2025-01-18
PRD00908,PRD00914,0.7018,content-based,2025-06-08
PRD00908,PRD00930,0.7628,collaborative,2023-12-14
PRD00908,PRD00919,0.5945,pagerank,2025-08-12
PRD00909,PRD00916,0.6058,content-based,2024-11-22
PRD00909,PRD00935,0.8746,collaborative,2025-06-07
PRD00909,PRD00938,0.9146,content-based,2024-09-30
PRD00910,PRD00931,0.6326,content-based,2023-11-04
PRD00910,PRD00926,0.9889,hybrid,2023-02-23
PRD00910,PRD00921,0.5762,content-based,2024-06-13
PRD00911,PRD00924,0.8457,pagerank,2023-09-15
PRD00911,PRD00937,0.8298,node-similarity,2023-02-03
PRD00911,PRD00922,0.6202,hybrid,2025-05-22
PRD00912,PRD00937,0.7694,content-based,2025-11-21
PRD00912,PRD00922,0.9579,node-similarity,2024-09-14
PRD00912,PRD00918,0.9038,content-based,2023-02-19
PRD00913,PRD00930,0.801,node-similarity,2023-03-26
PRD00913,PRD00931,0.7425,hybrid,2025-03-16
PRD00913,PRD00927,0.709,collaborative,2025-03-09
PRD00914,PRD00915,0.9407,pagerank,2022-08-01
PRD00914,PRD00923,0.9324,content-based,2022-09-22
PRD00914,PRD00930,0.9078,hybrid,2023-08-26
PRD00915,PRD00912,0.8333,pagerank,2022-05-07
PRD00915,PRD00919,0.8676,pagerank,2022-11-18
PRD00915,PRD00925,0.5765,collaborative,2022-11-27
PRD00916,PRD00936,0.6881,hybrid,2024-07-26
PRD00916,PRD00930,0.7772,content-based,2024-11-05
PRD00916,PRD00908,0.7677,hybrid,2023-03-10
PRD00917,PRD00920,0.5518,node-similarity,2022-04-06
PRD00917,PRD00928,0.9221,hybrid,2022-01-23
PRD00917,PRD00936,0.9417,hybrid,2024-04-10
PRD00918,PRD00910,0.8058,collaborative,2023-11-20
PRD00918,PRD00919,0.5749,content-based,2023-11-15
PRD00918,PRD00911,0.6132,node-similarity,2022-05-25
PRD00919,PRD00925,0.8911,collaborative,2023-05-28
PRD00919,PRD00938,0.7521,content-based,2022-06-14
PRD00919,PRD00917,0.8198,pagerank,2025-06-15
PRD00920,PRD00924,0.5655,hybrid,2025-10-20
PRD00920,PRD00927,0.9009,hybrid,2025-09-19
PRD00920,PRD00936,0.7561,pagerank,2024-01-17
PRD00921,PRD00918,0.7171,node-similarity,2022-11-30
PRD00921,PRD00908,0.8923,hybrid,2022-12-25
PRD00921,PRD00928,0.8811,pagerank,2025-09-04
PRD00922,PRD00932,0.8701,node-similarity,2023-12-28
PRD00922,PRD00933,0.6056,collaborative,2022-10-17
PRD00922,PRD00931,0.9196,pagerank,2022-07-24
PRD00923,PRD00916,0.8562,collaborative,2025-09-23
PRD00923,PRD00928,0.6875,pagerank,2025-05-05
PRD00923,PRD00931,0.8353,node-similarity,2023-09-25
PRD00924,PRD00925,0.9724,node-similarity,2025-09-05
PRD00924,PRD00916,0.913,hybrid,2023-05-23
PRD00924,PRD00918,0.7178,pagerank,2025-09-11
PRD00925,PRD00932,0.5761,node-similarity,2023-11-09
PRD00925,PRD00927,0.8982,hybrid,2023-10-09
PRD00925,PRD00922,0.8837,hybrid,2024-04-19
PRD00926,PRD00930,0.8437,collaborative,2025-01-08
PRD00926,PRD00916,0.6685,pagerank,2024-10-23
PRD00926,PRD00906,0.8742,node-similarity,2024-11-30
PRD00927,PRD00934,0.8686,content-based,2025-02-02
PRD00927,PRD00938,0.9842,collaborative,2024-11-01
PRD00927,PRD00912,0.8262,node-similarity,2022-12-13
PRD00928,PRD00920,0.5652,node-similarity,2025-09-05
PRD00928,PRD00924,0.9636,node-similarity,2024-09-08
PRD00929,PRD00932,0.6816,hybrid,2023-05-12
PRD00929,PRD00911,0.8789,collaborative,2023-02-25
PRD00929,PRD00917,0.8638,node-similarity,2025-02-20
PRD00930,PRD00918,0.579,hybrid,2023-01-20
PRD00930,PRD00935,0.7066,collaborative,2024-01-13
PRD00930,PRD00931,0.749,node-similarity,2023-07-19
PRD00931,PRD00928,0.9392,collaborative,2025-04-29
PRD00931,PRD00926,0.8004,hybrid,2023-10-06
PRD00931,PRD00918,0.8836,pagerank,2024-03-23
PRD00932,PRD00913,0.7018,node-similarity,2025-10-15
PRD00932,PRD00912,0.7217,content-based,2023-03-28
PRD00932,PRD00911,0.9544,collaborative,2022-06-10
PRD00933,PRD00921,0.8249,pagerank,2024-11-25
PRD00933,PRD00909,0.7304,hybrid,2025-10-05
PRD00933,PRD00920,0.7119,content-based,2025-01-15
PRD00934,PRD00925,0.8253,collaborative,2023-04-21
PRD00934,PRD00935,0.8919,hybrid,2024-02-18
PRD00934,PRD00921,0.579,collaborative,2024-10-03
PRD00935,PRD00932,0.7173,collaborative,2025-08-04
PRD00935,PRD00937,0.9044,pagerank,2024-02-01
PRD00935,PRD00916,0.6978,collaborative,2022-02-17
PRD00936,PRD00929,0.8376,collaborative,2022-01-23
PRD00936,PRD00925,0.6769,node-similarity,2025-09-05
PRD00936,PRD00912,0.8729,content-based,2025-03-29
PRD00937,PRD00922,0.6907,content-based,2025-10-16
PRD00937,PRD00930,0.8307,hybrid,2022-01-25
PRD00937,PRD00908,0.5517,content-based,2023-11-18
PRD00938,PRD00923,0.7099,collaborative,2024-09-30
PRD00938,PRD00920,0.702,collaborative,2025-06-15
PRD00938,PRD00930,0.7563,hybrid,2023-02-17
PRD00939,PRD00964,0.6767,pagerank,2025-05-04
PRD00939,PRD00945,0.825,content-based,2024-07-26
PRD00939,PRD00953,0.694,content-based,2025-11-27
PRD00940,PRD00961,0.9219,hybrid,2023-10-28
PRD00940,PRD00939,0.9131,pagerank,2022-10-03
PRD00940,PRD00963,0.8536,hybrid,2024-02-24
PRD00941,PRD00944,0.6309,content-based,2022-02-20
PRD00941,PRD00949,0.9668,node-similarity,2024-06-09
PRD00941,PRD00943,0.7409,content-based,2022-07-16
PRD00942,PRD00945,0.895,hybrid,2024-08-11
PRD00942,PRD00962,0.8282,hybrid,2023-02-21
PRD00942,PRD00954,0.8904,collaborative,2022-02-03
PRD00943,PRD00940,0.9223,node-similarity,2024-12-08
PRD00943,PRD00962,0.9353,hybrid,2023-08-29
PRD00943,PRD00939,0.5624,content-based,2025-03-24
PRD00944,PRD00954,0.8264,pagerank,2022-06-22
PRD00944,PRD00950,0.6432,content-based,2022-11-14
PRD00944,PRD00946,0.66,pagerank,2024-03-17
PRD00945,PRD00953,0.9067,collaborative,2022-02-19
PRD00945,PRD00956,0.7689,hybrid,2025-09-19
PRD00945,PRD00941,0.5704,pagerank,2023-06-26
PRD00946,PRD00953,0.7542,pagerank,2025-12-09
PRD00946,PRD00947,0.9702,pagerank,2022-10-14
PRD00946,PRD00948,0.8622,collaborative,2024-09-26
PRD00947,PRD00956,0.6212,node-similarity,2025-11-30
PRD00947,PRD00952,0.6426,pagerank,2024-04-28
PRD00947,PRD00960,0.8385,pagerank,2024-01-07
PRD00948,PRD00941,0.7254,pagerank,2023-12-23
PRD00948,PRD00944,0.7791,node-similarity,2024-01-18
PRD00948,PRD00955,0.6601,collaborative,2022-05-20
PRD00949,PRD00942,0.5696,node-similarity,2022-05-02
PRD00949,PRD00952,0.6655,node-similarity,2023-10-12
PRD00949,PRD00953,0.8899,hybrid,2024-09-17
PRD00950,PRD00942,0.5613,collaborative,2022-02-27
PRD00950,PRD00962,0.9857,collaborative,2024-06-15
PRD00951,PRD00947,0.9661,collaborative,2025-03-29
PRD00951,PRD00956,0.9444,pagerank,2025-09-18
PRD00951,PRD00946,0.8187,pagerank,2022-09-03
PRD00952,PRD00956,0.8937,node-similarity,2023-02-12
PRD00952,PRD00958,0.6022,collaborative,2022-05-20
PRD00953,PRD00964,0.7319,hybrid,2024-03-16
PRD00953,PRD00940,0.8302,pagerank,2022-11-11
PRD00953,PRD00965,0.9258,hybrid,2023-03-25
PRD00954,PRD00950,0.689,content-based,2025-05-12
PRD00954,PRD00949,0.5516,node-similarity,2023-02-01
PRD00954,PRD00943,0.7379,content-based,2025-07-04
PRD00955,PRD00962,0.7334,collaborative,2023-06-13
PRD00955,PRD00965,0.6504,node-similarity,2022-06-25
PRD00955,PRD00946,0.6403,content-based,2025-09-01
PRD00956,PRD00966,0.6794,pagerank,2022-01-24
PRD00956,PRD00959,0.7907,hybrid,2022-11-06
PRD00956,PRD00950,0.5524,hybrid,2022-08-29
PRD00957,PRD00964,0.9177,node-similarity,2023-09-03
PRD00957,PRD00940,0.6254,hybrid,2025-03-30
PRD00957,PRD00961,0.7956,hybrid,2023-08-11
PRD00958,PRD00942,0.78,hybrid,2024-03-24
PRD00958,PRD00961,0.8287,hybrid,2025-01-03
PRD00958,PRD00954,0.6992,node-similarity,2024-05-23
PRD00959,PRD00951,0.817,collaborative,2023-02-07
PRD00959,PRD00957,0.9216,node-similarity,2023-10-26
PRD00959,PRD00943,0.8199,content-based,2022-01-30
PRD00960,PRD00961,0.8952,hybrid,2023-05-05
PRD00960,PRD00946,0.5648,pagerank,2022-05-01
PRD00961,PRD00954,0.9732,hybrid,2025-06-11
PRD00961,PRD00945,0.9784,collaborative,2024-08-21
PRD00961,PRD00944,0.7374,hybrid,2023-02-19
PRD00962,PRD00966,0.8735,node-similarity,2023-11-14
PRD00962,PRD00944,0.6567,content-based,2022-12-15
PRD00962,PRD00958,0.5927,collaborative,2024-06-04
PRD00963,PRD00959,0.9599,node-similarity,2022-03-16
PRD00963,PRD00958,0.5661,node-similarity,2022-01-04
PRD00963,PRD00964,0.8689,pagerank,2025-09-09
PRD00964,PRD00942,0.9172,hybrid,2025-05-30
PRD00964,PRD00949,0.8761,pagerank,2024-06-24
PRD00964,PRD00940,0.756,collaborative,2022-03-25
PRD00965,PRD00951,0.6863,pagerank,2024-02-24
PRD00965,PRD00939,0.7545,collaborative,2024-07-24
PRD00965,PRD00959,0.5806,content-based,2023-09-08
PRD00966,PRD00965,0.5596,node-similarity,2025-11-18
PRD00966,PRD00939,0.9421,content-based,2023-09-13
PRD00967,PRD00972,0.8798,content-based,2022-10-09
PRD00967,PRD00978,0.6221,hybrid,2025-01-23
PRD00967,PRD00989,0.9647,node-similarity,2024-07-23
PRD00968,PRD00981,0.8772,hybrid,2024-09-13
PRD00968,PRD00970,0.5621,collaborative,2023-10-03
PRD00968,PRD00992,0.7729,node-similarity,2025-08-30
PRD00969,PRD00986,0.8758,hybrid,2025-12-01
PRD00969,PRD00993,0.8232,content-based,2022-02-07
PRD00969,PRD00992,0.7749,pagerank,2022-09-18
PRD00970,PRD00982,0.5999,content-based,2022-10-30
PRD00970,PRD00977,0.6698,pagerank,2023-09-17
PRD00970,PRD00980,0.7391,collaborative,2023-02-12
PRD00971,PRD00970,0.9882,pagerank,2024-05-12
PRD00971,PRD00968,0.7087,pagerank,2024-08-18
PRD00971,PRD00986,0.6881,hybrid,2022-05-04
PRD00972,PRD00973,0.8253,collaborative,2025-06-20
PRD00972,PRD00992,0.5947,hybrid,2022-08-06
PRD00972,PRD00985,0.6354,pagerank,2025-05-13
PRD00973,PRD00977,0.6778,collaborative,2024-10-09
PRD00973,PRD00988,0.7493,hybrid,2022-01-11
PRD00973,PRD00984,0.7862,pagerank,2024-05-25
PRD00974,PRD00991,0.7326,node-similarity,2025-09-09
PRD00974,PRD00983,0.5518,pagerank,2023-04-27
PRD00974,PRD00981,0.9305,pagerank,2024-04-29
PRD00975,PRD00986,0.8766,content-based,2025-08-22
PRD00975,PRD00971,0.6819,node-similarity,2022-03-20
PRD00975,PRD00967,0.8461,node-similarity,2024-10-15
PRD00976,PRD00978,0.8324,hybrid,2023-01-16
PRD00976,PRD00988,0.9838,hybrid,2022-09-20
PRD00976,PRD00974,0.7486,hybrid,2022-11-02
PRD00977,PRD00969,0.5708,node-similarity,2024-03-20
PRD00977,PRD00979,0.7748,pagerank,2024-08-20
PRD00977,PRD00990,0.7856,collaborative,2023-01-18
PRD00978,PRD00983,0.8353,content-based,2022-06-28
PRD00978,PRD00980,0.729,content-based,2022-11-09
PRD00979,PRD00981,0.6449,collaborative,2025-09-23
PRD00979,PRD00970,0.7072,pagerank,2024-05-17
PRD00979,PRD00992,0.7288,pagerank,2022-01-09
PRD00980,PRD00967,0.5924,hybrid,2022-10-12
PRD00980,PRD00984,0.8845,node-similarity,2022-11-30
PRD00980,PRD00979,0.5746,content-based,2024-08-09
PRD00981,PRD00975,0.7675,collaborative,2024-08-16
PRD00981,PRD00984,0.8419,node-similarity,2025-11-07
PRD00982,PRD00973,0.8303,collaborative,2022-09-23
PRD00982,PRD00981,0.8961,hybrid,2022-06-14
PRD00983,PRD00990,0.5534,pagerank,2022-06-19
PRD00983,PRD00968,0.7521,node-similarity,2022-06-01
PRD00984,PRD00986,0.9027,content-based,2022-10-16
PRD00984,PRD00967,0.5717,node-similarity,2025-01-11
PRD00985,PRD00984,0.7061,hybrid,2025-05-01
PRD00985,PRD00974,0.8081,content-based,2025-05-03
PRD00986,PRD00987,0.8716,collaborative,2024-11-20
PRD00986,PRD00967,0.6437,pagerank,2025-06-11
PRD00987,PRD00992,0.8757,pagerank,2025-12-25
PRD00987,PRD00993,0.8654,content-based,2022-04-19
PRD00987,PRD00984,0.7658,pagerank,2022-06-29
PRD00988,PRD00984,0.5726,pagerank,2024-01-17
PRD00988,PRD00972,0.6398,node-similarity,2024-10-05
PRD00988,PRD00992,0.6161,pagerank,2022-03-12
PRD00989,PRD00975,0.74,pagerank,2022-01-17
PRD00989,PRD00991,0.5915,pagerank,2025-06-27
PRD00989,PRD00984,0.9481,collaborative,2022-01-27
PRD00990,PRD00973,0.8174,hybrid,2025-07-16
PRD00990,PRD00974,0.8017,content-based,2025-12-30
PRD00990,PRD00968,0.7572,collaborative,2024-03-06
PRD00991,PRD00985,0.7911,content-based,2022-01-08
PRD00991,PRD00980,0.8598,content-based,2022-06-17
PRD00991,PRD00982,0.5596,hybrid,2023-09-20
PRD00992,PRD00980,0.5988,pagerank,2023-05-17
PRD00992,PRD00990,0.8967,hybrid,2023-06-08
PRD00992,PRD00975,0.6572,collaborative,2025-12-17
PRD00993,PRD00986,0.5582,content-based,2022-04-07
PRD00993,PRD00976,0.8389,pagerank,2023-11-26
PRD00993,PRD00991,0.8896,node-similarity,2022-10-03
PRD00994,PRD00997,0.9825,node-similarity,2025-02-21
PRD00994,PRD01010,0.7419,node-similarity,2024-03-28
PRD00994,PRD00995,0.6401,pagerank,2023-07-02
PRD00995,PRD01008,0.8389,content-based,2022-01-20
PRD00995,PRD01000,0.6667,collaborative,2024-01-24
PRD00995,PRD01012,0.6243,node-similarity,2024-12-30
PRD00996,PRD01014,0.6572,node-similarity,2022-12-22
PRD00996,PRD01007,0.8138,collaborative,2022-10-26
PRD00996,PRD01016,0.9661,content-based,2023-05-10
PRD00997,PRD00998,0.9423,node-similarity,2025-09-15
PRD00997,PRD01015,0.892,hybrid,2023-07-19
PRD00997,PRD01017,0.9882,pagerank,2022-04-22
PRD00998,PRD01005,0.861,pagerank,2025-06-16
PRD00998,PRD01018,0.5568,pagerank,2023-05-21
PRD00998,PRD01006,0.5942,hybrid,2024-12-21
PRD00999,PRD00994,0.8782,hybrid,2024-05-23
PRD00999,PRD00995,0.7619,pagerank,2024-12-08
PRD00999,PRD01010,0.8436,node-similarity,2024-01-07
PRD01000,PRD01014,0.7167,node-similarity,2024-07-29
PRD01000,PRD00996,0.6373,node-similarity,2025-10-29
PRD01000,PRD01005,0.7255,pagerank,2024-06-08
PRD01001,PRD01002,0.7055,content-based,2024-01-05
PRD01001,PRD01000,0.9082,hybrid,2024-04-25
PRD01001,PRD01015,0.8095,node-similarity,2024-04-30
PRD01002,PRD01012,0.6291,pagerank,2025-06-21
PRD01002,PRD01016,0.7693,node-similarity,2023-01-30
PRD01002,PRD01009,0.8976,hybrid,2023-07-25
PRD01003,PRD01010,0.6123,node-similarity,2025-08-23
PRD01003,PRD01005,0.6393,collaborative,2024-03-14
PRD01003,PRD01009,0.7071,pagerank,2025-05-02
PRD01004,PRD01019,0.7647,content-based,2025-07-09
PRD01004,PRD00999,0.7023,pagerank,2023-12-16
PRD01004,PRD00996,0.5591,hybrid,2023-03-27
PRD01005,PRD01017,0.829,hybrid,2024-09-29
PRD01005,PRD01007,0.5555,node-similarity,2023-12-20
PRD01006,PRD00999,0.6528,node-similarity,2025-09-11
PRD01006,PRD01016,0.5555,content-based,2025-05-08
PRD01006,PRD01002,0.7111,collaborative,2022-05-12
PRD01007,PRD01000,0.6925,collaborative,2024-01-10
PRD01007,PRD00995,0.9214,hybrid,2022-11-25
PRD01007,PRD00998,0.8607,collaborative,2022-06-25
PRD01008,PRD00999,0.8164,hybrid,2025-11-16
PRD01008,PRD00996,0.7352,content-based,2024-01-02
PRD01008,PRD01007,0.5686,node-similarity,2025-11-17
PRD01009,PRD01008,0.9254,collaborative,2023-04-14
PRD01009,PRD01019,0.7699,node-similarity,2024-06-16
PRD01009,PRD01001,0.9579,node-similarity,2025-12-28
PRD01010,PRD01011,0.7715,content-based,2022-12-15
PRD01010,PRD01008,0.791,content-based,2022-10-29
PRD01010,PRD01019,0.5808,pagerank,2024-05-22
PRD01011,PRD01007,0.6749,pagerank,2023-06-22
PRD01011,PRD00999,0.8308,content-based,2025-01-02
PRD01011,PRD01013,0.8515,collaborative,2022-11-10
PRD01012,PRD01005,0.6406,pagerank,2023-01-24
PRD01012,PRD01007,0.8329,content-based,2024-04-19
PRD01013,PRD00999,0.8115,collaborative,2024-01-02
PRD01013,PRD01019,0.7882,hybrid,2023-06-27
PRD01013,PRD01006,0.9853,node-similarity,2024-07-26
PRD01014,PRD01009,0.6681,collaborative,2025-08-25
PRD01014,PRD01012,0.5855,content-based,2022-03-16
PRD01014,PRD01015,0.6672,pagerank,2025-08-12
PRD01015,PRD01000,0.8137,hybrid,2022-04-07
PRD01015,PRD01003,0.5722,collaborative,2022-08-11
PRD01015,PRD01016,0.6268,hybrid,2022-07-24
PRD01016,PRD00998,0.8082,node-similarity,2024-01-26
PRD01016,PRD00995,0.7375,collaborative,2022-04-27
PRD01017,PRD01019,0.7569,collaborative,2022-09-20
PRD01017,PRD00995,0.9789,collaborative,2022-12-13
PRD01018,PRD01017,0.9764,hybrid,2023-03-12
PRD01018,PRD01004,0.6411,node-similarity,2022-12-04
PRD01019,PRD00999,0.7584,hybrid,2022-07-27
PRD01019,PRD00994,0.936,node-similarity,2024-03-14
PRD01020,PRD01028,0.9671,collaborative,2022-12-01
PRD01020,PRD01047,0.6415,node-similarity,2023-07-18
PRD01020,PRD01040,0.7887,collaborative,2024-02-04
PRD01021,PRD01020,0.7985,hybrid,2025-02-04
PRD01021,PRD01025,0.978,collaborative,2023-11-18
PRD01021,PRD01024,0.8196,pagerank,2022-02-26
PRD01022,PRD01042,0.9436,hybrid,2025-04-20
PRD01022,PRD01044,0.8505,hybrid,2024-09-12
PRD01022,PRD01023,0.7163,hybrid,2023-05-17
PRD01023,PRD01038,0.7404,collaborative,2025-01-16
PRD01023,PRD01045,0.5634,collaborative,2025-10-02
PRD01023,PRD01032,0.9212,pagerank,2023-01-23
PRD01024,PRD01049,0.754,content-based,2022-05-07
PRD01024,PRD01028,0.7299,collaborative,2025-03-28
PRD01025,PRD01035,0.6774,content-based,2025-12-13
PRD01025,PRD01046,0.6282,content-based,2022-01-31
PRD01025,PRD01032,0.6328,hybrid,2024-06-01
PRD01026,PRD01044,0.7167,content-based,2023-06-24
PRD01026,PRD01021,0.9818,hybrid,2025-05-21
PRD01026,PRD01035,0.9887,hybrid,2025-01-30
PRD01027,PRD01035,0.9317,collaborative,2023-02-12
PRD01027,PRD01024,0.5642,content-based,2025-07-19
PRD01027,PRD01020,0.957,hybrid,2022-05-07
PRD01028,PRD01035,0.7285,pagerank,2025-02-12
PRD01028,PRD01042,0.802,pagerank,2025-11-13
PRD01028,PRD01049,0.6185,collaborative,2025-09-23
PRD01029,PRD01022,0.6975,pagerank,2023-05-30
PRD01029,PRD01041,0.7271,hybrid,2025-09-03
PRD01029,PRD01031,0.9418,hybrid,2023-10-08
PRD01030,PRD01047,0.696,node-similarity,2023-04-17
PRD01030,PRD01037,0.8271,node-similarity,2024-09-09
PRD01030,PRD01028,0.9386,content-based,2025-05-28
PRD01031,PRD01041,0.8331,hybrid,2025-05-30
PRD01031,PRD01021,0.7878,collaborative,2022-02-11
PRD01031,PRD01037,0.9897,content-based,2024-02-10
PRD01032,PRD01043,0.8561,content-based,2022-04-21
PRD01032,PRD01035,0.7251,pagerank,2025-10-19
PRD01033,PRD01023,0.6591,pagerank,2024-04-14
PRD01033,PRD01030,0.9179,content-based,2024-06-03
PRD01033,PRD01024,0.6107,node-similarity,2023-08-03
PRD01034,PRD01038,0.5735,content-based,2023-01-25
PRD01034,PRD01047,0.8869,collaborative,2023-05-18
PRD01034,PRD01029,0.6573,content-based,2022-11-10
PRD01035,PRD01036,0.6958,pagerank,2022-07-04
PRD01036,PRD01048,0.888,hybrid,2025-12-14
PRD01036,PRD01041,0.8997,node-similarity,2025-09-23
PRD01036,PRD01024,0.883,content-based,2025-07-06
PRD01037,PRD01027,0.7698,collaborative,2025-02-12
PRD01037,PRD01023,0.7255,hybrid,2023-06-27
PRD01038,PRD01029,0.5638,content-based,2022-10-17
PRD01038,PRD01030,0.5816,hybrid,2024-03-17
PRD01038,PRD01026,0.7279,pagerank,2025-06-18
PRD01039,PRD01035,0.5952,collaborative,2022-07-27
PRD01039,PRD01031,0.6391,collaborative,2024-02-05
PRD01039,PRD01021,0.9412,node-similarity,2024-06-18
PRD01040,PRD01026,0.8323,collaborative,2025-12-16
PRD01040,PRD01023,0.8223,hybrid,2023-06-27
PRD01040,PRD01031,0.6082,hybrid,2024-07-10
PRD01041,PRD01048,0.6903,collaborative,2024-01-17
PRD01041,PRD01024,0.7908,node-similarity,2022-11-18
PRD01041,PRD01045,0.9184,collaborative,2023-01-16
PRD01042,PRD01031,0.948,content-based,2025-07-08
PRD01042,PRD01046,0.8385,pagerank,2024-12-05
PRD01042,PRD01039,0.9853,hybrid,2025-11-22
PRD01043,PRD01022,0.9277,collaborative,2024-07-19
PRD01043,PRD01020,0.7085,content-based,2022-08-19
PRD01043,PRD01049,0.7238,collaborative,2024-02-03
PRD01044,PRD01020,0.7133,hybrid,2022-08-26
PRD01044,PRD01045,0.7376,collaborative,2022-01-16
PRD01044,PRD01042,0.9054,hybrid,2022-12-27
PRD01045,PRD01040,0.7813,hybrid,2025-01-31
PRD01045,PRD01024,0.9799,pagerank,2023-01-02
PRD01046,PRD01036,0.8661,collaborative,2024-04-27
PRD01046,PRD01039,0.9129,pagerank,2022-09-18
PRD01046,PRD01020,0.9142,hybrid,2024-05-20
PRD01047,PRD01032,0.7769,collaborative,2024-10-12
PRD01047,PRD01025,0.571,content-based,2025-09-01
PRD01047,PRD01044,0.8006,content-based,2025-07-24
PRD01048,PRD01038,0.8061,collaborative,2023-02-19
PRD01048,PRD01034,0.823,hybrid,2024-11-26
PRD01049,PRD01048,0.7725,hybrid,2024-06-21
PRD01049,PRD01030,0.7466,pagerank,2022-12-14
PRD01049,PRD01035,0.9329,content-based,2025-04-23
PRD01050,PRD01045,0.6058,pagerank,2025-06-12
PRD01050,PRD01048,0.7407,collaborative,2024-05-30
PRD01050,PRD01038,0.8924,node-similarity,2022-03-11
PRD01051,PRD01079,0.7996,content-based,2025-10-11
PRD01051,PRD01055,0.9598,content-based,2024-04-14
PRD01051,PRD01069,0.9696,pagerank,2023-03-01
PRD01052,PRD01070,0.728,hybrid,2025-05-22
PRD01052,PRD01059,0.7958,node-similarity,2022-01-10
PRD01052,PRD01057,0.6298,pagerank,2024-08-02
PRD01053,PRD01077,0.8164,hybrid,2024-12-09
PRD01053,PRD01081,0.6916,hybrid,2023-02-25
PRD01053,PRD01073,0.6464,hybrid,2022-09-14
PRD01054,PRD01080,0.9846,collaborative,2022-03-16
PRD01054,PRD01081,0.5904,pagerank,2022-09-06
PRD01054,PRD01058,0.8174,pagerank,2023-11-07
PRD01055,PRD01067,0.652,collaborative,2023-05-07
PRD01055,PRD01059,0.7672,hybrid,2022-03-18
PRD01055,PRD01077,0.6251,node-similarity,2023-04-26
PRD01056,PRD01069,0.7529,content-based,2023-10-17
PRD01056,PRD01070,0.9484,collaborative,2024-12-19
PRD01056,PRD01059,0.6661,collaborative,2023-09-14
PRD01057,PRD01051,0.6665,node-similarity,2025-07-15
PRD01057,PRD01076,0.9118,node-similarity,2023-01-06
PRD01057,PRD01064,0.8267,node-similarity,2022-07-26
PRD01058,PRD01065,0.8309,pagerank,2024-02-29
PRD01058,PRD01051,0.7308,hybrid,2025-06-11
PRD01058,PRD01081,0.776,node-similarity,2022-11-29
PRD01059,PRD01062,0.6053,hybrid,2025-12-06
PRD01059,PRD01068,0.5994,node-similarity,2023-05-05
PRD01059,PRD01076,0.5795,content-based,2022-07-06
PRD01060,PRD01056,0.8591,hybrid,2023-05-11
PRD01060,PRD01081,0.5901,hybrid,2025-03-08
PRD01060,PRD01076,0.7241,hybrid,2023-10-05
PRD01061,PRD01058,0.9318,content-based,2025-02-20
PRD01061,PRD01070,0.9765,pagerank,2022-01-22
PRD01061,PRD01067,0.7106,node-similarity,2024-08-27
PRD01062,PRD01053,0.7625,content-based,2025-08-11
PRD01062,PRD01081,0.8249,pagerank,2023-08-28
PRD01062,PRD01064,0.7657,node-similarity,2023-08-27
PRD01063,PRD01081,0.9737,node-similarity,2023-03-25
PRD01063,PRD01061,0.6857,content-based,2023-05-05
PRD01063,PRD01070,0.6743,hybrid,2025-03-26
PRD01064,PRD01076,0.659,hybrid,2022-06-13
PRD01064,PRD01073,0.9879,content-based,2025-08-09
PRD01064,PRD01077,0.9745,pagerank,2022-10-12
PRD01065,PRD01070,0.7173,pagerank,2022-06-09
PRD01065,PRD01054,0.7974,content-based,2025-01-06
PRD01065,PRD01074,0.8139,content-based,2023-02-22
PRD01066,PRD01054,0.8683,collaborative,2025-01-05
PRD01066,PRD01070,0.7744,node-similarity,2025-07-18
PRD01066,PRD01063,0.897,content-based,2025-06-20
PRD01067,PRD01073,0.5693,collaborative,2022-05-10
PRD01067,PRD01065,0.6647,node-similarity,2023-02-19
PRD01067,PRD01060,0.5673,collaborative,2024-02-26
PRD01068,PRD01080,0.9037,collaborative,2023-04-27
PRD01068,PRD01051,0.985,pagerank,2024-09-25
PRD01068,PRD01063,0.9364,collaborative,2023-10-02
PRD01069,PRD01068,0.5993,content-based,2022-02-09
PRD01069,PRD01071,0.6525,pagerank,2024-06-11
PRD01069,PRD01061,0.7615,pagerank,2025-06-22
PRD01070,PRD01051,0.7443,collaborative,2023-03-03
PRD01070,PRD01054,0.792,content-based,2025-02-07
PRD01071,PRD01080,0.5926,pagerank,2024-01-12
PRD01071,PRD01058,0.5558,hybrid,2023-03-22
PRD01072,PRD01065,0.9434,collaborative,2024-11-30
PRD01072,PRD01062,0.6667,collaborative,2025-06-23
PRD01072,PRD01068,0.7421,content-based,2022-05-29
PRD01073,PRD01076,0.8973,pagerank,2023-01-08
PRD01073,PRD01057,0.9855,hybrid,2025-05-17
PRD01073,PRD01079,0.569,pagerank,2023-11-14
PRD01074,PRD01057,0.7896,node-similarity,2022-05-20
PRD01074,PRD01062,0.856,hybrid,2025-08-06
PRD01074,PRD01073,0.9348,pagerank,2022-06-11
PRD01075,PRD01052,0.8958,node-similarity,2025-04-30
PRD01075,PRD01065,0.6976,content-based,2022-05-10
PRD01075,PRD01073,0.7949,hybrid,2024-02-01
PRD01076,PRD01079,0.7704,hybrid,2024-10-27
PRD01076,PRD01070,0.6128,hybrid,2024-05-17
PRD01076,PRD01075,0.6339,hybrid,2025-09-24
PRD01077,PRD01059,0.6879,pagerank,2023-10-27
PRD01077,PRD01071,0.9343,collaborative,2024-08-11
PRD01077,PRD01070,0.697,pagerank,2023-06-10
PRD01078,PRD01072,0.8056,collaborative,2025-05-23
PRD01078,PRD01053,0.5789,node-similarity,2025-04-20
PRD01078,PRD01062,0.8207,content-based,2022-06-05
PRD01079,PRD01063,0.7938,pagerank,2022-08-23
PRD01079,PRD01056,0.6728,node-similarity,2025-05-25
PRD01079,PRD01069,0.7776,collaborative,2022-06-23
PRD01080,PRD01056,0.6911,collaborative,2023-02-28
PRD01080,PRD01067,0.6801,collaborative,2024-07-06
PRD01080,PRD01072,0.8528,pagerank,2022-02-15
PRD01081,PRD01069,0.6238,content-based,2024-03-18
PRD01081,PRD01072,0.8289,hybrid,2024-11-17
PRD01082,PRD01098,0.6859,hybrid,2025-07-06
PRD01082,PRD01111,0.7072,pagerank,2025-12-29
PRD01082,PRD01096,0.9039,pagerank,2024-08-26
PRD01083,PRD01114,0.6282,content-based,2022-07-30
PRD01083,PRD01101,0.6481,collaborative,2024-01-06
PRD01083,PRD01093,0.9788,collaborative,2023-03-05
PRD01084,PRD01113,0.8096,content-based,2022-09-12
PRD01084,PRD01096,0.638,content-based,2023-05-23
PRD01084,PRD01099,0.6194,content-based,2022-06-10
PRD01085,PRD01114,0.819,node-similarity,2025-04-12
PRD01085,PRD01106,0.6142,hybrid,2024-12-27
PRD01085,PRD01110,0.7599,collaborative,2024-01-06
PRD01086,PRD01102,0.5853,pagerank,2023-05-20
PRD01086,PRD01106,0.7422,hybrid,2023-08-25
PRD01086,PRD01100,0.825,pagerank,2023-08-01
PRD01087,PRD01108,0.9429,collaborative,2024-03-07
PRD01087,PRD01104,0.8896,node-similarity,2022-11-25
PRD01087,PRD01113,0.9805,hybrid,2023-07-16
PRD01088,PRD01096,0.5548,node-similarity,2025-01-26
PRD01088,PRD01110,0.8268,collaborative,2025-06-02
PRD01088,PRD01092,0.9485,collaborative,2025-10-02
PRD01089,PRD01090,0.6496,collaborative,2024-04-14
PRD01089,PRD01095,0.6877,collaborative,2022-12-17
PRD01089,PRD01109,0.6768,pagerank,2025-07-06
PRD01090,PRD01105,0.9625,content-based,2023-07-13
PRD01090,PRD01098,0.8054,node-similarity,2023-12-17
PRD01090,PRD01114,0.5781,collaborative,2024-10-05
PRD01091,PRD01086,0.6295,content-based,2024-03-15
PRD01091,PRD01084,0.829,pagerank,2023-03-27
PRD01091,PRD01088,0.6688,pagerank,2024-03-15
PRD01092,PRD01111,0.8994,node-similarity,2022-12-22
PRD01092,PRD01110,0.9239,hybrid,2025-11-09
PRD01093,PRD01104,0.8228,node-similarity,2023-03-22
PRD01093,PRD01085,0.822,hybrid,2023-07-21
PRD01093,PRD01100,0.713,collaborative,2024-03-15
PRD01094,PRD01098,0.8879,content-based,2023-06-16
PRD01094,PRD01090,0.7637,pagerank,2023-08-07
PRD01094,PRD01096,0.7885,node-similarity,2023-06-26
PRD01095,PRD01104,0.8493,node-similarity,2024-05-27
PRD01095,PRD01087,0.924,node-similarity,2024-10-19
PRD01095,PRD01112,0.7201,content-based,2024-12-09
PRD01096,PRD01111,0.6451,node-similarity,2022-03-05
PRD01096,PRD01105,0.9809,node-similarity,2025-08-02
PRD01096,PRD01090,0.7376,pagerank,2025-12-18
PRD01097,PRD01088,0.9311,pagerank,2022-02-13
PRD01097,PRD01086,0.6061,hybrid,2022-06-11
PRD01097,PRD01105,0.7275,pagerank,2022-09-20
PRD01098,PRD01105,0.8158,pagerank,2025-06-12
PRD01098,PRD01104,0.6758,pagerank,2024-12-16
PRD01098,PRD01095,0.7452,node-similarity,2025-11-25
PRD01099,PRD01082,0.7114,content-based,2022-10-16
PRD01099,PRD01111,0.9658,collaborative,2022-07-24
PRD01099,PRD01112,0.6995,collaborative,2023-09-29
PRD01100,PRD01099,0.9111,collaborative,2025-01-13
PRD01100,PRD01085,0.6423,content-based,2022-08-19
PRD01100,PRD01094,0.9402,hybrid,2025-03-23
PRD01101,PRD01090,0.8842,pagerank,2024-04-30
PRD01101,PRD01114,0.6563,collaborative,2025-08-14
PRD01101,PRD01087,0.5946,pagerank,2022-02-22
PRD01102,PRD01114,0.7509,node-similarity,2023-01-06
PRD01102,PRD01084,0.8172,hybrid,2024-09-02
PRD01102,PRD01103,0.9714,pagerank,2022-03-21
PRD01103,PRD01083,0.586,pagerank,2023-06-15
PRD01103,PRD01082,0.9832,hybrid,2022-01-27
PRD01103,PRD01104,0.7284,collaborative,2023-12-18
PRD01104,PRD01084,0.9609,collaborative,2022-05-09
PRD01104,PRD01086,0.6952,collaborative,2023-09-04
PRD01104,PRD01082,0.8762,content-based,2023-06-17
PRD01105,PRD01087,0.9395,node-similarity,2022-10-16
PRD01105,PRD01084,0.9621,content-based,2025-03-24
PRD01105,PRD01095,0.6199,collaborative,2024-06-09
PRD01106,PRD01096,0.8712,pagerank,2024-04-09
PRD01106,PRD01105,0.561,content-based,2023-07-09
PRD01106,PRD01114,0.6311,content-based,2023-04-16
PRD01107,PRD01084,0.6797,pagerank,2024-03-06
PRD01107,PRD01095,0.6808,content-based,2022-11-29
PRD01107,PRD01090,0.7161,content-based,2023-05-18
PRD01108,PRD01096,0.9401,node-similarity,2025-05-03
PRD01108,PRD01088,0.7604,content-based,2024-07-02
PRD01108,PRD01093,0.9036,node-similarity,2022-04-24
PRD01109,PRD01102,0.6067,hybrid,2025-11-07
PRD01109,PRD01087,0.8646,pagerank,2025-12-28
PRD01109,PRD01112,0.9656,collaborative,2023-10-10
PRD01110,PRD01105,0.7158,collaborative,2025-11-27
PRD01110,PRD01111,0.9566,content-based,2025-05-12
PRD01111,PRD01094,0.9532,node-similarity,2024-09-23
PRD01111,PRD01091,0.9716,node-similarity,2022-05-29
PRD01111,PRD01105,0.7605,content-based,2025-07-22
PRD01112,PRD01105,0.8643,collaborative,2025-11-29
PRD01112,PRD01089,0.9031,node-similarity,2025-03-03
PRD01113,PRD01112,0.9847,node-similarity,2022-10-08
PRD01113,PRD01109,0.6849,node-similarity,2024-10-28
PRD01113,PRD01107,0.9525,collaborative,2023-05-19
PRD01114,PRD01095,0.6842,hybrid,2024-08-04
PRD01114,PRD01112,0.8736,content-based,2022-07-27
PRD01114,PRD01088,0.7272,pagerank,2024-01-02
PRD01115,PRD01142,0.7756,pagerank,2023-10-16
PRD01115,PRD01121,0.9196,content-based,2023-07-28
PRD01115,PRD01144,0.6514,content-based,2023-04-24
PRD01116,PRD01120,0.9627,node-similarity,2022-06-11
PRD01116,PRD01132,0.7093,content-based,2022-10-04
PRD01116,PRD01141,0.626,content-based,2023-09-05
PRD01117,PRD01118,0.9198,node-similarity,2024-09-02
PRD01117,PRD01136,0.792,node-similarity,2025-10-15
PRD01117,PRD01130,0.7257,collaborative,2025-07-03
PRD01118,PRD01142,0.672,node-similarity,2024-08-10
PRD01118,PRD01126,0.7121,hybrid,2023-03-01
PRD01118,PRD01125,0.9642,pagerank,2023-10-05
PRD01119,PRD01134,0.8923,pagerank,2025-09-19
PRD01119,PRD01141,0.9056,node-similarity,2022-01-18
PRD01119,PRD01121,0.8198,node-similarity,2025-10-03
PRD01120,PRD01144,0.5963,node-similarity,2022-09-16
PRD01120,PRD01117,0.8263,collaborative,2023-06-05
PRD01120,PRD01134,0.6725,hybrid,2022-09-06
PRD01121,PRD01143,0.8661,hybrid,2024-11-23
PRD01121,PRD01117,0.6587,hybrid,2024-09-25
PRD01121,PRD01124,0.6494,content-based,2024-09-02
PRD01122,PRD01138,0.9704,pagerank,2022-10-18
PRD01122,PRD01126,0.7951,pagerank,2025-10-29
PRD01122,PRD01130,0.7862,collaborative,2023-11-30
PRD01123,PRD01137,0.714,node-similarity,2022-09-16
PRD01123,PRD01141,0.9507,node-similarity,2022-12-06
PRD01123,PRD01126,0.7111,collaborative,2023-11-12
PRD01124,PRD01144,0.7566,pagerank,2022-05-02
PRD01124,PRD01127,0.5955,pagerank,2025-03-04
PRD01124,PRD01119,0.6375,collaborative,2023-11-16
PRD01125,PRD01139,0.9494,node-similarity,2025-10-29
PRD01125,PRD01116,0.8221,node-similarity,2023-11-22
PRD01125,PRD01124,0.8152,content-based,2025-07-02
PRD01126,PRD01136,0.8004,pagerank,2025-10-22
PRD01126,PRD01143,0.7066,hybrid,2024-05-29
PRD01127,PRD01138,0.5619,hybrid,2025-07-12
PRD01127,PRD01125,0.6113,node-similarity,2022-12-08
PRD01127,PRD01130,0.9032,content-based,2022-03-18
PRD01128,PRD01117,0.658,pagerank,2023-05-24
PRD01128,PRD01120,0.7411,pagerank,2022-03-19
PRD01128,PRD01121,0.8841,node-similarity,2025-06-13
PRD01129,PRD01143,0.8047,pagerank,2024-10-22
PRD01129,PRD01123,0.8662,collaborative,2023-07-08
PRD01129,PRD01139,0.8813,collaborative,2023-12-27
PRD01130,PRD01145,0.7338,content-based,2023-05-16
PRD01130,PRD01115,0.5715,collaborative,2022-06-01
PRD01131,PRD01135,0.6549,content-based,2025-01-22
PRD01131,PRD01138,0.5943,node-similarity,2022-03-25
PRD01131,PRD01136,0.6938,node-similarity,2022-09-25
PRD01132,PRD01126,0.9812,collaborative,2023-05-03
PRD01132,PRD01127,0.6032,collaborative,2024-11-28
PRD01132,PRD01136,0.943,pagerank,2025-07-30
PRD01133,PRD01137,0.6391,hybrid,2024-09-13
PRD01133,PRD01143,0.8242,node-similarity,2024-04-22
PRD01133,PRD01121,0.7537,content-based,2023-09-30
PRD01134,PRD01116,0.8447,pagerank,2023-10-04
PRD01134,PRD01136,0.7282,content-based,2023-03-15
PRD01134,PRD01117,0.953,pagerank,2022-04-08
PRD01135,PRD01144,0.8344,hybrid,2024-08-23
PRD01135,PRD01140,0.6519,hybrid,2023-06-10
PRD01135,PRD01141,0.7883,collaborative,2023-08-14
PRD01136,PRD01139,0.8967,node-similarity,2024-08-16
PRD01136,PRD01143,0.7507,node-similarity,2024-01-06
PRD01137,PRD01135,0.7139,node-similarity,2024-07-26
PRD01137,PRD01126,0.7808,content-based,2022-07-14
PRD01137,PRD01119,0.9069,pagerank,2023-08-13
PRD01138,PRD01123,0.575,pagerank,2025-09-22
PRD01138,PRD01140,0.7831,node-similarity,2023-09-26
PRD01138,PRD01116,0.6775,pagerank,2024-01-24
PRD01139,PRD01116,0.9754,collaborative,2025-08-16
PRD01139,PRD01119,0.8059,node-similarity,2023-11-10
PRD01139,PRD01121,0.76,collaborative,2023-05-16
PRD01140,PRD01141,0.7231,node-similarity,2024-11-01
PRD01140,PRD01145,0.6711,node-similarity,2024-06-27
PRD01140,PRD01133,0.6568,hybrid,2024-08-28
PRD01141,PRD01128,0.6147,pagerank,2024-07-11
PRD01141,PRD01130,0.6555,collaborative,2024-01-03
PRD01142,PRD01144,0.6019,pagerank,2022-03-23
PRD01142,PRD01145,0.7735,collaborative,2023-02-15
PRD01142,PRD01131,0.764,pagerank,2023-03-30
PRD01143,PRD01120,0.8179,hybrid,2023-09-25
PRD01143,PRD01123,0.8587,node-similarity,2022-10-20
PRD01143,PRD01142,0.6863,node-similarity,2025-03-01
PRD01144,PRD01121,0.6701,pagerank,2025-02-05
PRD01144,PRD01130,0.8573,node-similarity,2023-05-07
PRD01145,PRD01122,0.9281,node-similarity,2025-06-05
PRD01145,PRD01144,0.9534,content-based,2023-06-26
PRD01145,PRD01129,0.699,collaborative,2022-08-16
PRD01146,PRD01151,0.8239,pagerank,2022-03-27
PRD01146,PRD01162,0.5917,hybrid,2024-11-21
PRD01146,PRD01147,0.6594,collaborative,2022-06-13
PRD01147,PRD01166,0.7564,hybrid,2022-07-20
PRD01147,PRD01151,0.7497,content-based,2024-01-16
PRD01148,PRD01149,0.9249,node-similarity,2023-11-16
PRD01148,PRD01154,0.7479,collaborative,2025-06-12
PRD01148,PRD01147,0.669,node-similarity,2025-11-22
PRD01149,PRD01160,0.8174,collaborative,2022-03-01
PRD01149,PRD01159,0.9105,collaborative,2023-03-16
PRD01149,PRD01169,0.8957,collaborative,2022-10-22
PRD01150,PRD01162,0.8583,content-based,2024-12-18
PRD01150,PRD01148,0.7832,hybrid,2022-11-01
PRD01150,PRD01149,0.5939,hybrid,2025-01-29
PRD01151,PRD01161,0.8614,pagerank,2023-05-22
PRD01151,PRD01152,0.5622,hybrid,2022-07-08
PRD01151,PRD01155,0.9152,hybrid,2023-10-01
PRD01152,PRD01155,0.5934,hybrid,2025-11-26
PRD01152,PRD01147,0.6644,collaborative,2025-03-03
PRD01152,PRD01167,0.9595,content-based,2023-05-02
PRD01153,PRD01166,0.5747,collaborative,2025-07-26
PRD01153,PRD01148,0.7118,pagerank,2024-03-24
PRD01153,PRD01150,0.6624,pagerank,2024-04-20
PRD01154,PRD01151,0.9454,collaborative,2023-11-14
PRD01154,PRD01165,0.5527,hybrid,2025-10-21
PRD01154,PRD01162,0.7941,hybrid,2024-05-07
PRD01155,PRD01165,0.8747,collaborative,2023-05-03
PRD01155,PRD01168,0.5522,node-similarity,2025-08-04
PRD01156,PRD01151,0.8512,hybrid,2025-01-29
PRD01156,PRD01155,0.8376,content-based,2023-11-02
PRD01156,PRD01165,0.9333,pagerank,2024-11-01
PRD01157,PRD01151,0.8857,hybrid,2022-12-23
PRD01157,PRD01159,0.6507,hybrid,2024-01-01
PRD01157,PRD01160,0.6658,pagerank,2023-06-04
PRD01158,PRD01161,0.5569,pagerank,2025-04-02
PRD01158,PRD01154,0.6683,hybrid,2025-02-26
PRD01158,PRD01165,0.8869,collaborative,2023-06-23
PRD01159,PRD01162,0.7009,node-similarity,2025-04-26
PRD01159,PRD01164,0.9887,node-similarity,2022-05-29
PRD01159,PRD01150,0.8698,node-similarity,2024-03-23
PRD01160,PRD01162,0.8688,collaborative,2024-05-15
PRD01160,PRD01154,0.7092,content-based,2024-12-26
PRD01160,PRD01161,0.5514,hybrid,2025-05-20
PRD01161,PRD01147,0.5785,hybrid,2024-01-13
PRD01161,PRD01170,0.8813,content-based,2024-04-16
PRD01161,PRD01154,0.8031,pagerank,2022-06-06
PRD01162,PRD01163,0.8524,node-similarity,2024-03-07
PRD01162,PRD01147,0.5507,pagerank,2022-07-27
PRD01162,PRD01148,0.644,node-similarity,2023-11-23
PRD01163,PRD01169,0.6765,pagerank,2022-12-13
PRD01163,PRD01150,0.913,node-similarity,2024-08-19
PRD01163,PRD01146,0.7024,pagerank,2025-06-26
PRD01164,PRD01158,0.6883,hybrid,2025-12-10
PRD01164,PRD01151,0.7918,content-based,2025-05-22
PRD01164,PRD01155,0.9406,node-similarity,2023-11-04
PRD01165,PRD01159,0.9761,collaborative,2023-02-28
PRD01165,PRD01148,0.653,content-based,2024-02-18
PRD01166,PRD01154,0.9726,pagerank,2022-02-01
PRD01166,PRD01151,0.6663,content-based,2023-04-15
PRD01166,PRD01158,0.9411,node-similarity,2024-11-27
PRD01167,PRD01168,0.9321,collaborative,2023-07-22
PRD01167,PRD01166,0.6586,hybrid,2024-12-14
PRD01167,PRD01165,0.5522,hybrid,2023-06-15
PRD01168,PRD01156,0.6947,hybrid,2025-11-22
PRD01168,PRD01169,0.7781,hybrid,2023-04-09
PRD01168,PRD01149,0.7754,hybrid,2022-05-25
PRD01169,PRD01146,0.6864,collaborative,2025-01-31
PRD01169,PRD01157,0.9058,pagerank,2024-09-28
PRD01169,PRD01156,0.9522,hybrid,2025-12-28
PRD01170,PRD01157,0.8084,content-based,2024-08-06
PRD01170,PRD01164,0.5723,content-based,2023-08-09
PRD01170,PRD01165,0.8314,hybrid,2024-03-17
PRD01171,PRD01176,0.8083,content-based,2024-05-09
PRD01171,PRD01194,0.8699,content-based,2023-09-11
PRD01171,PRD01182,0.8237,collaborative,2023-10-25
PRD01172,PRD01182,0.6375,hybrid,2022-07-11
PRD01172,PRD01194,0.7743,collaborative,2024-09-21
PRD01172,PRD01174,0.7329,pagerank,2024-10-04
PRD01173,PRD01191,0.8384,collaborative,2022-02-09
PRD01173,PRD01185,0.6113,content-based,2022-09-14
PRD01173,PRD01188,0.9369,pagerank,2024-04-16
PRD01174,PRD01180,0.7655,node-similarity,2024-04-28
PRD01174,PRD01196,0.9166,hybrid,2025-03-09
PRD01174,PRD01190,0.6161,pagerank,2023-10-19
PRD01175,PRD01191,0.6759,pagerank,2022-04-07
PRD01175,PRD01193,0.5518,hybrid,2024-01-04
PRD01175,PRD01185,0.7891,hybrid,2023-10-14
PRD01176,PRD01185,0.5678,node-similarity,2022-02-01
PRD01176,PRD01197,0.7421,node-similarity,2025-03-09
PRD01177,PRD01194,0.8575,hybrid,2024-06-28
PRD01177,PRD01193,0.9645,node-similarity,2022-11-26
PRD01177,PRD01184,0.9145,hybrid,2022-08-12
PRD01178,PRD01177,0.8106,collaborative,2024-04-27
PRD01178,PRD01179,0.8557,node-similarity,2023-10-22
PRD01178,PRD01180,0.6368,node-similarity,2022-10-26
PRD01179,PRD01188,0.5925,collaborative,2024-06-07
PRD01179,PRD01172,0.7775,hybrid,2025-01-06
PRD01179,PRD01176,0.9786,content-based,2024-07-08
PRD01180,PRD01185,0.7293,pagerank,2022-12-01
PRD01180,PRD01177,0.9125,content-based,2023-10-12
PRD01180,PRD01196,0.6432,pagerank,2022-11-16
PRD01181,PRD01173,0.9019,content-based,2022-05-30
PRD01181,PRD01195,0.5801,pagerank,2024-07-02
PRD01181,PRD01197,0.5726,content-based,2025-05-29
PRD01182,PRD01173,0.9684,content-based,2023-05-29
PRD01182,PRD01178,0.9561,hybrid,2024-06-13
PRD01183,PRD01196,0.8577,content-based,2024-10-27
PRD01183,PRD01172,0.9028,hybrid,2023-10-12
PRD01183,PRD01176,0.6219,content-based,2023-04-12
PRD01184,PRD01197,0.8855,node-similarity,2022-01-21
PRD01184,PRD01185,0.9492,collaborative,2023-11-17
PRD01184,PRD01189,0.9479,hybrid,2023-11-11
PRD01185,PRD01182,0.829,node-similarity,2025-10-21
PRD01185,PRD01194,0.686,node-similarity,2024-06-14
PRD01185,PRD01177,0.813,node-similarity,2023-04-14
PRD01186,PRD01171,0.7369,node-similarity,2022-11-11
PRD01186,PRD01181,0.9129,pagerank,2024-11-24
PRD01186,PRD01197,0.556,node-similarity,2022-07-20
PRD01187,PRD01193,0.8636,node-similarity,2022-05-26
PRD01187,PRD01180,0.5517,pagerank,2024-08-11
PRD01187,PRD01183,0.7908,content-based,2022-10-31
PRD01188,PRD01196,0.6333,content-based,2024-06-09
PRD01188,PRD01190,0.9617,pagerank,2023-08-19
PRD01188,PRD01186,0.9145,pagerank,2024-03-02
PRD01189,PRD01181,0.8904,hybrid,2022-03-21
PRD01189,PRD01174,0.7277,node-similarity,2025-12-27
PRD01189,PRD01176,0.6761,hybrid,2024-07-16
PRD01190,PRD01178,0.6831,hybrid,2022-12-06
PRD01190,PRD01193,0.5914,content-based,2024-03-24
PRD01190,PRD01179,0.7619,pagerank,2022-02-23
PRD01191,PRD01174,0.6597,pagerank,2024-03-25
PRD01191,PRD01187,0.8796,pagerank,2025-08-04
PRD01191,PRD01192,0.5668,node-similarity,2024-05-16
PRD01192,PRD01187,0.8099,collaborative,2023-06-09
PRD01192,PRD01178,0.8417,collaborative,2024-04-24
PRD01192,PRD01195,0.8616,node-similarity,2023-05-10
PRD01193,PRD01172,0.6088,content-based,2024-07-09
PRD01194,PRD01179,0.6983,content-based,2025-06-28
PRD01194,PRD01192,0.6734,content-based,2025-10-28
PRD01195,PRD01179,0.9031,pagerank,2025-02-25
PRD01195,PRD01183,0.7679,content-based,2025-08-05
PRD01195,PRD01196,0.6071,pagerank,2024-10-15
PRD01196,PRD01179,0.6394,hybrid,2023-01-19
PRD01197,PRD01182,0.669,node-similarity,2023-10-11
PRD01197,PRD01191,0.7766,collaborative,2025-04-01
PRD01197,PRD01196,0.8772,node-similarity,2025-01-27
PRD01198,PRD01174,0.9682,content-based,2025-06-05
PRD01198,PRD01171,0.756,collaborative,2022-09-16
PRD01198,PRD01194,0.78,collaborative,2025-06-15
PRD01199,PRD01223,0.7066,pagerank,2023-01-07
PRD01199,PRD01208,0.9728,hybrid,2023-04-06
PRD01199,PRD01211,0.8523,collaborative,2025-06-17
PRD01200,PRD01208,0.9108,hybrid,2023-02-11
PRD01200,PRD01209,0.8312,content-based,2024-12-09
PRD01200,PRD01210,0.9662,node-similarity,2024-10-05
PRD01201,PRD01223,0.8299,content-based,2025-04-21
PRD01201,PRD01221,0.7861,hybrid,2024-10-12
PRD01201,PRD01222,0.6715,node-similarity,2022-11-08
PRD01202,PRD01209,0.7013,collaborative,2024-09-20
PRD01202,PRD01211,0.5604,hybrid,2025-04-18
PRD01202,PRD01205,0.7627,content-based,2025-02-21
PRD01203,PRD01217,0.6243,content-based,2022-07-31
PRD01203,PRD01202,0.7125,content-based,2025-09-15
PRD01203,PRD01223,0.7522,content-based,2024-05-03
PRD01204,PRD01202,0.9436,pagerank,2025-05-10
PRD01204,PRD01201,0.583,node-similarity,2023-11-01
PRD01204,PRD01218,0.7977,node-similarity,2023-07-09
PRD01205,PRD01221,0.7044,pagerank,2022-03-07
PRD01205,PRD01199,0.6774,node-similarity,2023-06-10
PRD01205,PRD01216,0.8097,content-based,2025-01-14
PRD01206,PRD01213,0.5621,hybrid,2023-03-15
PRD01206,PRD01207,0.5689,pagerank,2023-11-15
PRD01206,PRD01212,0.7758,node-similarity,2025-09-05
PRD01207,PRD01219,0.6814,node-similarity,2024-03-24
PRD01207,PRD01218,0.7362,content-based,2024-09-19
PRD01207,PRD01200,0.5799,pagerank,2025-08-15
PRD01208,PRD01217,0.6557,collaborative,2024-09-29
PRD01208,PRD01212,0.729,hybrid,2022-09-23
PRD01209,PRD01206,0.7495,pagerank,2025-02-27
PRD01209,PRD01220,0.6405,pagerank,2022-08-17
PRD01209,PRD01215,0.6614,pagerank,2024-11-09
PRD01210,PRD01223,0.6418,hybrid,2022-02-16
PRD01210,PRD01203,0.6732,content-based,2023-07-23
PRD01210,PRD01205,0.8547,content-based,2025-07-26
PRD01211,PRD01207,0.8981,hybrid,2022-05-23
PRD01211,PRD01221,0.7859,hybrid,2025-06-13
PRD01211,PRD01217,0.811,hybrid,2023-07-26
PRD01212,PRD01218,0.8148,content-based,2023-09-17
PRD01212,PRD01209,0.8146,pagerank,2024-01-08
PRD01212,PRD01204,0.7736,collaborative,2022-05-17
PRD01213,PRD01207,0.6627,collaborative,2025-08-10
PRD01213,PRD01201,0.8312,collaborative,2025-01-26
PRD01213,PRD01205,0.9237,pagerank,2024-05-20
PRD01214,PRD01210,0.7915,collaborative,2024-07-14
PRD01214,PRD01221,0.7119,collaborative,2022-04-28
PRD01214,PRD01212,0.7398,node-similarity,2023-11-13
PRD01215,PRD01213,0.8207,collaborative,2023-07-16
PRD01215,PRD01208,0.6423,hybrid,2022-09-21
PRD01215,PRD01210,0.7377,content-based,2023-02-02
PRD01216,PRD01209,0.6475,pagerank,2022-12-16
PRD01216,PRD01203,0.6369,collaborative,2024-02-19
PRD01217,PRD01214,0.863,hybrid,2024-02-09
PRD01217,PRD01210,0.6267,content-based,2023-05-03
PRD01217,PRD01206,0.6047,node-similarity,2022-01-21
PRD01218,PRD01202,0.8104,pagerank,2025-03-22
PRD01218,PRD01211,0.7136,pagerank,2023-06-17
PRD01219,PRD01217,0.8353,content-based,2023-12-24
PRD01219,PRD01214,0.6044,collaborative,2024-01-30
PRD01219,PRD01201,0.7163,content-based,2023-12-27
PRD01220,PRD01208,0.9192,node-similarity,2023-05-18
PRD01220,PRD01223,0.6317,node-similarity,2023-07-21
PRD01220,PRD01221,0.7111,hybrid,2022-06-06
PRD01221,PRD01199,0.8678,node-similarity,2023-08-11
PRD01222,PRD01210,0.6102,pagerank,2022-09-14
PRD01222,PRD01214,0.9148,hybrid,2022-06-07
PRD01222,PRD01205,0.8438,node-similarity,2025-07-30
PRD01223,PRD01222,0.8925,content-based,2022-06-02
PRD01223,PRD01212,0.6076,collaborative,2025-03-07
PRD01223,PRD01211,0.7253,pagerank,2023-03-17
PRD01224,PRD01229,0.5587,hybrid,2025-03-30
PRD01224,PRD01231,0.8013,collaborative,2025-08-21
PRD01224,PRD01248,0.7891,pagerank,2025-06-19
PRD01225,PRD01252,0.6672,pagerank,2025-10-14
PRD01225,PRD01240,0.9508,collaborative,2025-06-24
PRD01225,PRD01239,0.7323,content-based,2022-09-03
PRD01226,PRD01238,0.5814,content-based,2022-11-22
PRD01226,PRD01241,0.885,pagerank,2025-03-03
PRD01226,PRD01251,0.8232,hybrid,2024-03-02
PRD01227,PRD01245,0.8266,pagerank,2022-03-10
PRD01227,PRD01234,0.6086,node-similarity,2024-06-01
PRD01227,PRD01244,0.8534,content-based,2024-08-07
PRD01228,PRD01229,0.5786,node-similarity,2023-08-19
PRD01228,PRD01246,0.6916,node-similarity,2024-02-12
PRD01228,PRD01252,0.6364,hybrid,2023-10-05
PRD01229,PRD01234,0.7816,pagerank,2023-12-19
PRD01229,PRD01230,0.779,pagerank,2024-07-18
PRD01229,PRD01243,0.717,pagerank,2025-07-02
PRD01230,PRD01240,0.9367,hybrid,2024-01-16
PRD01230,PRD01234,0.8631,pagerank,2025-09-22
PRD01230,PRD01243,0.9534,hybrid,2025-11-19
PRD01231,PRD01241,0.5837,node-similarity,2024-06-06
PRD01231,PRD01227,0.6044,content-based,2023-09-09
PRD01231,PRD01235,0.8305,content-based,2025-12-29
PRD01232,PRD01242,0.7064,collaborative,2022-03-14
PRD01232,PRD01236,0.8473,hybrid,2023-07-19
PRD01232,PRD01231,0.8117,pagerank,2025-07-24
PRD01233,PRD01248,0.6775,pagerank,2023-07-31
PRD01233,PRD01249,0.953,pagerank,2022-04-02
PRD01233,PRD01231,0.815,pagerank,2024-03-23
PRD01234,PRD01247,0.9261,content-based,2023-12-09
PRD01234,PRD01237,0.5669,hybrid,2025-01-02
PRD01235,PRD01237,0.6043,hybrid,2022-06-10
PRD01235,PRD01245,0.574,collaborative,2023-09-06
PRD01235,PRD01238,0.8842,node-similarity,2023-03-18
PRD01236,PRD01228,0.7855,node-similarity,2022-08-31
PRD01236,PRD01247,0.592,node-similarity,2022-09-20
PRD01236,PRD01229,0.7369,content-based,2023-07-14
PRD01237,PRD01230,0.6356,content-based,2024-04-25
PRD01237,PRD01251,0.6927,node-similarity,2025-04-20
PRD01237,PRD01238,0.7807,collaborative,2023-06-09
PRD01238,PRD01231,0.7446,node-similarity,2022-06-30
PRD01238,PRD01239,0.7776,collaborative,2022-07-26
PRD01238,PRD01236,0.5652,collaborative,2022-08-29
PRD01239,PRD01250,0.866,node-similarity,2023-07-05
PRD01239,PRD01248,0.8582,node-similarity,2023-09-16
PRD01239,PRD01234,0.9489,pagerank,2025-04-14
PRD01240,PRD01237,0.8838,pagerank,2025-03-26
PRD01240,PRD01229,0.5579,node-similarity,2023-11-24
PRD01240,PRD01252,0.782,node-similarity,2024-03-24
PRD01241,PRD01250,0.8468,collaborative,2023-12-04
PRD01241,PRD01242,0.8851,pagerank,2023-04-15
PRD01242,PRD01247,0.8152,content-based,2023-11-28
PRD01242,PRD01228,0.7782,node-similarity,2023-06-21
PRD01242,PRD01249,0.7586,pagerank,2022-03-08
PRD01243,PRD01239,0.9565,node-similarity,2025-09-19
PRD01243,PRD01242,0.8316,content-based,2024-06-30
PRD01243,PRD01245,0.963,hybrid,2024-01-28
PRD01244,PRD01242,0.6805,node-similarity,2023-05-13
PRD01244,PRD01239,0.6582,content-based,2024-02-24
PRD01244,PRD01246,0.9346,content-based,2024-10-28
PRD01245,PRD01224,0.5592,collaborative,2023-10-31
PRD01245,PRD01226,0.8556,content-based,2023-07-22
PRD01246,PRD01239,0.6666,node-similarity,2025-02-28
PRD01246,PRD01233,0.5828,pagerank,2025-01-19
PRD01246,PRD01226,0.8491,content-based,2025-02-12
PRD01247,PRD01251,0.9528,content-based,2022-07-10
PRD01247,PRD01233,0.8511,content-based,2023-03-28
PRD01247,PRD01225,0.9865,hybrid,2025-03-20
PRD01248,PRD01237,0.5811,hybrid,2023-01-25
PRD01248,PRD01227,0.894,content-based,2025-08-19
PRD01249,PRD01250,0.6696,content-based,2024-01-08
PRD01249,PRD01243,0.6123,collaborative,2022-01-18
PRD01249,PRD01240,0.9842,collaborative,2024-07-15
PRD01250,PRD01244,0.6395,collaborative,2025-10-03
PRD01250,PRD01232,0.7274,collaborative,2025-11-27
PRD01251,PRD01225,0.7106,node-similarity,2024-06-19
PRD01251,PRD01233,0.9762,pagerank,2024-06-22
PRD01251,PRD01224,0.7819,hybrid,2025-02-19
PRD01252,PRD01248,0.8996,content-based,2023-07-04
PRD01252,PRD01238,0.7206,pagerank,2025-10-08
PRD01252,PRD01234,0.7647,collaborative,2023-09-21
PRD01253,PRD01277,0.8947,node-similarity,2022-01-15
PRD01253,PRD01268,0.8208,node-similarity,2023-03-25
PRD01253,PRD01272,0.8418,node-similarity,2025-09-30
PRD01254,PRD01272,0.8396,node-similarity,2024-06-19
PRD01254,PRD01258,0.6591,hybrid,2024-08-22
PRD01254,PRD01253,0.7195,pagerank,2023-08-24
PRD01255,PRD01265,0.5541,content-based,2023-05-15
PRD01255,PRD01278,0.689,pagerank,2023-04-13
PRD01255,PRD01271,0.7509,content-based,2024-07-15
PRD01256,PRD01278,0.6706,collaborative,2023-01-04
PRD01256,PRD01262,0.5673,collaborative,2023-03-05
PRD01256,PRD01268,0.6206,node-similarity,2023-05-29
PRD01257,PRD01263,0.7836,hybrid,2022-04-26
PRD01257,PRD01267,0.5709,node-similarity,2024-11-21
PRD01257,PRD01268,0.5663,content-based,2023-06-08
PRD01258,PRD01264,0.8232,pagerank,2023-08-13
PRD01258,PRD01263,0.9848,hybrid,2024-05-26
PRD01258,PRD01278,0.8419,content-based,2024-06-04
PRD01259,PRD01253,0.7145,node-similarity,2023-04-24
PRD01259,PRD01255,0.9572,content-based,2022-04-23
PRD01259,PRD01260,0.7301,collaborative,2023-06-18
PRD01260,PRD01255,0.902,content-based,2023-09-02
PRD01260,PRD01265,0.9739,content-based,2024-01-28
PRD01260,PRD01254,0.9546,hybrid,2024-03-22
PRD01261,PRD01275,0.584,collaborative,2023-05-09
PRD01261,PRD01273,0.7198,node-similarity,2022-05-20
PRD01261,PRD01256,0.9315,content-based,2024-02-25
PRD01262,PRD01257,0.8277,collaborative,2022-06-30
PRD01262,PRD01269,0.7261,pagerank,2023-05-26
PRD01262,PRD01260,0.7775,content-based,2022-09-20
PRD01263,PRD01279,0.825,collaborative,2024-01-29
PRD01263,PRD01265,0.7082,content-based,2025-02-10
PRD01263,PRD01277,0.6829,hybrid,2025-07-18
PRD01264,PRD01271,0.6752,content-based,2024-08-30
PRD01264,PRD01262,0.9792,collaborative,2024-08-03
PRD01264,PRD01254,0.983,pagerank,2022-02-15
PRD01265,PRD01279,0.8289,pagerank,2023-09-10
PRD01265,PRD01278,0.7797,collaborative,2022-09-05
PRD01266,PRD01256,0.5555,collaborative,2023-12-01
PRD01266,PRD01271,0.778,content-based,2023-03-24
PRD01266,PRD01276,0.8097,content-based,2023-03-05
PRD01267,PRD01264,0.5573,hybrid,2024-04-23
PRD01267,PRD01276,0.7709,content-based,2024-01-24
PRD01267,PRD01265,0.6971,collaborative,2025-12-28
PRD01268,PRD01270,0.7,node-similarity,2025-07-01
PRD01268,PRD01272,0.6304,content-based,2023-03-23
PRD01268,PRD01271,0.8796,pagerank,2022-08-18
PRD01269,PRD01265,0.844,hybrid,2022-06-03
PRD01269,PRD01261,0.6488,pagerank,2022-09-16
PRD01269,PRD01259,0.9733,collaborative,2022-07-28
PRD01270,PRD01260,0.6599,node-similarity,2025-10-17
PRD01270,PRD01273,0.8476,hybrid,2024-11-03
PRD01270,PRD01263,0.948,hybrid,2025-11-26
PRD01271,PRD01258,0.8244,node-similarity,2023-06-21
PRD01271,PRD01253,0.6283,collaborative,2023-03-08
PRD01271,PRD01276,0.6627,node-similarity,2022-11-02
PRD01272,PRD01277,0.6796,collaborative,2024-06-11
PRD01272,PRD01264,0.8773,node-similarity,2023-05-28
PRD01273,PRD01262,0.56,node-similarity,2022-10-20
PRD01273,PRD01260,0.9415,pagerank,2023-05-27
PRD01273,PRD01265,0.6365,content-based,2022-08-30
PRD01274,PRD01253,0.6267,hybrid,2024-10-19
PRD01274,PRD01254,0.8746,collaborative,2024-09-19
PRD01274,PRD01278,0.9859,hybrid,2022-10-26
PRD01275,PRD01262,0.6431,content-based,2023-02-16
PRD01275,PRD01271,0.7193,hybrid,2025-04-19
PRD01275,PRD01266,0.6997,content-based,2023-02-23
PRD01276,PRD01261,0.7284,content-based,2025-01-29
PRD01276,PRD01272,0.9214,hybrid,2024-12-18
PRD01276,PRD01260,0.9086,node-similarity,2025-11-09
PRD01277,PRD01274,0.8263,content-based,2023-12-12
PRD01277,PRD01264,0.6257,node-similarity,2025-07-20
PRD01277,PRD01268,0.6801,content-based,2024-02-23
PRD01278,PRD01272,0.6689,collaborative,2024-12-07
PRD01278,PRD01257,0.9573,content-based,2022-09-10
PRD01279,PRD01255,0.9249,collaborative,2025-07-08
PRD01279,PRD01253,0.8872,hybrid,2025-06-01
PRD01279,PRD01273,0.8276,collaborative,2024-11-05
PRD01280,PRD01298,0.6484,node-similarity,2022-12-08
PRD01280,PRD01286,0.5615,collaborative,2025-11-13
PRD01280,PRD01282,0.871,content-based,2022-06-25
PRD01281,PRD01285,0.9346,collaborative,2024-12-04
PRD01281,PRD01292,0.9354,content-based,2024-12-19
PRD01281,PRD01299,0.5966,collaborative,2024-11-06
PRD01282,PRD01292,0.8786,pagerank,2023-04-28
PRD01282,PRD01294,0.5526,pagerank,2024-12-22
PRD01282,PRD01288,0.9589,pagerank,2023-04-10
PRD01283,PRD01290,0.8482,collaborative,2022-07-05
PRD01283,PRD01300,0.6209,collaborative,2022-11-01
PRD01283,PRD01285,0.9513,collaborative,2023-11-11
PRD01284,PRD01281,0.6412,node-similarity,2022-08-03
PRD01284,PRD01295,0.6364,node-similarity,2024-11-17
PRD01284,PRD01290,0.5618,pagerank,2023-01-11
PRD01285,PRD01295,0.663,content-based,2025-03-21
PRD01285,PRD01284,0.6928,content-based,2022-08-06
PRD01285,PRD01304,0.7391,pagerank,2024-06-01
PRD01286,PRD01283,0.8086,collaborative,2024-07-15
PRD01286,PRD01285,0.8392,pagerank,2025-10-03
PRD01286,PRD01294,0.8325,pagerank,2023-01-24
PRD01287,PRD01288,0.8322,collaborative,2022-10-05
PRD01287,PRD01295,0.6669,content-based,2025-12-24
PRD01287,PRD01291,0.6616,collaborative,2025-06-19
PRD01288,PRD01304,0.9516,pagerank,2024-11-27
PRD01288,PRD01289,0.6823,node-similarity,2024-08-15
PRD01289,PRD01298,0.9227,pagerank,2022-12-11
PRD01289,PRD01281,0.6402,pagerank,2025-02-18
PRD01289,PRD01301,0.6876,hybrid,2024-07-12
PRD01290,PRD01297,0.779,collaborative,2025-03-07
PRD01290,PRD01281,0.7317,pagerank,2023-05-09
PRD01290,PRD01296,0.7996,node-similarity,2023-09-28
PRD01291,PRD01282,0.8331,collaborative,2025-07-18
PRD01291,PRD01294,0.8028,collaborative,2025-02-12
PRD01291,PRD01301,0.933,content-based,2025-05-31
PRD01292,PRD01288,0.5821,node-similarity,2022-07-10
PRD01292,PRD01304,0.8865,content-based,2023-10-31
PRD01293,PRD01304,0.6693,content-based,2025-03-28
PRD01293,PRD01281,0.6006,node-similarity,2022-05-29
PRD01293,PRD01287,0.6831,content-based,2024-06-23
PRD01294,PRD01280,0.9206,node-similarity,2023-09-14
PRD01294,PRD01288,0.6077,pagerank,2025-11-16
PRD01294,PRD01302,0.7842,hybrid,2025-10-10
PRD01295,PRD01281,0.5934,content-based,2022-09-20
PRD01295,PRD01288,0.9777,pagerank,2022-05-27
PRD01295,PRD01301,0.8289,content-based,2025-03-30
PRD01296,PRD01294,0.859,hybrid,2023-06-25
PRD01296,PRD01286,0.7594,content-based,2024-05-28
PRD01296,PRD01282,0.5509,pagerank,2023-10-12
PRD01297,PRD01285,0.6287,node-similarity,2024-10-31
PRD01297,PRD01295,0.6914,collaborative,2025-08-18
PRD01297,PRD01298,0.5718,collaborative,2024-10-12
PRD01298,PRD01292,0.7136,pagerank,2023-09-16
PRD01298,PRD01303,0.6628,collaborative,2024-03-29
PRD01298,PRD01302,0.6445,content-based,2023-12-19
PRD01299,PRD01298,0.5902,node-similarity,2023-12-02
PRD01299,PRD01302,0.7023,content-based,2025-11-29
PRD01299,PRD01286,0.987,collaborative,2023-08-02
PRD01300,PRD01294,0.8805,content-based,2025-07-06
PRD01300,PRD01298,0.6355,pagerank,2023-12-23
PRD01300,PRD01299,0.748,hybrid,2022-10-22
PRD01301,PRD01285,0.7025,node-similarity,2025-08-23
PRD01301,PRD01297,0.8267,node-similarity,2025-07-22
PRD01301,PRD01282,0.7873,node-similarity,2023-03-05
PRD01302,PRD01283,0.6337,content-based,2023-11-13
PRD01302,PRD01297,0.8028,node-similarity,2025-05-30
PRD01303,PRD01295,0.6476,hybrid,2023-04-22
PRD01303,PRD01299,0.8461,pagerank,2024-06-12
PRD01303,PRD01287,0.8075,collaborative,2023-03-30
PRD01304,PRD01303,0.737,collaborative,2023-08-13
PRD01304,PRD01297,0.8103,hybrid,2022-11-06
PRD01304,PRD01301,0.7757,pagerank,2023-07-27
PRD01305,PRD01307,0.5806,node-similarity,2022-04-09
PRD01305,PRD01314,0.8436,collaborative,2025-02-28
PRD01305,PRD01312,0.6554,hybrid,2025-02-11
PRD01306,PRD01325,0.8665,node-similarity,2023-08-10
PRD01306,PRD01322,0.9523,pagerank,2022-05-05
PRD01306,PRD01321,0.8975,hybrid,2024-04-09
PRD01307,PRD01328,0.7464,pagerank,2025-07-15
PRD01307,PRD01321,0.6949,hybrid,2022-09-01
PRD01307,PRD01312,0.8498,hybrid,2023-07-13
PRD01308,PRD01328,0.9315,content-based,2022-01-10
PRD01308,PRD01327,0.9092,node-similarity,2023-03-21
PRD01308,PRD01329,0.5826,pagerank,2023-07-16
PRD01309,PRD01305,0.5598,pagerank,2025-10-27
PRD01309,PRD01325,0.8499,node-similarity,2025-09-15
PRD01309,PRD01315,0.8492,hybrid,2025-05-16
PRD01310,PRD01307,0.6907,content-based,2025-07-19
PRD01310,PRD01331,0.9643,hybrid,2023-12-10
PRD01310,PRD01313,0.7197,hybrid,2022-09-10
PRD01311,PRD01326,0.5843,collaborative,2023-08-14
PRD01311,PRD01317,0.647,pagerank,2025-06-10
PRD01311,PRD01331,0.9697,hybrid,2024-01-01
PRD01312,PRD01320,0.8936,content-based,2022-04-24
PRD01312,PRD01311,0.839,collaborative,2022-09-06
PRD01312,PRD01326,0.9022,hybrid,2023-01-24
PRD01313,PRD01320,0.7592,collaborative,2024-03-31
PRD01313,PRD01321,0.7111,node-similarity,2024-06-28
PRD01313,PRD01316,0.913,content-based,2023-03-25
PRD01314,PRD01326,0.8063,pagerank,2024-05-19
PRD01314,PRD01317,0.6656,collaborative,2024-08-23
PRD01314,PRD01328,0.5648,collaborative,2022-05-27
PRD01315,PRD01327,0.6296,content-based,2022-06-01
PRD01315,PRD01320,0.8685,pagerank,2024-01-16
PRD01315,PRD01305,0.7438,hybrid,2025-05-05
PRD01316,PRD01328,0.7813,pagerank,2023-12-01
PRD01316,PRD01310,0.7098,content-based,2025-05-18
PRD01316,PRD01307,0.8737,node-similarity,2023-08-18
PRD01317,PRD01318,0.9195,node-similarity,2025-11-28
PRD01317,PRD01330,0.6301,content-based,2022-06-07
PRD01317,PRD01307,0.7536,hybrid,2023-02-18
PRD01318,PRD01326,0.7423,content-based,2023-03-26
PRD01318,PRD01306,0.8574,collaborative,2022-02-09
PRD01318,PRD01308,0.7636,collaborative,2025-02-05
PRD01319,PRD01317,0.7053,node-similarity,2025-08-05
PRD01319,PRD01306,0.7862,pagerank,2025-11-10
PRD01319,PRD01313,0.8965,collaborative,2022-12-17
PRD01320,PRD01322,0.8071,node-similarity,2022-08-11
PRD01320,PRD01330,0.8914,hybrid,2025-01-28
PRD01320,PRD01311,0.8565,collaborative,2022-09-19
PRD01321,PRD01323,0.8877,node-similarity,2024-12-31
PRD01321,PRD01312,0.6743,collaborative,2023-02-10
PRD01322,PRD01316,0.8769,content-based,2025-12-19
PRD01322,PRD01328,0.6915,node-similarity,2024-04-13
PRD01323,PRD01328,0.8331,hybrid,2022-05-08
PRD01323,PRD01316,0.6975,node-similarity,2023-06-09
PRD01323,PRD01305,0.6741,node-similarity,2023-10-31
PRD01324,PRD01322,0.7939,pagerank,2024-11-25
PRD01324,PRD01316,0.8462,collaborative,2024-07-26
PRD01324,PRD01314,0.7737,collaborative,2024-10-06
PRD01325,PRD01313,0.7275,pagerank,2025-08-15
PRD01325,PRD01320,0.7229,pagerank,2025-07-11
PRD01325,PRD01307,0.6478,collaborative,2025-09-28
PRD01326,PRD01307,0.7788,node-similarity,2022-12-02
PRD01326,PRD01305,0.5809,hybrid,2023-06-02
PRD01326,PRD01317,0.7034,node-similarity,2023-01-29
PRD01327,PRD01322,0.6902,hybrid,2024-06-18
PRD01327,PRD01326,0.9614,collaborative,2023-08-06
PRD01327,PRD01321,0.919,content-based,2025-10-22
PRD01328,PRD01325,0.9727,hybrid,2023-07-14
PRD01328,PRD01329,0.8239,content-based,2025-09-26
PRD01329,PRD01312,0.5879,hybrid,2024-01-27
PRD01329,PRD01325,0.699,hybrid,2025-09-27
PRD01329,PRD01306,0.8245,hybrid,2024-09-30
PRD01330,PRD01328,0.7878,hybrid,2023-06-09
PRD01330,PRD01321,0.7501,collaborative,2024-09-08
PRD01330,PRD01318,0.8182,node-similarity,2024-10-16
PRD01331,PRD01305,0.8524,hybrid,2024-04-28
PRD01331,PRD01317,0.8002,content-based,2022-08-23
PRD01331,PRD01309,0.8997,hybrid,2025-08-15
PRD01332,PRD01344,0.8719,hybrid,2024-11-25
PRD01332,PRD01347,0.9527,pagerank,2022-03-06
PRD01332,PRD01358,0.6076,hybrid,2023-08-19
PRD01333,PRD01359,0.8269,node-similarity,2025-11-27
PRD01333,PRD01357,0.5516,collaborative,2024-03-21
PRD01333,PRD01332,0.7832,content-based,2025-04-16
PRD01334,PRD01352,0.8165,content-based,2023-01-16
PRD01334,PRD01354,0.7675,node-similarity,2024-10-12
PRD01334,PRD01335,0.8301,content-based,2023-03-13
PRD01335,PRD01333,0.7583,pagerank,2023-11-23
PRD01335,PRD01358,0.6541,hybrid,2025-10-22
PRD01335,PRD01336,0.9573,collaborative,2024-12-20
PRD01336,PRD01334,0.9348,pagerank,2024-07-18
PRD01336,PRD01333,0.7457,node-similarity,2023-01-20
PRD01336,PRD01361,0.827,hybrid,2022-12-02
PRD01337,PRD01346,0.8946,content-based,2024-03-27
PRD01337,PRD01356,0.7019,pagerank,2022-05-16
PRD01337,PRD01332,0.8555,node-similarity,2023-04-27
PRD01338,PRD01356,0.7545,pagerank,2024-09-10
PRD01338,PRD01346,0.893,content-based,2024-01-22
PRD01338,PRD01340,0.7177,node-similarity,2024-01-15
PRD01339,PRD01335,0.7401,pagerank,2025-12-26
PRD01339,PRD01361,0.9892,content-based,2023-05-09
PRD01339,PRD01346,0.8532,hybrid,2025-12-10
PRD01340,PRD01335,0.8587,hybrid,2025-09-04
PRD01340,PRD01344,0.9042,collaborative,2023-01-30
PRD01340,PRD01332,0.8447,content-based,2023-02-10
PRD01341,PRD01354,0.9147,hybrid,2023-07-06
PRD01341,PRD01350,0.7144,collaborative,2025-10-28
PRD01341,PRD01348,0.7269,collaborative,2024-07-12
PRD01342,PRD01347,0.8465,pagerank,2025-10-24
PRD01342,PRD01348,0.9499,content-based,2023-02-01
PRD01342,PRD01349,0.766,pagerank,2023-10-29
PRD01343,PRD01337,0.8839,pagerank,2022-09-24
PRD01343,PRD01344,0.7761,hybrid,2025-03-13
PRD01343,PRD01361,0.8426,content-based,2023-05-29
PRD01344,PRD01357,0.7915,collaborative,2024-09-10
PRD01344,PRD01359,0.6182,hybrid,2024-03-29
PRD01344,PRD01338,0.7037,content-based,2024-07-13
PRD01345,PRD01336,0.8555,node-similarity,2025-09-07
PRD01345,PRD01343,0.8668,content-based,2024-11-04
PRD01345,PRD01344,0.9468,hybrid,2022-09-26
PRD01346,PRD01358,0.7792,pagerank,2024-09-21
PRD01346,PRD01360,0.773,hybrid,2025-03-17
PRD01346,PRD01361,0.9774,collaborative,2022-05-21
PRD01347,PRD01336,0.7194,collaborative,2024-08-16
PRD01347,PRD01355,0.8142,pagerank,2023-01-03
PRD01348,PRD01332,0.9636,pagerank,2024-08-17
PRD01348,PRD01344,0.5988,content-based,2022-04-24
PRD01348,PRD01362,0.8356,collaborative,2022-07-16
PRD01349,PRD01356,0.6848,node-similarity,2022-05-10
PRD01349,PRD01352,0.7277,collaborative,2025-07-12
PRD01349,PRD01338,0.7323,node-similarity,2022-09-20
PRD01350,PRD01362,0.6967,pagerank,2023-12-19
PRD01350,PRD01351,0.6113,content-based,2025-02-10
PRD01350,PRD01348,0.9486,pagerank,2022-03-10
PRD01351,PRD01355,0.9224,collaborative,2024-04-27
PRD01351,PRD01346,0.7833,hybrid,2022-09-29
PRD01351,PRD01338,0.7773,pagerank,2023-11-23
PRD01352,PRD01346,0.6473,pagerank,2022-05-15
PRD01352,PRD01348,0.608,node-similarity,2025-05-26
PRD01353,PRD01334,0.7948,node-similarity,2022-02-09
PRD01353,PRD01356,0.8681,node-similarity,2024-12-04
PRD01353,PRD01333,0.9175,hybrid,2022-02-06
PRD01354,PRD01336,0.6455,collaborative,2023-03-31
PRD01354,PRD01362,0.6786,collaborative,2022-03-10
PRD01354,PRD01353,0.7699,content-based,2022-02-14
PRD01355,PRD01334,0.8101,pagerank,2022-06-15
PRD01355,PRD01350,0.8727,collaborative,2022-11-11
PRD01355,PRD01349,0.9696,hybrid,2024-03-20
PRD01356,PRD01342,0.7337,hybrid,2023-09-02
PRD01356,PRD01348,0.77,collaborative,2024-09-14
PRD01357,PRD01339,0.9554,hybrid,2023-01-01
PRD01357,PRD01351,0.7333,node-similarity,2022-01-05
PRD01357,PRD01359,0.7018,pagerank,2023-12-04
PRD01358,PRD01354,0.5738,collaborative,2022-10-25
PRD01358,PRD01355,0.7391,collaborative,2022-12-06
PRD01359,PRD01337,0.8952,hybrid,2025-12-21
PRD01359,PRD01349,0.9149,collaborative,2023-10-10
PRD01360,PRD01343,0.761,pagerank,2025-06-16
PRD01360,PRD01362,0.6954,collaborative,2024-06-28
PRD01360,PRD01357,0.6318,node-similarity,2022-03-23
PRD01361,PRD01347,0.7483,hybrid,2024-07-16
PRD01361,PRD01332,0.6605,hybrid,2022-09-02
PRD01362,PRD01352,0.7305,content-based,2025-12-31
PRD01362,PRD01349,0.6783,collaborative,2024-04-17
PRD01362,PRD01334,0.9566,collaborative,2025-06-29
PRD01363,PRD01368,0.9336,hybrid,2025-10-31
PRD01363,PRD01380,0.8982,hybrid,2024-03-22
PRD01363,PRD01375,0.8216,collaborative,2023-05-10
PRD01364,PRD01365,0.5952,content-based,2025-01-04
PRD01364,PRD01370,0.8631,collaborative,2023-03-10
PRD01364,PRD01368,0.8846,content-based,2023-08-01
PRD01365,PRD01377,0.8519,node-similarity,2024-11-02
PRD01365,PRD01386,0.603,collaborative,2025-04-25
PRD01365,PRD01379,0.9492,collaborative,2022-07-23
PRD01366,PRD01378,0.729,node-similarity,2023-07-05
PRD01366,PRD01381,0.6938,node-similarity,2024-04-21
PRD01366,PRD01363,0.9628,node-similarity,2022-06-05
PRD01367,PRD01368,0.9444,content-based,2025-11-26
PRD01367,PRD01384,0.6686,pagerank,2022-07-30
PRD01367,PRD01373,0.8978,hybrid,2023-04-12
PRD01368,PRD01372,0.8236,pagerank,2024-09-17
PRD01368,PRD01366,0.8539,content-based,2023-04-14
PRD01368,PRD01386,0.6056,collaborative,2024-10-21
PRD01369,PRD01384,0.8872,node-similarity,2024-06-13
PRD01369,PRD01376,0.6982,content-based,2024-01-01
PRD01369,PRD01388,0.9731,collaborative,2023-06-19
PRD01370,PRD01371,0.5572,node-similarity,2022-12-20
PRD01370,PRD01384,0.7727,content-based,2024-05-18
PRD01371,PRD01380,0.8009,hybrid,2025-07-29
PRD01371,PRD01367,0.5995,collaborative,2025-02-13
PRD01371,PRD01381,0.9678,hybrid,2024-03-24
PRD01372,PRD01371,0.8151,content-based,2025-02-16
PRD01372,PRD01388,0.7029,content-based,2022-11-14
PRD01372,PRD01370,0.8763,pagerank,2025-08-09
PRD01373,PRD01369,0.8228,hybrid,2025-01-31
PRD01373,PRD01366,0.9548,node-similarity,2022-04-20
PRD01373,PRD01365,0.5939,hybrid,2025-03-17
PRD01374,PRD01380,0.7597,pagerank,2022-01-26
PRD01374,PRD01371,0.9079,content-based,2022-10-13
PRD01374,PRD01370,0.9703,content-based,2022-03-16
PRD01375,PRD01385,0.637,content-based,2023-03-02
PRD01375,PRD01369,0.5714,node-similarity,2022-07-14
PRD01375,PRD01366,0.879,collaborative,2022-05-28
PRD01376,PRD01385,0.9097,pagerank,2023-05-22
PRD01376,PRD01367,0.6826,pagerank,2022-05-12
PRD01376,PRD01380,0.5654,pagerank,2023-08-30
PRD01377,PRD01374,0.6649,collaborative,2022-04-17
PRD01377,PRD01382,0.5726,node-similarity,2023-03-27
PRD01377,PRD01369,0.7378,collaborative,2025-03-30
PRD01378,PRD01375,0.7242,content-based,2023-05-15
PRD01378,PRD01373,0.9419,content-based,2022-10-18
PRD01378,PRD01370,0.7829,collaborative,2025-12-31
PRD01379,PRD01381,0.9708,node-similarity,2025-11-10
PRD01379,PRD01384,0.7064,pagerank,2024-09-23
PRD01380,PRD01381,0.6312,hybrid,2024-10-26
PRD01380,PRD01364,0.871,pagerank,2025-03-26
PRD01381,PRD01365,0.6686,hybrid,2023-12-26
PRD01381,PRD01372,0.6738,content-based,2024-07-08
PRD01382,PRD01388,0.7472,node-similarity,2022-05-30
PRD01382,PRD01372,0.5598,node-similarity,2022-11-29
PRD01382,PRD01363,0.8314,hybrid,2025-06-27
PRD01383,PRD01367,0.6568,node-similarity,2024-08-18
PRD01383,PRD01365,0.579,pagerank,2024-01-07
PRD01383,PRD01364,0.9009,pagerank,2023-01-31
PRD01384,PRD01385,0.793,pagerank,2022-07-09
PRD01385,PRD01380,0.7141,content-based,2022-05-12
PRD01385,PRD01364,0.6026,node-similarity,2024-09-23
PRD01385,PRD01366,0.8638,node-similarity,2023-01-02
PRD01386,PRD01387,0.9464,collaborative,2024-11-25
PRD01386,PRD01363,0.659,collaborative,2024-09-02
PRD01386,PRD01367,0.8325,pagerank,2025-12-28
PRD01387,PRD01372,0.6457,collaborative,2025-02-17
PRD01387,PRD01385,0.5811,hybrid,2024-07-23
PRD01388,PRD01387,0.567,node-similarity,2025-04-30
PRD01388,PRD01373,0.7887,node-similarity,2025-05-16
PRD01389,PRD01392,0.8631,hybrid,2023-04-24
PRD01389,PRD01417,0.7562,pagerank,2023-02-06
PRD01389,PRD01404,0.5804,hybrid,2022-11-27
PRD01390,PRD01407,0.7519,node-similarity,2024-02-17
PRD01390,PRD01416,0.7118,content-based,2022-02-05
PRD01390,PRD01412,0.799,content-based,2023-01-06
PRD01391,PRD01403,0.6184,content-based,2023-01-25
PRD01391,PRD01392,0.8705,hybrid,2022-07-11
PRD01391,PRD01411,0.9553,content-based,2023-05-29
PRD01392,PRD01416,0.8394,hybrid,2024-02-07
PRD01392,PRD01408,0.7213,hybrid,2022-05-27
PRD01392,PRD01412,0.7175,pagerank,2025-08-30
PRD01393,PRD01397,0.5898,collaborative,2023-01-19
PRD01393,PRD01395,0.8277,pagerank,2024-05-31
PRD01393,PRD01402,0.7436,hybrid,2022-09-19
PRD01394,PRD01396,0.9145,hybrid,2022-08-19
PRD01394,PRD01408,0.6075,content-based,2025-09-13
PRD01394,PRD01390,0.8938,collaborative,2025-09-30
PRD01395,PRD01404,0.8855,hybrid,2023-01-24
PRD01395,PRD01407,0.937,node-similarity,2023-10-29
PRD01395,PRD01411,0.6454,hybrid,2023-11-22
PRD01396,PRD01403,0.9068,node-similarity,2025-12-18
PRD01396,PRD01411,0.7183,hybrid,2024-05-17
PRD01396,PRD01389,0.8648,hybrid,2023-09-05
PRD01397,PRD01409,0.6262,content-based,2022-06-30
PRD01397,PRD01402,0.7737,content-based,2022-07-17
PRD01397,PRD01417,0.8921,content-based,2023-01-29
PRD01398,PRD01405,0.7506,hybrid,2024-06-07
PRD01398,PRD01389,0.9286,content-based,2024-02-13
PRD01398,PRD01409,0.8677,hybrid,2022-09-02
PRD01399,PRD01413,0.7049,hybrid,2025-09-30
PRD01399,PRD01416,0.7111,node-similarity,2022-06-18
PRD01399,PRD01415,0.6558,pagerank,2025-09-11
PRD01400,PRD01395,0.7014,content-based,2025-02-02
PRD01400,PRD01397,0.8392,hybrid,2024-03-24
PRD01400,PRD01407,0.6217,collaborative,2024-01-25
PRD01401,PRD01417,0.8581,pagerank,2023-05-17
PRD01401,PRD01389,0.642,collaborative,2024-09-14
PRD01401,PRD01411,0.6004,hybrid,2025-02-01
PRD01402,PRD01415,0.7418,pagerank,2025-02-09
PRD01402,PRD01414,0.6739,content-based,2025-08-20
PRD01402,PRD01396,0.5891,hybrid,2025-03-31
PRD01403,PRD01408,0.7966,hybrid,2025-09-09
PRD01403,PRD01399,0.9714,pagerank,2023-07-08
PRD01403,PRD01410,0.8688,collaborative,2025-12-21
PRD01404,PRD01392,0.7335,content-based,2022-07-23
PRD01405,PRD01390,0.6955,pagerank,2022-03-21
PRD01405,PRD01395,0.7072,node-similarity,2023-04-12
PRD01405,PRD01402,0.8875,pagerank,2024-04-23
PRD01406,PRD01410,0.6379,collaborative,2022-04-13
PRD01406,PRD01398,0.8611,content-based,2025-11-30
PRD01406,PRD01408,0.598,hybrid,2025-11-01
PRD01407,PRD01403,0.7788,hybrid,2025-03-29
PRD01407,PRD01409,0.8187,content-based,2025-11-28
PRD01407,PRD01394,0.8746,node-similarity,2024-07-28
PRD01408,PRD01393,0.8721,pagerank,2024-08-10
PRD01408,PRD01411,0.8905,node-similarity,2022-06-26
PRD01409,PRD01401,0.6268,pagerank,2023-02-01
PRD01409,PRD01400,0.7147,content-based,2025-10-21
PRD01409,PRD01415,0.6555,pagerank,2025-12-15
PRD01410,PRD01416,0.6703,node-similarity,2024-08-06
PRD01410,PRD01417,0.8921,collaborative,2022-04-16
PRD01410,PRD01412,0.6166,node-similarity,2022-06-19
PRD01411,PRD01405,0.9896,content-based,2025-10-20
PRD01411,PRD01416,0.6038,content-based,2025-12-04
PRD01412,PRD01411,0.6558,hybrid,2022-08-05
PRD01412,PRD01417,0.7912,node-similarity,2025-10-07
PRD01413,PRD01396,0.6464,pagerank,2022-09-23
PRD01413,PRD01414,0.5646,collaborative,2024-12-09
PRD01413,PRD01394,0.5814,collaborative,2024-06-28
PRD01414,PRD01392,0.8072,node-similarity,2023-06-03
PRD01414,PRD01405,0.6207,node-similarity,2024-08-02
PRD01414,PRD01412,0.939,collaborative,2025-02-07
PRD01415,PRD01413,0.9021,content-based,2022-08-25
PRD01415,PRD01393,0.9088,content-based,2025-12-14
PRD01416,PRD01412,0.9347,node-similarity,2022-06-10
PRD01416,PRD01414,0.8978,content-based,2022-10-14
PRD01416,PRD01404,0.8648,pagerank,2023-05-18
PRD01417,PRD01399,0.5979,collaborative,2025-05-17
PRD01417,PRD01406,0.9646,pagerank,2025-10-03
PRD01417,PRD01402,0.9397,pagerank,2025-09-10
PRD01418,PRD01403,0.5583,content-based,2025-05-23
PRD01418,PRD01408,0.6819,content-based,2024-11-20
PRD01418,PRD01405,0.6505,hybrid,2022-04-20
PRD01419,PRD01433,0.6521,hybrid,2022-04-23
PRD01419,PRD01445,0.981,pagerank,2023-08-14
PRD01419,PRD01444,0.6985,node-similarity,2023-08-14
PRD01420,PRD01437,0.6356,content-based,2024-01-21
PRD01420,PRD01448,0.568,content-based,2025-09-16
PRD01420,PRD01436,0.5672,content-based,2024-11-30
PRD01421,PRD01431,0.711,hybrid,2023-05-23
PRD01421,PRD01425,0.6816,hybrid,2025-04-22
PRD01421,PRD01430,0.5626,node-similarity,2023-07-21
PRD01422,PRD01420,0.8845,pagerank,2023-06-26
PRD01422,PRD01444,0.9095,content-based,2023-05-21
PRD01422,PRD01439,0.8071,pagerank,2024-06-25
PRD01423,PRD01437,0.8491,collaborative,2023-03-21
PRD01423,PRD01446,0.6757,pagerank,2022-07-08
PRD01423,PRD01426,0.8564,pagerank,2024-11-27
PRD01424,PRD01430,0.9769,collaborative,2022-07-14
PRD01424,PRD01423,0.7351,pagerank,2024-12-29
PRD01424,PRD01426,0.5505,content-based,2024-02-24
PRD01425,PRD01430,0.7845,content-based,2024-01-26
PRD01425,PRD01422,0.7416,content-based,2022-09-08
PRD01425,PRD01433,0.6804,node-similarity,2024-06-20
PRD01426,PRD01427,0.9205,pagerank,2022-06-02
PRD01426,PRD01428,0.6441,content-based,2025-12-22
PRD01426,PRD01421,0.7566,node-similarity,2024-07-01
PRD01427,PRD01421,0.8744,pagerank,2023-05-21
PRD01427,PRD01445,0.6039,collaborative,2024-10-24
PRD01427,PRD01447,0.9379,node-similarity,2025-09-17
PRD01428,PRD01447,0.7312,content-based,2025-02-14
PRD01428,PRD01438,0.896,node-similarity,2025-02-23
PRD01429,PRD01440,0.7579,node-similarity,2022-11-16
PRD01429,PRD01442,0.8752,pagerank,2025-09-13
PRD01429,PRD01433,0.91,collaborative,2025-04-07
PRD01430,PRD01434,0.7983,hybrid,2023-01-14
PRD01430,PRD01427,0.5956,collaborative,2022-05-28
PRD01430,PRD01445,0.9551,collaborative,2025-03-22
PRD01431,PRD01432,0.8992,node-similarity,2022-07-17
PRD01431,PRD01434,0.6661,node-similarity,2024-05-07
PRD01431,PRD01448,0.9562,content-based,2024-04-20
PRD01432,PRD01449,0.6291,content-based,2024-12-11
PRD01432,PRD01444,0.7525,collaborative,2024-07-04
PRD01432,PRD01428,0.9624,pagerank,2023-06-23
PRD01433,PRD01434,0.5672,content-based,2023-01-07
PRD01433,PRD01423,0.7477,content-based,2022-01-05
PRD01434,PRD01436,0.673,hybrid,2022-09-08
PRD01434,PRD01446,0.5539,node-similarity,2022-02-04
PRD01434,PRD01444,0.7844,pagerank,2022-11-22
PRD01435,PRD01446,0.8506,node-similarity,2023-03-01
PRD01435,PRD01445,0.8655,hybrid,2024-01-15
PRD01435,PRD01424,0.6807,hybrid,2025-09-25
PRD01436,PRD01431,0.8425,hybrid,2024-09-26
PRD01436,PRD01428,0.5714,collaborative,2024-01-23
PRD01436,PRD01449,0.9156,content-based,2022-03-21
PRD01437,PRD01430,0.7606,node-similarity,2023-09-08
PRD01437,PRD01446,0.9256,pagerank,2025-11-12
PRD01437,PRD01434,0.7666,content-based,2024-05-12
PRD01438,PRD01442,0.7968,node-similarity,2025-03-07
PRD01438,PRD01440,0.8568,collaborative,2024-04-17
PRD01438,PRD01433,0.5602,collaborative,2023-10-08
PRD01439,PRD01428,0.5747,hybrid,2025-06-04
PRD01439,PRD01437,0.7419,content-based,2022-05-10
PRD01439,PRD01421,0.8716,hybrid,2022-01-29
PRD01440,PRD01425,0.7996,content-based,2023-09-11
PRD01440,PRD01439,0.5921,content-based,2025-04-07
PRD01440,PRD01437,0.664,content-based,2024-09-20
PRD01441,PRD01420,0.9203,collaborative,2023-07-15
PRD01441,PRD01435,0.7533,collaborative,2024-12-22
PRD01441,PRD01419,0.6913,node-similarity,2025-05-18
PRD01442,PRD01419,0.8234,hybrid,2023-04-18
PRD01442,PRD01449,0.7964,collaborative,2025-05-06
PRD01442,PRD01443,0.9608,pagerank,2022-07-16
PRD01443,PRD01447,0.7064,collaborative,2024-11-21
PRD01443,PRD01431,0.5505,pagerank,2025-07-25
PRD01443,PRD01448,0.7778,content-based,2022-06-25
PRD01444,PRD01429,0.6432,pagerank,2024-02-28
PRD01444,PRD01443,0.7507,content-based,2024-06-25
PRD01444,PRD01430,0.8658,node-similarity,2025-04-04
PRD01445,PRD01421,0.6989,collaborative,2022-01-11
PRD01445,PRD01431,0.6579,node-similarity,2025-10-28
PRD01445,PRD01438,0.6597,content-based,2022-11-15
PRD01446,PRD01426,0.6835,hybrid,2025-04-08
PRD01446,PRD01449,0.6609,content-based,2025-04-05
PRD01447,PRD01430,0.6233,node-similarity,2025-08-07
PRD01447,PRD01433,0.9702,collaborative,2023-12-08
PRD01447,PRD01424,0.7593,node-similarity,2025-01-13
PRD01448,PRD01437,0.9243,pagerank,2024-04-27
PRD01448,PRD01447,0.6575,content-based,2023-03-05
PRD01449,PRD01427,0.6973,collaborative,2023-02-15
PRD01450,PRD01480,0.8038,hybrid,2022-02-06
PRD01450,PRD01479,0.9627,node-similarity,2023-12-20
PRD01450,PRD01467,0.8024,collaborative,2025-10-04
PRD01451,PRD01470,0.6827,content-based,2023-11-21
PRD01451,PRD01455,0.8679,collaborative,2025-05-05
PRD01451,PRD01464,0.5967,hybrid,2025-08-19
PRD01452,PRD01461,0.6495,node-similarity,2023-12-31
PRD01452,PRD01468,0.9064,hybrid,2024-06-17
PRD01452,PRD01466,0.7245,collaborative,2024-12-30
PRD01453,PRD01473,0.6759,node-similarity,2024-09-11
PRD01453,PRD01451,0.7849,collaborative,2025-08-27
PRD01453,PRD01480,0.8064,collaborative,2025-12-10
PRD01454,PRD01474,0.8401,content-based,2024-12-16
PRD01454,PRD01479,0.8047,collaborative,2023-07-06
PRD01454,PRD01456,0.9769,collaborative,2023-06-05
PRD01455,PRD01450,0.7822,pagerank,2022-09-28
PRD01455,PRD01472,0.9071,collaborative,2022-10-16
PRD01455,PRD01460,0.5983,collaborative,2024-05-02
PRD01456,PRD01457,0.5952,pagerank,2025-06-19
PRD01456,PRD01466,0.6141,pagerank,2024-10-11
PRD01456,PRD01472,0.8577,content-based,2022-05-31
PRD01457,PRD01472,0.6558,pagerank,2022-10-13
PRD01457,PRD01463,0.937,node-similarity,2025-06-24
PRD01458,PRD01452,0.8005,pagerank,2024-12-20
PRD01458,PRD01472,0.5621,collaborative,2025-01-10
PRD01458,PRD01473,0.635,pagerank,2024-04-11
PRD01459,PRD01463,0.5729,pagerank,2024-10-22
PRD01459,PRD01465,0.5815,collaborative,2022-09-10
PRD01459,PRD01458,0.5635,content-based,2024-04-29
PRD01460,PRD01456,0.9337,content-based,2023-12-10
PRD01460,PRD01474,0.6631,node-similarity,2023-07-12
PRD01461,PRD01475,0.5683,content-based,2024-02-03
PRD01461,PRD01473,0.6193,content-based,2023-01-10
PRD01461,PRD01462,0.712,pagerank,2023-05-15
PRD01462,PRD01460,0.5643,node-similarity,2022-03-13
PRD01462,PRD01479,0.6504,pagerank,2025-09-09
PRD01462,PRD01455,0.9506,node-similarity,2022-07-14
PRD01463,PRD01480,0.6975,content-based,2022-03-19
PRD01463,PRD01462,0.7836,hybrid,2024-08-14
PRD01463,PRD01468,0.9487,pagerank,2024-03-02
PRD01464,PRD01458,0.8065,node-similarity,2025-09-17
PRD01464,PRD01471,0.5995,pagerank,2025-03-03
PRD01464,PRD01479,0.6192,pagerank,2025-08-02
PRD01465,PRD01478,0.866,hybrid,2023-10-09
PRD01465,PRD01462,0.6465,pagerank,2025-05-06
PRD01465,PRD01456,0.6421,pagerank,2025-07-04
PRD01466,PRD01477,0.7199,content-based,2024-05-19
PRD01466,PRD01453,0.9344,content-based,2025-06-02
PRD01466,PRD01469,0.7678,pagerank,2023-12-31
PRD01467,PRD01477,0.9275,pagerank,2024-05-31
PRD01467,PRD01475,0.7398,node-similarity,2025-06-23
PRD01468,PRD01478,0.6971,pagerank,2025-11-02
PRD01468,PRD01469,0.6937,collaborative,2025-04-30
PRD01468,PRD01459,0.6468,hybrid,2024-03-10
PRD01469,PRD01451,0.6354,collaborative,2024-11-17
PRD01469,PRD01478,0.9316,pagerank,2022-11-24
PRD01469,PRD01450,0.9253,collaborative,2025-08-11
PRD01470,PRD01468,0.6163,node-similarity,2024-08-21
PRD01470,PRD01456,0.8689,pagerank,2023-10-07
PRD01470,PRD01465,0.8804,collaborative,2025-07-24
PRD01471,PRD01477,0.9323,node-similarity,2025-01-02
PRD01471,PRD01475,0.6445,hybrid,2023-12-04
PRD01471,PRD01457,0.9157,content-based,2022-11-27
PRD01472,PRD01467,0.7826,hybrid,2025-04-09
PRD01472,PRD01477,0.6333,hybrid,2022-10-13
PRD01473,PRD01460,0.6697,content-based,2023-04-11
PRD01473,PRD01450,0.7238,content-based,2022-08-13
PRD01474,PRD01477,0.6569,collaborative,2022-01-23
PRD01474,PRD01462,0.6759,collaborative,2022-10-10
PRD01474,PRD01464,0.8554,collaborative,2023-12-08
PRD01475,PRD01459,0.7046,pagerank,2025-12-12
PRD01475,PRD01456,0.7693,content-based,2025-11-07
PRD01476,PRD01469,0.8266,hybrid,2025-08-23
PRD01476,PRD01468,0.9014,content-based,2023-03-09
PRD01476,PRD01466,0.6617,collaborative,2023-01-09
PRD01477,PRD01479,0.8941,collaborative,2023-08-17
PRD01477,PRD01476,0.5758,content-based,2022-10-09
PRD01477,PRD01470,0.9227,node-similarity,2023-11-10
PRD01478,PRD01464,0.9464,collaborative,2022-05-01
PRD01478,PRD01463,0.8134,pagerank,2025-06-22
PRD01478,PRD01473,0.952,pagerank,2024-09-27
PRD01479,PRD01452,0.7209,collaborative,2025-08-18
PRD01479,PRD01470,0.81,hybrid,2024-03-15
PRD01479,PRD01457,0.9382,node-similarity,2023-06-17
PRD01480,PRD01452,0.9605,content-based,2025-07-19
PRD01480,PRD01472,0.893,pagerank,2024-05-12
PRD01480,PRD01462,0.6061,hybrid,2024-08-21
PRD01481,PRD01502,0.6283,collaborative,2025-05-03
PRD01481,PRD01506,0.6849,pagerank,2023-12-30
PRD01481,PRD01498,0.9414,collaborative,2022-12-04
PRD01482,PRD01500,0.9124,collaborative,2024-11-19
PRD01482,PRD01484,0.5776,collaborative,2025-04-27
PRD01482,PRD01481,0.9794,pagerank,2024-12-22
PRD01483,PRD01486,0.9193,node-similarity,2022-12-27
PRD01483,PRD01496,0.8139,collaborative,2022-08-24
PRD01483,PRD01489,0.9858,hybrid,2025-07-21
PRD01484,PRD01494,0.9395,hybrid,2022-09-05
PRD01484,PRD01510,0.8418,node-similarity,2024-01-28
PRD01484,PRD01500,0.6238,collaborative,2023-10-12
PRD01485,PRD01495,0.9263,hybrid,2023-04-02
PRD01485,PRD01506,0.7158,node-similarity,2022-09-11
PRD01485,PRD01509,0.6279,content-based,2024-05-07
PRD01486,PRD01489,0.7102,node-similarity,2024-08-24
PRD01486,PRD01484,0.9569,collaborative,2023-04-03
PRD01487,PRD01501,0.7048,node-similarity,2024-04-16
PRD01487,PRD01493,0.6674,pagerank,2022-08-16
PRD01487,PRD01504,0.6398,collaborative,2024-10-08
PRD01488,PRD01494,0.7772,content-based,2023-12-02
PRD01488,PRD01504,0.8275,content-based,2022-06-20
PRD01488,PRD01482,0.9778,content-based,2025-01-05
PRD01489,PRD01504,0.6274,hybrid,2023-02-14
PRD01489,PRD01509,0.5901,hybrid,2022-09-14
PRD01489,PRD01484,0.5885,content-based,2025-06-27
PRD01490,PRD01491,0.5642,node-similarity,2022-09-13
PRD01490,PRD01505,0.8521,pagerank,2022-10-05
PRD01490,PRD01508,0.7148,hybrid,2025-07-18
PRD01491,PRD01482,0.5716,collaborative,2025-03-01
PRD01491,PRD01487,0.5905,pagerank,2022-06-12
PRD01491,PRD01488,0.7902,content-based,2024-07-25
PRD01492,PRD01508,0.5928,content-based,2023-11-10
PRD01492,PRD01481,0.7858,collaborative,2022-01-01
PRD01492,PRD01486,0.8532,collaborative,2025-04-25
PRD01493,PRD01486,0.7753,content-based,2025-03-26
PRD01493,PRD01491,0.8034,collaborative,2025-09-14
PRD01493,PRD01506,0.9792,hybrid,2022-05-03
PRD01494,PRD01481,0.9341,content-based,2024-08-03
PRD01494,PRD01499,0.9072,pagerank,2023-08-27
PRD01495,PRD01494,0.5734,pagerank,2024-01-20
PRD01495,PRD01510,0.9377,node-similarity,2023-06-01
PRD01496,PRD01499,0.6165,collaborative,2023-06-05
PRD01496,PRD01497,0.9469,hybrid,2025-12-30
PRD01496,PRD01510,0.6378,node-similarity,2023-10-20
PRD01497,PRD01499,0.5736,collaborative,2024-11-17
PRD01497,PRD01511,0.6207,node-similarity,2025-03-20
PRD01497,PRD01487,0.8281,pagerank,2022-11-17
PRD01498,PRD01506,0.6179,node-similarity,2024-07-22
PRD01498,PRD01512,0.654,node-similarity,2022-12-03
PRD01498,PRD01510,0.591,content-based,2025-03-27
PRD01499,PRD01486,0.801,content-based,2025-08-13
PRD01499,PRD01505,0.6757,collaborative,2024-09-28
PRD01499,PRD01498,0.5776,collaborative,2024-03-03
PRD01500,PRD01508,0.8093,node-similarity,2025-05-11
PRD01500,PRD01494,0.7072,node-similarity,2022-09-27
PRD01500,PRD01488,0.6492,collaborative,2023-03-21
PRD01501,PRD01486,0.802,content-based,2024-03-20
PRD01501,PRD01510,0.8391,node-similarity,2023-11-24
PRD01501,PRD01490,0.7077,content-based,2024-11-09
PRD01502,PRD01512,0.5873,pagerank,2024-04-16
PRD01502,PRD01484,0.7657,content-based,2024-01-06
PRD01502,PRD01499,0.6818,pagerank,2025-12-04
PRD01503,PRD01491,0.8633,hybrid,2023-01-02
PRD01503,PRD01508,0.7027,node-similarity,2024-02-21
PRD01503,PRD01490,0.6846,pagerank,2024-09-23
PRD01504,PRD01492,0.863,hybrid,2022-08-04
PRD01504,PRD01500,0.5621,pagerank,2024-06-17
PRD01504,PRD01509,0.7274,node-similarity,2022-10-19
PRD01505,PRD01498,0.8094,pagerank,2022-05-29
PRD01505,PRD01481,0.6292,collaborative,2022-10-28
PRD01505,PRD01496,0.5885,hybrid,2022-02-20
PRD01506,PRD01500,0.6768,collaborative,2022-01-30
PRD01506,PRD01487,0.5785,pagerank,2024-05-13
PRD01506,PRD01482,0.8598,collaborative,2024-08-03
PRD01507,PRD01499,0.768,pagerank,2024-06-07
PRD01507,PRD01503,0.5644,collaborative,2024-09-08
PRD01507,PRD01486,0.9527,content-based,2022-05-26
PRD01508,PRD01504,0.8048,pagerank,2025-09-20
PRD01508,PRD01484,0.8789,pagerank,2023-09-04
PRD01509,PRD01498,0.9377,hybrid,2024-02-27
PRD01509,PRD01495,0.8176,content-based,2022-12-26
PRD01509,PRD01497,0.9227,collaborative,2025-01-06
PRD01510,PRD01504,0.5909,content-based,2022-10-28
PRD01510,PRD01511,0.8209,content-based,2025-08-31
PRD01510,PRD01506,0.8094,hybrid,2024-08-17
PRD01511,PRD01501,0.8965,pagerank,2022-07-31
PRD01511,PRD01487,0.7146,pagerank,2025-01-09
PRD01511,PRD01486,0.6465,node-similarity,2022-05-31
PRD01512,PRD01482,0.7191,pagerank,2025-08-14
PRD01512,PRD01503,0.7452,node-similarity,2023-10-17
PRD01513,PRD01544,0.8617,pagerank,2024-06-09
PRD01513,PRD01540,0.5871,hybrid,2024-01-27
PRD01513,PRD01523,0.8364,collaborative,2023-12-07
PRD01514,PRD01537,0.7759,node-similarity,2023-01-25
PRD01514,PRD01531,0.8958,hybrid,2025-04-18
PRD01514,PRD01523,0.8972,pagerank,2024-02-24
PRD01515,PRD01522,0.6632,hybrid,2024-02-21
PRD01515,PRD01533,0.6743,pagerank,2023-04-11
PRD01515,PRD01516,0.8131,content-based,2024-11-01
PRD01516,PRD01524,0.6622,collaborative,2022-09-25
PRD01516,PRD01539,0.7658,collaborative,2025-02-17
PRD01516,PRD01541,0.8497,node-similarity,2024-10-21
PRD01517,PRD01526,0.8871,node-similarity,2023-08-20
PRD01517,PRD01535,0.942,pagerank,2023-11-20
PRD01517,PRD01541,0.7854,content-based,2022-12-04
PRD01518,PRD01523,0.8348,node-similarity,2022-04-01
PRD01518,PRD01515,0.7719,pagerank,2025-12-24
PRD01518,PRD01531,0.8923,pagerank,2024-08-21
PRD01519,PRD01541,0.6535,collaborative,2023-12-28
PRD01519,PRD01523,0.9701,node-similarity,2025-05-20
PRD01519,PRD01526,0.928,collaborative,2024-04-01
PRD01520,PRD01526,0.9041,content-based,2023-05-30
PRD01520,PRD01536,0.6378,content-based,2022-01-06
PRD01520,PRD01523,0.9687,pagerank,2024-10-11
PRD01521,PRD01534,0.8323,node-similarity,2024-01-13
PRD01521,PRD01535,0.8234,node-similarity,2022-11-09
PRD01521,PRD01538,0.684,node-similarity,2025-05-05
PRD01522,PRD01535,0.797,collaborative,2023-05-13
PRD01522,PRD01521,0.5764,pagerank,2023-08-31
PRD01523,PRD01542,0.6327,pagerank,2023-05-10
PRD01523,PRD01524,0.5871,pagerank,2022-07-12
PRD01523,PRD01522,0.8294,hybrid,2022-11-14
PRD01524,PRD01537,0.9582,collaborative,2022-04-16
PRD01524,PRD01522,0.8537,content-based,2024-10-16
PRD01525,PRD01520,0.9307,content-based,2023-04-30
PRD01525,PRD01518,0.9722,collaborative,2023-11-14
PRD01525,PRD01521,0.6688,node-similarity,2023-04-13
PRD01526,PRD01534,0.8854,node-similarity,2023-07-22
PRD01526,PRD01527,0.905,pagerank,2023-12-21
PRD01526,PRD01528,0.5737,hybrid,2022-09-17
PRD01527,PRD01534,0.6885,pagerank,2023-08-06
PRD01527,PRD01530,0.9575,node-similarity,2022-12-05
PRD01527,PRD01524,0.9897,hybrid,2023-09-06
PRD01528,PRD01527,0.7669,pagerank,2022-04-15
PRD01528,PRD01536,0.6416,hybrid,2024-04-16
PRD01528,PRD01529,0.9511,collaborative,2025-12-30
PRD01529,PRD01525,0.9083,pagerank,2022-05-10
PRD01529,PRD01540,0.6116,content-based,2025-01-07
PRD01529,PRD01526,0.9101,collaborative,2023-08-23
PRD01530,PRD01523,0.6912,pagerank,2024-05-13
PRD01530,PRD01543,0.5711,content-based,2025-09-13
PRD01530,PRD01531,0.9347,content-based,2025-02-05
PRD01531,PRD01537,0.7361,hybrid,2025-10-24
PRD01531,PRD01532,0.9432,content-based,2023-11-10
PRD01531,PRD01524,0.7308,pagerank,2025-10-12
PRD01532,PRD01520,0.9031,node-similarity,2023-04-08
PRD01532,PRD01521,0.765,node-similarity,2024-08-31
PRD01532,PRD01542,0.8517,content-based,2022-02-01
PRD01533,PRD01532,0.6425,pagerank,2023-06-11
PRD01533,PRD01529,0.7186,node-similarity,2025-07-30
PRD01534,PRD01522,0.7821,hybrid,2024-07-07
PRD01534,PRD01524,0.7997,pagerank,2022-10-10
PRD01534,PRD01514,0.8393,node-similarity,2025-05-07
PRD01535,PRD01528,0.9266,collaborative,2025-06-28
PRD01535,PRD01541,0.7304,node-similarity,2024-02-03
PRD01535,PRD01518,0.5918,collaborative,2024-04-05
PRD01536,PRD01515,0.7285,hybrid,2025-10-18
PRD01536,PRD01531,0.5938,node-similarity,2025-06-29
PRD01536,PRD01523,0.6656,collaborative,2023-02-16
PRD01537,PRD01533,0.9121,hybrid,2022-11-12
PRD01537,PRD01542,0.9573,content-based,2023-05-13
PRD01537,PRD01543,0.9664,node-similarity,2025-01-08
PRD01538,PRD01516,0.5632,content-based,2022-11-27
PRD01538,PRD01543,0.765,node-similarity,2025-10-26
PRD01538,PRD01523,0.7689,collaborative,2023-10-04
PRD01539,PRD01514,0.8344,collaborative,2025-09-06
PRD01539,PRD01538,0.58,hybrid,2022-02-28
PRD01539,PRD01515,0.7147,content-based,2024-05-02
PRD01540,PRD01531,0.5805,hybrid,2022-01-04
PRD01540,PRD01542,0.8825,hybrid,2023-07-12
PRD01541,PRD01518,0.7516,node-similarity,2024-12-24
PRD01541,PRD01514,0.6265,pagerank,2022-02-04
PRD01541,PRD01515,0.8615,node-similarity,2024-09-19
PRD01542,PRD01525,0.6964,content-based,2022-03-15
PRD01542,PRD01539,0.6261,hybrid,2024-10-14
PRD01542,PRD01535,0.5568,pagerank,2025-05-08
PRD01543,PRD01527,0.5844,hybrid,2025-05-18
PRD01543,PRD01531,0.9193,content-based,2022-04-02
PRD01544,PRD01519,0.7128,content-based,2022-12-18
PRD01544,PRD01537,0.8889,node-similarity,2025-02-01
PRD01544,PRD01524,0.8746,node-similarity,2025-04-01
PRD01545,PRD01549,0.8974,pagerank,2025-03-13
PRD01545,PRD01553,0.6449,hybrid,2025-10-16
PRD01545,PRD01571,0.75,pagerank,2025-01-06
PRD01546,PRD01560,0.564,collaborative,2025-10-01
PRD01546,PRD01571,0.9568,node-similarity,2023-01-28
PRD01546,PRD01545,0.7296,content-based,2025-07-23
PRD01547,PRD01546,0.6464,node-similarity,2022-01-01
PRD01547,PRD01554,0.7284,content-based,2022-02-27
PRD01547,PRD01559,0.9612,content-based,2024-10-08
PRD01548,PRD01557,0.5531,hybrid,2023-07-25
PRD01548,PRD01547,0.8065,pagerank,2025-08-20
PRD01548,PRD01549,0.9755,hybrid,2022-08-11
PRD01549,PRD01559,0.7663,collaborative,2023-01-18
PRD01549,PRD01557,0.7845,node-similarity,2025-04-27
PRD01549,PRD01558,0.6387,collaborative,2023-01-24
PRD01550,PRD01566,0.9832,node-similarity,2022-10-05
PRD01550,PRD01572,0.6522,node-similarity,2023-03-09
PRD01550,PRD01561,0.6046,hybrid,2025-07-19
PRD01551,PRD01553,0.9709,content-based,2024-07-18
PRD01551,PRD01556,0.7286,collaborative,2022-08-20
PRD01551,PRD01570,0.9156,pagerank,2022-10-11
PRD01552,PRD01551,0.7847,pagerank,2023-04-03
PRD01552,PRD01554,0.8962,node-similarity,2024-05-09
PRD01552,PRD01545,0.884,hybrid,2023-10-22
PRD01553,PRD01550,0.9531,content-based,2022-08-06
PRD01553,PRD01548,0.965,content-based,2023-11-10
PRD01553,PRD01565,0.746,hybrid,2023-02-24
PRD01554,PRD01566,0.8003,collaborative,2022-02-11
PRD01554,PRD01551,0.5744,hybrid,2024-01-07
PRD01554,PRD01555,0.9403,content-based,2025-09-26
PRD01555,PRD01548,0.5763,pagerank,2025-08-24
PRD01555,PRD01569,0.8747,node-similarity,2022-10-11
PRD01555,PRD01572,0.6523,content-based,2024-09-30
PRD01556,PRD01552,0.9755,collaborative,2024-08-01
PRD01556,PRD01554,0.7568,content-based,2023-11-19
PRD01556,PRD01562,0.803,pagerank,2023-12-28
PRD01557,PRD01570,0.9596,node-similarity,2022-09-23
PRD01557,PRD01568,0.8845,hybrid,2023-12-10
PRD01557,PRD01550,0.5622,collaborative,2025-06-23
PRD01558,PRD01554,0.5527,collaborative,2022-12-26
PRD01558,PRD01572,0.6913,pagerank,2024-05-21
PRD01558,PRD01564,0.9282,pagerank,2023-08-21
PRD01559,PRD01554,0.9166,content-based,2022-12-01
PRD01559,PRD01568,0.7897,hybrid,2024-01-30
PRD01559,PRD01565,0.6622,pagerank,2025-11-17
PRD01560,PRD01564,0.8068,hybrid,2025-11-24
PRD01560,PRD01561,0.6606,node-similarity,2022-08-02
PRD01560,PRD01570,0.5939,node-similarity,2022-10-18
PRD01561,PRD01553,0.5771,node-similarity,2023-04-06
PRD01561,PRD01552,0.6927,collaborative,2022-09-30
PRD01561,PRD01559,0.8238,content-based,2024-06-08
PRD01562,PRD01564,0.8861,collaborative,2024-01-05
PRD01562,PRD01555,0.8474,pagerank,2024-09-03
PRD01562,PRD01550,0.6343,content-based,2024-07-21
PRD01563,PRD01571,0.956,collaborative,2025-04-25
PRD01563,PRD01555,0.7492,pagerank,2025-04-11
PRD01563,PRD01572,0.5506,collaborative,2025-04-05
PRD01564,PRD01548,0.6313,content-based,2023-06-27
PRD01564,PRD01567,0.5691,content-based,2022-03-19
PRD01565,PRD01560,0.7786,hybrid,2025-02-27
PRD01565,PRD01568,0.7922,pagerank,2022-09-25
PRD01565,PRD01557,0.6907,content-based,2024-09-30
PRD01566,PRD01570,0.6122,hybrid,2025-03-24
PRD01566,PRD01562,0.7332,hybrid,2024-11-23
PRD01566,PRD01567,0.751,content-based,2022-03-11
PRD01567,PRD01548,0.7178,pagerank,2025-05-03
PRD01567,PRD01572,0.9037,content-based,2022-03-12
PRD01567,PRD01547,0.8799,pagerank,2022-10-13
PRD01568,PRD01558,0.5611,content-based,2022-11-14
PRD01568,PRD01551,0.9111,content-based,2023-03-22
PRD01568,PRD01571,0.9596,collaborative,2022-08-27
PRD01569,PRD01559,0.8409,hybrid,2023-04-20
PRD01569,PRD01564,0.6237,content-based,2023-04-25
PRD01570,PRD01548,0.6106,hybrid,2025-08-22
PRD01571,PRD01557,0.9555,collaborative,2024-07-16
PRD01571,PRD01553,0.7716,collaborative,2022-02-21
PRD01571,PRD01561,0.7441,collaborative,2023-10-27
PRD01572,PRD01568,0.5873,hybrid,2025-06-14
PRD01572,PRD01559,0.6357,pagerank,2024-01-28
PRD01573,PRD01588,0.5857,collaborative,2024-10-17
PRD01573,PRD01602,0.5957,hybrid,2025-04-18
PRD01573,PRD01591,0.5959,content-based,2022-07-19
PRD01574,PRD01580,0.8236,pagerank,2023-07-23
PRD01574,PRD01593,0.8038,pagerank,2023-03-25
PRD01574,PRD01584,0.988,collaborative,2024-01-07
PRD01575,PRD01598,0.6816,hybrid,2024-03-19
PRD01575,PRD01589,0.643,pagerank,2025-08-05
PRD01575,PRD01601,0.9579,node-similarity,2025-01-26
PRD01576,PRD01587,0.5676,hybrid,2022-11-23
PRD01576,PRD01577,0.6014,pagerank,2023-09-14
PRD01576,PRD01593,0.9252,node-similarity,2025-11-26
PRD01577,PRD01589,0.8332,hybrid,2022-09-26
PRD01577,PRD01600,0.5608,content-based,2022-11-12
PRD01577,PRD01587,0.8772,collaborative,2024-09-17
PRD01578,PRD01575,0.8957,hybrid,2025-07-26
PRD01578,PRD01579,0.8891,node-similarity,2023-01-26
PRD01578,PRD01587,0.6963,collaborative,2022-10-26
PRD01579,PRD01592,0.91,pagerank,2024-06-14
PRD01579,PRD01598,0.9542,node-similarity,2022-02-03
PRD01579,PRD01576,0.7002,hybrid,2022-01-22
PRD01580,PRD01583,0.7229,hybrid,2022-09-01
PRD01580,PRD01597,0.9521,collaborative,2024-01-17
PRD01580,PRD01573,0.5603,node-similarity,2022-04-03
PRD01581,PRD01593,0.7577,content-based,2023-04-19
PRD01581,PRD01585,0.6062,collaborative,2025-06-21
PRD01581,PRD01598,0.8797,pagerank,2022-08-05
PRD01582,PRD01598,0.7722,content-based,2023-01-03
PRD01582,PRD01600,0.9862,pagerank,2024-07-28
PRD01582,PRD01578,0.6344,node-similarity,2023-08-25
PRD01583,PRD01573,0.7414,pagerank,2025-11-15
PRD01583,PRD01598,0.6151,node-similarity,2022-05-25
PRD01583,PRD01593,0.8446,collaborative,2024-04-03
PRD01584,PRD01593,0.7846,collaborative,2025-04-23
PRD01584,PRD01588,0.9675,node-similarity,2025-10-14
PRD01585,PRD01594,0.6038,content-based,2023-08-05
PRD01585,PRD01574,0.7463,pagerank,2023-05-26
PRD01585,PRD01590,0.9432,content-based,2025-03-25
PRD01586,PRD01573,0.7086,pagerank,2022-10-06
PRD01586,PRD01576,0.8065,content-based,2025-02-21
PRD01586,PRD01595,0.5537,node-similarity,2022-05-24
PRD01587,PRD01584,0.921,hybrid,2022-07-16
PRD01587,PRD01600,0.9531,node-similarity,2024-11-01
PRD01587,PRD01573,0.7995,content-based,2025-12-31
PRD01588,PRD01580,0.5651,collaborative,2024-01-01
PRD01588,PRD01598,0.7268,collaborative,2025-01-19
PRD01589,PRD01602,0.668,hybrid,2025-06-10
PRD01589,PRD01581,0.9169,content-based,2022-02-07
PRD01589,PRD01590,0.7865,hybrid,2025-12-26
PRD01590,PRD01583,0.6321,collaborative,2025-08-04
PRD01590,PRD01573,0.7181,content-based,2024-01-14
PRD01590,PRD01586,0.6368,node-similarity,2024-12-27
PRD01591,PRD01601,0.8476,hybrid,2022-10-11
PRD01591,PRD01593,0.7361,collaborative,2023-11-20
PRD01592,PRD01580,0.962,content-based,2022-04-01
PRD01592,PRD01575,0.8013,node-similarity,2025-09-01
PRD01592,PRD01574,0.6862,pagerank,2025-12-01
PRD01593,PRD01600,0.7902,collaborative,2022-08-13
PRD01593,PRD01589,0.7878,node-similarity,2023-05-28
PRD01593,PRD01579,0.7898,collaborative,2025-08-11
PRD01594,PRD01589,0.8849,collaborative,2023-02-09
PRD01594,PRD01602,0.6062,pagerank,2025-01-24
PRD01595,PRD01580,0.7521,node-similarity,2025-05-16
PRD01595,PRD01594,0.6739,node-similarity,2023-01-02
PRD01595,PRD01599,0.8525,pagerank,2023-12-19
PRD01596,PRD01583,0.6065,content-based,2022-12-28
PRD01596,PRD01579,0.6988,node-similarity,2022-04-01
PRD01596,PRD01581,0.9624,content-based,2022-11-03
PRD01597,PRD01575,0.8214,hybrid,2024-09-11
PRD01597,PRD01590,0.877,node-similarity,2022-07-18
PRD01597,PRD01577,0.7314,node-similarity,2022-03-11
PRD01598,PRD01602,0.7505,pagerank,2024-12-23
PRD01598,PRD01576,0.8177,node-similarity,2024-10-25
PRD01598,PRD01595,0.8289,node-similarity,2022-12-30
PRD01599,PRD01576,0.5793,collaborative,2024-01-01
PRD01599,PRD01588,0.5883,node-similarity,2023-08-31
PRD01599,PRD01590,0.9282,content-based,2022-04-28
PRD01600,PRD01584,0.7251,pagerank,2022-04-14
PRD01600,PRD01599,0.9893,content-based,2024-10-16
PRD01600,PRD01598,0.9583,node-similarity,2025-01-29
PRD01601,PRD01595,0.6081,collaborative,2025-10-16
PRD01601,PRD01580,0.6115,collaborative,2023-02-19
PRD01603,PRD01629,0.5672,hybrid,2022-11-20
PRD01603,PRD01621,0.6067,content-based,2025-06-08
PRD01603,PRD01605,0.9587,node-similarity,2024-11-24
PRD01604,PRD01614,0.8899,collaborative,2025-12-05
PRD01604,PRD01610,0.7955,node-similarity,2025-08-09
PRD01604,PRD01612,0.7954,pagerank,2023-03-21
PRD01605,PRD01612,0.7442,collaborative,2025-12-19
PRD01605,PRD01607,0.8365,pagerank,2025-08-01
PRD01605,PRD01614,0.9572,node-similarity,2022-02-17
PRD01606,PRD01620,0.6099,pagerank,2022-01-14
PRD01606,PRD01615,0.6499,hybrid,2025-12-10
PRD01606,PRD01603,0.9419,pagerank,2022-01-23
PRD01607,PRD01615,0.8284,node-similarity,2023-07-25
PRD01607,PRD01609,0.7645,node-similarity,2025-01-20
PRD01607,PRD01627,0.6541,content-based,2024-10-27
PRD01608,PRD01627,0.5899,pagerank,2024-01-08
PRD01608,PRD01607,0.7647,node-similarity,2025-06-08
PRD01608,PRD01606,0.5677,pagerank,2022-04-16
PRD01609,PRD01612,0.721,content-based,2022-11-07
PRD01609,PRD01626,0.679,content-based,2025-11-04
PRD01610,PRD01619,0.7434,node-similarity,2024-02-19
PRD01610,PRD01613,0.8527,pagerank,2025-02-21
PRD01610,PRD01622,0.5824,hybrid,2025-05-21
PRD01611,PRD01620,0.5932,collaborative,2025-04-16
PRD01611,PRD01630,0.893,collaborative,2024-01-06
PRD01611,PRD01625,0.6997,content-based,2023-11-18
PRD01612,PRD01610,0.9098,hybrid,2023-08-29
PRD01612,PRD01623,0.8408,hybrid,2025-04-24
PRD01612,PRD01627,0.7343,node-similarity,2022-02-10
PRD01613,PRD01611,0.763,collaborative,2023-05-10
PRD01613,PRD01619,0.9735,content-based,2025-05-08
PRD01613,PRD01605,0.5707,pagerank,2024-11-13
PRD01614,PRD01615,0.7883,node-similarity,2024-10-20
PRD01614,PRD01630,0.8733,node-similarity,2022-12-09
PRD01614,PRD01610,0.8742,node-similarity,2022-09-04
PRD01615,PRD01628,0.9176,content-based,2025-12-24
PRD01615,PRD01621,0.8592,node-similarity,2023-09-09
PRD01615,PRD01623,0.6495,pagerank,2025-11-11
PRD01616,PRD01611,0.8798,content-based,2024-04-25
PRD01616,PRD01615,0.9201,hybrid,2024-12-20
PRD01616,PRD01612,0.8484,hybrid,2024-08-15
PRD01617,PRD01623,0.8054,collaborative,2024-01-13
PRD01617,PRD01609,0.9651,collaborative,2024-08-11
PRD01617,PRD01614,0.8763,content-based,2024-12-19
PRD01618,PRD01605,0.7896,content-based,2023-09-14
PRD01618,PRD01616,0.7737,node-similarity,2024-11-30
PRD01618,PRD01612,0.737,hybrid,2025-03-23
PRD01619,PRD01617,0.6434,content-based,2023-03-03
PRD01619,PRD01622,0.836,pagerank,2022-06-22
PRD01619,PRD01614,0.6773,pagerank,2025-08-20
PRD01620,PRD01629,0.6903,hybrid,2025-05-01
PRD01620,PRD01605,0.8438,pagerank,2022-11-04
PRD01620,PRD01626,0.5783,node-similarity,2025-07-03
PRD01621,PRD01605,0.8219,hybrid,2024-03-19
PRD01621,PRD01625,0.5813,hybrid,2024-10-30
PRD01622,PRD01613,0.7421,pagerank,2025-03-24
PRD01622,PRD01624,0.6115,node-similarity,2022-04-10
PRD01623,PRD01619,0.6,collaborative,2023-08-16
PRD01623,PRD01628,0.7694,node-similarity,2023-04-12
PRD01623,PRD01621,0.6889,hybrid,2023-06-15
PRD01624,PRD01605,0.9096,content-based,2023-03-04
PRD01624,PRD01619,0.8934,node-similarity,2023-10-06
PRD01624,PRD01615,0.8312,pagerank,2025-09-23
PRD01625,PRD01629,0.7492,collaborative,2023-09-28
PRD01625,PRD01630,0.9034,pagerank,2025-08-04
PRD01625,PRD01612,0.5726,pagerank,2022-01-15
PRD01626,PRD01628,0.8731,collaborative,2024-05-03
PRD01626,PRD01605,0.7746,collaborative,2023-06-25
PRD01627,PRD01619,0.5829,pagerank,2023-08-15
PRD01627,PRD01631,0.5886,content-based,2024-09-06
PRD01627,PRD01609,0.8897,collaborative,2023-12-11
PRD01628,PRD01607,0.6388,content-based,2023-11-09
PRD01628,PRD01608,0.6176,collaborative,2024-07-12
PRD01629,PRD01628,0.6314,hybrid,2022-07-31
PRD01629,PRD01608,0.6016,content-based,2025-03-27
PRD01629,PRD01615,0.8338,hybrid,2025-03-24
PRD01630,PRD01621,0.8046,content-based,2023-11-05
PRD01630,PRD01609,0.5967,collaborative,2024-04-05
PRD01631,PRD01609,0.7781,hybrid,2025-02-19
PRD01631,PRD01619,0.6935,node-similarity,2023-10-24
PRD01631,PRD01620,0.5775,content-based,2022-01-29
PRD01632,PRD01655,0.8721,content-based,2024-06-19
PRD01632,PRD01639,0.9146,pagerank,2022-10-27
PRD01632,PRD01660,0.9178,content-based,2023-04-24
PRD01633,PRD01650,0.9024,content-based,2023-10-29
PRD01633,PRD01642,0.6658,hybrid,2022-05-14
PRD01633,PRD01635,0.7562,content-based,2022-03-27
PRD01634,PRD01656,0.9559,hybrid,2024-01-11
PRD01634,PRD01636,0.7181,collaborative,2025-03-20
PRD01634,PRD01654,0.9505,hybrid,2023-11-26
PRD01635,PRD01645,0.9234,content-based,2024-09-25
PRD01635,PRD01648,0.8429,node-similarity,2025-12-31
PRD01635,PRD01657,0.9043,node-similarity,2024-03-27
PRD01636,PRD01632,0.773,node-similarity,2025-10-07
PRD01636,PRD01653,0.6397,collaborative,2022-04-26
PRD01636,PRD01645,0.8686,content-based,2025-01-22
PRD01637,PRD01648,0.6117,content-based,2024-10-17
PRD01637,PRD01659,0.6636,collaborative,2022-12-31
PRD01637,PRD01661,0.7857,hybrid,2024-11-23
PRD01638,PRD01636,0.9382,collaborative,2025-12-09
PRD01638,PRD01642,0.7052,pagerank,2024-01-25
PRD01638,PRD01632,0.8542,node-similarity,2023-11-16
PRD01639,PRD01647,0.6987,collaborative,2025-04-30
PRD01639,PRD01643,0.7102,hybrid,2023-07-16
PRD01639,PRD01634,0.8299,hybrid,2023-07-25
PRD01640,PRD01647,0.9033,pagerank,2022-03-11
PRD01640,PRD01632,0.9636,content-based,2025-01-22
PRD01640,PRD01650,0.7584,node-similarity,2024-03-06
PRD01641,PRD01644,0.8719,collaborative,2024-07-07
PRD01641,PRD01643,0.639,hybrid,2025-10-11
PRD01641,PRD01645,0.6575,content-based,2022-12-02
PRD01642,PRD01648,0.8064,pagerank,2025-12-23
PRD01643,PRD01657,0.878,collaborative,2023-11-27
PRD01643,PRD01656,0.5658,pagerank,2024-10-01
PRD01643,PRD01649,0.9744,pagerank,2024-08-06
PRD01644,PRD01650,0.7467,collaborative,2024-12-17
PRD01644,PRD01657,0.6802,hybrid,2022-03-18
PRD01644,PRD01643,0.8115,content-based,2024-04-02
PRD01645,PRD01643,0.6754,content-based,2022-04-03
PRD01645,PRD01644,0.7451,content-based,2024-02-18
PRD01645,PRD01640,0.8136,content-based,2022-02-10
PRD01646,PRD01647,0.8033,pagerank,2022-03-10
PRD01646,PRD01653,0.7142,collaborative,2022-04-20
PRD01646,PRD01659,0.6085,pagerank,2025-11-17
PRD01647,PRD01649,0.7539,collaborative,2022-03-18
PRD01647,PRD01641,0.8402,node-similarity,2025-06-13
PRD01647,PRD01660,0.893,node-similarity,2024-10-06
PRD01648,PRD01645,0.8801,node-similarity,2022-09-11
PRD01648,PRD01646,0.9045,pagerank,2025-08-20
PRD01648,PRD01639,0.79,collaborative,2023-08-22
PRD01649,PRD01652,0.9793,pagerank,2022-07-29
PRD01649,PRD01658,0.7339,pagerank,2022-08-25
PRD01649,PRD01644,0.7881,hybrid,2025-05-31
PRD01650,PRD01654,0.6826,hybrid,2023-03-02
PRD01650,PRD01660,0.7117,content-based,2023-05-22
PRD01650,PRD01656,0.8349,collaborative,2023-02-01
PRD01651,PRD01645,0.7732,collaborative,2024-11-17
PRD01651,PRD01656,0.7633,hybrid,2025-10-17
PRD01651,PRD01639,0.9135,hybrid,2025-06-20
PRD01652,PRD01653,0.7742,hybrid,2025-01-16
PRD01652,PRD01651,0.5847,content-based,2022-06-01
PRD01652,PRD01660,0.765,collaborative,2025-09-24
PRD01653,PRD01658,0.8343,content-based,2024-04-06
PRD01653,PRD01632,0.7982,content-based,2022-04-19
PRD01653,PRD01659,0.8854,collaborative,2023-10-15
PRD01654,PRD01644,0.6058,content-based,2025-04-19
PRD01654,PRD01640,0.853,node-similarity,2025-06-29
PRD01654,PRD01633,0.5802,node-similarity,2022-08-29
PRD01655,PRD01658,0.861,pagerank,2024-05-06
PRD01655,PRD01640,0.827,pagerank,2024-03-02
PRD01655,PRD01651,0.6975,content-based,2025-01-06
PRD01656,PRD01661,0.6195,content-based,2024-01-07
PRD01656,PRD01639,0.8681,node-similarity,2023-06-09
PRD01657,PRD01653,0.9493,pagerank,2025-07-04
PRD01657,PRD01660,0.9808,node-similarity,2024-01-18
PRD01657,PRD01652,0.9321,content-based,2023-01-20
PRD01658,PRD01634,0.8647,content-based,2025-09-15
PRD01658,PRD01639,0.847,node-similarity,2022-07-21
PRD01658,PRD01645,0.676,collaborative,2023-12-29
PRD01659,PRD01650,0.5776,content-based,2025-02-22
PRD01659,PRD01652,0.795,collaborative,2025-06-17
PRD01659,PRD01639,0.7797,node-similarity,2022-05-22
PRD01660,PRD01659,0.5813,hybrid,2025-06-11
PRD01660,PRD01645,0.7782,content-based,2023-12-09
PRD01661,PRD01648,0.9368,pagerank,2025-05-20
PRD01661,PRD01638,0.7028,pagerank,2023-01-23
PRD01661,PRD01633,0.6457,hybrid,2022-02-03
PRD01662,PRD01687,0.5831,hybrid,2024-03-23
PRD01662,PRD01672,0.9061,content-based,2024-05-30
PRD01662,PRD01681,0.5917,node-similarity,2025-10-20
PRD01663,PRD01682,0.6916,node-similarity,2023-01-11
PRD01663,PRD01662,0.6932,content-based,2025-12-20
PRD01663,PRD01667,0.8497,content-based,2025-01-30
PRD01664,PRD01676,0.8486,node-similarity,2024-06-17
PRD01664,PRD01669,0.9809,node-similarity,2025-07-13
PRD01664,PRD01668,0.7937,node-similarity,2023-11-11
PRD01665,PRD01663,0.6163,hybrid,2025-01-30
PRD01665,PRD01672,0.9826,pagerank,2023-12-21
PRD01665,PRD01683,0.8282,pagerank,2025-09-07
PRD01666,PRD01668,0.8506,collaborative,2025-08-18
PRD01666,PRD01690,0.7365,content-based,2024-05-09
PRD01666,PRD01672,0.9641,hybrid,2025-04-06
PRD01667,PRD01662,0.6356,collaborative,2022-12-30
PRD01667,PRD01691,0.782,collaborative,2025-03-12
PRD01667,PRD01682,0.561,content-based,2023-01-25
PRD01668,PRD01670,0.635,node-similarity,2025-10-22
PRD01668,PRD01679,0.9119,node-similarity,2024-05-12
PRD01668,PRD01684,0.9308,node-similarity,2024-04-22
PRD01669,PRD01685,0.7613,hybrid,2025-06-04
PRD01669,PRD01688,0.6845,pagerank,2024-01-25
PRD01669,PRD01665,0.917,node-similarity,2023-02-19
PRD01670,PRD01666,0.7035,content-based,2025-06-17
PRD01670,PRD01671,0.7521,node-similarity,2024-07-15
PRD01670,PRD01678,0.9273,content-based,2022-01-10
PRD01671,PRD01682,0.763,hybrid,2022-05-05
PRD01671,PRD01663,0.927,hybrid,2023-08-14
PRD01671,PRD01668,0.6472,pagerank,2022-11-12
PRD01672,PRD01684,0.9073,hybrid,2022-07-18
PRD01672,PRD01669,0.937,pagerank,2024-02-02
PRD01672,PRD01673,0.6293,hybrid,2025-02-07
PRD01673,PRD01683,0.7896,pagerank,2025-03-26
PRD01673,PRD01684,0.5866,node-similarity,2025-07-14
PRD01673,PRD01675,0.8998,hybrid,2024-07-30
PRD01674,PRD01673,0.7779,pagerank,2024-10-04
PRD01674,PRD01683,0.772,pagerank,2025-11-17
PRD01674,PRD01669,0.7451,hybrid,2024-03-30
PRD01675,PRD01676,0.9843,hybrid,2022-03-11
PRD01675,PRD01670,0.555,pagerank,2025-08-30
PRD01675,PRD01669,0.8744,node-similarity,2023-04-28
PRD01676,PRD01687,0.9314,hybrid,2024-04-23
PRD01676,PRD01691,0.7079,content-based,2024-06-06
PRD01676,PRD01673,0.5976,content-based,2023-04-11
PRD01677,PRD01679,0.9113,content-based,2023-08-12
PRD01677,PRD01688,0.7998,hybrid,2023-08-21
PRD01677,PRD01667,0.6349,content-based,2023-12-17
PRD01678,PRD01666,0.9439,hybrid,2024-12-26
PRD01678,PRD01688,0.5753,hybrid,2022-01-31
PRD01678,PRD01692,0.6115,collaborative,2024-05-15
PRD01679,PRD01676,0.8026,content-based,2025-05-17
PRD01679,PRD01683,0.7509,hybrid,2024-06-19
PRD01679,PRD01673,0.6769,hybrid,2025-08-06
PRD01680,PRD01687,0.9449,hybrid,2025-12-17
PRD01680,PRD01679,0.6464,collaborative,2024-01-23
PRD01680,PRD01689,0.8328,collaborative,2025-01-05
PRD01681,PRD01663,0.8907,node-similarity,2024-01-11
PRD01681,PRD01688,0.5922,hybrid,2023-05-28
PRD01681,PRD01679,0.8127,content-based,2024-10-17
PRD01682,PRD01686,0.5596,hybrid,2022-08-02
PRD01682,PRD01674,0.786,node-similarity,2025-04-22
PRD01682,PRD01680,0.9749,collaborative,2022-03-24
PRD01683,PRD01687,0.9355,pagerank,2025-12-24
PRD01683,PRD01691,0.6447,hybrid,2024-05-10
PRD01684,PRD01680,0.8445,content-based,2023-01-16
PRD01684,PRD01690,0.9561,node-similarity,2024-06-26
PRD01684,PRD01692,0.9738,pagerank,2025-01-23
PRD01685,PRD01672,0.986,collaborative,2022-07-29
PRD01685,PRD01684,0.975,node-similarity,2022-07-21
PRD01685,PRD01679,0.8593,hybrid,2025-09-28
PRD01686,PRD01683,0.6196,node-similarity,2022-10-24
PRD01686,PRD01662,0.9354,collaborative,2024-10-12
PRD01686,PRD01691,0.8684,content-based,2022-07-01
PRD01687,PRD01664,0.8755,collaborative,2024-09-24
PRD01687,PRD01675,0.6425,content-based,2023-02-22
PRD01687,PRD01688,0.9197,collaborative,2025-06-05
PRD01688,PRD01676,0.6606,node-similarity,2025-03-25
PRD01688,PRD01675,0.9437,node-similarity,2024-06-26
PRD01689,PRD01679,0.8401,hybrid,2025-11-02
PRD01689,PRD01691,0.6948,collaborative,2024-01-19
PRD01689,PRD01677,0.9337,collaborative,2022-04-04
PRD01690,PRD01691,0.9275,pagerank,2022-01-17
PRD01690,PRD01674,0.7376,node-similarity,2022-09-10
PRD01690,PRD01687,0.6115,node-similarity,2022-09-11
PRD01691,PRD01677,0.7562,pagerank,2022-01-06
PRD01691,PRD01668,0.7577,pagerank,2023-06-17
PRD01692,PRD01674,0.9258,collaborative,2025-07-24
PRD01692,PRD01677,0.7683,hybrid,2023-09-23
PRD01692,PRD01676,0.9658,node-similarity,2022-01-15
PRD01693,PRD01698,0.7907,pagerank,2025-11-07
PRD01693,PRD01708,0.7749,pagerank,2022-08-11
PRD01693,PRD01695,0.7847,node-similarity,2025-03-15
PRD01694,PRD01696,0.9612,content-based,2023-05-07
PRD01694,PRD01695,0.9453,collaborative,2023-03-20
PRD01694,PRD01714,0.6025,pagerank,2024-05-21
PRD01695,PRD01696,0.6245,node-similarity,2023-03-07
PRD01695,PRD01715,0.7922,node-similarity,2025-01-24
PRD01696,PRD01700,0.6158,hybrid,2025-07-07
PRD01696,PRD01710,0.6474,node-similarity,2024-01-30
PRD01696,PRD01704,0.7158,content-based,2025-05-02
PRD01697,PRD01713,0.9082,pagerank,2023-02-24
PRD01697,PRD01706,0.6674,collaborative,2023-06-05
PRD01697,PRD01711,0.6998,collaborative,2022-10-11
PRD01698,PRD01701,0.6858,pagerank,2024-07-21
PRD01698,PRD01718,0.6671,pagerank,2024-06-21
PRD01698,PRD01717,0.6766,hybrid,2025-11-07
PRD01699,PRD01705,0.8034,collaborative,2024-09-22
PRD01699,PRD01694,0.9589,node-similarity,2022-08-02
PRD01699,PRD01706,0.6278,pagerank,2023-04-04
PRD01700,PRD01710,0.6042,collaborative,2022-02-06
PRD01700,PRD01708,0.9092,hybrid,2023-07-06
PRD01701,PRD01710,0.867,content-based,2022-11-06
PRD01701,PRD01699,0.7976,pagerank,2024-09-09
PRD01701,PRD01695,0.7956,collaborative,2024-02-04
PRD01702,PRD01716,0.8787,collaborative,2025-03-08
PRD01702,PRD01710,0.7166,content-based,2025-10-27
PRD01702,PRD01712,0.9856,node-similarity,2025-04-13
PRD01703,PRD01713,0.8216,node-similarity,2023-12-13
PRD01703,PRD01720,0.8388,node-similarity,2023-05-18
PRD01703,PRD01712,0.7035,collaborative,2022-05-12
PRD01704,PRD01718,0.5514,pagerank,2022-06-03
PRD01704,PRD01699,0.9265,node-similarity,2024-12-15
PRD01704,PRD01701,0.6678,node-similarity,2023-02-05
PRD01705,PRD01719,0.9891,content-based,2025-11-06
PRD01705,PRD01698,0.5594,pagerank,2023-05-17
PRD01705,PRD01710,0.6624,content-based,2023-12-17
PRD01706,PRD01700,0.6323,collaborative,2023-10-19
PRD01706,PRD01715,0.7397,node-similarity,2024-03-27
PRD01706,PRD01693,0.9091,pagerank,2023-09-02
PRD01707,PRD01717,0.8535,hybrid,2022-03-17
PRD01707,PRD01701,0.7747,collaborative,2024-05-06
PRD01707,PRD01721,0.6203,hybrid,2025-03-19
PRD01708,PRD01709,0.552,collaborative,2025-09-18
PRD01708,PRD01697,0.6752,content-based,2023-04-02
PRD01708,PRD01710,0.6787,collaborative,2025-01-03
PRD01709,PRD01705,0.9598,hybrid,2025-01-01
PRD01709,PRD01693,0.7314,pagerank,2025-10-22
PRD01709,PRD01719,0.7554,content-based,2023-07-09
PRD01710,PRD01694,0.6491,content-based,2022-12-28
PRD01710,PRD01704,0.7014,content-based,2025-11-21
PRD01711,PRD01699,0.9064,collaborative,2023-04-02
PRD01711,PRD01715,0.7066,content-based,2022-04-28
PRD01711,PRD01716,0.9628,pagerank,2023-08-05
PRD01712,PRD01723,0.9071,collaborative,2022-12-15
PRD01712,PRD01704,0.956,collaborative,2022-02-14
PRD01712,PRD01698,0.9842,content-based,2025-03-07
PRD01713,PRD01702,0.9814,hybrid,2023-07-20
PRD01713,PRD01715,0.6999,pagerank,2024-02-02
PRD01713,PRD01712,0.9189,hybrid,2024-08-20
PRD01714,PRD01697,0.8242,pagerank,2024-08-09
PRD01714,PRD01698,0.9857,collaborative,2022-12-11
PRD01714,PRD01711,0.9349,node-similarity,2023-12-16
PRD01715,PRD01704,0.5713,collaborative,2025-10-15
PRD01715,PRD01719,0.7471,content-based,2023-11-04
PRD01715,PRD01708,0.6548,collaborative,2024-12-06
PRD01716,PRD01708,0.9132,pagerank,2023-05-11
PRD01716,PRD01704,0.7197,pagerank,2022-01-24
PRD01716,PRD01696,0.7899,node-similarity,2023-07-21
PRD01717,PRD01723,0.8457,hybrid,2023-07-31
PRD01717,PRD01705,0.7996,node-similarity,2023-07-18
PRD01717,PRD01712,0.8068,pagerank,2022-06-19
PRD01718,PRD01707,0.9845,hybrid,2022-12-19
PRD01718,PRD01717,0.5754,hybrid,2023-04-28
PRD01718,PRD01695,0.8363,content-based,2023-09-17
PRD01719,PRD01699,0.5783,hybrid,2024-06-29
PRD01719,PRD01703,0.9459,collaborative,2024-05-24
PRD01720,PRD01716,0.5629,content-based,2025-06-30
PRD01720,PRD01713,0.5619,collaborative,2024-12-08
PRD01720,PRD01719,0.7706,collaborative,2025-07-02
PRD01721,PRD01714,0.6816,pagerank,2023-01-29
PRD01721,PRD01708,0.6959,content-based,2024-02-11
PRD01721,PRD01718,0.6291,node-similarity,2025-09-30
PRD01722,PRD01715,0.8417,collaborative,2024-06-23
PRD01722,PRD01705,0.9158,pagerank,2024-12-22
PRD01722,PRD01718,0.7124,collaborative,2022-04-27
PRD01723,PRD01704,0.9376,content-based,2025-07-24
PRD01723,PRD01693,0.6675,content-based,2025-04-22
PRD01723,PRD01720,0.8995,pagerank,2025-04-11
PRD01724,PRD01735,0.9663,hybrid,2023-02-22
PRD01724,PRD01742,0.5513,collaborative,2023-09-04
PRD01724,PRD01746,0.7215,node-similarity,2025-10-23
PRD01725,PRD01749,0.9688,hybrid,2024-08-01
PRD01725,PRD01732,0.8343,node-similarity,2024-05-21
PRD01725,PRD01724,0.7056,pagerank,2023-08-29
PRD01726,PRD01741,0.9698,node-similarity,2024-04-12
PRD01726,PRD01749,0.8949,hybrid,2025-11-17
PRD01726,PRD01728,0.5747,collaborative,2025-11-02
PRD01727,PRD01755,0.8606,collaborative,2025-04-13
PRD01727,PRD01747,0.9552,node-similarity,2025-11-05
PRD01727,PRD01733,0.6528,hybrid,2022-07-28
PRD01728,PRD01734,0.5813,content-based,2022-03-04
PRD01728,PRD01747,0.7003,hybrid,2024-03-01
PRD01728,PRD01724,0.8722,content-based,2024-07-10
PRD01729,PRD01753,0.685,content-based,2025-03-27
PRD01729,PRD01749,0.6528,collaborative,2025-07-15
PRD01729,PRD01745,0.6043,collaborative,2024-04-29
PRD01730,PRD01742,0.9565,collaborative,2024-11-18
PRD01730,PRD01731,0.5539,collaborative,2023-05-27
PRD01730,PRD01739,0.5789,hybrid,2024-03-05
PRD01731,PRD01742,0.7179,hybrid,2022-03-06
PRD01731,PRD01750,0.957,node-similarity,2023-03-07
PRD01731,PRD01734,0.818,pagerank,2025-07-27
PRD01732,PRD01740,0.8198,hybrid,2023-04-15
PRD01732,PRD01735,0.5837,collaborative,2023-06-21
PRD01732,PRD01754,0.6148,collaborative,2025-03-19
PRD01733,PRD01747,0.6346,pagerank,2024-03-07
PRD01733,PRD01735,0.6083,hybrid,2025-11-21
PRD01733,PRD01738,0.5761,pagerank,2022-08-10
PRD01734,PRD01738,0.5576,node-similarity,2023-02-23
PRD01734,PRD01726,0.7661,node-similarity,2025-08-27
PRD01734,PRD01746,0.586,pagerank,2025-05-12
PRD01735,PRD01741,0.56,content-based,2025-08-29
PRD01735,PRD01725,0.6103,hybrid,2025-12-02
PRD01735,PRD01745,0.6586,node-similarity,2024-06-24
PRD01736,PRD01732,0.8296,hybrid,2025-06-16
PRD01736,PRD01747,0.8157,node-similarity,2023-11-03
PRD01736,PRD01738,0.6059,node-similarity,2025-08-20
PRD01737,PRD01725,0.9576,collaborative,2023-05-30
PRD01737,PRD01731,0.835,pagerank,2025-09-12
PRD01737,PRD01738,0.8696,hybrid,2024-08-12
PRD01738,PRD01741,0.7945,content-based,2024-06-05
PRD01738,PRD01727,0.6508,pagerank,2022-08-10
PRD01738,PRD01732,0.7557,content-based,2024-09-11
PRD01739,PRD01738,0.607,node-similarity,2022-05-01
PRD01739,PRD01754,0.8112,pagerank,2022-10-13
PRD01739,PRD01731,0.677,collaborative,2025-01-12
PRD01740,PRD01750,0.8133,hybrid,2025-07-04
PRD01740,PRD01753,0.6144,pagerank,2024-12-26
PRD01740,PRD01755,0.5932,collaborative,2022-09-13
PRD01741,PRD01753,0.6457,collaborative,2023-01-25
PRD01741,PRD01730,0.7073,node-similarity,2023-02-15
PRD01742,PRD01748,0.9759,hybrid,2025-10-09
PRD01742,PRD01746,0.9363,pagerank,2023-01-08
PRD01742,PRD01727,0.6653,node-similarity,2022-09-21
PRD01743,PRD01753,0.6753,node-similarity,2022-11-05
PRD01743,PRD01754,0.7589,content-based,2025-01-19
PRD01743,PRD01737,0.8452,pagerank,2024-02-12
PRD01744,PRD01730,0.9714,content-based,2025-06-25
PRD01744,PRD01742,0.7736,content-based,2022-05-28
PRD01744,PRD01747,0.8955,pagerank,2023-02-26
PRD01745,PRD01754,0.6319,pagerank,2022-10-27
PRD01745,PRD01747,0.953,collaborative,2023-03-04
PRD01746,PRD01751,0.876,collaborative,2023-09-20
PRD01746,PRD01730,0.9503,collaborative,2022-03-26
PRD01746,PRD01739,0.7613,collaborative,2025-11-10
PRD01747,PRD01754,0.6251,content-based,2022-08-31
PRD01747,PRD01751,0.8389,collaborative,2023-10-27
PRD01747,PRD01748,0.569,hybrid,2025-11-30
PRD01748,PRD01733,0.8036,pagerank,2024-01-04
PRD01748,PRD01746,0.8621,collaborative,2023-05-21
PRD01748,PRD01739,0.6883,node-similarity,2025-05-31
PRD01749,PRD01734,0.6078,content-based,2023-12-13
PRD01749,PRD01753,0.5842,node-similarity,2023-10-16
PRD01749,PRD01755,0.5643,pagerank,2024-01-13
PRD01750,PRD01724,0.8707,content-based,2022-03-22
PRD01750,PRD01754,0.7967,pagerank,2024-03-02
PRD01750,PRD01728,0.6815,content-based,2022-05-12
PRD01751,PRD01748,0.8661,collaborative,2022-02-25
PRD01751,PRD01731,0.7624,content-based,2024-03-02
PRD01751,PRD01724,0.8696,hybrid,2023-04-01
PRD01752,PRD01751,0.8123,collaborative,2025-06-01
PRD01752,PRD01755,0.6886,hybrid,2025-11-15
PRD01752,PRD01726,0.6579,hybrid,2022-10-16
PRD01753,PRD01742,0.899,pagerank,2023-06-01
PRD01753,PRD01739,0.8727,content-based,2023-09-29
PRD01754,PRD01749,0.6421,node-similarity,2024-07-02
PRD01754,PRD01736,0.8169,hybrid,2022-10-11
PRD01755,PRD01728,0.7843,pagerank,2024-09-13
PRD01755,PRD01747,0.7859,content-based,2022-09-24
PRD01755,PRD01742,0.7059,content-based,2022-06-25
PRD01756,PRD01773,0.6095,content-based,2022-09-20
PRD01756,PRD01766,0.7206,collaborative,2025-06-29
PRD01756,PRD01767,0.5511,hybrid,2024-02-24
PRD01757,PRD01767,0.6126,pagerank,2022-10-15
PRD01757,PRD01756,0.7605,hybrid,2025-04-17
PRD01757,PRD01760,0.7858,node-similarity,2024-02-14
PRD01758,PRD01768,0.6622,content-based,2023-05-20
PRD01758,PRD01762,0.9425,collaborative,2024-10-07
PRD01758,PRD01776,0.7315,hybrid,2024-08-29
PRD01759,PRD01762,0.6305,hybrid,2025-02-26
PRD01759,PRD01783,0.764,pagerank,2022-02-26
PRD01759,PRD01782,0.7657,node-similarity,2023-10-23
PRD01760,PRD01770,0.6243,hybrid,2024-03-16
PRD01760,PRD01780,0.6848,pagerank,2024-07-08
PRD01760,PRD01782,0.7381,pagerank,2023-11-23
PRD01761,PRD01766,0.6272,pagerank,2025-08-13
PRD01761,PRD01759,0.6776,hybrid,2022-02-08
PRD01761,PRD01774,0.6553,hybrid,2022-01-06
PRD01762,PRD01757,0.7146,hybrid,2024-05-12
PRD01762,PRD01766,0.7234,hybrid,2024-02-05
PRD01762,PRD01765,0.7925,collaborative,2023-09-05
PRD01763,PRD01759,0.807,node-similarity,2023-12-04
PRD01763,PRD01776,0.6956,collaborative,2025-11-13
PRD01763,PRD01766,0.6204,content-based,2024-09-11
PRD01764,PRD01770,0.9534,pagerank,2024-09-09
PRD01764,PRD01777,0.6256,node-similarity,2023-09-15
PRD01764,PRD01765,0.5992,hybrid,2024-08-16
PRD01765,PRD01767,0.6012,node-similarity,2022-07-29
PRD01765,PRD01772,0.7127,pagerank,2024-11-15
PRD01765,PRD01776,0.5602,hybrid,2022-02-19
PRD01766,PRD01780,0.9257,hybrid,2025-04-20
PRD01766,PRD01770,0.7467,content-based,2024-05-19
PRD01767,PRD01776,0.8705,pagerank,2024-01-22
PRD01767,PRD01772,0.6618,node-similarity,2025-10-16
PRD01767,PRD01782,0.7415,content-based,2025-06-01
PRD01768,PRD01774,0.7878,collaborative,2024-10-23
PRD01768,PRD01779,0.8039,hybrid,2022-11-03
PRD01768,PRD01773,0.7693,collaborative,2022-02-15
PRD01769,PRD01779,0.9514,content-based,2023-10-29
PRD01769,PRD01781,0.8597,node-similarity,2024-05-01
PRD01769,PRD01756,0.769,pagerank,2022-10-19
PRD01770,PRD01776,0.5856,content-based,2024-09-02
PRD01770,PRD01761,0.9017,hybrid,2025-08-27
PRD01770,PRD01759,0.8449,hybrid,2024-05-02
PRD01771,PRD01765,0.9728,hybrid,2025-11-10
PRD01771,PRD01756,0.7471,node-similarity,2023-02-10
PRD01771,PRD01764,0.8451,node-similarity,2022-03-07
PRD01772,PRD01771,0.7647,pagerank,2024-12-31
PRD01772,PRD01780,0.9428,collaborative,2023-06-16
PRD01772,PRD01756,0.5934,collaborative,2025-12-01
PRD01773,PRD01779,0.8747,pagerank,2022-06-28
PRD01773,PRD01759,0.6606,hybrid,2025-08-31
PRD01774,PRD01765,0.7835,pagerank,2022-10-29
PRD01774,PRD01779,0.7609,pagerank,2025-07-28
PRD01774,PRD01780,0.6218,hybrid,2022-10-01
PRD01775,PRD01764,0.9175,node-similarity,2022-01-06
PRD01775,PRD01778,0.7223,pagerank,2023-03-17
PRD01775,PRD01770,0.8448,hybrid,2023-10-24
PRD01776,PRD01781,0.8499,collaborative,2025-11-11
PRD01776,PRD01783,0.8012,hybrid,2024-12-20
PRD01777,PRD01763,0.9736,pagerank,2023-01-30
PRD01777,PRD01782,0.9365,pagerank,2023-06-22
PRD01777,PRD01779,0.9489,content-based,2023-12-22
PRD01778,PRD01769,0.6511,node-similarity,2023-09-21
PRD01778,PRD01758,0.9266,pagerank,2024-09-12
PRD01778,PRD01776,0.5932,hybrid,2023-03-09
PRD01779,PRD01756,0.8173,collaborative,2022-11-27
PRD01779,PRD01764,0.885,content-based,2023-04-06
PRD01780,PRD01762,0.8814,content-based,2025-12-19
PRD01780,PRD01759,0.6015,node-similarity,2025-08-25
PRD01781,PRD01765,0.7511,pagerank,2023-06-17
PRD01781,PRD01770,0.628,hybrid,2024-10-07
PRD01781,PRD01783,0.9036,collaborative,2023-04-04
PRD01782,PRD01780,0.9627,collaborative,2025-06-15
PRD01782,PRD01765,0.6298,pagerank,2025-07-15
PRD01782,PRD01769,0.9878,node-similarity,2023-05-21
PRD01783,PRD01780,0.8149,hybrid,2024-09-19
PRD01783,PRD01762,0.5609,node-similarity,2023-04-02
PRD01784,PRD01803,0.7455,collaborative,2025-11-27
PRD01784,PRD01811,0.6406,content-based,2023-02-20
PRD01784,PRD01810,0.611,hybrid,2024-05-27
PRD01785,PRD01812,0.8259,collaborative,2022-04-09
PRD01785,PRD01810,0.8975,hybrid,2022-07-03
PRD01785,PRD01795,0.6593,collaborative,2023-09-21
PRD01786,PRD01795,0.7536,hybrid,2022-07-21
PRD01786,PRD01798,0.8476,content-based,2022-09-25
PRD01786,PRD01799,0.9449,node-similarity,2024-06-29
PRD01787,PRD01806,0.8597,pagerank,2022-10-09
PRD01787,PRD01795,0.6932,hybrid,2025-02-11
PRD01787,PRD01786,0.8363,content-based,2025-10-31
PRD01788,PRD01791,0.7669,content-based,2022-02-05
PRD01788,PRD01798,0.9327,node-similarity,2022-09-06
PRD01788,PRD01784,0.9102,collaborative,2025-12-28
PRD01789,PRD01806,0.6076,hybrid,2025-10-13
PRD01789,PRD01794,0.7514,node-similarity,2025-08-06
PRD01789,PRD01808,0.9455,collaborative,2022-02-16
PRD01790,PRD01789,0.6959,content-based,2022-01-30
PRD01790,PRD01799,0.9173,node-similarity,2022-01-13
PRD01790,PRD01787,0.8475,pagerank,2025-03-08
PRD01791,PRD01790,0.6905,collaborative,2024-08-14
PRD01791,PRD01803,0.8087,content-based,2025-07-16
PRD01791,PRD01815,0.7105,node-similarity,2023-07-25
PRD01792,PRD01797,0.6479,collaborative,2022-07-26
PRD01792,PRD01805,0.6074,pagerank,2025-04-09
PRD01792,PRD01804,0.8174,hybrid,2023-04-19
PRD01793,PRD01800,0.9327,content-based,2022-01-12
PRD01793,PRD01805,0.5783,content-based,2022-04-03
PRD01793,PRD01795,0.5916,content-based,2025-12-04
PRD01794,PRD01803,0.5583,pagerank,2024-02-23
PRD01794,PRD01800,0.6486,pagerank,2022-01-17
PRD01794,PRD01813,0.9004,node-similarity,2024-04-04
PRD01795,PRD01813,0.7565,node-similarity,2023-04-01
PRD01795,PRD01815,0.5989,pagerank,2025-05-14
PRD01796,PRD01813,0.7377,pagerank,2025-02-08
PRD01796,PRD01802,0.8076,collaborative,2025-03-18
PRD01796,PRD01801,0.5562,pagerank,2025-08-18
PRD01797,PRD01784,0.5818,pagerank,2025-10-11
PRD01797,PRD01787,0.7452,pagerank,2024-03-01
PRD01797,PRD01808,0.5746,collaborative,2024-05-22
PRD01798,PRD01787,0.9366,content-based,2024-12-27
PRD01798,PRD01793,0.5594,node-similarity,2023-12-03
PRD01798,PRD01795,0.636,node-similarity,2022-09-02
PRD01799,PRD01811,0.6933,collaborative,2022-04-30
PRD01799,PRD01812,0.8181,content-based,2024-05-18
PRD01799,PRD01798,0.7167,node-similarity,2023-09-28
PRD01800,PRD01805,0.6597,collaborative,2024-05-09
PRD01800,PRD01808,0.9133,node-similarity,2023-12-25
PRD01801,PRD01815,0.8993,content-based,2022-04-18
PRD01801,PRD01784,0.8523,node-similarity,2025-11-27
PRD01801,PRD01800,0.7226,hybrid,2022-09-04
PRD01802,PRD01805,0.6167,collaborative,2024-10-02
PRD01802,PRD01809,0.7769,content-based,2025-06-05
PRD01803,PRD01800,0.8739,content-based,2025-03-07
PRD01803,PRD01796,0.9077,content-based,2024-12-31
PRD01804,PRD01793,0.7998,pagerank,2024-10-25
PRD01804,PRD01787,0.8565,content-based,2025-06-04
PRD01804,PRD01795,0.6762,node-similarity,2022-08-10
PRD01805,PRD01801,0.6112,hybrid,2023-04-17
PRD01805,PRD01797,0.8617,pagerank,2024-04-23
PRD01806,PRD01786,0.5524,content-based,2022-06-26
PRD01806,PRD01799,0.6708,pagerank,2022-10-25
PRD01806,PRD01794,0.9839,hybrid,2023-01-21
PRD01807,PRD01787,0.865,pagerank,2024-08-10
PRD01807,PRD01795,0.7577,hybrid,2022-09-28
PRD01807,PRD01794,0.8984,hybrid,2025-03-20
PRD01808,PRD01802,0.5897,collaborative,2023-05-02
PRD01808,PRD01813,0.9798,content-based,2025-08-08
PRD01809,PRD01806,0.718,content-based,2022-10-24
PRD01809,PRD01804,0.9472,collaborative,2025-06-13
PRD01810,PRD01807,0.7582,hybrid,2024-03-09
PRD01810,PRD01811,0.7526,pagerank,2024-12-03
PRD01810,PRD01815,0.8641,pagerank,2022-02-06
PRD01811,PRD01798,0.9769,node-similarity,2022-09-26
PRD01811,PRD01786,0.9745,pagerank,2023-09-22
PRD01811,PRD01807,0.6954,content-based,2025-02-01
PRD01812,PRD01805,0.7952,content-based,2024-04-24
PRD01812,PRD01811,0.6394,content-based,2024-05-27
PRD01812,PRD01798,0.69,hybrid,2024-02-23
PRD01813,PRD01815,0.9652,node-similarity,2022-11-05
PRD01813,PRD01791,0.6304,node-similarity,2025-07-08
PRD01814,PRD01787,0.7824,pagerank,2022-08-12
PRD01814,PRD01796,0.5999,content-based,2024-02-01
PRD01814,PRD01794,0.8804,node-similarity,2024-10-06
PRD01815,PRD01789,0.7738,collaborative,2025-06-06
PRD01815,PRD01793,0.9067,content-based,2024-06-14
PRD01816,PRD01842,0.7752,hybrid,2023-05-02
PRD01816,PRD01838,0.6525,collaborative,2023-01-31
PRD01816,PRD01844,0.5564,node-similarity,2023-11-23
PRD01817,PRD01829,0.7919,pagerank,2024-05-01
PRD01817,PRD01839,0.7081,collaborative,2024-12-07
PRD01817,PRD01837,0.9419,content-based,2024-06-27
PRD01818,PRD01822,0.8875,node-similarity,2022-03-21
PRD01818,PRD01842,0.5661,collaborative,2022-08-27
PRD01818,PRD01816,0.7313,collaborative,2022-03-03
PRD01819,PRD01838,0.6314,hybrid,2022-03-21
PRD01819,PRD01842,0.7796,pagerank,2025-03-04
PRD01819,PRD01833,0.7903,node-similarity,2025-10-09
PRD01820,PRD01829,0.9328,hybrid,2022-05-08
PRD01820,PRD01816,0.7364,content-based,2023-02-22
PRD01820,PRD01842,0.802,hybrid,2025-03-03
PRD01821,PRD01840,0.9073,pagerank,2022-05-03
PRD01821,PRD01825,0.8096,pagerank,2022-09-10
PRD01821,PRD01817,0.7987,hybrid,2024-01-11
PRD01822,PRD01827,0.8368,node-similarity,2024-04-23
PRD01822,PRD01832,0.7635,content-based,2024-07-18
PRD01822,PRD01834,0.9314,content-based,2025-08-14
PRD01823,PRD01827,0.8181,content-based,2024-04-27
PRD01823,PRD01830,0.7431,collaborative,2024-12-10
PRD01823,PRD01838,0.7529,collaborative,2023-09-01
PRD01824,PRD01844,0.8245,hybrid,2025-05-16
PRD01824,PRD01829,0.7378,collaborative,2023-01-30
PRD01824,PRD01827,0.8226,hybrid,2022-01-27
PRD01825,PRD01829,0.8555,collaborative,2022-07-27
PRD01825,PRD01842,0.9778,pagerank,2023-10-27
PRD01825,PRD01843,0.7333,content-based,2024-12-08
PRD01826,PRD01837,0.9749,node-similarity,2022-11-07
PRD01826,PRD01828,0.858,content-based,2022-04-09
PRD01826,PRD01825,0.8759,node-similarity,2024-05-03
PRD01827,PRD01843,0.9343,hybrid,2022-03-05
PRD01827,PRD01830,0.9289,pagerank,2024-07-14
PRD01827,PRD01840,0.9573,content-based,2023-11-04
PRD01828,PRD01843,0.6001,content-based,2023-03-21
PRD01828,PRD01820,0.7694,content-based,2022-02-23
PRD01828,PRD01827,0.7977,content-based,2022-12-20
PRD01829,PRD01828,0.8021,pagerank,2024-12-28
PRD01829,PRD01821,0.61,hybrid,2023-09-15
PRD01830,PRD01841,0.6611,pagerank,2022-11-04
PRD01830,PRD01820,0.6062,hybrid,2023-10-29
PRD01830,PRD01837,0.6227,content-based,2023-12-15
PRD01831,PRD01836,0.9732,collaborative,2025-09-06
PRD01831,PRD01819,0.8035,hybrid,2023-02-09
PRD01831,PRD01829,0.8123,content-based,2022-06-14
PRD01832,PRD01829,0.619,hybrid,2025-01-30
PRD01832,PRD01830,0.9479,node-similarity,2025-07-26
PRD01832,PRD01825,0.8369,pagerank,2025-11-15
PRD01833,PRD01824,0.8653,node-similarity,2023-03-09
PRD01833,PRD01839,0.6009,content-based,2024-12-09
PRD01833,PRD01837,0.9431,node-similarity,2025-10-04
PRD01834,PRD01824,0.64,collaborative,2024-09-09
PRD01834,PRD01830,0.9381,content-based,2022-11-17
PRD01834,PRD01832,0.6839,content-based,2024-09-02
PRD01835,PRD01841,0.9892,hybrid,2023-05-30
PRD01835,PRD01819,0.831,pagerank,2022-02-16
PRD01835,PRD01842,0.8773,collaborative,2023-01-06
PRD01836,PRD01822,0.5903,collaborative,2025-09-11
PRD01836,PRD01826,0.759,collaborative,2025-10-19
PRD01836,PRD01828,0.737,collaborative,2025-11-15
PRD01837,PRD01827,0.5982,content-based,2022-08-27
PRD01837,PRD01820,0.959,content-based,2022-03-23
PRD01837,PRD01823,0.6344,content-based,2024-12-18
PRD01838,PRD01822,0.5904,hybrid,2025-08-19
PRD01838,PRD01829,0.8316,collaborative,2024-06-16
PRD01838,PRD01843,0.8068,content-based,2024-04-27
PRD01839,PRD01842,0.9437,collaborative,2023-07-16
PRD01839,PRD01840,0.6359,content-based,2023-08-05
PRD01839,PRD01826,0.6182,hybrid,2022-12-04
PRD01840,PRD01823,0.8217,collaborative,2025-05-13
PRD01840,PRD01832,0.8924,node-similarity,2022-09-12
PRD01840,PRD01824,0.5694,hybrid,2025-03-08
PRD01841,PRD01827,0.6277,pagerank,2025-10-01
PRD01841,PRD01831,0.6576,pagerank,2022-02-12
PRD01841,PRD01844,0.9733,node-similarity,2023-10-11
PRD01842,PRD01831,0.7768,pagerank,2023-01-17
PRD01842,PRD01821,0.6218,node-similarity,2024-06-03
PRD01843,PRD01820,0.9204,hybrid,2022-11-30
PRD01843,PRD01834,0.7159,pagerank,2023-01-25
PRD01843,PRD01833,0.648,content-based,2022-09-11
PRD01844,PRD01836,0.7737,node-similarity,2025-12-17
PRD01844,PRD01819,0.7011,hybrid,2024-09-18
PRD01844,PRD01821,0.5758,pagerank,2023-11-23
PRD01845,PRD01851,0.5895,node-similarity,2022-01-25
PRD01845,PRD01874,0.809,hybrid,2022-09-09
PRD01845,PRD01846,0.6599,hybrid,2025-01-06
PRD01846,PRD01849,0.6916,hybrid,2025-06-15
PRD01846,PRD01866,0.7511,pagerank,2022-05-12
PRD01846,PRD01871,0.9892,content-based,2024-05-11
PRD01847,PRD01866,0.6193,collaborative,2023-03-24
PRD01847,PRD01874,0.9025,node-similarity,2024-06-01
PRD01847,PRD01862,0.7211,content-based,2023-09-19
PRD01848,PRD01866,0.6546,collaborative,2024-05-12
PRD01848,PRD01873,0.9515,content-based,2022-05-23
PRD01848,PRD01856,0.8235,content-based,2023-10-19
PRD01849,PRD01856,0.7841,content-based,2024-12-19
PRD01849,PRD01874,0.8125,hybrid,2023-11-09
PRD01849,PRD01863,0.8668,hybrid,2023-04-29
PRD01850,PRD01856,0.7809,content-based,2024-03-21
PRD01850,PRD01846,0.8641,pagerank,2024-03-30
PRD01850,PRD01859,0.8891,node-similarity,2022-12-06
PRD01851,PRD01867,0.9473,pagerank,2024-11-08
PRD01851,PRD01869,0.6713,node-similarity,2024-05-27
PRD01851,PRD01857,0.623,hybrid,2025-10-29
PRD01852,PRD01854,0.8502,content-based,2022-08-06
PRD01852,PRD01863,0.6813,pagerank,2022-02-22
PRD01852,PRD01845,0.8192,hybrid,2023-05-20
PRD01853,PRD01863,0.9419,content-based,2023-04-13
PRD01853,PRD01867,0.7902,node-similarity,2024-11-11
PRD01853,PRD01850,0.9488,content-based,2024-08-22
PRD01854,PRD01846,0.5697,content-based,2023-10-11
PRD01854,PRD01868,0.6946,pagerank,2025-12-13
PRD01854,PRD01848,0.947,collaborative,2025-05-23
PRD01855,PRD01872,0.7556,node-similarity,2022-08-01
PRD01855,PRD01856,0.7183,collaborative,2022-01-25
PRD01855,PRD01871,0.5512,hybrid,2022-01-27
PRD01856,PRD01866,0.6047,node-similarity,2022-03-17
PRD01856,PRD01846,0.6537,content-based,2025-02-22
PRD01856,PRD01861,0.9384,collaborative,2022-12-30
PRD01857,PRD01872,0.6451,collaborative,2024-07-22
PRD01857,PRD01868,0.828,collaborative,2022-04-13
PRD01857,PRD01875,0.8603,content-based,2025-09-15
PRD01858,PRD01860,0.7201,node-similarity,2024-02-06
PRD01858,PRD01854,0.9248,node-similarity,2023-11-25
PRD01858,PRD01847,0.8912,hybrid,2024-03-10
PRD01859,PRD01869,0.6848,collaborative,2025-01-08
PRD01859,PRD01845,0.7062,collaborative,2024-10-26
PRD01859,PRD01854,0.563,pagerank,2025-02-21
PRD01860,PRD01856,0.9786,pagerank,2023-11-04
PRD01860,PRD01875,0.8273,collaborative,2025-10-08
PRD01860,PRD01862,0.7097,pagerank,2022-07-21
PRD01861,PRD01867,0.8741,node-similarity,2024-04-23
PRD01861,PRD01870,0.8341,collaborative,2023-05-19
PRD01861,PRD01862,0.7653,content-based,2025-07-06
PRD01862,PRD01864,0.9073,pagerank,2024-08-27
PRD01862,PRD01868,0.5743,hybrid,2022-02-07
PRD01862,PRD01867,0.5805,pagerank,2024-11-22
PRD01863,PRD01871,0.7017,collaborative,2023-03-13
PRD01863,PRD01858,0.8913,hybrid,2024-06-07
PRD01864,PRD01872,0.8673,hybrid,2025-12-08
PRD01864,PRD01859,0.6747,collaborative,2022-12-29
PRD01864,PRD01867,0.7573,collaborative,2022-07-16
PRD01865,PRD01867,0.7865,hybrid,2024-01-26
PRD01865,PRD01845,0.7936,pagerank,2024-08-14
PRD01865,PRD01853,0.9105,content-based,2025-11-26
PRD01866,PRD01864,0.679,node-similarity,2024-07-31
PRD01866,PRD01867,0.7546,pagerank,2025-02-16
PRD01866,PRD01863,0.8708,hybrid,2023-06-23
PRD01867,PRD01872,0.6793,hybrid,2025-06-11
PRD01867,PRD01875,0.8164,node-similarity,2024-09-12
PRD01867,PRD01847,0.7075,collaborative,2023-07-04
PRD01868,PRD01859,0.9249,collaborative,2024-10-31
PRD01868,PRD01865,0.9124,content-based,2022-08-29
PRD01868,PRD01850,0.6962,content-based,2023-07-13
PRD01869,PRD01849,0.8937,node-similarity,2022-12-20
PRD01869,PRD01856,0.5949,content-based,2022-07-16
PRD01870,PRD01865,0.7338,collaborative,2023-04-30
PRD01870,PRD01852,0.6392,hybrid,2025-12-14
PRD01871,PRD01868,0.9796,content-based,2024-05-14
PRD01871,PRD01858,0.8707,node-similarity,2025-03-27
PRD01871,PRD01852,0.7153,collaborative,2023-06-26
PRD01872,PRD01852,0.6833,hybrid,2024-12-02
PRD01872,PRD01873,0.9279,hybrid,2025-04-23
PRD01873,PRD01847,0.8938,collaborative,2025-10-15
PRD01873,PRD01864,0.9392,node-similarity,2025-02-01
PRD01873,PRD01852,0.6778,collaborative,2024-04-28
PRD01874,PRD01864,0.7588,collaborative,2025-09-20
PRD01874,PRD01872,0.6262,node-similarity,2025-01-05
PRD01875,PRD01850,0.5509,collaborative,2023-06-07
PRD01875,PRD01865,0.8926,pagerank,2022-02-07
PRD01875,PRD01868,0.5699,hybrid,2022-01-18
PRD01876,PRD01878,0.9883,content-based,2024-05-08
PRD01876,PRD01883,0.7086,pagerank,2024-01-12
PRD01876,PRD01902,0.6812,collaborative,2024-02-14
PRD01877,PRD01893,0.6687,pagerank,2022-07-06
PRD01877,PRD01880,0.8674,hybrid,2024-07-13
PRD01877,PRD01885,0.7556,content-based,2025-02-13
PRD01878,PRD01879,0.7674,node-similarity,2023-12-11
PRD01878,PRD01888,0.6277,node-similarity,2024-11-26
PRD01879,PRD01877,0.8022,collaborative,2024-05-25
PRD01879,PRD01884,0.9113,pagerank,2023-10-26
PRD01880,PRD01903,0.6926,content-based,2024-09-12
PRD01880,PRD01882,0.7302,hybrid,2024-03-03
PRD01880,PRD01886,0.8372,pagerank,2023-10-16
PRD01881,PRD01883,0.8258,hybrid,2022-01-11
PRD01881,PRD01899,0.5576,hybrid,2025-02-10
PRD01881,PRD01878,0.7307,collaborative,2023-11-12
PRD01882,PRD01899,0.8449,pagerank,2022-07-17
PRD01882,PRD01879,0.9804,collaborative,2023-12-05
PRD01882,PRD01886,0.6357,content-based,2024-09-01
PRD01883,PRD01899,0.6848,pagerank,2023-02-14
PRD01883,PRD01890,0.8868,pagerank,2025-04-10
PRD01883,PRD01887,0.8837,hybrid,2022-05-31
PRD01884,PRD01876,0.5601,content-based,2023-01-18
PRD01884,PRD01894,0.7583,content-based,2022-05-13
PRD01884,PRD01899,0.7856,content-based,2023-03-04
PRD01885,PRD01894,0.9128,content-based,2024-02-18
PRD01885,PRD01876,0.598,node-similarity,2025-02-22
PRD01885,PRD01882,0.6303,collaborative,2024-09-16
PRD01886,PRD01898,0.842,hybrid,2023-04-26
PRD01886,PRD01900,0.8769,node-similarity,2024-10-04
PRD01887,PRD01899,0.7364,content-based,2025-08-26
PRD01887,PRD01901,0.7558,content-based,2024-03-27
PRD01887,PRD01891,0.5648,node-similarity,2022-02-14
PRD01888,PRD01902,0.6469,hybrid,2022-12-18
PRD01888,PRD01903,0.6755,content-based,2022-10-24
PRD01888,PRD01891,0.6038,pagerank,2023-03-26
PRD01889,PRD01886,0.7814,collaborative,2024-08-12
PRD01889,PRD01878,0.926,hybrid,2024-04-06
PRD01889,PRD01900,0.6005,collaborative,2024-02-22
PRD01890,PRD01882,0.9514,content-based,2025-01-02
PRD01890,PRD01895,0.9713,collaborative,2025-08-31
PRD01890,PRD01884,0.5613,pagerank,2023-05-15
PRD01891,PRD01894,0.7775,node-similarity,2025-09-09
PRD01891,PRD01900,0.6614,node-similarity,2025-07-05
PRD01891,PRD01877,0.749,node-similarity,2022-12-21
PRD01892,PRD01893,0.8938,hybrid,2024-11-11
PRD01892,PRD01894,0.9718,node-similarity,2024-01-04
PRD01892,PRD01902,0.8564,hybrid,2025-05-03
PRD01893,PRD01902,0.8908,content-based,2022-02-15
PRD01893,PRD01878,0.9373,collaborative,2023-04-23
PRD01893,PRD01876,0.7614,pagerank,2023-12-30
PRD01894,PRD01897,0.8038,hybrid,2024-12-08
PRD01894,PRD01882,0.9478,pagerank,2022-07-17
PRD01894,PRD01890,0.7316,node-similarity,2022-05-19
PRD01895,PRD01901,0.864,node-similarity,2023-08-18
PRD01895,PRD01876,0.7308,hybrid,2025-08-10
PRD01895,PRD01884,0.818,content-based,2022-07-16
PRD01896,PRD01891,0.595,node-similarity,2025-01-22
PRD01896,PRD01890,0.693,content-based,2023-10-09
PRD01896,PRD01895,0.7984,pagerank,2025-09-16
PRD01897,PRD01884,0.8051,content-based,2024-05-24
PRD01897,PRD01887,0.6846,pagerank,2024-09-05
PRD01897,PRD01885,0.9558,pagerank,2024-10-31
PRD01898,PRD01891,0.9856,hybrid,2023-04-16
PRD01898,PRD01884,0.5708,node-similarity,2024-09-27
PRD01898,PRD01901,0.6584,node-similarity,2025-04-26
PRD01899,PRD01897,0.9585,pagerank,2024-02-27
PRD01899,PRD01895,0.7168,collaborative,2022-06-02
PRD01899,PRD01879,0.5794,hybrid,2025-04-21
PRD01900,PRD01884,0.8931,node-similarity,2022-09-04
PRD01900,PRD01890,0.7129,node-similarity,2022-12-02
PRD01900,PRD01876,0.8737,content-based,2024-02-16
PRD01901,PRD01894,0.8625,node-similarity,2023-11-21
PRD01901,PRD01884,0.612,collaborative,2025-10-19
PRD01901,PRD01899,0.5583,collaborative,2023-07-25
PRD01902,PRD01885,0.7336,content-based,2023-04-23
PRD01902,PRD01883,0.9119,pagerank,2024-09-20
PRD01902,PRD01878,0.7804,content-based,2024-11-11
PRD01903,PRD01900,0.5611,pagerank,2022-09-23
PRD01903,PRD01896,0.9706,hybrid,2023-11-04
PRD01903,PRD01894,0.8249,content-based,2025-09-06
PRD01904,PRD01922,0.6454,pagerank,2022-08-01
PRD01904,PRD01917,0.6844,node-similarity,2023-08-12
PRD01904,PRD01911,0.7048,content-based,2024-07-19
PRD01905,PRD01904,0.6759,pagerank,2023-08-07
PRD01905,PRD01912,0.5614,collaborative,2022-03-18
PRD01905,PRD01907,0.5618,collaborative,2022-01-16
PRD01906,PRD01914,0.6014,hybrid,2023-07-29
PRD01906,PRD01918,0.8973,node-similarity,2022-07-11
PRD01906,PRD01926,0.9216,pagerank,2022-08-24
PRD01907,PRD01918,0.8256,content-based,2022-06-06
PRD01907,PRD01920,0.7208,node-similarity,2023-04-29
PRD01907,PRD01912,0.6059,content-based,2025-08-17
PRD01908,PRD01934,0.9765,node-similarity,2022-09-04
PRD01908,PRD01919,0.5522,hybrid,2024-09-22
PRD01908,PRD01925,0.9146,pagerank,2022-08-16
PRD01909,PRD01922,0.9235,hybrid,2025-10-11
PRD01909,PRD01927,0.9141,hybrid,2022-05-03
PRD01909,PRD01923,0.7478,pagerank,2024-06-06
PRD01910,PRD01916,0.9359,hybrid,2022-12-12
PRD01910,PRD01915,0.8057,hybrid,2024-08-30
PRD01910,PRD01924,0.785,collaborative,2022-05-28
PRD01911,PRD01927,0.6703,pagerank,2023-01-14
PRD01911,PRD01922,0.73,pagerank,2022-01-09
PRD01911,PRD01919,0.9501,hybrid,2022-11-12
PRD01912,PRD01925,0.951,content-based,2025-05-17
PRD01912,PRD01927,0.5938,pagerank,2025-10-22
PRD01912,PRD01904,0.5503,pagerank,2022-12-22
PRD01913,PRD01908,0.5563,content-based,2022-07-17
PRD01913,PRD01914,0.8195,node-similarity,2024-09-26
PRD01913,PRD01904,0.8028,hybrid,2024-12-17
PRD01914,PRD01924,0.7656,collaborative,2025-01-07
PRD01914,PRD01928,0.7464,content-based,2025-07-30
PRD01914,PRD01926,0.7294,hybrid,2025-01-11
PRD01915,PRD01917,0.8683,node-similarity,2022-06-21
PRD01915,PRD01924,0.689,collaborative,2023-04-21
PRD01916,PRD01909,0.7243,content-based,2025-09-16
PRD01916,PRD01933,0.9805,node-similarity,2025-09-26
PRD01916,PRD01921,0.7359,collaborative,2024-07-07
PRD01917,PRD01907,0.8208,node-similarity,2024-01-30
PRD01917,PRD01910,0.898,pagerank,2024-08-17
PRD01917,PRD01925,0.8382,collaborative,2022-11-09
PRD01918,PRD01925,0.8053,pagerank,2025-07-31
PRD01918,PRD01919,0.8845,content-based,2023-02-03
PRD01919,PRD01924,0.8325,hybrid,2025-12-12
PRD01919,PRD01926,0.9073,hybrid,2023-12-27
PRD01919,PRD01906,0.7852,node-similarity,2023-07-30
PRD01920,PRD01910,0.7849,node-similarity,2023-12-19
PRD01920,PRD01927,0.9031,collaborative,2025-12-30
PRD01920,PRD01922,0.6615,content-based,2023-03-06
PRD01921,PRD01917,0.8282,hybrid,2022-08-09
PRD01921,PRD01932,0.5966,content-based,2022-07-01
PRD01921,PRD01918,0.8713,node-similarity,2024-02-01
PRD01922,PRD01929,0.8524,collaborative,2024-01-05
PRD01922,PRD01906,0.7917,hybrid,2022-11-08
PRD01922,PRD01931,0.6873,hybrid,2022-09-08
PRD01923,PRD01930,0.6214,hybrid,2024-06-14
PRD01923,PRD01934,0.8557,hybrid,2023-09-13
PRD01923,PRD01915,0.868,node-similarity,2022-03-17
PRD01924,PRD01927,0.988,pagerank,2025-05-11
PRD01924,PRD01932,0.7447,pagerank,2024-04-04
PRD01924,PRD01923,0.6126,pagerank,2022-12-24
PRD01925,PRD01919,0.9686,content-based,2025-06-03
PRD01925,PRD01923,0.6219,hybrid,2025-05-16
PRD01925,PRD01930,0.7107,pagerank,2024-07-09
PRD01926,PRD01918,0.9539,content-based,2022-07-09
PRD01926,PRD01916,0.5607,pagerank,2022-08-12
PRD01927,PRD01925,0.823,node-similarity,2024-05-07
PRD01927,PRD01905,0.7738,pagerank,2024-01-06
PRD01927,PRD01933,0.8992,pagerank,2022-09-15
PRD01928,PRD01916,0.775,collaborative,2022-03-15
PRD01928,PRD01933,0.5716,content-based,2024-12-09
PRD01928,PRD01913,0.8674,collaborative,2025-01-19
PRD01929,PRD01908,0.6908,pagerank,2024-09-26
PRD01929,PRD01905,0.8502,content-based,2022-11-28
PRD01929,PRD01912,0.6265,collaborative,2022-06-12
PRD01930,PRD01927,0.7479,node-similarity,2025-07-06
PRD01930,PRD01934,0.9502,collaborative,2024-01-09
PRD01930,PRD01916,0.7667,node-similarity,2022-10-07
PRD01931,PRD01919,0.9776,hybrid,2023-05-17
PRD01931,PRD01923,0.6095,content-based,2023-07-30
PRD01931,PRD01910,0.7141,collaborative,2022-02-18
PRD01932,PRD01904,0.712,node-similarity,2025-03-09
PRD01932,PRD01925,0.8908,content-based,2024-11-23
PRD01932,PRD01922,0.8774,node-similarity,2022-01-14
PRD01933,PRD01918,0.8279,content-based,2025-03-30
PRD01933,PRD01921,0.7148,pagerank,2025-10-25
PRD01934,PRD01926,0.5684,content-based,2024-05-26
PRD01934,PRD01919,0.7528,node-similarity,2024-12-06
PRD01935,PRD01962,0.5534,content-based,2023-11-29
PRD01935,PRD01959,0.6938,pagerank,2022-10-27
PRD01935,PRD01950,0.7872,hybrid,2022-04-09
PRD01936,PRD01959,0.8892,content-based,2024-03-18
PRD01936,PRD01944,0.9479,node-similarity,2025-04-17
PRD01936,PRD01946,0.9208,content-based,2023-03-17
PRD01937,PRD01958,0.7716,node-similarity,2022-08-23
PRD01937,PRD01945,0.8985,node-similarity,2022-02-24
PRD01937,PRD01938,0.8197,content-based,2025-07-08
PRD01938,PRD01940,0.9507,pagerank,2025-12-15
PRD01938,PRD01947,0.9359,node-similarity,2024-02-15
PRD01938,PRD01945,0.7334,node-similarity,2023-01-26
PRD01939,PRD01940,0.8381,hybrid,2024-05-31
PRD01939,PRD01945,0.6624,pagerank,2024-12-23
PRD01939,PRD01952,0.847,hybrid,2022-11-06
PRD01940,PRD01946,0.6424,collaborative,2024-06-08
PRD01940,PRD01954,0.9518,collaborative,2024-12-25
PRD01940,PRD01955,0.9258,content-based,2023-08-31
PRD01941,PRD01946,0.849,node-similarity,2022-06-15
PRD01941,PRD01942,0.7697,node-similarity,2024-10-26
PRD01941,PRD01940,0.7811,content-based,2023-03-18
PRD01942,PRD01955,0.6734,pagerank,2024-10-09
PRD01942,PRD01945,0.7506,collaborative,2024-07-15
PRD01942,PRD01951,0.7373,node-similarity,2024-04-06
PRD01943,PRD01959,0.6085,pagerank,2024-09-26
PRD01943,PRD01951,0.9638,hybrid,2022-11-02
PRD01943,PRD01942,0.8614,content-based,2025-10-08
PRD01944,PRD01954,0.6709,content-based,2025-07-10
PRD01944,PRD01948,0.836,pagerank,2025-07-04
PRD01944,PRD01956,0.8505,node-similarity,2023-08-07
PRD01945,PRD01958,0.6452,collaborative,2024-01-11
PRD01945,PRD01949,0.9097,pagerank,2024-05-31
PRD01946,PRD01955,0.7671,node-similarity,2024-05-18
PRD01946,PRD01958,0.9728,content-based,2025-02-25
PRD01947,PRD01954,0.6858,collaborative,2023-05-28
PRD01947,PRD01940,0.847,node-similarity,2023-12-11
PRD01947,PRD01958,0.7948,content-based,2022-06-01
PRD01948,PRD01952,0.7371,hybrid,2023-06-11
PRD01948,PRD01949,0.8795,pagerank,2022-01-01
PRD01949,PRD01958,0.7701,content-based,2023-05-19
PRD01949,PRD01960,0.8773,content-based,2023-01-15
PRD01949,PRD01939,0.9627,hybrid,2025-09-16
PRD01950,PRD01961,0.6091,node-similarity,2023-06-14
PRD01950,PRD01943,0.7166,content-based,2023-09-05
PRD01950,PRD01941,0.5956,hybrid,2024-04-01
PRD01951,PRD01945,0.668,content-based,2022-03-31
PRD01951,PRD01955,0.7472,collaborative,2023-02-07
PRD01951,PRD01960,0.7734,collaborative,2022-08-29
PRD01952,PRD01961,0.5759,pagerank,2024-03-05
PRD01952,PRD01942,0.6675,pagerank,2022-04-04
PRD01953,PRD01936,0.9656,content-based,2025-10-01
PRD01953,PRD01950,0.8154,collaborative,2022-07-14
PRD01953,PRD01958,0.8991,node-similarity,2025-10-28
PRD01954,PRD01960,0.8061,hybrid,2025-06-17
PRD01954,PRD01956,0.6205,pagerank,2023-04-20
PRD01955,PRD01957,0.989,content-based,2022-04-23
PRD01955,PRD01953,0.5525,content-based,2025-04-15
PRD01955,PRD01950,0.8447,node-similarity,2024-02-14
PRD01956,PRD01953,0.5825,collaborative,2025-11-27
PRD01956,PRD01938,0.6053,hybrid,2023-04-29
PRD01957,PRD01940,0.8288,hybrid,2022-08-22
PRD01957,PRD01952,0.6199,content-based,2024-12-10
PRD01957,PRD01961,0.9841,node-similarity,2022-04-08
PRD01958,PRD01942,0.5691,node-similarity,2025-02-06
PRD01958,PRD01954,0.9236,pagerank,2023-03-18
PRD01959,PRD01952,0.6069,content-based,2023-08-29
PRD01959,PRD01950,0.8148,collaborative,2025-07-22
PRD01959,PRD01946,0.7864,node-similarity,2023-07-04
PRD01960,PRD01962,0.9854,content-based,2023-11-07
PRD01960,PRD01946,0.6942,collaborative,2022-09-06
PRD01960,PRD01947,0.8621,content-based,2025-02-18
PRD01961,PRD01935,0.6051,collaborative,2024-02-16
PRD01961,PRD01944,0.9628,hybrid,2024-05-28
PRD01961,PRD01942,0.8538,node-similarity,2023-06-09
PRD01962,PRD01942,0.9115,collaborative,2025-04-01
PRD01962,PRD01954,0.7298,content-based,2022-05-01
PRD01963,PRD01969,0.7468,content-based,2022-09-09
PRD01963,PRD01973,0.6829,collaborative,2025-08-25
PRD01963,PRD01985,0.8566,hybrid,2022-03-02
PRD01964,PRD01976,0.5592,pagerank,2024-08-28
PRD01964,PRD01975,0.6816,content-based,2024-07-05
PRD01964,PRD01965,0.6328,pagerank,2024-12-03
PRD01965,PRD01985,0.912,pagerank,2025-06-18
PRD01965,PRD01968,0.9883,node-similarity,2024-03-11
PRD01965,PRD01971,0.6411,collaborative,2023-03-16
PRD01966,PRD01976,0.932,collaborative,2022-01-15
PRD01966,PRD01981,0.7046,hybrid,2023-06-22
PRD01966,PRD01970,0.787,collaborative,2023-10-12
PRD01967,PRD01973,0.6821,node-similarity,2025-07-13
PRD01967,PRD01981,0.7622,collaborative,2024-12-16
PRD01967,PRD01968,0.5857,pagerank,2024-11-24
PRD01968,PRD01964,0.821,node-similarity,2022-01-01
PRD01968,PRD01976,0.9728,pagerank,2024-05-18
PRD01969,PRD01965,0.8299,node-similarity,2023-05-26
PRD01969,PRD01964,0.8622,content-based,2025-11-05
PRD01969,PRD01970,0.6829,pagerank,2022-10-11
PRD01970,PRD01974,0.7692,hybrid,2023-10-29
PRD01970,PRD01972,0.7415,pagerank,2025-09-20
PRD01970,PRD01968,0.7917,collaborative,2023-07-14
PRD01971,PRD01978,0.7928,pagerank,2024-07-25
PRD01971,PRD01967,0.756,hybrid,2023-02-21
PRD01971,PRD01972,0.7496,content-based,2025-03-24
PRD01972,PRD01969,0.7711,pagerank,2024-09-07
PRD01972,PRD01979,0.8712,node-similarity,2025-01-31
PRD01972,PRD01968,0.6989,hybrid,2022-04-24
PRD01973,PRD01988,0.7626,collaborative,2025-07-21
PRD01973,PRD01980,0.9306,content-based,2024-07-22
PRD01973,PRD01976,0.5563,node-similarity,2022-08-15
PRD01974,PRD01989,0.8156,hybrid,2025-06-10
PRD01974,PRD01963,0.791,hybrid,2023-05-27
PRD01974,PRD01972,0.9418,content-based,2022-06-03
PRD01975,PRD01967,0.8062,pagerank,2024-12-12
PRD01975,PRD01976,0.8858,pagerank,2022-12-18
PRD01975,PRD01968,0.6871,collaborative,2023-05-09
PRD01976,PRD01983,0.9726,collaborative,2022-11-19
PRD01976,PRD01979,0.7535,content-based,2025-07-15
PRD01977,PRD01978,0.6238,node-similarity,2025-09-09
PRD01977,PRD01974,0.7795,hybrid,2025-12-13
PRD01977,PRD01971,0.9008,content-based,2024-09-03
PRD01978,PRD01976,0.7675,pagerank,2022-03-14
PRD01978,PRD01970,0.6703,hybrid,2024-06-24
PRD01978,PRD01966,0.8931,node-similarity,2023-04-08
PRD01979,PRD01973,0.9723,node-similarity,2024-06-17
PRD01979,PRD01964,0.8232,collaborative,2023-04-05
PRD01980,PRD01974,0.7011,pagerank,2023-12-06
PRD01980,PRD01963,0.7078,collaborative,2022-02-06
PRD01980,PRD01971,0.9158,collaborative,2025-03-23
PRD01981,PRD01965,0.6573,hybrid,2023-02-08
PRD01981,PRD01964,0.6289,collaborative,2025-08-13
PRD01981,PRD01982,0.9373,collaborative,2025-07-05
PRD01982,PRD01977,0.6717,node-similarity,2024-09-05
PRD01982,PRD01978,0.7497,node-similarity,2024-01-02
PRD01982,PRD01976,0.6359,pagerank,2022-03-06
PRD01983,PRD01968,0.7187,hybrid,2025-12-10
PRD01983,PRD01987,0.7907,hybrid,2023-12-01
PRD01983,PRD01974,0.8221,node-similarity,2025-11-10
PRD01984,PRD01974,0.6834,node-similarity,2025-12-07
PRD01984,PRD01971,0.728,collaborative,2024-06-23
PRD01984,PRD01964,0.8282,collaborative,2023-08-27
PRD01985,PRD01966,0.8993,content-based,2022-01-19
PRD01985,PRD01964,0.635,node-similarity,2024-06-17
PRD01985,PRD01986,0.8539,hybrid,2025-06-07
PRD01986,PRD01970,0.9562,collaborative,2023-03-13
PRD01986,PRD01964,0.947,pagerank,2022-05-17
PRD01986,PRD01980,0.5794,node-similarity,2025-08-14
PRD01987,PRD01975,0.6342,node-similarity,2025-11-03
PRD01987,PRD01981,0.773,hybrid,2023-05-02
PRD01987,PRD01974,0.8758,pagerank,2022-04-16
PRD01988,PRD01980,0.8361,collaborative,2022-04-21
PRD01988,PRD01981,0.9662,pagerank,2024-06-20
PRD01988,PRD01977,0.635,node-similarity,2023-01-30
PRD01989,PRD01972,0.7273,node-similarity,2023-06-27
PRD01989,PRD01985,0.9394,collaborative,2022-10-15
PRD01989,PRD01963,0.7498,content-based,2025-01-29
PRD01990,PRD02017,0.8201,pagerank,2022-05-30
PRD01990,PRD02002,0.6683,collaborative,2023-11-05
PRD01990,PRD01996,0.9326,content-based,2022-05-01
PRD01991,PRD02002,0.7599,pagerank,2025-05-13
PRD01991,PRD02005,0.9693,node-similarity,2023-05-31
PRD01991,PRD02008,0.6292,node-similarity,2025-12-28
PRD01992,PRD02012,0.6362,collaborative,2022-10-26
PRD01992,PRD01996,0.7184,hybrid,2022-04-21
PRD01992,PRD01991,0.6913,content-based,2023-10-21
PRD01993,PRD01998,0.8758,collaborative,2024-03-06
PRD01993,PRD02011,0.7627,node-similarity,2025-01-05
PRD01993,PRD02004,0.6534,collaborative,2025-09-17
PRD01994,PRD02007,0.7685,node-similarity,2025-04-11
PRD01994,PRD02016,0.8539,pagerank,2022-03-19
PRD01994,PRD02013,0.7616,collaborative,2024-04-10
PRD01995,PRD02007,0.9854,content-based,2024-09-22
PRD01995,PRD01998,0.9492,content-based,2025-01-07
PRD01995,PRD02011,0.6839,node-similarity,2022-09-25
PRD01996,PRD01999,0.7797,content-based,2023-09-28
PRD01996,PRD02014,0.8048,content-based,2022-09-23
PRD01996,PRD02015,0.6707,collaborative,2024-02-04
PRD01997,PRD02007,0.8136,pagerank,2025-07-08
PRD01997,PRD02005,0.9741,node-similarity,2025-11-16
PRD01997,PRD02000,0.6509,pagerank,2023-07-24
PRD01998,PRD02014,0.7808,content-based,2023-09-25
PRD01998,PRD01999,0.7739,pagerank,2022-03-10
PRD01998,PRD02015,0.9788,node-similarity,2024-04-25
PRD01999,PRD01991,0.9133,content-based,2025-10-24
PRD01999,PRD02013,0.7585,collaborative,2025-05-02
PRD01999,PRD01994,0.778,hybrid,2023-05-07
PRD02000,PRD01994,0.7231,pagerank,2023-09-26
PRD02000,PRD02008,0.7906,collaborative,2025-07-15
PRD02000,PRD02007,0.6583,content-based,2023-09-24
PRD02001,PRD02000,0.9192,content-based,2024-06-17
PRD02001,PRD02015,0.6584,content-based,2025-01-28
PRD02001,PRD02003,0.9244,node-similarity,2025-09-29
PRD02002,PRD02001,0.6943,collaborative,2025-02-24
PRD02002,PRD01993,0.7829,hybrid,2022-03-22
PRD02002,PRD02012,0.9867,hybrid,2022-12-05
PRD02003,PRD02009,0.6225,node-similarity,2024-06-17
PRD02003,PRD02008,0.7984,hybrid,2022-06-27
PRD02004,PRD01994,0.8864,hybrid,2024-04-08
PRD02004,PRD02017,0.7841,content-based,2022-05-31
PRD02004,PRD02005,0.6555,node-similarity,2025-10-20
PRD02005,PRD02015,0.8372,collaborative,2023-02-01
PRD02005,PRD02013,0.776,collaborative,2023-11-20
PRD02005,PRD02009,0.7113,node-similarity,2023-10-21
PRD02006,PRD02016,0.8483,hybrid,2023-07-14
PRD02006,PRD02005,0.9262,collaborative,2023-11-25
PRD02006,PRD01995,0.7163,collaborative,2022-10-10
PRD02007,PRD01993,0.9739,pagerank,2023-08-29
PRD02007,PRD02004,0.6442,collaborative,2024-02-27
PRD02008,PRD02016,0.6025,content-based,2023-12-18
PRD02008,PRD01999,0.711,collaborative,2022-07-27
PRD02009,PRD02014,0.8561,node-similarity,2022-08-01
PRD02009,PRD01997,0.8316,hybrid,2025-07-13
PRD02009,PRD02016,0.9721,content-based,2022-06-26
PRD02010,PRD01991,0.5733,pagerank,2022-07-29
PRD02010,PRD02017,0.7778,pagerank,2024-03-24
PRD02010,PRD02013,0.9385,hybrid,2023-07-04
PRD02011,PRD02006,0.9575,hybrid,2022-08-16
PRD02011,PRD01999,0.7705,content-based,2023-02-11
PRD02011,PRD01991,0.7866,content-based,2023-03-07
PRD02012,PRD02014,0.7689,collaborative,2024-11-11
PRD02012,PRD02015,0.9344,content-based,2023-07-13
PRD02012,PRD02010,0.9263,node-similarity,2025-04-24
PRD02013,PRD02014,0.5985,hybrid,2024-11-27
PRD02013,PRD02006,0.6222,hybrid,2025-09-25
PRD02013,PRD02017,0.6318,collaborative,2024-06-18
PRD02014,PRD02002,0.7219,collaborative,2022-04-12
PRD02014,PRD02007,0.612,node-similarity,2022-01-03
PRD02015,PRD01993,0.8373,node-similarity,2024-04-20
PRD02015,PRD02008,0.9229,pagerank,2024-03-07
PRD02016,PRD02002,0.7348,node-similarity,2023-08-29
PRD02016,PRD01993,0.8777,hybrid,2022-08-09
PRD02017,PRD02011,0.8217,collaborative,2022-10-10
PRD02017,PRD02016,0.7322,node-similarity,2022-01-25
PRD02017,PRD01997,0.9184,collaborative,2024-03-31
PRD02018,PRD01998,0.7913,collaborative,2022-10-14
PRD02018,PRD02015,0.9174,hybrid,2023-09-24
PRD02018,PRD02016,0.8011,content-based,2025-05-18
PRD02019,PRD02030,0.947,collaborative,2023-10-08
PRD02019,PRD02022,0.6781,content-based,2025-06-15
PRD02019,PRD02042,0.8736,hybrid,2025-01-07
PRD02020,PRD02034,0.6327,collaborative,2024-04-20
PRD02020,PRD02031,0.7924,pagerank,2024-02-07
PRD02020,PRD02040,0.8047,pagerank,2023-10-31
PRD02021,PRD02023,0.9686,hybrid,2024-04-12
PRD02021,PRD02035,0.5578,hybrid,2023-10-05
PRD02021,PRD02049,0.8966,node-similarity,2024-12-15
PRD02022,PRD02033,0.9617,hybrid,2025-12-12
PRD02022,PRD02025,0.8422,content-based,2023-03-31
PRD02022,PRD02043,0.8352,pagerank,2022-08-26
PRD02023,PRD02020,0.9044,collaborative,2025-01-07
PRD02023,PRD02034,0.6716,hybrid,2023-07-29
PRD02023,PRD02039,0.6232,node-similarity,2023-11-26
PRD02024,PRD02022,0.5526,collaborative,2025-06-19
PRD02024,PRD02044,0.8627,node-similarity,2023-09-15
PRD02024,PRD02031,0.7759,hybrid,2024-05-05
PRD02025,PRD02045,0.8916,hybrid,2022-11-04
PRD02025,PRD02044,0.9816,collaborative,2023-05-18
PRD02025,PRD02030,0.6711,content-based,2023-02-19
PRD02026,PRD02045,0.737,content-based,2022-10-05
PRD02026,PRD02034,0.819,content-based,2025-12-26
PRD02026,PRD02024,0.9001,collaborative,2023-07-11
PRD02027,PRD02041,0.5779,node-similarity,2022-08-22
PRD02027,PRD02023,0.7483,content-based,2025-08-22
PRD02027,PRD02047,0.5849,content-based,2025-06-30
PRD02028,PRD02027,0.9761,pagerank,2022-12-11
PRD02028,PRD02031,0.8994,hybrid,2025-01-09
PRD02028,PRD02033,0.5932,content-based,2023-04-12
PRD02029,PRD02027,0.9166,collaborative,2025-05-29
PRD02029,PRD02042,0.9779,node-similarity,2023-01-18
PRD02029,PRD02026,0.7258,node-similarity,2023-01-10
PRD02030,PRD02028,0.897,hybrid,2023-01-07
PRD02030,PRD02040,0.7343,collaborative,2022-06-08
PRD02030,PRD02039,0.9469,hybrid,2023-02-11
PRD02031,PRD02021,0.6136,content-based,2022-02-07
PRD02031,PRD02043,0.885,content-based,2022-03-19
PRD02032,PRD02024,0.925,pagerank,2023-01-29
PRD02032,PRD02047,0.685,pagerank,2025-10-31
PRD02032,PRD02039,0.8446,collaborative,2023-07-09
PRD02033,PRD02029,0.6983,hybrid,2022-06-08
PRD02033,PRD02048,0.7676,pagerank,2025-05-20
PRD02033,PRD02040,0.694,collaborative,2024-03-31
PRD02034,PRD02045,0.8575,hybrid,2022-06-15
PRD02034,PRD02041,0.6696,collaborative,2022-06-28
PRD02035,PRD02034,0.6292,pagerank,2025-11-16
PRD02035,PRD02025,0.6117,content-based,2022-05-05
PRD02035,PRD02042,0.6424,node-similarity,2023-03-25
PRD02036,PRD02029,0.6385,node-similarity,2022-12-28
PRD02036,PRD02030,0.5553,node-similarity,2022-08-02
PRD02036,PRD02040,0.8338,content-based,2024-02-29
PRD02037,PRD02040,0.8744,collaborative,2022-03-18
PRD02037,PRD02024,0.8453,pagerank,2025-04-04
PRD02037,PRD02021,0.8441,node-similarity,2023-07-13
PRD02038,PRD02035,0.922,pagerank,2022-01-09
PRD02038,PRD02047,0.9228,node-similarity,2024-12-02
PRD02038,PRD02020,0.8163,content-based,2022-09-22
PRD02039,PRD02047,0.7407,node-similarity,2022-03-12
PRD02039,PRD02025,0.9881,collaborative,2023-06-10
PRD02039,PRD02034,0.7228,content-based,2022-02-09
PRD02040,PRD02039,0.6282,pagerank,2025-04-23
PRD02040,PRD02026,0.8897,content-based,2023-03-06
PRD02040,PRD02048,0.7083,collaborative,2025-10-03
PRD02041,PRD02019,0.9753,hybrid,2024-07-25
PRD02041,PRD02031,0.8557,hybrid,2023-12-29
PRD02041,PRD02040,0.6099,pagerank,2024-09-05
PRD02042,PRD02023,0.603,node-similarity,2024-12-20
PRD02042,PRD02037,0.8644,content-based,2022-04-15
PRD02042,PRD02034,0.761,hybrid,2022-02-02
PRD02043,PRD02028,0.962,hybrid,2024-06-03
PRD02043,PRD02049,0.8178,pagerank,2024-04-10
PRD02044,PRD02022,0.7466,hybrid,2022-01-15
PRD02044,PRD02028,0.9774,collaborative,2022-03-05
PRD02044,PRD02031,0.7863,content-based,2023-05-17
PRD02045,PRD02035,0.7934,collaborative,2024-10-01
PRD02045,PRD02036,0.6866,node-similarity,2022-07-12
PRD02045,PRD02038,0.7517,hybrid,2022-08-04
PRD02046,PRD02043,0.9468,node-similarity,2025-09-05
PRD02046,PRD02028,0.707,hybrid,2024-07-12
PRD02046,PRD02037,0.9702,hybrid,2023-06-05
PRD02047,PRD02041,0.5624,node-similarity,2022-10-23
PRD02047,PRD02028,0.8135,collaborative,2024-01-24
PRD02047,PRD02045,0.7123,content-based,2024-11-26
PRD02048,PRD02029,0.7022,collaborative,2024-08-25
PRD02048,PRD02042,0.9066,content-based,2024-08-08
PRD02049,PRD02040,0.7749,content-based,2022-09-22
PRD02049,PRD02023,0.7685,content-based,2022-05-09
PRD02049,PRD02036,0.8945,pagerank,2025-02-15
PRD02050,PRD02069,0.8655,pagerank,2024-07-11
PRD02050,PRD02066,0.8151,pagerank,2025-07-20
PRD02050,PRD02063,0.6668,pagerank,2023-11-13
PRD02051,PRD02070,0.7734,collaborative,2025-02-25
PRD02051,PRD02059,0.8679,node-similarity,2022-05-20
PRD02051,PRD02052,0.6401,collaborative,2024-07-28
PRD02052,PRD02077,0.9729,collaborative,2022-04-28
PRD02052,PRD02078,0.6737,content-based,2022-04-29
PRD02052,PRD02064,0.6347,pagerank,2025-06-17
PRD02053,PRD02067,0.7985,pagerank,2025-06-09
PRD02053,PRD02068,0.7194,node-similarity,2024-04-12
PRD02053,PRD02059,0.765,pagerank,2022-01-24
PRD02054,PRD02080,0.6583,collaborative,2023-04-24
PRD02054,PRD02052,0.7079,hybrid,2023-07-27
PRD02054,PRD02061,0.7567,node-similarity,2025-03-01
PRD02055,PRD02076,0.7564,collaborative,2024-03-29
PRD02055,PRD02078,0.6728,collaborative,2023-01-26
PRD02055,PRD02050,0.8288,node-similarity,2022-06-02
PRD02056,PRD02073,0.7391,node-similarity,2023-11-02
PRD02056,PRD02080,0.6516,pagerank,2025-06-13
PRD02056,PRD02071,0.8694,content-based,2023-12-08
PRD02057,PRD02054,0.9665,node-similarity,2024-09-03
PRD02057,PRD02063,0.8612,content-based,2024-01-26
PRD02057,PRD02064,0.5744,node-similarity,2025-06-25
PRD02058,PRD02072,0.6497,content-based,2022-06-17
PRD02058,PRD02057,0.6525,hybrid,2023-09-28
PRD02058,PRD02053,0.8866,node-similarity,2025-06-11
PRD02059,PRD02050,0.6543,node-similarity,2022-09-27
PRD02059,PRD02058,0.8683,pagerank,2022-07-24
PRD02059,PRD02081,0.5946,content-based,2023-08-25
PRD02060,PRD02079,0.9419,content-based,2023-02-15
PRD02060,PRD02068,0.9528,node-similarity,2023-08-22
PRD02060,PRD02062,0.566,node-similarity,2025-08-10
PRD02061,PRD02063,0.8574,hybrid,2024-09-14
PRD02061,PRD02070,0.6256,node-similarity,2022-07-01
PRD02062,PRD02053,0.9018,node-similarity,2022-07-29
PRD02062,PRD02081,0.7488,pagerank,2023-11-07
PRD02062,PRD02064,0.9244,pagerank,2023-02-08
PRD02063,PRD02073,0.9463,hybrid,2025-08-09
PRD02063,PRD02065,0.9863,node-similarity,2023-04-09
PRD02063,PRD02068,0.6202,pagerank,2023-11-20
PRD02064,PRD02065,0.9627,node-similarity,2023-07-07
PRD02064,PRD02069,0.7023,hybrid,2024-04-07
PRD02064,PRD02063,0.6952,node-similarity,2024-01-18
PRD02065,PRD02059,0.7522,hybrid,2023-11-20
PRD02065,PRD02076,0.5566,pagerank,2022-11-18
PRD02065,PRD02073,0.7424,collaborative,2023-09-28
PRD02066,PRD02076,0.684,hybrid,2022-01-07
PRD02066,PRD02051,0.6202,collaborative,2023-10-09
PRD02066,PRD02059,0.9413,hybrid,2022-04-04
PRD02067,PRD02057,0.8102,content-based,2023-04-20
PRD02067,PRD02051,0.9331,node-similarity,2024-09-15
PRD02067,PRD02068,0.5944,hybrid,2022-06-23
PRD02068,PRD02080,0.5553,node-similarity,2024-05-29
PRD02068,PRD02074,0.8253,collaborative,2023-02-24
PRD02068,PRD02073,0.648,hybrid,2024-08-22
PRD02069,PRD02058,0.8554,content-based,2024-12-29
PRD02069,PRD02066,0.966,collaborative,2022-09-10
PRD02069,PRD02077,0.8328,hybrid,2023-11-28
PRD02070,PRD02058,0.7631,pagerank,2022-07-18
PRD02070,PRD02071,0.6684,hybrid,2022-11-07
PRD02070,PRD02072,0.7244,hybrid,2025-09-25
PRD02071,PRD02062,0.7942,collaborative,2025-03-05
PRD02071,PRD02051,0.5893,node-similarity,2023-05-03
PRD02072,PRD02065,0.7019,hybrid,2025-07-13
PRD02072,PRD02055,0.8617,node-similarity,2025-11-16
PRD02073,PRD02052,0.8124,pagerank,2024-04-19
PRD02073,PRD02057,0.5638,hybrid,2023-09-16
PRD02074,PRD02079,0.8402,collaborative,2023-07-30
PRD02074,PRD02071,0.5902,collaborative,2023-01-08
PRD02074,PRD02073,0.9178,pagerank,2024-10-09
PRD02075,PRD02070,0.6303,node-similarity,2024-03-22
PRD02075,PRD02064,0.8512,pagerank,2022-06-14
PRD02075,PRD02065,0.7197,content-based,2025-03-18
PRD02076,PRD02070,0.8154,content-based,2023-08-16
PRD02076,PRD02068,0.9255,content-based,2025-07-13
PRD02076,PRD02062,0.9736,hybrid,2025-09-22
PRD02077,PRD02081,0.9725,hybrid,2022-01-29
PRD02077,PRD02079,0.8771,pagerank,2022-09-19
PRD02077,PRD02053,0.8975,pagerank,2022-08-21
PRD02078,PRD02079,0.9301,hybrid,2024-03-03
PRD02078,PRD02080,0.9516,hybrid,2024-10-13
PRD02079,PRD02063,0.6887,hybrid,2025-05-20
PRD02079,PRD02071,0.5531,pagerank,2022-12-02
PRD02079,PRD02056,0.7396,node-similarity,2025-12-18
PRD02080,PRD02081,0.8316,hybrid,2025-04-16
PRD02080,PRD02071,0.7249,collaborative,2022-12-13
PRD02080,PRD02066,0.646,hybrid,2023-05-16
PRD02081,PRD02050,0.6171,hybrid,2023-09-06
PRD02081,PRD02053,0.7912,pagerank,2022-03-10
PRD02081,PRD02065,0.8699,node-similarity,2025-08-11
PRD02082,PRD02090,0.6682,content-based,2022-03-07
PRD02082,PRD02097,0.6819,hybrid,2022-08-07
PRD02082,PRD02084,0.7188,node-similarity,2022-02-28
PRD02083,PRD02110,0.735,content-based,2025-03-15
PRD02083,PRD02092,0.7703,node-similarity,2025-02-15
PRD02083,PRD02100,0.729,collaborative,2022-09-08
PRD02084,PRD02083,0.7417,content-based,2022-04-15
PRD02084,PRD02097,0.5779,collaborative,2022-05-21
PRD02084,PRD02096,0.8946,node-similarity,2025-07-02
PRD02085,PRD02108,0.6853,collaborative,2023-08-05
PRD02085,PRD02106,0.7131,collaborative,2024-10-13
PRD02085,PRD02092,0.6153,content-based,2022-07-20
PRD02086,PRD02102,0.7794,collaborative,2025-08-18
PRD02086,PRD02095,0.5536,collaborative,2025-02-23
PRD02086,PRD02106,0.7708,node-similarity,2023-05-26
PRD02087,PRD02104,0.7397,hybrid,2024-08-14
PRD02087,PRD02103,0.7504,node-similarity,2025-08-31
PRD02087,PRD02096,0.7388,collaborative,2022-06-11
PRD02088,PRD02108,0.8823,content-based,2025-06-04
PRD02088,PRD02087,0.8368,node-similarity,2022-01-19
PRD02088,PRD02099,0.841,content-based,2024-08-22
PRD02089,PRD02094,0.8837,collaborative,2023-03-12
PRD02089,PRD02097,0.5986,content-based,2023-03-30
PRD02089,PRD02084,0.7305,node-similarity,2022-08-04
PRD02090,PRD02088,0.7867,node-similarity,2023-08-21
PRD02090,PRD02101,0.8242,hybrid,2025-04-03
PRD02090,PRD02106,0.6011,node-similarity,2022-12-21
PRD02091,PRD02090,0.641,content-based,2024-07-07
PRD02091,PRD02099,0.5844,node-similarity,2023-11-30
PRD02091,PRD02100,0.7902,pagerank,2022-09-04
PRD02092,PRD02104,0.5596,pagerank,2024-07-28
PRD02092,PRD02091,0.8179,collaborative,2023-10-13
PRD02093,PRD02099,0.6137,hybrid,2023-02-08
PRD02093,PRD02107,0.8139,node-similarity,2022-02-08
PRD02093,PRD02089,0.7864,node-similarity,2025-10-14
PRD02094,PRD02092,0.8326,content-based,2024-07-13
PRD02094,PRD02084,0.7283,collaborative,2025-11-24
PRD02094,PRD02090,0.6198,node-similarity,2023-10-30
PRD02095,PRD02100,0.9457,node-similarity,2025-05-15
PRD02095,PRD02089,0.8601,hybrid,2023-09-09
PRD02095,PRD02098,0.8988,node-similarity,2025-03-13
PRD02096,PRD02091,0.6065,hybrid,2024-12-06
PRD02096,PRD02095,0.5646,collaborative,2024-03-17
PRD02097,PRD02100,0.9758,pagerank,2025-11-14
PRD02097,PRD02098,0.7538,hybrid,2023-11-29
PRD02097,PRD02101,0.8258,hybrid,2023-01-04
PRD02098,PRD02101,0.7001,pagerank,2025-09-20
PRD02098,PRD02106,0.6041,collaborative,2023-12-02
PRD02098,PRD02108,0.6205,content-based,2023-03-13
PRD02099,PRD02107,0.6131,content-based,2025-03-16
PRD02099,PRD02110,0.6859,collaborative,2023-07-30
PRD02099,PRD02097,0.9455,node-similarity,2025-09-10
PRD02100,PRD02107,0.8205,pagerank,2025-08-24
PRD02100,PRD02092,0.7246,content-based,2023-12-22
PRD02100,PRD02088,0.7942,pagerank,2024-11-15
PRD02101,PRD02087,0.6634,content-based,2023-09-20
PRD02101,PRD02092,0.6128,pagerank,2024-05-29
PRD02101,PRD02104,0.9649,content-based,2025-08-13
PRD02102,PRD02098,0.7068,node-similarity,2025-12-03
PRD02102,PRD02094,0.7023,pagerank,2023-10-12
PRD02103,PRD02083,0.944,collaborative,2024-09-15
PRD02103,PRD02084,0.8564,node-similarity,2022-05-07
PRD02103,PRD02093,0.6035,node-similarity,2023-06-20
PRD02104,PRD02085,0.8854,node-similarity,2025-01-28
PRD02104,PRD02091,0.8276,content-based,2025-02-08
PRD02104,PRD02103,0.8389,collaborative,2025-06-12
PRD02105,PRD02108,0.7398,content-based,2022-07-10
PRD02105,PRD02092,0.6046,pagerank,2023-07-11
PRD02105,PRD02110,0.888,content-based,2025-10-28
PRD02106,PRD02093,0.7418,content-based,2022-03-09
PRD02106,PRD02096,0.7556,pagerank,2025-06-06
PRD02107,PRD02103,0.9146,pagerank,2025-01-05
PRD02107,PRD02101,0.7012,hybrid,2025-06-18
PRD02108,PRD02104,0.6426,content-based,2025-06-07
PRD02108,PRD02110,0.6088,content-based,2024-10-04
PRD02109,PRD02101,0.9294,hybrid,2025-09-23
PRD02109,PRD02089,0.9273,collaborative,2023-05-16
PRD02109,PRD02102,0.9314,node-similarity,2024-06-19
PRD02110,PRD02109,0.8275,pagerank,2023-12-08
PRD02110,PRD02102,0.9499,content-based,2023-06-14
PRD02111,PRD02114,0.9557,node-similarity,2022-11-01
PRD02111,PRD02129,0.786,collaborative,2022-12-20
PRD02111,PRD02122,0.7323,collaborative,2025-12-29
PRD02112,PRD02132,0.8782,content-based,2023-01-09
PRD02112,PRD02111,0.7414,hybrid,2024-08-28
PRD02112,PRD02123,0.923,hybrid,2025-09-30
PRD02113,PRD02133,0.5925,node-similarity,2023-08-03
PRD02113,PRD02123,0.6877,hybrid,2025-06-26
PRD02113,PRD02131,0.6012,pagerank,2023-01-17
PRD02114,PRD02119,0.9767,content-based,2022-09-14
PRD02114,PRD02141,0.6049,pagerank,2023-07-24
PRD02114,PRD02120,0.6176,node-similarity,2024-02-29
PRD02115,PRD02122,0.7126,pagerank,2024-11-30
PRD02115,PRD02133,0.7638,node-similarity,2025-10-11
PRD02115,PRD02135,0.9023,node-similarity,2022-01-09
PRD02116,PRD02118,0.7052,node-similarity,2023-05-28
PRD02116,PRD02121,0.8476,pagerank,2023-02-15
PRD02116,PRD02135,0.9026,pagerank,2024-07-02
PRD02117,PRD02140,0.8175,pagerank,2025-10-17
PRD02117,PRD02126,0.6344,node-similarity,2023-08-05
PRD02117,PRD02125,0.8115,content-based,2022-01-12
PRD02118,PRD02127,0.9644,pagerank,2022-02-24
PRD02118,PRD02131,0.5966,pagerank,2022-11-04
PRD02118,PRD02115,0.6523,node-similarity,2024-11-08
PRD02119,PRD02111,0.884,hybrid,2022-03-05
PRD02119,PRD02118,0.5809,hybrid,2022-08-10
PRD02120,PRD02116,0.5837,hybrid,2024-03-07
PRD02120,PRD02112,0.591,hybrid,2023-09-17
PRD02120,PRD02133,0.8425,pagerank,2025-07-12
PRD02121,PRD02139,0.5714,hybrid,2022-04-02
PRD02121,PRD02114,0.9794,pagerank,2023-07-20
PRD02121,PRD02123,0.9058,hybrid,2023-09-27
PRD02122,PRD02123,0.8758,node-similarity,2023-12-21
PRD02122,PRD02120,0.9213,hybrid,2025-10-04
PRD02122,PRD02127,0.8326,collaborative,2022-03-02
PRD02123,PRD02139,0.9514,collaborative,2025-08-07
PRD02123,PRD02126,0.5578,collaborative,2022-11-07
PRD02124,PRD02116,0.6735,collaborative,2023-03-26
PRD02124,PRD02121,0.7328,collaborative,2022-05-22
PRD02124,PRD02115,0.8516,hybrid,2024-06-06
PRD02125,PRD02131,0.9574,hybrid,2022-04-16
PRD02125,PRD02116,0.9147,pagerank,2023-03-06
PRD02125,PRD02126,0.6678,hybrid,2022-02-22
PRD02126,PRD02139,0.7106,pagerank,2022-05-31
PRD02126,PRD02132,0.8973,pagerank,2023-12-15
PRD02126,PRD02130,0.6329,hybrid,2022-01-11
PRD02127,PRD02125,0.5695,content-based,2024-02-13
PRD02127,PRD02131,0.9545,content-based,2022-02-27
PRD02127,PRD02124,0.9327,content-based,2025-07-11
PRD02128,PRD02118,0.7348,hybrid,2022-12-18
PRD02128,PRD02117,0.6636,node-similarity,2024-02-01
PRD02128,PRD02133,0.8974,node-similarity,2022-12-08
PRD02129,PRD02137,0.7939,hybrid,2024-12-19
PRD02129,PRD02134,0.5709,collaborative,2023-09-24
PRD02129,PRD02117,0.8323,content-based,2024-01-04
PRD02130,PRD02116,0.862,hybrid,2023-08-01
PRD02130,PRD02117,0.743,node-similarity,2023-08-23
PRD02130,PRD02139,0.5755,collaborative,2024-08-19
PRD02131,PRD02122,0.6266,node-similarity,2023-02-07
PRD02131,PRD02139,0.9458,pagerank,2025-04-11
PRD02131,PRD02138,0.6071,node-similarity,2025-06-17
PRD02132,PRD02139,0.5622,hybrid,2022-02-17
PRD02132,PRD02128,0.6636,hybrid,2023-10-18
PRD02132,PRD02120,0.5549,pagerank,2024-01-24
PRD02133,PRD02140,0.5573,hybrid,2023-09-24
PRD02133,PRD02121,0.7954,content-based,2023-08-03
PRD02133,PRD02129,0.69,pagerank,2022-08-14
PRD02134,PRD02123,0.5617,node-similarity,2023-08-30
PRD02134,PRD02127,0.7986,content-based,2025-04-25
PRD02134,PRD02122,0.8132,collaborative,2025-06-11
PRD02135,PRD02139,0.7624,node-similarity,2023-02-25
PRD02135,PRD02123,0.6846,hybrid,2023-12-06
PRD02135,PRD02133,0.9587,pagerank,2023-01-30
PRD02136,PRD02132,0.7768,node-similarity,2024-07-04
PRD02136,PRD02122,0.7064,pagerank,2023-04-13
PRD02136,PRD02127,0.8889,node-similarity,2024-06-04
PRD02137,PRD02120,0.616,node-similarity,2025-08-17
PRD02137,PRD02139,0.6823,hybrid,2025-12-14
PRD02137,PRD02140,0.9206,node-similarity,2023-07-30
PRD02138,PRD02123,0.8718,collaborative,2023-02-01
PRD02138,PRD02132,0.7135,pagerank,2025-02-26
PRD02138,PRD02121,0.7168,pagerank,2022-06-27
PRD02139,PRD02118,0.735,pagerank,2024-08-14
PRD02140,PRD02119,0.6813,content-based,2023-11-10
PRD02140,PRD02126,0.8888,hybrid,2023-04-01
PRD02140,PRD02141,0.9766,content-based,2023-12-29
PRD02141,PRD02125,0.9692,hybrid,2023-05-22
PRD02141,PRD02126,0.8071,pagerank,2024-06-14
PRD02141,PRD02119,0.7794,pagerank,2023-09-20
PRD02142,PRD02167,0.942,content-based,2022-06-10
PRD02142,PRD02159,0.8097,node-similarity,2025-11-19
PRD02142,PRD02161,0.5801,collaborative,2023-05-20
PRD02143,PRD02153,0.9632,pagerank,2023-11-21
PRD02143,PRD02166,0.9549,node-similarity,2025-07-02
PRD02143,PRD02160,0.9427,node-similarity,2025-12-02
PRD02144,PRD02145,0.6933,collaborative,2025-06-03
PRD02144,PRD02156,0.6845,pagerank,2025-06-05
PRD02144,PRD02142,0.7041,collaborative,2024-07-24
PRD02145,PRD02161,0.7789,collaborative,2025-06-18
PRD02145,PRD02154,0.8658,hybrid,2024-12-27
PRD02146,PRD02169,0.783,pagerank,2022-07-19
PRD02146,PRD02153,0.9108,pagerank,2024-07-01
PRD02146,PRD02149,0.8497,node-similarity,2022-10-29
PRD02147,PRD02144,0.746,node-similarity,2025-02-19
PRD02147,PRD02153,0.9257,collaborative,2025-02-20
PRD02147,PRD02157,0.6783,node-similarity,2024-12-25
PRD02148,PRD02167,0.7749,node-similarity,2024-08-13
PRD02148,PRD02157,0.555,node-similarity,2023-12-10
PRD02148,PRD02164,0.9013,node-similarity,2025-11-27
PRD02149,PRD02167,0.6584,hybrid,2024-04-04
PRD02149,PRD02162,0.6793,pagerank,2025-05-10
PRD02149,PRD02155,0.9795,pagerank,2022-12-03
PRD02150,PRD02153,0.9608,hybrid,2023-05-27
PRD02150,PRD02152,0.7242,collaborative,2024-03-17
PRD02150,PRD02154,0.7881,pagerank,2022-08-21
PRD02151,PRD02166,0.777,content-based,2025-12-28
PRD02151,PRD02165,0.7478,hybrid,2023-01-17
PRD02151,PRD02162,0.5689,pagerank,2025-02-21
PRD02152,PRD02148,0.6905,pagerank,2025-04-06
PRD02152,PRD02156,0.5961,collaborative,2024-09-24
PRD02153,PRD02148,0.9754,hybrid,2023-11-21
PRD02153,PRD02158,0.9446,node-similarity,2022-09-20
PRD02153,PRD02168,0.6194,node-similarity,2024-08-25
PRD02154,PRD02148,0.7805,collaborative,2022-06-15
PRD02154,PRD02153,0.5816,pagerank,2024-02-25
PRD02155,PRD02153,0.9749,pagerank,2022-04-09
PRD02155,PRD02167,0.6767,content-based,2022-01-17
PRD02155,PRD02156,0.7219,node-similarity,2022-02-21
PRD02156,PRD02150,0.8728,node-similarity,2022-12-22
PRD02156,PRD02146,0.9298,hybrid,2024-08-07
PRD02157,PRD02154,0.8278,node-similarity,2023-11-04
PRD02157,PRD02143,0.5588,collaborative,2025-01-23
PRD02157,PRD02142,0.6707,pagerank,2025-09-28
PRD02158,PRD02155,0.6058,content-based,2024-03-27
PRD02158,PRD02160,0.5518,collaborative,2025-02-24
PRD02158,PRD02149,0.7521,node-similarity,2024-11-19
PRD02159,PRD02144,0.7629,pagerank,2025-08-06
PRD02159,PRD02166,0.835,pagerank,2023-03-30
PRD02160,PRD02147,0.6648,node-similarity,2025-05-11
PRD02160,PRD02151,0.5648,hybrid,2023-05-26
PRD02160,PRD02150,0.6361,hybrid,2024-06-24
PRD02161,PRD02168,0.8426,content-based,2022-01-06
PRD02161,PRD02154,0.8187,content-based,2022-07-02
PRD02161,PRD02149,0.7787,pagerank,2024-03-27
PRD02162,PRD02154,0.8859,hybrid,2025-11-25
PRD02162,PRD02146,0.6715,collaborative,2022-10-28
PRD02162,PRD02145,0.6846,node-similarity,2024-02-11
PRD02163,PRD02147,0.7186,node-similarity,2024-03-28
PRD02163,PRD02166,0.6281,node-similarity,2025-03-18
PRD02163,PRD02167,0.9428,content-based,2025-05-09
PRD02164,PRD02156,0.7504,content-based,2024-08-14
PRD02164,PRD02166,0.9375,pagerank,2023-10-26
PRD02164,PRD02152,0.6558,node-similarity,2023-10-28
PRD02165,PRD02145,0.8087,hybrid,2023-11-25
PRD02165,PRD02144,0.7934,node-similarity,2024-04-09
PRD02165,PRD02167,0.9675,collaborative,2022-11-10
PRD02166,PRD02148,0.6325,node-similarity,2024-08-11
PRD02167,PRD02152,0.9491,content-based,2025-03-13
PRD02167,PRD02160,0.9074,node-similarity,2024-07-07
PRD02167,PRD02154,0.8646,content-based,2022-01-23
PRD02168,PRD02144,0.7285,content-based,2024-01-07
PRD02168,PRD02147,0.8963,hybrid,2024-02-24
PRD02168,PRD02166,0.9781,collaborative,2023-09-28
PRD02169,PRD02153,0.9637,pagerank,2024-10-31
PRD02169,PRD02168,0.8678,pagerank,2022-03-08
PRD02169,PRD02144,0.5876,pagerank,2023-08-15
PRD02170,PRD02175,0.785,content-based,2025-09-29
PRD02170,PRD02193,0.923,node-similarity,2025-04-23
PRD02170,PRD02177,0.5853,collaborative,2023-03-07
PRD02171,PRD02173,0.601,content-based,2022-01-23
PRD02171,PRD02188,0.7135,pagerank,2023-11-23
PRD02171,PRD02170,0.6714,hybrid,2023-04-01
PRD02172,PRD02171,0.7211,collaborative,2022-02-12
PRD02172,PRD02195,0.9564,node-similarity,2023-11-08
PRD02172,PRD02191,0.7274,hybrid,2023-10-23
PRD02173,PRD02183,0.629,pagerank,2024-10-09
PRD02173,PRD02187,0.8276,collaborative,2023-10-06
PRD02173,PRD02180,0.712,collaborative,2024-11-13
PRD02174,PRD02189,0.6576,node-similarity,2022-07-26
PRD02174,PRD02180,0.8241,content-based,2025-01-13
PRD02174,PRD02173,0.5987,collaborative,2024-01-02
PRD02175,PRD02173,0.6759,content-based,2025-09-01
PRD02175,PRD02191,0.6366,node-similarity,2025-09-20
PRD02175,PRD02189,0.8894,node-similarity,2024-09-14
PRD02176,PRD02175,0.6627,content-based,2025-02-20
PRD02176,PRD02193,0.5784,node-similarity,2024-02-11
PRD02176,PRD02194,0.8425,pagerank,2024-07-27
PRD02177,PRD02180,0.9531,hybrid,2022-04-12
PRD02177,PRD02179,0.8585,pagerank,2022-07-16
PRD02178,PRD02187,0.9775,node-similarity,2023-12-06
PRD02178,PRD02192,0.9189,hybrid,2023-04-02
PRD02178,PRD02182,0.55,content-based,2022-12-11
PRD02179,PRD02193,0.969,pagerank,2024-02-15
PRD02179,PRD02180,0.8367,pagerank,2024-03-29
PRD02179,PRD02184,0.8065,pagerank,2023-11-08
PRD02180,PRD02176,0.8596,hybrid,2023-10-05
PRD02180,PRD02178,0.9688,node-similarity,2022-06-20
PRD02180,PRD02182,0.6678,pagerank,2022-10-31
PRD02181,PRD02178,0.9481,pagerank,2023-09-07
PRD02181,PRD02193,0.6889,pagerank,2022-04-03
PRD02181,PRD02173,0.9666,hybrid,2022-02-05
PRD02182,PRD02192,0.6641,collaborative,2024-11-26
PRD02182,PRD02187,0.9233,node-similarity,2024-06-01
PRD02183,PRD02189,0.7405,node-similarity,2025-07-23
PRD02183,PRD02175,0.697,pagerank,2022-06-13
PRD02184,PRD02175,0.6131,pagerank,2024-03-26
PRD02184,PRD02188,0.7901,hybrid,2023-05-04
PRD02185,PRD02175,0.5732,node-similarity,2024-03-18
PRD02185,PRD02190,0.8378,collaborative,2023-12-08
PRD02185,PRD02193,0.6874,pagerank,2022-10-09
PRD02186,PRD02190,0.6892,hybrid,2022-11-15
PRD02186,PRD02180,0.7194,content-based,2025-07-03
PRD02186,PRD02182,0.5786,pagerank,2022-04-30
PRD02187,PRD02186,0.7691,node-similarity,2022-02-27
PRD02187,PRD02190,0.6236,hybrid,2024-06-25
PRD02187,PRD02192,0.7198,collaborative,2025-05-13
PRD02188,PRD02193,0.8742,collaborative,2025-02-26
PRD02188,PRD02170,0.9031,pagerank,2025-06-03
PRD02189,PRD02186,0.8328,node-similarity,2022-01-19
PRD02189,PRD02179,0.8925,collaborative,2025-10-17
PRD02189,PRD02172,0.712,pagerank,2022-01-18
PRD02190,PRD02176,0.8896,collaborative,2025-01-03
PRD02190,PRD02195,0.6265,content-based,2023-02-25
PRD02190,PRD02183,0.9562,content-based,2025-02-19
PRD02191,PRD02174,0.8379,pagerank,2025-04-22
PRD02191,PRD02188,0.7449,node-similarity,2025-02-26
PRD02191,PRD02176,0.9635,node-similarity,2024-04-25
PRD02192,PRD02194,0.8423,content-based,2023-11-18
PRD02192,PRD02172,0.6919,node-similarity,2025-08-30
PRD02192,PRD02170,0.7345,node-similarity,2023-05-21
PRD02193,PRD02194,0.5745,hybrid,2022-12-03
PRD02193,PRD02195,0.7236,pagerank,2023-10-17
PRD02194,PRD02185,0.9304,content-based,2023-03-09
PRD02194,PRD02184,0.9842,pagerank,2022-01-29
PRD02195,PRD02183,0.5862,content-based,2024-11-22
PRD02195,PRD02189,0.8627,hybrid,2022-11-23
PRD02196,PRD02220,0.9445,content-based,2024-03-15
PRD02196,PRD02204,0.8216,hybrid,2025-09-04
PRD02196,PRD02213,0.5804,hybrid,2024-12-28
PRD02197,PRD02208,0.8322,pagerank,2023-12-18
PRD02197,PRD02223,0.7641,collaborative,2023-04-27
PRD02197,PRD02219,0.7071,hybrid,2025-04-16
PRD02198,PRD02203,0.7006,node-similarity,2023-10-29
PRD02198,PRD02209,0.9516,node-similarity,2024-11-03
PRD02198,PRD02204,0.7913,content-based,2022-10-11
PRD02199,PRD02218,0.8531,pagerank,2025-01-25
PRD02199,PRD02210,0.9558,node-similarity,2025-06-20
PRD02199,PRD02217,0.9546,content-based,2023-06-19
PRD02200,PRD02206,0.9569,content-based,2023-08-24
PRD02200,PRD02207,0.6277,hybrid,2024-12-12
PRD02200,PRD02222,0.8496,node-similarity,2024-11-17
PRD02201,PRD02220,0.6732,collaborative,2023-02-02
PRD02201,PRD02202,0.6213,content-based,2024-11-30
PRD02201,PRD02215,0.9035,hybrid,2023-03-19
PRD02202,PRD02226,0.7859,hybrid,2024-06-12
PRD02202,PRD02207,0.9428,collaborative,2025-04-22
PRD02202,PRD02215,0.8383,pagerank,2025-05-05
PRD02203,PRD02212,0.6217,pagerank,2022-04-28
PRD02203,PRD02223,0.8152,collaborative,2022-11-02
PRD02203,PRD02222,0.9245,hybrid,2024-09-01
PRD02204,PRD02207,0.9392,hybrid,2023-06-18
PRD02204,PRD02220,0.5759,node-similarity,2023-05-23
PRD02205,PRD02197,0.5697,content-based,2025-07-30
PRD02205,PRD02212,0.9332,content-based,2023-02-09
PRD02205,PRD02225,0.8168,node-similarity,2022-08-12
PRD02206,PRD02227,0.9213,pagerank,2023-04-16
PRD02206,PRD02218,0.602,hybrid,2023-05-17
PRD02206,PRD02207,0.6687,node-similarity,2023-12-22
PRD02207,PRD02210,0.9283,content-based,2024-09-27
PRD02207,PRD02198,0.7833,node-similarity,2024-03-17
PRD02207,PRD02211,0.6695,collaborative,2024-06-13
PRD02208,PRD02218,0.8797,hybrid,2025-07-20
PRD02208,PRD02221,0.7758,content-based,2023-03-21
PRD02209,PRD02208,0.9754,node-similarity,2025-03-20
PRD02209,PRD02196,0.7943,content-based,2024-09-10
PRD02209,PRD02201,0.9388,collaborative,2025-08-30
PRD02210,PRD02213,0.7352,collaborative,2022-01-20
PRD02210,PRD02209,0.6113,node-similarity,2024-07-21
PRD02211,PRD02216,0.9867,node-similarity,2025-05-15
PRD02211,PRD02218,0.8843,hybrid,2024-02-13
PRD02211,PRD02202,0.906,pagerank,2025-09-15
PRD02212,PRD02197,0.8214,content-based,2022-09-08
PRD02212,PRD02198,0.7643,node-similarity,2025-12-28
PRD02212,PRD02218,0.7001,content-based,2025-04-13
PRD02213,PRD02212,0.8138,hybrid,2025-07-11
PRD02213,PRD02220,0.7674,content-based,2022-03-13
PRD02213,PRD02214,0.6585,content-based,2024-04-04
PRD02214,PRD02225,0.9663,collaborative,2024-11-05
PRD02214,PRD02221,0.7819,node-similarity,2022-02-12
PRD02214,PRD02201,0.8874,node-similarity,2024-10-02
PRD02215,PRD02210,0.5541,pagerank,2022-02-11
PRD02215,PRD02207,0.7278,pagerank,2022-07-28
PRD02215,PRD02205,0.6325,pagerank,2024-06-28
PRD02216,PRD02205,0.726,hybrid,2025-06-25
PRD02216,PRD02202,0.5889,collaborative,2024-05-01
PRD02216,PRD02212,0.6467,node-similarity,2025-05-05
PRD02217,PRD02196,0.8339,pagerank,2025-02-05
PRD02217,PRD02205,0.8738,hybrid,2025-10-02
PRD02217,PRD02210,0.8839,collaborative,2025-08-22
PRD02218,PRD02197,0.7689,content-based,2024-09-13
PRD02218,PRD02221,0.5875,node-similarity,2025-05-19
PRD02219,PRD02211,0.6884,collaborative,2022-12-05
PRD02219,PRD02208,0.5837,collaborative,2025-12-20
PRD02219,PRD02217,0.7438,collaborative,2025-05-27
PRD02220,PRD02226,0.9788,content-based,2025-09-28
PRD02220,PRD02211,0.7439,hybrid,2022-08-01
PRD02220,PRD02221,0.9786,pagerank,2023-09-11
PRD02221,PRD02201,0.586,pagerank,2022-11-12
PRD02221,PRD02200,0.9781,pagerank,2022-03-12
PRD02221,PRD02198,0.9376,pagerank,2024-10-19
PRD02222,PRD02206,0.5643,collaborative,2025-07-26
PRD02222,PRD02223,0.676,collaborative,2025-10-18
PRD02222,PRD02215,0.6758,pagerank,2022-10-05
PRD02223,PRD02205,0.9571,hybrid,2025-08-03
PRD02223,PRD02221,0.9769,hybrid,2022-05-21
PRD02224,PRD02225,0.6454,content-based,2024-12-26
PRD02224,PRD02200,0.9102,pagerank,2022-11-04
PRD02224,PRD02196,0.7795,hybrid,2025-10-29
PRD02225,PRD02196,0.9576,collaborative,2022-05-30
PRD02225,PRD02204,0.6083,node-similarity,2025-08-09
PRD02226,PRD02225,0.7853,collaborative,2022-10-09
PRD02226,PRD02206,0.6435,collaborative,2024-07-12
PRD02227,PRD02222,0.6891,hybrid,2025-05-23
PRD02227,PRD02217,0.5928,pagerank,2025-06-14
PRD02228,PRD02249,0.7758,pagerank,2022-11-21
PRD02228,PRD02244,0.7162,collaborative,2022-08-15
PRD02228,PRD02237,0.7677,node-similarity,2024-03-22
PRD02229,PRD02252,0.9568,hybrid,2025-03-01
PRD02229,PRD02241,0.7461,hybrid,2022-07-22
PRD02229,PRD02238,0.6812,hybrid,2025-10-01
PRD02230,PRD02245,0.7988,collaborative,2024-02-06
PRD02230,PRD02247,0.7596,collaborative,2024-04-14
PRD02230,PRD02250,0.7258,node-similarity,2025-04-30
PRD02231,PRD02248,0.7376,node-similarity,2025-12-11
PRD02231,PRD02232,0.714,hybrid,2024-03-08
PRD02231,PRD02239,0.9573,hybrid,2024-06-12
PRD02232,PRD02250,0.8309,content-based,2024-05-05
PRD02232,PRD02244,0.9399,hybrid,2024-12-12
PRD02232,PRD02248,0.9026,node-similarity,2022-02-23
PRD02233,PRD02249,0.8727,collaborative,2024-11-26
PRD02233,PRD02246,0.7971,pagerank,2022-04-03
PRD02233,PRD02240,0.5523,content-based,2024-02-17
PRD02234,PRD02231,0.7113,node-similarity,2024-11-09
PRD02234,PRD02232,0.9589,node-similarity,2024-06-02
PRD02234,PRD02233,0.8905,pagerank,2022-04-16
PRD02235,PRD02240,0.7159,content-based,2024-11-25
PRD02235,PRD02230,0.7811,pagerank,2025-08-12
PRD02235,PRD02231,0.6247,collaborative,2025-06-17
PRD02236,PRD02251,0.9884,collaborative,2022-01-15
PRD02236,PRD02239,0.6319,hybrid,2025-03-21
PRD02236,PRD02231,0.8789,collaborative,2022-07-21
PRD02237,PRD02248,0.7589,collaborative,2023-05-12
PRD02237,PRD02240,0.8493,node-similarity,2024-06-09
PRD02237,PRD02251,0.7773,node-similarity,2023-03-15
PRD02238,PRD02233,0.627,collaborative,2022-03-19
PRD02238,PRD02234,0.7595,hybrid,2025-07-20
PRD02238,PRD02230,0.7452,hybrid,2024-10-21
PRD02239,PRD02243,0.6054,content-based,2022-02-23
PRD02239,PRD02246,0.8138,collaborative,2023-01-08
PRD02239,PRD02237,0.8401,collaborative,2024-03-12
PRD02240,PRD02247,0.7282,node-similarity,2025-04-12
PRD02240,PRD02243,0.6003,content-based,2023-03-12
PRD02241,PRD02234,0.7919,hybrid,2023-12-16
PRD02241,PRD02237,0.642,hybrid,2024-04-30
PRD02241,PRD02230,0.6348,collaborative,2022-04-17
PRD02242,PRD02235,0.6565,pagerank,2023-05-04
PRD02242,PRD02231,0.9895,node-similarity,2024-07-24
PRD02242,PRD02233,0.7791,pagerank,2024-09-16
PRD02243,PRD02233,0.9267,node-similarity,2025-03-23
PRD02243,PRD02238,0.5526,collaborative,2022-06-09
PRD02243,PRD02247,0.7482,node-similarity,2025-11-11
PRD02244,PRD02250,0.8182,content-based,2023-03-17
PRD02244,PRD02229,0.857,pagerank,2022-02-15
PRD02244,PRD02246,0.6016,hybrid,2022-01-07
PRD02245,PRD02237,0.8058,collaborative,2025-04-09
PRD02245,PRD02231,0.8642,node-similarity,2023-01-19
PRD02245,PRD02241,0.7421,node-similarity,2025-10-25
PRD02246,PRD02230,0.6672,content-based,2022-02-03
PRD02246,PRD02237,0.8739,content-based,2022-07-12
PRD02247,PRD02245,0.5662,content-based,2025-12-21
PRD02247,PRD02244,0.9148,hybrid,2023-07-16
PRD02247,PRD02229,0.6858,pagerank,2023-05-22
PRD02248,PRD02241,0.6243,node-similarity,2024-03-13
PRD02248,PRD02239,0.7502,collaborative,2023-09-02
PRD02249,PRD02244,0.8333,pagerank,2022-09-09
PRD02249,PRD02251,0.6525,node-similarity,2024-04-25
PRD02249,PRD02232,0.716,content-based,2024-01-04
PRD02250,PRD02241,0.8311,hybrid,2023-01-30
PRD02250,PRD02234,0.8752,hybrid,2023-06-27
PRD02250,PRD02251,0.8552,collaborative,2023-02-09
PRD02251,PRD02235,0.5511,hybrid,2022-08-07
PRD02251,PRD02239,0.678,pagerank,2025-08-06
PRD02252,PRD02242,0.9382,collaborative,2023-01-11
PRD02252,PRD02239,0.7884,node-similarity,2024-08-27
PRD02252,PRD02233,0.6155,content-based,2023-11-04
PRD02253,PRD02281,0.6742,collaborative,2023-03-04
PRD02253,PRD02265,0.8147,content-based,2023-11-08
PRD02253,PRD02275,0.7565,collaborative,2025-04-12
PRD02254,PRD02277,0.9031,content-based,2023-12-13
PRD02254,PRD02279,0.771,collaborative,2023-03-13
PRD02254,PRD02253,0.6949,hybrid,2023-10-04
PRD02255,PRD02253,0.8274,node-similarity,2025-09-08
PRD02255,PRD02266,0.8314,collaborative,2022-08-12
PRD02255,PRD02279,0.9516,collaborative,2022-11-28
PRD02256,PRD02275,0.5896,pagerank,2025-08-27
PRD02256,PRD02254,0.5644,hybrid,2023-09-05
PRD02256,PRD02281,0.8087,pagerank,2023-02-04
PRD02257,PRD02271,0.6415,pagerank,2023-02-11
PRD02257,PRD02278,0.7623,hybrid,2022-05-17
PRD02257,PRD02269,0.5956,content-based,2024-05-27
PRD02258,PRD02274,0.9556,node-similarity,2024-10-12
PRD02258,PRD02261,0.8157,hybrid,2022-06-14
PRD02258,PRD02263,0.6618,node-similarity,2023-07-01
PRD02259,PRD02275,0.6786,pagerank,2023-01-24
PRD02259,PRD02281,0.894,hybrid,2025-07-02
PRD02259,PRD02273,0.909,collaborative,2025-05-04
PRD02260,PRD02277,0.7992,pagerank,2025-10-07
PRD02260,PRD02278,0.7433,hybrid,2025-04-08
PRD02260,PRD02262,0.7052,hybrid,2025-05-07
PRD02261,PRD02281,0.632,hybrid,2025-05-14
PRD02261,PRD02255,0.9821,node-similarity,2023-11-22
PRD02261,PRD02259,0.9165,pagerank,2022-09-28
PRD02262,PRD02255,0.7129,collaborative,2025-01-23
PRD02262,PRD02277,0.5762,node-similarity,2024-11-08
PRD02262,PRD02274,0.9081,pagerank,2023-06-20
PRD02263,PRD02265,0.5507,collaborative,2022-09-01
PRD02263,PRD02277,0.5792,content-based,2022-07-17
PRD02263,PRD02273,0.8217,node-similarity,2022-04-15
PRD02264,PRD02272,0.6605,pagerank,2025-09-01
PRD02264,PRD02281,0.7536,node-similarity,2025-10-14
PRD02264,PRD02271,0.9036,node-similarity,2022-08-03
PRD02265,PRD02266,0.9514,collaborative,2022-10-25
PRD02265,PRD02275,0.8617,collaborative,2023-02-19
PRD02265,PRD02278,0.6699,collaborative,2023-01-10
PRD02266,PRD02261,0.6604,collaborative,2025-08-03
PRD02266,PRD02280,0.8291,collaborative,2023-03-08
PRD02266,PRD02273,0.8549,collaborative,2025-05-07
PRD02267,PRD02274,0.7038,hybrid,2023-01-18
PRD02267,PRD02279,0.5924,content-based,2022-01-08
PRD02267,PRD02258,0.6338,pagerank,2025-05-16
PRD02268,PRD02271,0.9134,node-similarity,2025-05-18
PRD02268,PRD02253,0.5979,hybrid,2024-12-10
PRD02268,PRD02260,0.9769,hybrid,2024-04-13
PRD02269,PRD02282,0.6689,node-similarity,2025-09-19
PRD02269,PRD02260,0.9641,content-based,2023-11-10
PRD02270,PRD02255,0.5951,collaborative,2022-01-13
PRD02270,PRD02275,0.979,collaborative,2024-11-12
PRD02270,PRD02259,0.6778,content-based,2023-06-02
PRD02271,PRD02282,0.8114,pagerank,2023-09-09
PRD02271,PRD02259,0.7591,pagerank,2022-05-16
PRD02271,PRD02267,0.6653,collaborative,2025-01-06
PRD02272,PRD02276,0.9002,hybrid,2022-08-16
PRD02272,PRD02258,0.7812,collaborative,2023-01-17
PRD02272,PRD02275,0.7792,hybrid,2022-11-08
PRD02273,PRD02260,0.5611,content-based,2022-09-16
PRD02273,PRD02277,0.9004,pagerank,2024-08-07
PRD02274,PRD02276,0.6055,hybrid,2023-12-30
PRD02274,PRD02282,0.6971,content-based,2024-03-18
PRD02274,PRD02278,0.8602,pagerank,2024-05-15
PRD02275,PRD02264,0.9094,pagerank,2023-06-11
PRD02275,PRD02277,0.5739,pagerank,2025-03-20
PRD02276,PRD02277,0.702,node-similarity,2023-11-15
PRD02276,PRD02262,0.8824,pagerank,2023-01-15
PRD02276,PRD02259,0.6616,node-similarity,2023-06-24
PRD02277,PRD02271,0.7823,collaborative,2025-09-23
PRD02278,PRD02269,0.8155,hybrid,2023-08-08
PRD02278,PRD02255,0.7488,pagerank,2024-02-13
PRD02279,PRD02276,0.5907,collaborative,2024-11-21
PRD02279,PRD02264,0.9795,pagerank,2023-03-19
PRD02280,PRD02270,0.5754,node-similarity,2025-01-28
PRD02280,PRD02278,0.6697,content-based,2023-10-12
PRD02280,PRD02267,0.7917,collaborative,2022-12-16
PRD02281,PRD02278,0.5734,node-similarity,2022-05-17
PRD02281,PRD02270,0.9458,hybrid,2023-08-04
PRD02282,PRD02261,0.7577,content-based,2025-10-23
PRD02282,PRD02262,0.8873,content-based,2025-06-06
PRD02282,PRD02279,0.7151,hybrid,2025-02-21
PRD02283,PRD02300,0.8327,collaborative,2022-06-08
PRD02283,PRD02301,0.8254,node-similarity,2023-02-03
PRD02283,PRD02290,0.6917,collaborative,2023-04-03
PRD02284,PRD02288,0.9853,content-based,2023-10-05
PRD02284,PRD02298,0.577,node-similarity,2022-10-31
PRD02284,PRD02308,0.5621,collaborative,2023-09-05
PRD02285,PRD02284,0.8969,pagerank,2025-08-25
PRD02285,PRD02303,0.7065,hybrid,2023-12-04
PRD02285,PRD02306,0.7401,hybrid,2023-12-20
PRD02286,PRD02285,0.6551,node-similarity,2022-04-25
PRD02286,PRD02283,0.9109,pagerank,2025-09-28
PRD02286,PRD02305,0.6335,pagerank,2022-01-11
PRD02287,PRD02289,0.6276,node-similarity,2023-06-07
PRD02287,PRD02293,0.7839,node-similarity,2023-12-05
PRD02287,PRD02299,0.7335,pagerank,2024-06-23
PRD02288,PRD02297,0.6325,content-based,2023-06-01
PRD02288,PRD02300,0.6745,node-similarity,2024-11-02
PRD02288,PRD02298,0.6762,pagerank,2025-03-05
PRD02289,PRD02296,0.9001,collaborative,2025-09-06
PRD02289,PRD02299,0.8279,node-similarity,2023-01-19
PRD02289,PRD02291,0.5755,collaborative,2023-01-24
PRD02290,PRD02306,0.9582,content-based,2023-08-15
PRD02290,PRD02284,0.6076,content-based,2025-09-07
PRD02290,PRD02297,0.6229,content-based,2023-12-10
PRD02291,PRD02304,0.7341,hybrid,2024-04-08
PRD02291,PRD02294,0.9802,hybrid,2022-09-02
PRD02291,PRD02307,0.8863,collaborative,2024-10-23
PRD02292,PRD02293,0.9622,pagerank,2023-11-11
PRD02292,PRD02294,0.7054,node-similarity,2022-12-24
PRD02292,PRD02290,0.7578,content-based,2025-07-18
PRD02293,PRD02299,0.8558,hybrid,2023-07-17
PRD02293,PRD02295,0.7238,content-based,2025-01-18
PRD02293,PRD02305,0.8443,collaborative,2023-02-04
PRD02294,PRD02307,0.8407,content-based,2025-01-31
PRD02294,PRD02298,0.8989,collaborative,2022-01-14
PRD02294,PRD02289,0.6496,content-based,2024-09-12
PRD02295,PRD02305,0.9569,collaborative,2025-02-14
PRD02295,PRD02291,0.5586,node-similarity,2022-03-10
PRD02295,PRD02307,0.8846,node-similarity,2022-02-27
PRD02296,PRD02291,0.8964,pagerank,2025-05-17
PRD02296,PRD02293,0.6964,content-based,2025-08-14
PRD02297,PRD02287,0.7937,node-similarity,2025-01-09
PRD02297,PRD02299,0.8582,collaborative,2024-11-08
PRD02297,PRD02298,0.7029,node-similarity,2022-03-28
PRD02298,PRD02302,0.9411,content-based,2023-05-13
PRD02298,PRD02290,0.7733,content-based,2022-05-04
PRD02298,PRD02308,0.729,node-similarity,2023-10-29
PRD02299,PRD02294,0.8711,pagerank,2022-05-27
PRD02299,PRD02308,0.9079,node-similarity,2024-08-26
PRD02299,PRD02290,0.8993,pagerank,2024-03-01
PRD02300,PRD02302,0.5533,collaborative,2022-05-16
PRD02300,PRD02289,0.8932,content-based,2024-05-15
PRD02301,PRD02308,0.6232,content-based,2025-02-27
PRD02301,PRD02290,0.7312,pagerank,2023-01-28
PRD02301,PRD02296,0.7866,hybrid,2024-12-16
PRD02302,PRD02307,0.8492,collaborative,2023-05-16
PRD02302,PRD02295,0.7679,pagerank,2022-10-16
PRD02303,PRD02298,0.806,content-based,2024-03-05
PRD02303,PRD02292,0.601,collaborative,2023-03-06
PRD02303,PRD02283,0.8984,content-based,2024-09-12
PRD02304,PRD02300,0.9673,hybrid,2022-09-22
PRD02304,PRD02306,0.81,collaborative,2022-10-07
PRD02304,PRD02293,0.6571,node-similarity,2022-12-27
PRD02305,PRD02298,0.8903,hybrid,2024-03-30
PRD02305,PRD02307,0.9358,content-based,2024-06-21
PRD02305,PRD02299,0.9212,hybrid,2024-01-30
PRD02306,PRD02307,0.815,node-similarity,2024-10-21
PRD02306,PRD02300,0.7085,content-based,2022-09-07
PRD02306,PRD02295,0.5836,collaborative,2025-02-03
PRD02307,PRD02308,0.769,node-similarity,2024-11-05
PRD02307,PRD02283,0.6899,hybrid,2022-08-09
PRD02307,PRD02285,0.5524,hybrid,2023-11-23
PRD02308,PRD02285,0.7267,collaborative,2025-12-24
PRD02308,PRD02306,0.5535,node-similarity,2023-03-25
PRD02309,PRD02312,0.7739,content-based,2024-07-14
PRD02309,PRD02336,0.7929,content-based,2022-03-17
PRD02309,PRD02325,0.6687,collaborative,2024-01-07
PRD02310,PRD02325,0.8508,hybrid,2024-12-16
PRD02310,PRD02319,0.7928,collaborative,2025-06-29
PRD02310,PRD02339,0.7755,content-based,2025-04-29
PRD02311,PRD02317,0.5573,collaborative,2024-09-28
PRD02311,PRD02315,0.7348,node-similarity,2022-11-03
PRD02311,PRD02334,0.8691,pagerank,2024-12-28
PRD02312,PRD02317,0.8338,hybrid,2024-10-21
PRD02312,PRD02338,0.797,content-based,2024-02-25
PRD02313,PRD02321,0.8956,node-similarity,2024-10-27
PRD02313,PRD02318,0.8283,collaborative,2022-10-28
PRD02313,PRD02320,0.6589,pagerank,2025-09-18
PRD02314,PRD02309,0.8904,hybrid,2024-07-12
PRD02314,PRD02330,0.7929,pagerank,2024-02-12
PRD02314,PRD02321,0.7538,collaborative,2023-01-09
PRD02315,PRD02339,0.951,content-based,2022-07-11
PRD02315,PRD02324,0.8006,collaborative,2024-03-26
PRD02315,PRD02333,0.9052,hybrid,2023-08-22
PRD02316,PRD02325,0.9241,hybrid,2023-01-17
PRD02316,PRD02313,0.5713,hybrid,2025-11-20
PRD02316,PRD02319,0.5589,content-based,2022-07-19
PRD02317,PRD02338,0.603,pagerank,2023-06-21
PRD02317,PRD02329,0.6212,content-based,2024-07-07
PRD02317,PRD02315,0.5554,hybrid,2022-01-24
PRD02318,PRD02310,0.976,content-based,2022-02-13
PRD02318,PRD02334,0.8536,content-based,2024-06-09
PRD02318,PRD02328,0.6667,pagerank,2022-02-28
PRD02319,PRD02330,0.8327,collaborative,2024-03-19
PRD02319,PRD02315,0.6177,collaborative,2024-05-08
PRD02319,PRD02333,0.5853,content-based,2025-03-11
PRD02320,PRD02335,0.8611,collaborative,2025-04-10
PRD02320,PRD02312,0.6152,collaborative,2025-01-08
PRD02320,PRD02311,0.7847,node-similarity,2024-11-12
PRD02321,PRD02325,0.6072,content-based,2023-02-25
PRD02321,PRD02331,0.9234,hybrid,2025-02-18
PRD02321,PRD02328,0.9656,collaborative,2024-10-15
PRD02322,PRD02312,0.8781,node-similarity,2022-09-12
PRD02322,PRD02333,0.9261,node-similarity,2023-11-25
PRD02322,PRD02326,0.5849,node-similarity,2023-03-24
PRD02323,PRD02313,0.6548,collaborative,2023-02-27
PRD02323,PRD02337,0.8631,hybrid,2024-07-29
PRD02323,PRD02331,0.6288,pagerank,2025-02-21
PRD02324,PRD02331,0.779,pagerank,2024-12-13
PRD02324,PRD02330,0.7671,content-based,2025-01-19
PRD02324,PRD02316,0.8665,node-similarity,2025-10-23
PRD02325,PRD02327,0.9275,content-based,2024-03-17
PRD02325,PRD02326,0.6655,pagerank,2024-10-10
PRD02325,PRD02340,0.7566,pagerank,2024-10-21
PRD02326,PRD02339,0.8128,node-similarity,2022-04-05
PRD02326,PRD02317,0.622,node-similarity,2023-08-03
PRD02326,PRD02316,0.9563,node-similarity,2022-10-24
PRD02327,PRD02315,0.8888,content-based,2024-09-13
PRD02327,PRD02310,0.6856,node-similarity,2023-11-30
PRD02328,PRD02322,0.7715,pagerank,2022-03-03
PRD02328,PRD02309,0.8649,pagerank,2022-04-24
PRD02329,PRD02309,0.5956,node-similarity,2023-03-23
PRD02329,PRD02337,0.5591,content-based,2022-07-20
PRD02329,PRD02327,0.566,node-similarity,2023-10-20
PRD02330,PRD02333,0.977,collaborative,2024-08-28
PRD02330,PRD02326,0.7911,content-based,2022-09-26
PRD02331,PRD02328,0.9395,pagerank,2023-03-21
PRD02331,PRD02336,0.7872,content-based,2025-09-12
PRD02332,PRD02310,0.8409,content-based,2025-10-21
PRD02332,PRD02314,0.8007,collaborative,2023-09-05
PRD02332,PRD02324,0.8883,content-based,2024-04-12
PRD02333,PRD02320,0.7113,content-based,2022-03-07
PRD02333,PRD02309,0.9244,collaborative,2023-02-25
PRD02333,PRD02316,0.9844,collaborative,2024-11-04
PRD02334,PRD02315,0.8138,node-similarity,2023-04-27
PRD02334,PRD02316,0.6402,hybrid,2022-04-02
PRD02334,PRD02339,0.7029,collaborative,2024-08-25
PRD02335,PRD02323,0.9496,hybrid,2023-09-09
PRD02335,PRD02315,0.7884,content-based,2025-06-21
PRD02335,PRD02319,0.7676,content-based,2024-07-22
PRD02336,PRD02337,0.5578,content-based,2024-08-30
PRD02336,PRD02311,0.5685,content-based,2023-07-24
PRD02336,PRD02313,0.6091,content-based,2023-02-28
PRD02337,PRD02327,0.7306,pagerank,2024-01-22
PRD02337,PRD02339,0.6833,node-similarity,2023-03-28
PRD02337,PRD02313,0.9551,hybrid,2022-06-29
PRD02338,PRD02323,0.6555,hybrid,2022-11-28
PRD02338,PRD02331,0.5665,collaborative,2022-02-01
PRD02338,PRD02316,0.9256,content-based,2024-04-21
PRD02339,PRD02325,0.9826,collaborative,2023-07-28
PRD02339,PRD02330,0.7454,hybrid,2023-06-25
PRD02339,PRD02327,0.761,pagerank,2025-05-12
PRD02340,PRD02338,0.6303,node-similarity,2024-01-28
PRD02340,PRD02310,0.6333,hybrid,2022-01-20
PRD02340,PRD02315,0.6962,collaborative,2022-12-20
PRD02341,PRD02345,0.947,pagerank,2025-09-09
PRD02341,PRD02363,0.6151,hybrid,2025-08-03
PRD02341,PRD02344,0.7926,pagerank,2025-03-08
PRD02342,PRD02363,0.9603,pagerank,2025-02-20
PRD02342,PRD02359,0.7561,pagerank,2023-03-10
PRD02342,PRD02343,0.702,hybrid,2023-10-30
PRD02343,PRD02349,0.8971,hybrid,2023-09-30
PRD02343,PRD02366,0.6118,pagerank,2022-07-16
PRD02343,PRD02367,0.9478,content-based,2024-01-12
PRD02344,PRD02363,0.578,pagerank,2024-05-15
PRD02344,PRD02349,0.9138,content-based,2023-02-02
PRD02344,PRD02355,0.8504,content-based,2022-08-03
PRD02345,PRD02351,0.7829,hybrid,2022-01-16
PRD02345,PRD02362,0.7796,hybrid,2023-07-09
PRD02346,PRD02353,0.9229,content-based,2022-01-23
PRD02346,PRD02351,0.6465,node-similarity,2022-07-16
PRD02346,PRD02362,0.9065,node-similarity,2022-02-17
PRD02347,PRD02362,0.7592,node-similarity,2022-11-26
PRD02347,PRD02359,0.9447,hybrid,2022-11-29
PRD02347,PRD02360,0.7507,content-based,2024-02-19
PRD02348,PRD02364,0.8765,content-based,2022-11-22
PRD02348,PRD02347,0.6865,content-based,2023-02-02
PRD02348,PRD02368,0.595,node-similarity,2025-02-16
PRD02349,PRD02354,0.6005,node-similarity,2022-08-26
PRD02349,PRD02362,0.8669,node-similarity,2022-09-07
PRD02350,PRD02344,0.6849,hybrid,2024-01-04
PRD02350,PRD02358,0.8006,hybrid,2023-09-26
PRD02350,PRD02363,0.8279,content-based,2024-08-15
PRD02351,PRD02363,0.8859,hybrid,2025-02-19
PRD02351,PRD02343,0.5662,node-similarity,2022-04-15
PRD02351,PRD02353,0.8655,pagerank,2022-06-23
PRD02352,PRD02367,0.9762,collaborative,2025-04-04
PRD02352,PRD02368,0.6219,collaborative,2023-06-21
PRD02352,PRD02351,0.6829,content-based,2025-09-21
PRD02353,PRD02355,0.8846,content-based,2025-07-12
PRD02353,PRD02357,0.5787,content-based,2023-01-05
PRD02353,PRD02345,0.7427,hybrid,2025-12-14
PRD02354,PRD02350,0.9781,collaborative,2025-04-01
PRD02354,PRD02361,0.8962,hybrid,2024-05-05
PRD02354,PRD02368,0.9767,content-based,2025-03-11
PRD02355,PRD02358,0.8697,pagerank,2022-11-10
PRD02355,PRD02356,0.7357,content-based,2022-05-25
PRD02355,PRD02354,0.7112,pagerank,2023-06-21
PRD02356,PRD02350,0.8841,hybrid,2022-02-04
PRD02356,PRD02351,0.7493,hybrid,2022-06-30
PRD02356,PRD02365,0.6899,hybrid,2025-08-21
PRD02357,PRD02347,0.5934,hybrid,2022-08-04
PRD02357,PRD02354,0.7951,collaborative,2024-03-23
PRD02357,PRD02341,0.7265,hybrid,2023-07-20
PRD02358,PRD02351,0.5597,hybrid,2022-07-04
PRD02358,PRD02367,0.7889,pagerank,2024-01-31
PRD02359,PRD02361,0.6099,node-similarity,2023-07-12
PRD02359,PRD02343,0.9058,hybrid,2025-12-30
PRD02359,PRD02348,0.6097,content-based,2022-02-17
PRD02360,PRD02364,0.8121,pagerank,2024-11-22
PRD02360,PRD02367,0.5517,pagerank,2025-09-27
PRD02361,PRD02349,0.9068,collaborative,2025-08-08
PRD02361,PRD02366,0.7162,hybrid,2025-03-02
PRD02361,PRD02360,0.7319,collaborative,2024-03-09
PRD02362,PRD02354,0.9651,collaborative,2025-03-10
PRD02362,PRD02368,0.7718,collaborative,2022-07-03
PRD02362,PRD02360,0.7219,content-based,2023-03-19
PRD02363,PRD02347,0.7637,collaborative,2023-06-19
PRD02363,PRD02349,0.6299,pagerank,2025-10-11
PRD02363,PRD02366,0.7023,collaborative,2024-05-16
PRD02364,PRD02352,0.6001,content-based,2022-10-04
PRD02364,PRD02358,0.9495,content-based,2025-07-01
PRD02364,PRD02366,0.9154,hybrid,2023-04-20
PRD02365,PRD02345,0.66,node-similarity,2025-03-27
PRD02365,PRD02352,0.6911,collaborative,2025-04-23
PRD02365,PRD02363,0.6726,content-based,2025-03-29
PRD02366,PRD02365,0.9703,collaborative,2023-07-08
PRD02366,PRD02348,0.8408,content-based,2023-05-19
PRD02366,PRD02345,0.7293,collaborative,2022-02-02
PRD02367,PRD02361,0.9001,node-similarity,2025-08-15
PRD02367,PRD02341,0.9508,collaborative,2025-03-22
PRD02368,PRD02355,0.9602,pagerank,2025-10-06
PRD02368,PRD02344,0.5546,hybrid,2022-05-29
PRD02368,PRD02361,0.5944,content-based,2023-11-22
PRD02369,PRD02372,0.5679,node-similarity,2022-11-27
PRD02369,PRD02380,0.5698,collaborative,2025-01-01
PRD02369,PRD02391,0.8736,collaborative,2024-04-18
PRD02370,PRD02382,0.8165,pagerank,2022-04-25
PRD02370,PRD02372,0.5621,content-based,2025-03-09
PRD02370,PRD02383,0.7601,node-similarity,2025-11-17
PRD02371,PRD02380,0.5897,node-similarity,2024-01-24
PRD02371,PRD02381,0.5851,content-based,2025-01-13
PRD02371,PRD02372,0.7328,collaborative,2022-08-19
PRD02372,PRD02373,0.9267,hybrid,2024-05-24
PRD02372,PRD02391,0.6957,collaborative,2024-10-22
PRD02372,PRD02374,0.859,node-similarity,2022-01-21
PRD02373,PRD02391,0.6249,content-based,2022-04-20
PRD02373,PRD02370,0.8376,pagerank,2025-02-25
PRD02373,PRD02375,0.7837,hybrid,2025-03-20
PRD02374,PRD02380,0.5889,content-based,2024-02-29
PRD02374,PRD02390,0.6161,hybrid,2025-09-13
PRD02374,PRD02391,0.6565,pagerank,2024-04-24
PRD02375,PRD02393,0.6671,node-similarity,2024-02-03
PRD02375,PRD02377,0.7059,hybrid,2022-04-15
PRD02375,PRD02370,0.9367,hybrid,2025-08-13
PRD02376,PRD02384,0.9508,pagerank,2023-08-07
PRD02376,PRD02395,0.5803,pagerank,2022-09-03
PRD02376,PRD02379,0.9402,node-similarity,2022-07-31
PRD02377,PRD02376,0.5803,collaborative,2024-11-03
PRD02377,PRD02379,0.9492,hybrid,2025-08-15
PRD02377,PRD02384,0.717,hybrid,2022-01-07
PRD02378,PRD02395,0.861,node-similarity,2025-07-14
PRD02378,PRD02375,0.7359,collaborative,2024-11-12
PRD02378,PRD02371,0.6076,content-based,2024-05-07
PRD02379,PRD02382,0.8301,hybrid,2024-03-21
PRD02379,PRD02383,0.6274,node-similarity,2024-05-18
PRD02379,PRD02393,0.9873,pagerank,2023-11-05
PRD02380,PRD02381,0.9323,hybrid,2024-08-20
PRD02380,PRD02385,0.7525,content-based,2024-06-24
PRD02380,PRD02390,0.8084,node-similarity,2022-01-05
PRD02381,PRD02373,0.9716,collaborative,2023-08-24
PRD02381,PRD02396,0.8907,hybrid,2024-06-21
PRD02381,PRD02389,0.9547,content-based,2025-11-16
PRD02382,PRD02373,0.9413,node-similarity,2025-08-23
PRD02382,PRD02380,0.6689,hybrid,2025-04-12
PRD02382,PRD02394,0.8053,node-similarity,2025-11-11
PRD02383,PRD02371,0.6707,collaborative,2025-08-15
PRD02383,PRD02375,0.9745,pagerank,2024-07-25
PRD02383,PRD02369,0.8585,content-based,2024-02-09
PRD02384,PRD02380,0.8547,pagerank,2025-02-03
PRD02384,PRD02383,0.8491,content-based,2025-10-13
PRD02385,PRD02389,0.6499,collaborative,2023-12-07
PRD02385,PRD02394,0.9838,hybrid,2022-02-28
PRD02385,PRD02381,0.7021,hybrid,2025-06-21
PRD02386,PRD02389,0.9438,pagerank,2023-10-04
PRD02386,PRD02374,0.8676,content-based,2023-04-11
PRD02386,PRD02392,0.7604,collaborative,2022-03-04
PRD02387,PRD02380,0.7394,content-based,2025-06-28
PRD02387,PRD02375,0.6565,node-similarity,2025-02-24
PRD02387,PRD02389,0.5693,content-based,2023-05-01
PRD02388,PRD02379,0.6542,node-similarity,2024-01-21
PRD02388,PRD02391,0.7702,pagerank,2022-12-06
PRD02388,PRD02396,0.831,collaborative,2022-03-23
PRD02389,PRD02394,0.8579,pagerank,2022-10-13
PRD02389,PRD02382,0.8048,hybrid,2024-02-03
PRD02389,PRD02396,0.6359,content-based,2024-11-04
PRD02390,PRD02382,0.678,node-similarity,2022-09-25
PRD02390,PRD02392,0.688,content-based,2022-12-31
PRD02390,PRD02377,0.6425,content-based,2022-10-10
PRD02391,PRD02389,0.9002,hybrid,2022-06-20
PRD02391,PRD02384,0.9189,node-similarity,2022-06-11
PRD02391,PRD02385,0.6527,hybrid,2022-05-20
PRD02392,PRD02371,0.8757,hybrid,2025-09-27
PRD02392,PRD02384,0.8331,node-similarity,2024-08-30
PRD02393,PRD02390,0.982,pagerank,2022-02-11
PRD02393,PRD02383,0.7525,content-based,2024-06-18
PRD02393,PRD02374,0.8529,hybrid,2024-04-28
PRD02394,PRD02395,0.8396,collaborative,2023-01-25
PRD02394,PRD02372,0.6246,content-based,2025-07-03
PRD02394,PRD02380,0.9828,pagerank,2025-05-07
PRD02395,PRD02381,0.5933,content-based,2022-07-17
PRD02395,PRD02386,0.9275,content-based,2022-05-31
PRD02396,PRD02380,0.7621,hybrid,2025-12-24
PRD02396,PRD02372,0.8901,content-based,2024-05-16
PRD02396,PRD02378,0.7817,pagerank,2024-06-07
PRD02397,PRD02416,0.6957,hybrid,2022-10-29
PRD02397,PRD02414,0.8662,collaborative,2025-08-09
PRD02397,PRD02421,0.8188,node-similarity,2025-09-13
PRD02398,PRD02401,0.5616,content-based,2025-08-16
PRD02398,PRD02405,0.9127,node-similarity,2023-05-27
PRD02398,PRD02418,0.5821,hybrid,2024-02-22
PRD02399,PRD02421,0.594,node-similarity,2022-12-23
PRD02399,PRD02415,0.5763,hybrid,2024-10-18
PRD02399,PRD02405,0.5545,node-similarity,2022-06-10
PRD02400,PRD02413,0.5871,content-based,2023-08-16
PRD02400,PRD02409,0.6688,pagerank,2024-01-19
PRD02400,PRD02419,0.9817,pagerank,2025-01-13
PRD02401,PRD02397,0.6933,content-based,2024-04-28
PRD02401,PRD02406,0.5912,content-based,2022-11-16
PRD02401,PRD02423,0.8154,collaborative,2024-07-05
PRD02402,PRD02401,0.8855,hybrid,2022-06-16
PRD02402,PRD02405,0.9853,content-based,2022-06-25
PRD02402,PRD02408,0.9271,collaborative,2023-02-13
PRD02403,PRD02418,0.9575,node-similarity,2024-06-18
PRD02403,PRD02411,0.8015,collaborative,2025-11-28
PRD02403,PRD02402,0.7012,node-similarity,2023-10-29
PRD02404,PRD02421,0.8493,collaborative,2022-11-19
PRD02404,PRD02398,0.6603,node-similarity,2024-04-29
PRD02404,PRD02401,0.9861,pagerank,2025-04-09
PRD02405,PRD02412,0.6657,pagerank,2025-08-04
PRD02405,PRD02415,0.9266,pagerank,2024-03-11
PRD02405,PRD02400,0.9252,content-based,2022-03-31
PRD02406,PRD02405,0.7375,hybrid,2025-07-23
PRD02406,PRD02408,0.8522,hybrid,2022-01-02
PRD02406,PRD02420,0.8706,pagerank,2024-09-30
PRD02407,PRD02416,0.8384,collaborative,2024-05-04
PRD02407,PRD02417,0.8791,content-based,2022-12-23
PRD02407,PRD02422,0.6008,content-based,2025-09-16
PRD02408,PRD02410,0.5545,content-based,2024-02-12
PRD02408,PRD02421,0.5511,pagerank,2023-02-22
PRD02408,PRD02418,0.9711,node-similarity,2023-10-11
PRD02409,PRD02424,0.8812,content-based,2025-12-02
PRD02409,PRD02416,0.6699,hybrid,2024-10-24
PRD02409,PRD02412,0.6427,hybrid,2025-10-20
PRD02410,PRD02421,0.7153,collaborative,2025-03-26
PRD02410,PRD02411,0.7176,collaborative,2025-02-17
PRD02410,PRD02403,0.902,content-based,2025-05-23
PRD02411,PRD02397,0.6927,collaborative,2024-02-20
PRD02411,PRD02402,0.5945,pagerank,2022-05-22
PRD02411,PRD02424,0.8639,pagerank,2025-04-04
PRD02412,PRD02413,0.7493,pagerank,2025-12-18
PRD02412,PRD02421,0.802,content-based,2022-02-03
PRD02412,PRD02406,0.7558,pagerank,2023-02-03
PRD02413,PRD02409,0.9186,node-similarity,2025-01-01
PRD02413,PRD02424,0.7139,content-based,2025-11-19
PRD02414,PRD02405,0.8855,hybrid,2022-09-10
PRD02414,PRD02407,0.6526,collaborative,2025-03-31
PRD02414,PRD02404,0.9826,hybrid,2022-12-17
PRD02415,PRD02410,0.8984,node-similarity,2024-01-02
PRD02415,PRD02414,0.7636,pagerank,2025-07-08
PRD02415,PRD02412,0.8,collaborative,2024-05-31
PRD02416,PRD02414,0.948,node-similarity,2022-08-12
PRD02416,PRD02405,0.9524,hybrid,2025-02-21
PRD02416,PRD02415,0.7132,collaborative,2023-02-19
PRD02417,PRD02411,0.7045,node-similarity,2022-12-30
PRD02417,PRD02418,0.8837,collaborative,2024-11-09
PRD02417,PRD02405,0.8793,node-similarity,2024-01-19
PRD02418,PRD02399,0.6053,hybrid,2024-10-25
PRD02418,PRD02400,0.8895,collaborative,2024-12-12
PRD02418,PRD02401,0.9504,content-based,2022-10-21
PRD02419,PRD02409,0.9598,content-based,2023-05-03
PRD02419,PRD02402,0.8255,content-based,2025-11-28
PRD02419,PRD02406,0.9341,content-based,2025-01-14
PRD02420,PRD02416,0.9114,hybrid,2024-02-23
PRD02420,PRD02417,0.6634,node-similarity,2022-07-23
PRD02420,PRD02402,0.7673,content-based,2023-06-27
PRD02421,PRD02413,0.7539,node-similarity,2023-06-21
PRD02422,PRD02416,0.6802,hybrid,2024-10-31
PRD02422,PRD02402,0.8263,pagerank,2022-01-14
PRD02422,PRD02403,0.942,node-similarity,2025-06-25
PRD02423,PRD02422,0.6695,hybrid,2024-05-07
PRD02423,PRD02420,0.6854,hybrid,2025-04-08
PRD02423,PRD02400,0.6029,pagerank,2024-10-02
PRD02424,PRD02408,0.6164,hybrid,2023-04-20
PRD02424,PRD02397,0.9257,content-based,2022-01-14
PRD02424,PRD02416,0.5659,content-based,2024-02-22
PRD02425,PRD02433,0.9763,pagerank,2025-07-29
PRD02425,PRD02442,0.8115,pagerank,2024-01-12
PRD02425,PRD02448,0.6072,pagerank,2024-10-08
PRD02426,PRD02443,0.7476,hybrid,2022-09-07
PRD02426,PRD02449,0.5982,collaborative,2025-06-20
PRD02426,PRD02437,0.6866,pagerank,2022-09-16
PRD02427,PRD02428,0.634,node-similarity,2025-12-17
PRD02427,PRD02433,0.6616,pagerank,2024-10-07
PRD02427,PRD02451,0.9488,collaborative,2025-05-28
PRD02428,PRD02434,0.9569,hybrid,2022-12-01
PRD02428,PRD02451,0.8042,content-based,2023-12-25
PRD02428,PRD02430,0.62,node-similarity,2024-08-03
PRD02429,PRD02426,0.8545,collaborative,2023-06-29
PRD02429,PRD02436,0.8115,collaborative,2023-12-17
PRD02429,PRD02433,0.9769,content-based,2023-10-26
PRD02430,PRD02446,0.811,hybrid,2024-10-08
PRD02430,PRD02449,0.9682,content-based,2022-11-01
PRD02430,PRD02451,0.7132,pagerank,2022-07-27
PRD02431,PRD02432,0.7381,pagerank,2022-10-09
PRD02431,PRD02450,0.977,hybrid,2025-02-21
PRD02431,PRD02443,0.6987,pagerank,2024-04-22
PRD02432,PRD02441,0.8805,node-similarity,2022-12-18
PRD02432,PRD02437,0.9651,hybrid,2025-12-14
PRD02432,PRD02435,0.7375,collaborative,2022-09-25
PRD02433,PRD02439,0.7768,pagerank,2024-05-13
PRD02433,PRD02447,0.9108,collaborative,2023-10-01
PRD02433,PRD02430,0.5611,node-similarity,2024-02-12
PRD02434,PRD02443,0.8426,hybrid,2022-02-20
PRD02434,PRD02438,0.7293,collaborative,2025-08-17
PRD02434,PRD02429,0.7013,content-based,2022-03-21
PRD02435,PRD02437,0.5896,hybrid,2023-02-14
PRD02435,PRD02451,0.7472,node-similarity,2025-07-03
PRD02435,PRD02428,0.8979,node-similarity,2023-07-12
PRD02436,PRD02451,0.9673,hybrid,2022-12-04
PRD02436,PRD02442,0.7096,hybrid,2025-05-14
PRD02436,PRD02430,0.9502,hybrid,2023-10-23
PRD02437,PRD02443,0.6644,hybrid,2025-11-19
PRD02437,PRD02429,0.7365,pagerank,2022-11-18
PRD02438,PRD02431,0.9106,pagerank,2024-12-30
PRD02438,PRD02427,0.9353,node-similarity,2023-02-12
PRD02438,PRD02430,0.878,pagerank,2025-07-13
PRD02439,PRD02438,0.846,content-based,2024-04-10
PRD02439,PRD02437,0.8602,content-based,2025-07-04
PRD02439,PRD02425,0.8372,hybrid,2024-11-08
PRD02440,PRD02452,0.8961,hybrid,2022-04-20
PRD02440,PRD02446,0.5811,pagerank,2024-12-10
PRD02440,PRD02430,0.8848,collaborative,2023-02-26
PRD02441,PRD02445,0.6579,collaborative,2025-05-27
PRD02441,PRD02430,0.8919,pagerank,2025-11-13
PRD02442,PRD02451,0.7665,collaborative,2024-05-26
PRD02442,PRD02435,0.6345,hybrid,2024-02-12
PRD02443,PRD02445,0.9521,pagerank,2025-05-12
PRD02443,PRD02438,0.9627,hybrid,2022-10-18
PRD02443,PRD02441,0.7667,hybrid,2022-02-02
PRD02444,PRD02435,0.6433,content-based,2022-11-24
PRD02444,PRD02429,0.8467,hybrid,2025-07-17
PRD02444,PRD02448,0.6403,hybrid,2023-09-19
PRD02445,PRD02440,0.835,pagerank,2023-05-08
PRD02445,PRD02433,0.6734,collaborative,2024-03-05
PRD02445,PRD02436,0.9274,pagerank,2023-06-06
PRD02446,PRD02429,0.5579,collaborative,2022-10-07
PRD02446,PRD02452,0.786,collaborative,2022-04-09
PRD02446,PRD02447,0.78,content-based,2022-03-24
PRD02447,PRD02452,0.6733,node-similarity,2022-12-15
PRD02447,PRD02445,0.8421,pagerank,2024-02-22
PRD02447,PRD02425,0.6245,node-similarity,2022-05-18
PRD02448,PRD02439,0.6759,node-similarity,2024-04-30
PRD02448,PRD02443,0.9297,pagerank,2022-12-14
PRD02448,PRD02440,0.6782,content-based,2023-08-02
PRD02449,PRD02450,0.8423,collaborative,2022-07-11
PRD02449,PRD02442,0.7572,hybrid,2025-03-14
PRD02450,PRD02451,0.6835,pagerank,2024-01-26
PRD02450,PRD02446,0.5886,node-similarity,2023-08-04
PRD02450,PRD02441,0.7372,hybrid,2025-02-11
PRD02451,PRD02432,0.5839,collaborative,2022-06-02
PRD02451,PRD02426,0.6858,content-based,2023-01-23
PRD02452,PRD02445,0.5827,node-similarity,2023-03-19
PRD02452,PRD02434,0.7494,content-based,2023-06-27
PRD02452,PRD02432,0.971,pagerank,2023-05-05
PRD02453,PRD02466,0.9168,pagerank,2022-12-07
PRD02453,PRD02469,0.6977,content-based,2025-01-10
PRD02453,PRD02475,0.7875,pagerank,2022-10-26
PRD02454,PRD02457,0.9249,pagerank,2024-11-12
PRD02454,PRD02455,0.7446,content-based,2023-09-20
PRD02454,PRD02461,0.8282,node-similarity,2023-05-12
PRD02455,PRD02473,0.8161,collaborative,2023-07-21
PRD02455,PRD02474,0.6346,hybrid,2025-03-22
PRD02455,PRD02480,0.9209,hybrid,2022-01-25
PRD02456,PRD02466,0.6547,content-based,2024-11-20
PRD02456,PRD02479,0.8849,node-similarity,2022-02-03
PRD02456,PRD02477,0.735,content-based,2023-10-21
PRD02457,PRD02475,0.8414,hybrid,2025-01-10
PRD02457,PRD02456,0.6743,pagerank,2024-04-18
PRD02457,PRD02473,0.7363,hybrid,2023-10-24
PRD02458,PRD02463,0.5951,content-based,2022-03-29
PRD02458,PRD02480,0.902,collaborative,2025-01-08
PRD02458,PRD02476,0.9858,pagerank,2022-03-10
PRD02459,PRD02463,0.8477,hybrid,2023-07-30
PRD02459,PRD02474,0.6757,pagerank,2024-08-22
PRD02459,PRD02476,0.7843,content-based,2024-09-26
PRD02460,PRD02478,0.5892,content-based,2023-11-25
PRD02460,PRD02476,0.7657,pagerank,2024-09-24
PRD02460,PRD02462,0.9895,pagerank,2023-05-10
PRD02461,PRD02469,0.918,node-similarity,2025-11-09
PRD02461,PRD02459,0.9077,hybrid,2023-12-08
PRD02461,PRD02473,0.8497,node-similarity,2023-10-04
PRD02462,PRD02461,0.8508,collaborative,2023-01-29
PRD02462,PRD02474,0.8744,collaborative,2023-09-23
PRD02462,PRD02480,0.6857,collaborative,2023-08-05
PRD02463,PRD02460,0.6917,pagerank,2025-04-05
PRD02463,PRD02454,0.6137,collaborative,2022-02-04
PRD02464,PRD02458,0.9213,content-based,2022-06-07
PRD02464,PRD02463,0.8926,content-based,2024-08-03
PRD02464,PRD02471,0.5755,collaborative,2024-12-06
PRD02465,PRD02455,0.8853,node-similarity,2024-06-04
PRD02465,PRD02480,0.734,hybrid,2022-04-28
PRD02465,PRD02464,0.8847,hybrid,2024-09-27
PRD02466,PRD02462,0.9549,pagerank,2022-08-29
PRD02466,PRD02454,0.5664,hybrid,2022-08-19
PRD02466,PRD02477,0.9777,content-based,2025-01-15
PRD02467,PRD02463,0.6908,collaborative,2023-04-30
PRD02467,PRD02453,0.7879,content-based,2025-11-06
PRD02467,PRD02475,0.9323,content-based,2024-03-08
PRD02468,PRD02477,0.6926,content-based,2022-07-12
PRD02468,PRD02471,0.7881,content-based,2025-04-12
PRD02468,PRD02480,0.6922,pagerank,2025-10-19
PRD02469,PRD02458,0.8066,collaborative,2024-05-19
PRD02469,PRD02471,0.9462,hybrid,2022-12-28
PRD02469,PRD02473,0.7183,pagerank,2022-10-04
PRD02470,PRD02464,0.8327,pagerank,2024-04-14
PRD02470,PRD02455,0.966,node-similarity,2024-11-17
PRD02470,PRD02468,0.8087,pagerank,2022-05-02
PRD02471,PRD02470,0.8791,node-similarity,2024-02-28
PRD02471,PRD02460,0.5668,content-based,2024-05-05
PRD02471,PRD02478,0.9148,hybrid,2024-04-02
PRD02472,PRD02474,0.8299,node-similarity,2024-10-31
PRD02472,PRD02454,0.7583,pagerank,2024-04-08
PRD02472,PRD02470,0.9285,pagerank,2024-09-14
PRD02473,PRD02462,0.9159,hybrid,2023-08-06
PRD02473,PRD02478,0.9825,pagerank,2022-06-17
PRD02473,PRD02475,0.6483,hybrid,2023-02-18
PRD02474,PRD02453,0.9485,pagerank,2023-05-07
PRD02474,PRD02477,0.6027,pagerank,2024-12-29
PRD02474,PRD02454,0.7426,collaborative,2022-05-05
PRD02475,PRD02471,0.561,collaborative,2023-01-13
PRD02475,PRD02480,0.7754,content-based,2023-11-17
PRD02475,PRD02456,0.9426,collaborative,2023-08-08
PRD02476,PRD02454,0.7168,hybrid,2025-12-02
PRD02476,PRD02477,0.7879,node-similarity,2022-05-13
PRD02477,PRD02479,0.7012,hybrid,2025-06-16
PRD02477,PRD02469,0.8798,content-based,2024-06-16
PRD02478,PRD02468,0.6517,collaborative,2023-10-29
PRD02478,PRD02453,0.9222,collaborative,2025-12-27
PRD02478,PRD02462,0.5537,collaborative,2023-01-13
PRD02479,PRD02471,0.9549,collaborative,2023-05-17
PRD02479,PRD02454,0.7999,hybrid,2022-03-14
PRD02479,PRD02468,0.8623,pagerank,2024-03-10
PRD02480,PRD02478,0.883,node-similarity,2025-02-13
PRD02480,PRD02459,0.6161,node-similarity,2023-01-11
PRD02481,PRD02500,0.8919,content-based,2023-07-05
PRD02481,PRD02509,0.8146,node-similarity,2023-06-25
PRD02481,PRD02489,0.8378,collaborative,2025-04-12
PRD02482,PRD02503,0.7483,collaborative,2022-11-04
PRD02482,PRD02500,0.8076,pagerank,2023-03-19
PRD02482,PRD02488,0.8854,node-similarity,2022-10-02
PRD02483,PRD02506,0.7887,node-similarity,2023-03-05
PRD02483,PRD02512,0.8903,pagerank,2024-11-01
PRD02483,PRD02501,0.5986,content-based,2025-07-07
PRD02484,PRD02492,0.8899,content-based,2023-12-25
PRD02484,PRD02486,0.8268,collaborative,2023-07-31
PRD02484,PRD02502,0.706,node-similarity,2025-08-13
PRD02485,PRD02505,0.9376,content-based,2022-04-13
PRD02485,PRD02495,0.8157,pagerank,2023-12-24
PRD02485,PRD02504,0.5808,pagerank,2023-07-29
PRD02486,PRD02489,0.5885,content-based,2022-11-17
PRD02486,PRD02481,0.7037,content-based,2024-05-22
PRD02486,PRD02491,0.9587,pagerank,2022-09-20
PRD02487,PRD02503,0.5908,hybrid,2024-07-25
PRD02487,PRD02488,0.8887,pagerank,2024-04-18
PRD02487,PRD02492,0.7028,pagerank,2023-05-30
PRD02488,PRD02486,0.9354,collaborative,2024-12-31
PRD02488,PRD02512,0.7759,hybrid,2024-07-23
PRD02489,PRD02504,0.7334,collaborative,2025-01-06
PRD02489,PRD02510,0.8242,pagerank,2023-10-17
PRD02489,PRD02509,0.8186,pagerank,2023-09-03
PRD02490,PRD02513,0.8949,content-based,2022-04-30
PRD02490,PRD02509,0.9751,pagerank,2024-09-27
PRD02490,PRD02485,0.7771,content-based,2022-10-23
PRD02491,PRD02482,0.7208,collaborative,2024-08-04
PRD02491,PRD02506,0.839,hybrid,2023-04-10
PRD02491,PRD02495,0.7798,pagerank,2025-01-12
PRD02492,PRD02481,0.7146,collaborative,2025-09-03
PRD02492,PRD02493,0.5958,pagerank,2023-09-19
PRD02493,PRD02504,0.8802,content-based,2025-06-29
PRD02493,PRD02486,0.7496,collaborative,2025-12-31
PRD02493,PRD02482,0.9546,node-similarity,2023-11-28
PRD02494,PRD02509,0.9246,content-based,2022-06-18
PRD02494,PRD02511,0.6134,node-similarity,2022-07-22
PRD02494,PRD02492,0.7013,node-similarity,2025-08-06
PRD02495,PRD02488,0.7007,node-similarity,2023-06-26
PRD02495,PRD02506,0.705,content-based,2023-01-23
PRD02496,PRD02487,0.7858,node-similarity,2022-05-16
PRD02496,PRD02490,0.6764,hybrid,2024-12-13
PRD02496,PRD02488,0.7894,pagerank,2025-02-13
PRD02497,PRD02501,0.8075,content-based,2022-12-17
PRD02497,PRD02490,0.6121,collaborative,2024-08-14
PRD02497,PRD02496,0.6661,collaborative,2023-05-26
PRD02498,PRD02481,0.8267,collaborative,2023-04-07
PRD02498,PRD02508,0.9754,content-based,2025-10-08
PRD02498,PRD02512,0.5875,hybrid,2024-12-24
PRD02499,PRD02487,0.6423,pagerank,2023-04-10
PRD02499,PRD02501,0.8154,collaborative,2023-01-15
PRD02499,PRD02506,0.9714,hybrid,2023-04-26
PRD02500,PRD02490,0.8552,collaborative,2024-12-08
PRD02500,PRD02485,0.7269,content-based,2022-11-11
PRD02500,PRD02509,0.799,hybrid,2025-10-11
PRD02501,PRD02508,0.7855,pagerank,2024-11-26
PRD02501,PRD02489,0.5941,content-based,2025-08-22
PRD02502,PRD02489,0.849,hybrid,2024-12-09
PRD02502,PRD02511,0.5838,collaborative,2022-11-15
PRD02502,PRD02481,0.7123,collaborative,2025-03-15
PRD02503,PRD02500,0.6033,node-similarity,2025-02-07
PRD02503,PRD02486,0.8814,node-similarity,2024-08-02
PRD02503,PRD02502,0.7852,content-based,2025-11-14
PRD02504,PRD02491,0.8229,pagerank,2022-04-20
PRD02504,PRD02509,0.6697,content-based,2024-09-30
PRD02505,PRD02504,0.8695,node-similarity,2024-02-11
PRD02505,PRD02494,0.9553,hybrid,2022-01-08
PRD02505,PRD02489,0.6153,collaborative,2024-02-17
PRD02506,PRD02496,0.8375,collaborative,2022-03-18
PRD02506,PRD02510,0.7499,pagerank,2024-12-25
PRD02507,PRD02484,0.7379,pagerank,2022-04-26
PRD02507,PRD02509,0.9206,hybrid,2024-07-23
PRD02507,PRD02511,0.83,content-based,2025-05-15
PRD02508,PRD02513,0.8198,collaborative,2025-11-26
PRD02508,PRD02483,0.9143,collaborative,2025-08-05
PRD02508,PRD02509,0.8908,hybrid,2023-02-21
PRD02509,PRD02482,0.9562,pagerank,2025-06-17
PRD02509,PRD02513,0.8057,collaborative,2023-04-01
PRD02510,PRD02495,0.7251,content-based,2023-04-18
PRD02510,PRD02494,0.5756,collaborative,2023-05-04
PRD02510,PRD02497,0.7766,content-based,2023-02-08
PRD02511,PRD02499,0.5752,node-similarity,2022-02-22
PRD02511,PRD02491,0.874,pagerank,2024-08-27
PRD02511,PRD02512,0.8858,node-similarity,2024-01-22
PRD02512,PRD02486,0.6502,node-similarity,2022-06-14
PRD02512,PRD02489,0.7734,collaborative,2024-01-15
PRD02513,PRD02487,0.7892,node-similarity,2025-10-13
PRD02513,PRD02483,0.9193,node-similarity,2025-02-19
PRD02513,PRD02496,0.8744,node-similarity,2022-06-24
PRD02514,PRD02523,0.593,collaborative,2024-04-05
PRD02514,PRD02517,0.6423,collaborative,2025-05-08
PRD02514,PRD02515,0.9528,content-based,2024-02-23
PRD02515,PRD02527,0.9106,node-similarity,2024-02-04
PRD02515,PRD02541,0.702,node-similarity,2025-09-02
PRD02515,PRD02531,0.8566,pagerank,2023-06-17
PRD02516,PRD02540,0.8457,hybrid,2022-02-09
PRD02516,PRD02534,0.5876,pagerank,2025-03-04
PRD02516,PRD02524,0.8119,content-based,2024-01-05
PRD02517,PRD02530,0.9695,node-similarity,2024-08-09
PRD02517,PRD02518,0.9603,pagerank,2024-11-22
PRD02518,PRD02534,0.5851,content-based,2024-06-24
PRD02518,PRD02525,0.5558,node-similarity,2022-12-06
PRD02518,PRD02529,0.9507,pagerank,2024-02-29
PRD02519,PRD02527,0.7309,content-based,2023-05-04
PRD02519,PRD02537,0.9006,node-similarity,2024-09-23
PRD02519,PRD02526,0.9644,hybrid,2023-06-20
PRD02520,PRD02539,0.6291,hybrid,2024-02-10
PRD02520,PRD02531,0.596,pagerank,2025-02-07
PRD02520,PRD02526,0.6748,hybrid,2025-02-26
PRD02521,PRD02535,0.6441,pagerank,2024-08-04
PRD02521,PRD02515,0.8841,pagerank,2025-06-14
PRD02521,PRD02534,0.8742,collaborative,2025-10-30
PRD02522,PRD02530,0.8646,hybrid,2025-08-19
PRD02522,PRD02532,0.8076,node-similarity,2023-09-19
PRD02522,PRD02518,0.6366,content-based,2023-12-11
PRD02523,PRD02520,0.6151,collaborative,2023-04-26
PRD02523,PRD02536,0.6524,hybrid,2024-12-01
PRD02523,PRD02541,0.732,collaborative,2023-08-20
PRD02524,PRD02534,0.6561,hybrid,2025-12-22
PRD02524,PRD02533,0.865,node-similarity,2024-09-15
PRD02524,PRD02528,0.584,pagerank,2025-10-15
PRD02525,PRD02541,0.8504,hybrid,2025-10-24
PRD02525,PRD02516,0.6506,node-similarity,2023-07-12
PRD02525,PRD02521,0.9845,node-similarity,2022-04-08
PRD02526,PRD02533,0.583,hybrid,2022-09-21
PRD02526,PRD02534,0.7661,hybrid,2022-10-23
PRD02526,PRD02531,0.6747,node-similarity,2025-11-01
PRD02527,PRD02523,0.6376,pagerank,2022-06-11
PRD02527,PRD02541,0.7276,hybrid,2022-10-04
PRD02527,PRD02537,0.6757,content-based,2024-01-19
PRD02528,PRD02514,0.571,node-similarity,2023-12-06
PRD02528,PRD02534,0.9507,node-similarity,2024-03-05
PRD02528,PRD02516,0.7699,content-based,2022-06-12
PRD02529,PRD02538,0.6335,hybrid,2025-05-12
PRD02529,PRD02517,0.7132,content-based,2024-03-24
PRD02529,PRD02536,0.7206,collaborative,2022-03-22
PRD02530,PRD02539,0.6669,node-similarity,2023-01-05
PRD02530,PRD02538,0.8881,node-similarity,2024-06-04
PRD02530,PRD02516,0.9777,hybrid,2023-09-11
PRD02531,PRD02514,0.7507,content-based,2024-04-25
PRD02531,PRD02527,0.5553,hybrid,2024-03-30
PRD02532,PRD02528,0.6592,node-similarity,2023-02-13
PRD02532,PRD02530,0.8031,collaborative,2023-07-12
PRD02532,PRD02517,0.7607,node-similarity,2025-09-28
PRD02533,PRD02521,0.9219,collaborative,2023-10-05
PRD02533,PRD02530,0.7098,hybrid,2023-05-31
PRD02533,PRD02515,0.6088,content-based,2024-12-22
PRD02534,PRD02540,0.9438,collaborative,2024-12-26
PRD02534,PRD02517,0.5762,hybrid,2025-03-19
PRD02534,PRD02532,0.5808,hybrid,2023-03-18
PRD02535,PRD02536,0.8016,collaborative,2025-02-20
PRD02535,PRD02531,0.5553,collaborative,2025-07-29
PRD02535,PRD02539,0.9607,pagerank,2022-10-10
PRD02536,PRD02518,0.9652,collaborative,2024-12-20
PRD02536,PRD02534,0.8217,node-similarity,2025-04-21
PRD02536,PRD02533,0.5939,collaborative,2022-01-07
PRD02537,PRD02520,0.7885,pagerank,2023-10-13
PRD02537,PRD02514,0.6341,content-based,2025-02-19
PRD02537,PRD02533,0.8483,hybrid,2025-09-16
PRD02538,PRD02521,0.8143,content-based,2022-07-22
PRD02538,PRD02536,0.6186,collaborative,2022-07-15
PRD02538,PRD02541,0.8255,hybrid,2025-02-12
PRD02539,PRD02538,0.806,node-similarity,2025-04-08
PRD02539,PRD02532,0.9601,content-based,2023-05-22
PRD02540,PRD02517,0.7941,hybrid,2023-03-05
PRD02540,PRD02521,0.9796,node-similarity,2022-02-09
PRD02540,PRD02539,0.7784,content-based,2022-08-20
PRD02541,PRD02535,0.8776,node-similarity,2023-12-25
PRD02541,PRD02522,0.6956,collaborative,2023-10-24
PRD02541,PRD02533,0.9845,node-similarity,2025-10-03
PRD02542,PRD02557,0.7592,node-similarity,2024-11-28
PRD02542,PRD02546,0.7912,pagerank,2025-05-25
PRD02542,PRD02550,0.8171,collaborative,2023-01-14
PRD02543,PRD02565,0.5541,hybrid,2023-03-10
PRD02543,PRD02558,0.6422,pagerank,2022-05-06
PRD02543,PRD02554,0.9577,content-based,2022-09-20
PRD02544,PRD02565,0.9078,node-similarity,2025-01-22
PRD02544,PRD02567,0.7382,pagerank,2025-11-27
PRD02544,PRD02556,0.8165,pagerank,2023-11-09
PRD02545,PRD02562,0.9535,collaborative,2025-11-12
PRD02545,PRD02564,0.7884,hybrid,2025-09-24
PRD02545,PRD02560,0.7559,pagerank,2024-06-05
PRD02546,PRD02547,0.8562,hybrid,2023-12-19
PRD02546,PRD02566,0.8327,pagerank,2024-10-31
PRD02546,PRD02565,0.5582,content-based,2023-01-12
PRD02547,PRD02563,0.7229,node-similarity,2025-11-01
PRD02547,PRD02544,0.6009,pagerank,2025-04-11
PRD02547,PRD02545,0.6703,collaborative,2024-10-20
PRD02548,PRD02564,0.9891,hybrid,2023-03-07
PRD02548,PRD02553,0.9065,content-based,2024-08-09
PRD02548,PRD02559,0.6555,content-based,2023-01-13
PRD02549,PRD02565,0.8805,collaborative,2022-10-11
PRD02549,PRD02563,0.9566,collaborative,2023-05-18
PRD02549,PRD02546,0.7482,pagerank,2023-06-24
PRD02550,PRD02563,0.604,content-based,2024-12-24
PRD02550,PRD02565,0.9057,hybrid,2024-12-27
PRD02550,PRD02568,0.6249,node-similarity,2022-04-10
PRD02551,PRD02558,0.9367,pagerank,2023-06-19
PRD02551,PRD02570,0.876,collaborative,2022-08-25
PRD02551,PRD02549,0.6778,node-similarity,2024-11-24
PRD02552,PRD02556,0.9578,hybrid,2022-07-26
PRD02552,PRD02557,0.7925,hybrid,2025-01-16
PRD02552,PRD02555,0.6913,hybrid,2022-10-03
PRD02553,PRD02546,0.9653,collaborative,2023-08-23
PRD02553,PRD02543,0.8714,pagerank,2025-11-21
PRD02553,PRD02556,0.611,pagerank,2022-07-03
PRD02554,PRD02558,0.6762,node-similarity,2025-08-11
PRD02554,PRD02559,0.6879,collaborative,2023-12-15
PRD02554,PRD02556,0.747,collaborative,2023-12-23
PRD02555,PRD02558,0.8273,node-similarity,2025-08-22
PRD02555,PRD02566,0.8267,hybrid,2023-07-04
PRD02556,PRD02545,0.7527,hybrid,2022-04-19
PRD02556,PRD02563,0.8601,pagerank,2022-02-09
PRD02556,PRD02560,0.6,node-similarity,2025-08-17
PRD02557,PRD02549,0.6506,content-based,2025-08-05
PRD02557,PRD02555,0.6297,content-based,2024-02-07
PRD02557,PRD02567,0.9341,hybrid,2023-10-31
PRD02558,PRD02566,0.919,node-similarity,2024-07-30
PRD02558,PRD02563,0.6118,pagerank,2024-03-28
PRD02558,PRD02545,0.7227,hybrid,2024-09-07
PRD02559,PRD02549,0.9404,hybrid,2025-09-29
PRD02559,PRD02552,0.6541,collaborative,2022-07-02
PRD02559,PRD02560,0.8031,content-based,2024-04-18
PRD02560,PRD02548,0.5926,pagerank,2025-04-06
PRD02560,PRD02549,0.6638,pagerank,2024-10-12
PRD02560,PRD02570,0.8293,collaborative,2024-07-16
PRD02561,PRD02554,0.7206,pagerank,2024-03-29
PRD02561,PRD02559,0.7778,pagerank,2023-12-16
PRD02561,PRD02548,0.6008,node-similarity,2022-12-03
PRD02562,PRD02568,0.9298,pagerank,2023-10-02
PRD02562,PRD02547,0.7848,node-similarity,2024-02-24
PRD02562,PRD02544,0.6131,node-similarity,2025-06-24
PRD02563,PRD02553,0.6076,collaborative,2022-09-04
PRD02563,PRD02559,0.971,pagerank,2022-10-19
PRD02564,PRD02560,0.6737,hybrid,2022-06-15
PRD02564,PRD02547,0.8746,pagerank,2022-05-28
PRD02565,PRD02558,0.8525,hybrid,2023-04-29
PRD02565,PRD02556,0.729,hybrid,2023-07-10
PRD02566,PRD02547,0.7285,hybrid,2022-07-04
PRD02566,PRD02543,0.9699,pagerank,2024-07-20
PRD02566,PRD02559,0.7996,hybrid,2024-07-09
PRD02567,PRD02562,0.79,collaborative,2022-03-14
PRD02567,PRD02542,0.6894,node-similarity,2024-03-31
PRD02567,PRD02564,0.621,node-similarity,2022-03-15
PRD02568,PRD02543,0.8794,hybrid,2024-06-19
PRD02568,PRD02570,0.5967,hybrid,2022-01-04
PRD02568,PRD02563,0.7038,hybrid,2022-06-10
PRD02569,PRD02543,0.8036,content-based,2024-01-01
PRD02569,PRD02563,0.8255,content-based,2022-06-08
PRD02569,PRD02556,0.7538,collaborative,2024-02-19
PRD02570,PRD02553,0.9777,pagerank,2025-11-24
PRD02570,PRD02569,0.7212,hybrid,2024-12-19
PRD02570,PRD02559,0.8646,pagerank,2022-11-13
PRD02571,PRD02584,0.9837,collaborative,2023-09-01
PRD02571,PRD02581,0.6121,hybrid,2025-04-24
PRD02571,PRD02577,0.8551,hybrid,2022-05-18
PRD02572,PRD02592,0.5589,pagerank,2023-05-10
PRD02572,PRD02577,0.6603,collaborative,2023-02-14
PRD02572,PRD02578,0.7258,pagerank,2023-10-24
PRD02573,PRD02581,0.957,content-based,2023-09-23
PRD02573,PRD02592,0.8969,node-similarity,2025-10-09
PRD02573,PRD02583,0.9839,collaborative,2023-01-02
PRD02574,PRD02586,0.7238,hybrid,2024-09-18
PRD02574,PRD02575,0.9792,node-similarity,2024-11-04
PRD02574,PRD02581,0.6002,collaborative,2022-02-27
PRD02575,PRD02579,0.8663,content-based,2023-09-23
PRD02575,PRD02587,0.6669,content-based,2024-04-10
PRD02575,PRD02573,0.8976,node-similarity,2022-01-02
PRD02576,PRD02573,0.7279,hybrid,2024-06-02
PRD02576,PRD02586,0.7503,collaborative,2022-06-13
PRD02576,PRD02572,0.7155,node-similarity,2024-08-27
PRD02577,PRD02579,0.5507,content-based,2025-07-14
PRD02577,PRD02584,0.5992,collaborative,2024-10-06
PRD02578,PRD02584,0.7703,collaborative,2022-02-07
PRD02578,PRD02586,0.6965,content-based,2025-09-11
PRD02578,PRD02587,0.605,content-based,2023-07-27
PRD02579,PRD02581,0.6032,pagerank,2025-11-25
PRD02579,PRD02591,0.9482,content-based,2025-02-20
PRD02579,PRD02580,0.9288,collaborative,2024-04-20
PRD02580,PRD02583,0.573,hybrid,2023-08-31
PRD02580,PRD02590,0.9549,content-based,2025-12-10
PRD02580,PRD02585,0.9289,pagerank,2022-05-02
PRD02581,PRD02593,0.7056,node-similarity,2024-02-24
PRD02581,PRD02580,0.9207,content-based,2023-02-14
PRD02581,PRD02582,0.9242,pagerank,2025-02-06
PRD02582,PRD02592,0.6823,node-similarity,2024-10-19
PRD02582,PRD02578,0.9373,node-similarity,2024-01-15
PRD02583,PRD02594,0.5852,content-based,2023-09-07
PRD02583,PRD02577,0.9153,collaborative,2024-05-16
PRD02583,PRD02579,0.9832,collaborative,2023-09-02
PRD02584,PRD02574,0.785,node-similarity,2022-09-27
PRD02584,PRD02588,0.5625,pagerank,2022-07-26
PRD02584,PRD02579,0.7461,pagerank,2022-03-24
PRD02585,PRD02581,0.912,content-based,2024-02-03
PRD02585,PRD02594,0.5536,content-based,2023-01-15
PRD02585,PRD02577,0.8614,collaborative,2022-10-10
PRD02586,PRD02580,0.6296,node-similarity,2024-03-23
PRD02586,PRD02582,0.6969,hybrid,2023-09-19
PRD02586,PRD02594,0.9008,collaborative,2023-11-17
PRD02587,PRD02583,0.9717,pagerank,2025-11-13
PRD02587,PRD02586,0.6175,pagerank,2023-10-23
PRD02587,PRD02572,0.594,pagerank,2024-09-23
PRD02588,PRD02595,0.9096,node-similarity,2023-11-26
PRD02588,PRD02577,0.8595,pagerank,2025-01-22
PRD02588,PRD02589,0.9307,pagerank,2025-05-13
PRD02589,PRD02595,0.5802,node-similarity,2024-03-01
PRD02589,PRD02592,0.6498,hybrid,2024-04-16
PRD02589,PRD02594,0.8618,content-based,2022-03-21
PRD02590,PRD02571,0.9441,hybrid,2022-08-21
PRD02590,PRD02579,0.8437,collaborative,2024-04-09
PRD02590,PRD02576,0.8351,pagerank,2023-09-22
PRD02591,PRD02589,0.7822,collaborative,2022-12-12
PRD02591,PRD02582,0.7504,node-similarity,2022-07-10
PRD02591,PRD02585,0.5896,hybrid,2023-01-07
PRD02592,PRD02584,0.946,pagerank,2022-11-15
PRD02592,PRD02578,0.5762,content-based,2024-11-28
PRD02593,PRD02595,0.6988,node-similarity,2024-08-11
PRD02593,PRD02584,0.8734,content-based,2022-11-05
PRD02593,PRD02571,0.9046,pagerank,2024-10-20
PRD02594,PRD02576,0.6457,node-similarity,2022-12-29
PRD02594,PRD02595,0.899,pagerank,2024-09-22
PRD02595,PRD02583,0.9021,collaborative,2023-07-11
PRD02595,PRD02580,0.8284,pagerank,2025-07-15
PRD02596,PRD02615,0.8597,hybrid,2024-07-28
PRD02596,PRD02620,0.5951,pagerank,2023-03-16
PRD02596,PRD02608,0.7767,node-similarity,2023-03-24
PRD02597,PRD02596,0.7052,pagerank,2025-12-16
PRD02597,PRD02616,0.779,pagerank,2023-02-24
PRD02597,PRD02611,0.9536,pagerank,2025-02-01
PRD02598,PRD02616,0.6468,hybrid,2024-06-01
PRD02598,PRD02612,0.6377,content-based,2023-08-25
PRD02598,PRD02613,0.6114,collaborative,2025-12-25
PRD02599,PRD02604,0.8429,hybrid,2022-07-15
PRD02599,PRD02613,0.5946,pagerank,2024-01-08
PRD02599,PRD02612,0.7229,node-similarity,2025-06-11
PRD02600,PRD02597,0.8758,collaborative,2023-09-06
PRD02600,PRD02607,0.8069,collaborative,2023-03-27
PRD02600,PRD02621,0.6022,content-based,2024-03-05
PRD02601,PRD02611,0.5816,content-based,2025-04-11
PRD02601,PRD02610,0.7693,hybrid,2023-05-24
PRD02601,PRD02621,0.7304,collaborative,2023-04-06
PRD02602,PRD02609,0.7072,pagerank,2023-11-10
PRD02602,PRD02619,0.8825,content-based,2022-10-03
PRD02602,PRD02603,0.8688,node-similarity,2022-03-06
PRD02603,PRD02607,0.7304,collaborative,2022-04-09
PRD02603,PRD02596,0.9241,pagerank,2025-07-13
PRD02603,PRD02615,0.7075,content-based,2022-07-24
PRD02604,PRD02601,0.7904,collaborative,2025-10-04
PRD02604,PRD02602,0.8448,node-similarity,2024-05-02
PRD02604,PRD02597,0.8,node-similarity,2025-12-27
PRD02605,PRD02614,0.9344,pagerank,2024-02-20
PRD02605,PRD02598,0.9539,content-based,2022-11-10
PRD02605,PRD02602,0.7931,pagerank,2025-03-16
PRD02606,PRD02609,0.6188,pagerank,2022-02-22
PRD02606,PRD02615,0.6113,node-similarity,2024-06-19
PRD02606,PRD02617,0.5949,pagerank,2025-01-11
PRD02607,PRD02619,0.8162,pagerank,2022-04-23
PRD02607,PRD02612,0.945,content-based,2023-04-08
PRD02608,PRD02600,0.6776,content-based,2022-09-13
PRD02608,PRD02614,0.979,pagerank,2025-10-09
PRD02608,PRD02611,0.9444,content-based,2024-06-27
PRD02609,PRD02598,0.9775,collaborative,2024-03-05
PRD02609,PRD02618,0.7786,collaborative,2025-09-11
PRD02609,PRD02605,0.8958,node-similarity,2022-02-02
PRD02610,PRD02620,0.7236,pagerank,2025-12-13
PRD02610,PRD02618,0.9303,collaborative,2022-08-18
PRD02610,PRD02611,0.7359,collaborative,2022-02-23
PRD02611,PRD02620,0.5709,node-similarity,2024-01-21
PRD02611,PRD02612,0.6861,node-similarity,2025-12-25
PRD02612,PRD02601,0.8074,hybrid,2022-07-18
PRD02612,PRD02614,0.9415,content-based,2024-07-27
PRD02613,PRD02597,0.9341,pagerank,2025-01-06
PRD02613,PRD02615,0.7426,content-based,2023-06-08
PRD02613,PRD02607,0.722,hybrid,2023-12-22
PRD02614,PRD02606,0.6474,hybrid,2022-07-02
PRD02614,PRD02621,0.9849,collaborative,2024-01-19
PRD02615,PRD02620,0.6606,node-similarity,2025-04-04
PRD02615,PRD02611,0.6556,pagerank,2023-08-13
PRD02615,PRD02614,0.7218,content-based,2023-07-31
PRD02616,PRD02613,0.6338,node-similarity,2023-10-20
PRD02616,PRD02610,0.8918,content-based,2023-03-30
PRD02617,PRD02613,0.5902,content-based,2022-05-23
PRD02617,PRD02600,0.8805,content-based,2025-05-13
PRD02617,PRD02601,0.7167,collaborative,2025-05-14
PRD02618,PRD02613,0.7734,pagerank,2025-02-04
PRD02618,PRD02620,0.6368,hybrid,2024-12-22
PRD02619,PRD02617,0.576,hybrid,2024-11-13
PRD02619,PRD02606,0.9401,hybrid,2022-02-19
PRD02619,PRD02597,0.6957,node-similarity,2023-05-05
PRD02620,PRD02609,0.8827,hybrid,2024-08-04
PRD02620,PRD02604,0.9455,collaborative,2022-09-21
PRD02621,PRD02615,0.5711,hybrid,2025-01-06
PRD02621,PRD02599,0.9123,collaborative,2023-05-16
PRD02621,PRD02620,0.9285,pagerank,2025-07-15
PRD02622,PRD02627,0.5687,content-based,2023-11-29
PRD02622,PRD02645,0.8844,content-based,2022-11-24
PRD02622,PRD02623,0.8013,content-based,2023-10-20
PRD02623,PRD02648,0.6175,node-similarity,2024-11-25
PRD02623,PRD02653,0.8389,collaborative,2023-10-04
PRD02623,PRD02636,0.779,collaborative,2023-05-25
PRD02624,PRD02628,0.5805,collaborative,2025-05-24
PRD02624,PRD02640,0.904,content-based,2025-11-07
PRD02624,PRD02648,0.7995,collaborative,2024-03-24
PRD02625,PRD02645,0.9403,node-similarity,2025-03-08
PRD02625,PRD02642,0.878,collaborative,2024-04-22
PRD02625,PRD02631,0.6661,node-similarity,2022-03-09
PRD02626,PRD02650,0.76,content-based,2025-02-24
PRD02626,PRD02629,0.7894,hybrid,2022-02-06
PRD02626,PRD02634,0.8879,pagerank,2022-06-04
PRD02627,PRD02642,0.9143,node-similarity,2023-02-06
PRD02627,PRD02624,0.9442,hybrid,2025-04-17
PRD02627,PRD02637,0.8433,hybrid,2023-11-11
PRD02628,PRD02650,0.6677,pagerank,2023-06-09
PRD02628,PRD02622,0.9305,node-similarity,2024-03-25
PRD02628,PRD02635,0.8976,pagerank,2024-12-07
PRD02629,PRD02630,0.9426,hybrid,2022-09-14
PRD02629,PRD02631,0.7768,collaborative,2022-05-08
PRD02629,PRD02635,0.676,hybrid,2025-11-19
PRD02630,PRD02634,0.8544,collaborative,2022-11-10
PRD02630,PRD02646,0.5658,hybrid,2025-05-10
PRD02630,PRD02650,0.7155,hybrid,2022-05-19
PRD02631,PRD02650,0.8303,collaborative,2022-11-28
PRD02631,PRD02651,0.933,node-similarity,2024-06-05
PRD02631,PRD02637,0.6157,hybrid,2023-03-30
PRD02632,PRD02633,0.6135,hybrid,2024-06-13
PRD02632,PRD02625,0.744,content-based,2022-05-28
PRD02632,PRD02638,0.713,pagerank,2022-04-25
PRD02633,PRD02649,0.926,hybrid,2023-10-05
PRD02633,PRD02636,0.6987,hybrid,2023-02-01
PRD02633,PRD02652,0.8136,pagerank,2023-07-07
PRD02634,PRD02639,0.8015,pagerank,2024-05-16
PRD02634,PRD02624,0.6917,pagerank,2023-03-19
PRD02634,PRD02633,0.7708,node-similarity,2024-05-20
PRD02635,PRD02637,0.9014,content-based,2023-05-07
PRD02635,PRD02639,0.7771,collaborative,2025-05-02
PRD02635,PRD02644,0.6538,hybrid,2023-01-27
PRD02636,PRD02650,0.9648,content-based,2024-04-24
PRD02636,PRD02635,0.7478,pagerank,2025-04-11
PRD02636,PRD02628,0.7213,node-similarity,2025-05-05
PRD02637,PRD02648,0.7383,node-similarity,2024-09-10
PRD02637,PRD02632,0.9168,content-based,2022-04-02
PRD02638,PRD02653,0.7819,node-similarity,2023-12-01
PRD02638,PRD02640,0.5978,pagerank,2022-10-12
PRD02638,PRD02645,0.7449,hybrid,2025-07-26
PRD02639,PRD02649,0.9461,pagerank,2025-08-17
PRD02639,PRD02646,0.6044,pagerank,2022-10-15
PRD02639,PRD02638,0.8791,content-based,2025-09-10
PRD02640,PRD02628,0.8305,pagerank,2023-06-12
PRD02640,PRD02646,0.5573,pagerank,2022-06-11
PRD02640,PRD02649,0.9218,collaborative,2023-01-04
PRD02641,PRD02630,0.712,content-based,2025-12-26
PRD02641,PRD02650,0.7349,collaborative,2022-12-24
PRD02641,PRD02634,0.5568,collaborative,2023-12-24
PRD02642,PRD02630,0.8798,pagerank,2023-10-25
PRD02642,PRD02622,0.6192,content-based,2022-06-23
PRD02642,PRD02623,0.8669,node-similarity,2024-08-10
PRD02643,PRD02638,0.9799,node-similarity,2022-11-08
PRD02643,PRD02630,0.6397,content-based,2022-01-15
PRD02643,PRD02646,0.9212,content-based,2025-08-14
PRD02644,PRD02649,0.8948,node-similarity,2025-12-10
PRD02644,PRD02650,0.7511,hybrid,2023-08-01
PRD02644,PRD02648,0.8072,pagerank,2022-09-09
PRD02645,PRD02629,0.893,pagerank,2024-06-29
PRD02645,PRD02643,0.8752,content-based,2024-09-23
PRD02645,PRD02624,0.5826,hybrid,2023-12-23
PRD02646,PRD02626,0.5675,content-based,2023-03-04
PRD02646,PRD02628,0.8684,pagerank,2024-12-28
PRD02646,PRD02624,0.9736,collaborative,2025-06-02
PRD02647,PRD02628,0.7105,node-similarity,2022-03-19
PRD02647,PRD02636,0.9891,node-similarity,2023-09-09
PRD02647,PRD02625,0.5698,pagerank,2022-10-23
PRD02648,PRD02645,0.7839,pagerank,2022-01-21
PRD02648,PRD02625,0.6398,pagerank,2022-10-10
PRD02648,PRD02639,0.9843,hybrid,2024-12-27
PRD02649,PRD02647,0.9554,hybrid,2023-10-15
PRD02649,PRD02646,0.6561,hybrid,2025-04-18
PRD02649,PRD02636,0.9498,node-similarity,2022-07-16
PRD02650,PRD02629,0.8887,hybrid,2023-03-29
PRD02650,PRD02635,0.5969,node-similarity,2022-02-09
PRD02650,PRD02634,0.8504,hybrid,2024-05-24
PRD02651,PRD02645,0.7815,pagerank,2023-03-09
PRD02651,PRD02646,0.5846,collaborative,2022-10-06
PRD02651,PRD02637,0.5568,hybrid,2022-04-13
PRD02652,PRD02632,0.7347,hybrid,2025-07-15
PRD02652,PRD02629,0.7399,collaborative,2022-08-08
PRD02652,PRD02639,0.8202,collaborative,2025-10-22
PRD02653,PRD02645,0.5924,hybrid,2022-01-04
PRD02653,PRD02648,0.7518,hybrid,2024-03-23
PRD02653,PRD02646,0.8366,collaborative,2025-11-22
PRD02654,PRD02685,0.812,pagerank,2024-11-30
PRD02654,PRD02671,0.9113,collaborative,2022-01-18
PRD02654,PRD02665,0.8242,content-based,2024-12-13
PRD02655,PRD02665,0.9266,pagerank,2025-05-20
PRD02655,PRD02675,0.8848,node-similarity,2024-12-14
PRD02655,PRD02682,0.8361,collaborative,2024-01-20
PRD02656,PRD02676,0.7096,hybrid,2025-03-08
PRD02656,PRD02671,0.6058,node-similarity,2022-02-09
PRD02656,PRD02682,0.8442,node-similarity,2023-07-17
PRD02657,PRD02685,0.8193,hybrid,2023-01-16
PRD02657,PRD02675,0.9153,pagerank,2025-07-12
PRD02657,PRD02670,0.8432,pagerank,2024-11-23
PRD02658,PRD02675,0.8816,hybrid,2025-07-16
PRD02658,PRD02676,0.8182,pagerank,2025-07-02
PRD02658,PRD02671,0.659,node-similarity,2024-06-12
PRD02659,PRD02672,0.6117,node-similarity,2025-01-03
PRD02659,PRD02666,0.5946,collaborative,2023-01-12
PRD02659,PRD02676,0.6801,node-similarity,2023-02-10
PRD02660,PRD02682,0.5518,hybrid,2023-05-28
PRD02660,PRD02661,0.5734,pagerank,2022-06-17
PRD02660,PRD02667,0.7559,pagerank,2023-01-21
PRD02661,PRD02685,0.8256,pagerank,2023-11-07
PRD02661,PRD02684,0.7603,hybrid,2022-02-06
PRD02661,PRD02668,0.6401,hybrid,2022-05-02
PRD02662,PRD02682,0.8373,pagerank,2022-05-01
PRD02662,PRD02665,0.9888,collaborative,2022-05-20
PRD02662,PRD02685,0.745,node-similarity,2025-01-21
PRD02663,PRD02684,0.5876,hybrid,2025-10-17
PRD02663,PRD02679,0.5572,node-similarity,2025-12-29
PRD02663,PRD02677,0.6333,hybrid,2025-07-23
PRD02664,PRD02662,0.757,hybrid,2024-11-15
PRD02664,PRD02658,0.6886,node-similarity,2022-06-25
PRD02664,PRD02670,0.7464,collaborative,2023-01-05
PRD02665,PRD02678,0.6564,content-based,2023-10-31
PRD02665,PRD02669,0.8454,node-similarity,2024-06-11
PRD02666,PRD02667,0.949,content-based,2025-08-21
PRD02666,PRD02676,0.8545,pagerank,2023-09-11
PRD02666,PRD02684,0.9036,hybrid,2022-08-20
PRD02667,PRD02661,0.6656,node-similarity,2022-03-12
PRD02667,PRD02682,0.6874,node-similarity,2025-04-29
PRD02667,PRD02679,0.7467,pagerank,2025-01-29
PRD02668,PRD02658,0.869,content-based,2024-10-11
PRD02668,PRD02654,0.6455,pagerank,2023-04-06
PRD02668,PRD02682,0.662,content-based,2024-07-27
PRD02669,PRD02659,0.691,node-similarity,2022-11-28
PRD02669,PRD02658,0.821,node-similarity,2024-04-08
PRD02669,PRD02673,0.6259,content-based,2024-09-08
PRD02670,PRD02667,0.744,hybrid,2025-12-31
PRD02670,PRD02679,0.748,node-similarity,2022-10-13
PRD02671,PRD02679,0.7339,content-based,2025-11-15
PRD02671,PRD02664,0.6838,pagerank,2023-04-05
PRD02671,PRD02655,0.974,collaborative,2025-10-12
PRD02672,PRD02676,0.5963,pagerank,2024-06-02
PRD02672,PRD02685,0.8017,content-based,2023-02-10
PRD02672,PRD02678,0.5721,pagerank,2022-10-04
PRD02673,PRD02685,0.5533,pagerank,2024-08-03
PRD02673,PRD02658,0.6157,pagerank,2025-01-04
PRD02673,PRD02670,0.6616,node-similarity,2023-07-11
PRD02674,PRD02673,0.5858,pagerank,2023-11-16
PRD02674,PRD02676,0.6449,collaborative,2025-10-23
PRD02674,PRD02678,0.8396,hybrid,2023-09-30
PRD02675,PRD02669,0.68,node-similarity,2024-04-26
PRD02675,PRD02662,0.7016,content-based,2024-12-27
PRD02675,PRD02678,0.6453,node-similarity,2022-06-06
PRD02676,PRD02664,0.6624,pagerank,2023-11-09
PRD02676,PRD02684,0.7224,pagerank,2024-02-18
PRD02676,PRD02677,0.9879,node-similarity,2023-01-30
PRD02677,PRD02654,0.7932,collaborative,2025-09-10
PRD02677,PRD02675,0.6397,node-similarity,2025-10-11
PRD02677,PRD02685,0.9748,content-based,2024-04-26
PRD02678,PRD02666,0.8563,node-similarity,2022-03-27
PRD02678,PRD02682,0.6787,hybrid,2023-12-25
PRD02678,PRD02657,0.7849,content-based,2025-04-15
PRD02679,PRD02676,0.7984,content-based,2024-08-01
PRD02679,PRD02686,0.6694,hybrid,2025-05-12
PRD02679,PRD02680,0.9098,collaborative,2025-07-07
PRD02680,PRD02668,0.8338,pagerank,2024-04-16
PRD02680,PRD02683,0.8035,content-based,2025-11-21
PRD02680,PRD02671,0.5688,pagerank,2023-03-20
PRD02681,PRD02670,0.8328,pagerank,2022-11-11
PRD02681,PRD02683,0.566,collaborative,2022-08-22
PRD02681,PRD02664,0.7053,pagerank,2022-06-18
PRD02682,PRD02658,0.8067,pagerank,2022-11-18
PRD02683,PRD02685,0.9171,hybrid,2023-09-09
PRD02683,PRD02682,0.8121,content-based,2024-10-30
PRD02684,PRD02679,0.8507,pagerank,2023-03-23
PRD02684,PRD02674,0.9654,node-similarity,2024-01-18
PRD02684,PRD02681,0.6327,collaborative,2023-03-29
PRD02685,PRD02682,0.6212,content-based,2022-01-11
PRD02685,PRD02686,0.6358,content-based,2023-06-09
PRD02685,PRD02665,0.9133,collaborative,2024-08-15
PRD02686,PRD02667,0.7736,content-based,2025-02-12
PRD02686,PRD02675,0.9214,hybrid,2023-01-06
PRD02687,PRD02710,0.5566,content-based,2023-06-22
PRD02687,PRD02714,0.6901,collaborative,2023-09-29
PRD02687,PRD02696,0.792,collaborative,2024-05-21
PRD02688,PRD02705,0.7035,hybrid,2025-12-09
PRD02688,PRD02692,0.6115,node-similarity,2024-04-12
PRD02688,PRD02709,0.605,content-based,2024-02-05
PRD02689,PRD02707,0.7788,hybrid,2025-11-05
PRD02689,PRD02695,0.6371,hybrid,2024-10-04
PRD02689,PRD02688,0.5914,hybrid,2022-02-14
PRD02690,PRD02688,0.6789,pagerank,2023-08-23
PRD02690,PRD02706,0.6517,hybrid,2022-08-01
PRD02690,PRD02700,0.7476,content-based,2024-08-10
PRD02691,PRD02702,0.6051,hybrid,2022-07-15
PRD02691,PRD02715,0.9647,content-based,2023-10-05
PRD02691,PRD02694,0.6984,pagerank,2023-06-04
PRD02692,PRD02713,0.9305,hybrid,2024-06-02
PRD02692,PRD02712,0.9531,pagerank,2025-07-08
PRD02692,PRD02711,0.7679,content-based,2025-08-06
PRD02693,PRD02704,0.628,collaborative,2024-08-28
PRD02693,PRD02702,0.5658,collaborative,2023-04-06
PRD02693,PRD02700,0.9163,pagerank,2025-01-25
PRD02694,PRD02697,0.7506,content-based,2025-06-08
PRD02694,PRD02715,0.5503,node-similarity,2022-12-15
PRD02694,PRD02692,0.6401,content-based,2023-04-12
PRD02695,PRD02699,0.7402,pagerank,2024-07-21
PRD02695,PRD02707,0.7017,hybrid,2023-03-08
PRD02695,PRD02706,0.7274,node-similarity,2023-08-18
PRD02696,PRD02709,0.5999,pagerank,2024-06-09
PRD02696,PRD02692,0.9535,node-similarity,2025-04-05
PRD02696,PRD02706,0.8341,collaborative,2025-09-19
PRD02697,PRD02687,0.7251,collaborative,2025-09-11
PRD02697,PRD02707,0.6981,content-based,2023-09-23
PRD02697,PRD02691,0.9752,collaborative,2024-04-30
PRD02698,PRD02688,0.5512,hybrid,2024-06-22
PRD02698,PRD02691,0.6276,content-based,2022-06-12
PRD02698,PRD02710,0.9059,pagerank,2025-07-30
PRD02699,PRD02701,0.9203,collaborative,2024-05-05
PRD02699,PRD02691,0.5591,node-similarity,2025-04-16
PRD02699,PRD02703,0.5787,content-based,2022-09-05
PRD02700,PRD02691,0.912,collaborative,2025-10-21
PRD02700,PRD02707,0.8377,pagerank,2023-04-06
PRD02700,PRD02696,0.8693,content-based,2022-08-29
PRD02701,PRD02702,0.9475,collaborative,2023-11-19
PRD02701,PRD02714,0.9154,collaborative,2024-01-25
PRD02701,PRD02712,0.5537,node-similarity,2023-10-10
PRD02702,PRD02705,0.98,pagerank,2023-06-20
PRD02702,PRD02716,0.7794,hybrid,2024-03-16
PRD02703,PRD02689,0.799,pagerank,2023-02-18
PRD02703,PRD02697,0.9697,collaborative,2022-12-15
PRD02703,PRD02716,0.9858,node-similarity,2025-11-21
PRD02704,PRD02691,0.5689,content-based,2024-11-23
PRD02704,PRD02712,0.8135,content-based,2024-10-08
PRD02705,PRD02693,0.5905,node-similarity,2024-07-22
PRD02705,PRD02712,0.6836,content-based,2022-02-16
PRD02705,PRD02692,0.7196,hybrid,2023-10-25
PRD02706,PRD02705,0.9267,content-based,2023-11-16
PRD02706,PRD02716,0.6007,pagerank,2024-08-29
PRD02706,PRD02692,0.9103,hybrid,2024-12-21
PRD02707,PRD02708,0.5895,pagerank,2024-10-22
PRD02707,PRD02692,0.6661,node-similarity,2023-04-09
PRD02707,PRD02713,0.7672,collaborative,2024-08-04
PRD02708,PRD02700,0.8972,collaborative,2023-07-24
PRD02708,PRD02695,0.5682,pagerank,2024-07-16
PRD02708,PRD02710,0.5949,pagerank,2023-03-01
PRD02709,PRD02697,0.9857,collaborative,2022-04-21
PRD02709,PRD02695,0.555,hybrid,2022-10-11
PRD02709,PRD02707,0.8585,content-based,2024-03-06
PRD02710,PRD02701,0.6646,node-similarity,2025-02-08
PRD02710,PRD02709,0.6969,collaborative,2025-09-06
PRD02711,PRD02715,0.9657,node-similarity,2023-04-04
PRD02711,PRD02699,0.5824,pagerank,2023-09-26
PRD02711,PRD02691,0.7658,collaborative,2022-05-08
PRD02712,PRD02700,0.8965,hybrid,2022-10-30
PRD02712,PRD02698,0.6425,node-similarity,2025-10-06
PRD02713,PRD02688,0.9695,pagerank,2023-02-02
PRD02713,PRD02690,0.7623,node-similarity,2024-12-15
PRD02713,PRD02695,0.7888,collaborative,2023-11-01
PRD02714,PRD02708,0.8838,pagerank,2022-01-18
PRD02714,PRD02698,0.5743,pagerank,2022-08-21
PRD02714,PRD02702,0.6732,node-similarity,2023-11-10
PRD02715,PRD02699,0.569,node-similarity,2022-05-27
PRD02715,PRD02696,0.5825,pagerank,2022-02-01
PRD02715,PRD02701,0.7139,pagerank,2024-01-06
PRD02716,PRD02689,0.8492,collaborative,2025-11-30
PRD02716,PRD02704,0.7375,pagerank,2023-01-23
PRD02717,PRD02734,0.5735,hybrid,2022-01-16
PRD02717,PRD02739,0.8156,pagerank,2023-01-23
PRD02717,PRD02736,0.8048,pagerank,2024-01-18
PRD02718,PRD02740,0.9897,node-similarity,2023-01-14
PRD02718,PRD02728,0.7675,content-based,2025-07-21
PRD02718,PRD02729,0.8618,pagerank,2024-06-03
PRD02719,PRD02723,0.5516,hybrid,2022-10-16
PRD02719,PRD02725,0.6485,content-based,2025-01-24
PRD02719,PRD02736,0.7303,collaborative,2022-10-17
PRD02720,PRD02742,0.8112,pagerank,2022-08-30
PRD02720,PRD02739,0.8696,collaborative,2022-05-18
PRD02720,PRD02733,0.6993,collaborative,2024-09-14
PRD02721,PRD02729,0.908,pagerank,2024-04-13
PRD02721,PRD02735,0.7149,content-based,2023-10-12
PRD02721,PRD02717,0.6482,node-similarity,2023-03-03
PRD02722,PRD02718,0.6695,collaborative,2025-08-09
PRD02722,PRD02728,0.772,collaborative,2023-06-28
PRD02722,PRD02734,0.5906,content-based,2023-10-03
PRD02723,PRD02734,0.8667,hybrid,2025-05-06
PRD02723,PRD02732,0.877,hybrid,2025-12-08
PRD02723,PRD02731,0.7801,hybrid,2022-10-09
PRD02724,PRD02729,0.6029,hybrid,2025-11-17
PRD02724,PRD02744,0.6996,collaborative,2025-03-24
PRD02724,PRD02737,0.6544,node-similarity,2024-10-06
PRD02725,PRD02742,0.9401,content-based,2025-07-11
PRD02725,PRD02729,0.5504,hybrid,2022-02-08
PRD02725,PRD02735,0.99,hybrid,2024-11-15
PRD02726,PRD02728,0.5958,collaborative,2025-08-21
PRD02726,PRD02729,0.6161,node-similarity,2025-01-26
PRD02726,PRD02745,0.9655,node-similarity,2025-11-01
PRD02727,PRD02724,0.9857,pagerank,2023-11-21
PRD02727,PRD02733,0.9636,content-based,2023-01-12
PRD02727,PRD02722,0.7039,content-based,2023-06-26
PRD02728,PRD02736,0.8762,node-similarity,2025-08-25
PRD02728,PRD02738,0.8864,pagerank,2023-10-26
PRD02729,PRD02728,0.6622,pagerank,2025-12-10
PRD02729,PRD02744,0.9391,content-based,2023-03-12
PRD02729,PRD02717,0.5929,content-based,2025-12-04
PRD02730,PRD02719,0.8479,collaborative,2025-11-15
PRD02730,PRD02736,0.7305,node-similarity,2023-02-22
PRD02730,PRD02717,0.8543,content-based,2022-04-10
PRD02731,PRD02733,0.6976,collaborative,2022-08-27
PRD02731,PRD02744,0.925,hybrid,2023-04-28
PRD02731,PRD02734,0.9116,hybrid,2025-10-20
PRD02732,PRD02735,0.594,hybrid,2023-06-18
PRD02732,PRD02743,0.9401,node-similarity,2023-02-03
PRD02732,PRD02745,0.6554,collaborative,2022-05-21
PRD02733,PRD02736,0.9201,content-based,2024-02-03
PRD02733,PRD02740,0.8892,node-similarity,2023-02-28
PRD02733,PRD02744,0.947,pagerank,2025-07-22
PRD02734,PRD02721,0.7515,content-based,2023-01-21
PRD02734,PRD02727,0.7175,hybrid,2025-11-29
PRD02734,PRD02740,0.7876,collaborative,2024-12-15
PRD02735,PRD02733,0.6946,pagerank,2024-12-05
PRD02735,PRD02729,0.6371,hybrid,2022-01-25
PRD02736,PRD02745,0.6506,content-based,2023-10-20
PRD02736,PRD02735,0.6087,content-based,2022-01-30
PRD02736,PRD02740,0.5563,pagerank,2022-07-16
PRD02737,PRD02743,0.6473,node-similarity,2025-03-27
PRD02737,PRD02721,0.8396,node-similarity,2025-02-07
PRD02737,PRD02746,0.602,content-based,2025-03-14
PRD02738,PRD02726,0.9575,node-similarity,2024-12-29
PRD02738,PRD02742,0.7009,node-similarity,2024-02-01
PRD02738,PRD02729,0.7421,collaborative,2023-10-02
PRD02739,PRD02740,0.9367,content-based,2024-11-17
PRD02739,PRD02731,0.5957,content-based,2023-10-12
PRD02739,PRD02735,0.6305,collaborative,2025-06-17
PRD02740,PRD02720,0.9331,node-similarity,2023-06-13
PRD02740,PRD02743,0.7057,hybrid,2023-03-09
PRD02741,PRD02727,0.5963,content-based,2025-01-25
PRD02741,PRD02725,0.8191,hybrid,2022-03-03
PRD02741,PRD02746,0.8726,pagerank,2024-06-09
PRD02742,PRD02730,0.6038,collaborative,2024-05-10
PRD02742,PRD02735,0.5569,collaborative,2024-04-08
PRD02743,PRD02738,0.8891,node-similarity,2022-05-18
PRD02743,PRD02719,0.6731,node-similarity,2023-06-10
PRD02743,PRD02744,0.8798,pagerank,2025-02-26
PRD02744,PRD02745,0.8147,pagerank,2025-08-18
PRD02744,PRD02719,0.5849,hybrid,2023-02-02
PRD02745,PRD02742,0.7666,pagerank,2024-05-20
PRD02745,PRD02717,0.6056,pagerank,2025-03-04
PRD02745,PRD02719,0.7535,content-based,2022-10-23
PRD02746,PRD02735,0.8155,node-similarity,2023-01-28
PRD02746,PRD02739,0.9323,collaborative,2023-01-18
PRD02746,PRD02721,0.924,node-similarity,2025-08-08
PRD02747,PRD02743,0.6693,content-based,2025-06-18
PRD02747,PRD02731,0.7452,hybrid,2023-11-20
PRD02747,PRD02718,0.9761,content-based,2025-11-14
PRD02748,PRD02770,0.7157,collaborative,2024-06-12
PRD02748,PRD02768,0.5969,content-based,2024-05-24
PRD02748,PRD02776,0.6687,collaborative,2022-03-23
PRD02749,PRD02778,0.5536,node-similarity,2025-05-09
PRD02749,PRD02765,0.9023,node-similarity,2025-11-02
PRD02749,PRD02773,0.7977,content-based,2023-08-07
PRD02750,PRD02764,0.8559,node-similarity,2025-04-18
PRD02750,PRD02772,0.5959,collaborative,2024-04-13
PRD02750,PRD02768,0.6269,content-based,2023-04-05
PRD02751,PRD02774,0.5915,collaborative,2022-07-17
PRD02751,PRD02765,0.863,content-based,2025-10-07
PRD02751,PRD02777,0.8413,content-based,2025-02-17
PRD02752,PRD02756,0.9202,collaborative,2025-01-12
PRD02752,PRD02749,0.6696,content-based,2022-10-27
PRD02752,PRD02773,0.5942,pagerank,2023-08-16
PRD02753,PRD02778,0.9009,collaborative,2024-04-12
PRD02753,PRD02774,0.8726,hybrid,2025-12-12
PRD02753,PRD02769,0.9194,node-similarity,2023-01-17
PRD02754,PRD02751,0.9472,node-similarity,2023-12-16
PRD02754,PRD02753,0.8962,collaborative,2023-07-27
PRD02754,PRD02763,0.9442,content-based,2024-09-13
PRD02755,PRD02770,0.6972,content-based,2025-10-05
PRD02755,PRD02759,0.7496,collaborative,2025-08-08
PRD02755,PRD02758,0.9363,content-based,2024-10-03
PRD02756,PRD02776,0.8462,content-based,2024-08-16
PRD02756,PRD02777,0.6948,content-based,2024-08-13
PRD02756,PRD02753,0.9756,hybrid,2025-11-29
PRD02757,PRD02748,0.6687,collaborative,2025-11-09
PRD02757,PRD02752,0.939,collaborative,2025-07-31
PRD02757,PRD02769,0.7943,content-based,2022-09-20
PRD02758,PRD02771,0.6501,collaborative,2024-04-20
PRD02758,PRD02753,0.5516,node-similarity,2024-06-11
PRD02758,PRD02751,0.621,collaborative,2022-02-02
PRD02759,PRD02775,0.9146,node-similarity,2025-09-13
PRD02759,PRD02753,0.9417,collaborative,2022-03-21
PRD02759,PRD02751,0.5598,collaborative,2023-08-28
PRD02760,PRD02750,0.5535,content-based,2024-08-14
PRD02760,PRD02779,0.6096,collaborative,2024-01-31
PRD02760,PRD02766,0.8051,pagerank,2022-09-01
PRD02761,PRD02767,0.8356,content-based,2023-03-08
PRD02761,PRD02752,0.5597,hybrid,2023-01-12
PRD02761,PRD02748,0.7877,node-similarity,2022-01-08
PRD02762,PRD02765,0.8971,hybrid,2023-04-23
PRD02762,PRD02760,0.7692,hybrid,2023-08-19
PRD02762,PRD02764,0.718,collaborative,2022-12-06
PRD02763,PRD02758,0.772,node-similarity,2024-07-31
PRD02763,PRD02755,0.6777,collaborative,2023-09-12
PRD02764,PRD02754,0.8831,pagerank,2023-06-23
PRD02764,PRD02760,0.9611,node-similarity,2025-09-17
PRD02764,PRD02776,0.7353,node-similarity,2024-10-02
PRD02765,PRD02756,0.9512,hybrid,2024-04-23
PRD02765,PRD02766,0.6284,hybrid,2024-07-06
PRD02765,PRD02758,0.8569,node-similarity,2025-05-20
PRD02766,PRD02772,0.9569,collaborative,2022-04-16
PRD02766,PRD02763,0.8924,collaborative,2023-08-27
PRD02766,PRD02761,0.8494,node-similarity,2024-07-29
PRD02767,PRD02764,0.9856,collaborative,2023-05-19
PRD02767,PRD02774,0.681,pagerank,2025-01-18
PRD02767,PRD02754,0.6589,node-similarity,2022-07-04
PRD02768,PRD02778,0.594,collaborative,2023-07-14
PRD02768,PRD02753,0.6349,pagerank,2025-08-06
PRD02769,PRD02778,0.8219,pagerank,2023-04-02
PRD02769,PRD02763,0.8603,content-based,2025-12-04
PRD02770,PRD02777,0.5576,collaborative,2023-05-23
PRD02770,PRD02771,0.9829,collaborative,2025-02-23
PRD02771,PRD02765,0.7487,node-similarity,2022-08-22
PRD02771,PRD02767,0.8416,hybrid,2025-10-16
PRD02771,PRD02748,0.949,node-similarity,2024-08-11
PRD02772,PRD02760,0.7966,pagerank,2022-10-13
PRD02772,PRD02748,0.8313,content-based,2022-11-04
PRD02772,PRD02779,0.8082,content-based,2023-05-20
PRD02773,PRD02764,0.723,hybrid,2023-05-23
PRD02773,PRD02769,0.7387,content-based,2024-06-01
PRD02773,PRD02753,0.6481,content-based,2025-01-12
PRD02774,PRD02762,0.6161,pagerank,2024-05-06
PRD02774,PRD02758,0.9292,pagerank,2022-05-10
PRD02774,PRD02779,0.9078,content-based,2025-12-07
PRD02775,PRD02748,0.9212,collaborative,2025-02-03
PRD02775,PRD02752,0.5892,hybrid,2022-02-07
PRD02775,PRD02761,0.7287,hybrid,2022-06-26
PRD02776,PRD02775,0.5855,pagerank,2023-11-17
PRD02776,PRD02752,0.6123,pagerank,2024-11-02
PRD02776,PRD02771,0.9452,hybrid,2025-07-08
PRD02777,PRD02749,0.9341,collaborative,2022-02-10
PRD02777,PRD02778,0.7614,content-based,2025-10-23
PRD02777,PRD02765,0.576,node-similarity,2024-03-06
PRD02778,PRD02748,0.8255,node-similarity,2025-01-04
PRD02778,PRD02759,0.7498,node-similarity,2022-10-24
PRD02778,PRD02761,0.8883,hybrid,2022-09-29
PRD02779,PRD02756,0.7134,content-based,2025-11-20
PRD02779,PRD02750,0.9658,content-based,2024-02-09
PRD02779,PRD02764,0.8068,node-similarity,2025-04-11
PRD02780,PRD02785,0.8613,content-based,2025-01-15
PRD02780,PRD02788,0.6278,collaborative,2023-04-15
PRD02780,PRD02798,0.7285,node-similarity,2023-11-17
PRD02781,PRD02787,0.9676,collaborative,2025-05-19
PRD02781,PRD02802,0.5573,hybrid,2024-05-18
PRD02781,PRD02796,0.6897,hybrid,2023-03-17
PRD02782,PRD02789,0.7745,collaborative,2023-02-09
PRD02782,PRD02801,0.7009,collaborative,2025-05-28
PRD02782,PRD02798,0.8929,hybrid,2024-08-09
PRD02783,PRD02790,0.6892,hybrid,2025-03-19
PRD02783,PRD02801,0.6536,content-based,2022-02-28
PRD02783,PRD02797,0.5839,collaborative,2023-05-17
PRD02784,PRD02782,0.9267,content-based,2025-01-01
PRD02784,PRD02793,0.607,content-based,2022-08-14
PRD02784,PRD02789,0.5704,pagerank,2024-05-30
PRD02785,PRD02802,0.7409,content-based,2025-12-07
PRD02785,PRD02799,0.8126,collaborative,2025-02-26
PRD02785,PRD02788,0.6273,hybrid,2025-10-24
PRD02786,PRD02782,0.7141,hybrid,2025-12-23
PRD02786,PRD02803,0.8872,node-similarity,2025-02-07
PRD02786,PRD02794,0.7813,collaborative,2023-10-26
PRD02787,PRD02789,0.8983,collaborative,2022-07-12
PRD02787,PRD02780,0.6383,content-based,2022-05-03
PRD02787,PRD02800,0.8604,collaborative,2024-03-31
PRD02788,PRD02781,0.8699,node-similarity,2025-01-02
PRD02788,PRD02791,0.8599,pagerank,2023-08-13
PRD02788,PRD02782,0.5775,hybrid,2024-04-14
PRD02789,PRD02792,0.9477,collaborative,2023-08-26
PRD02789,PRD02783,0.9548,hybrid,2024-08-25
PRD02790,PRD02795,0.5593,content-based,2025-12-18
PRD02790,PRD02780,0.8849,hybrid,2025-06-04
PRD02790,PRD02797,0.6608,collaborative,2025-05-20
PRD02791,PRD02797,0.683,collaborative,2023-02-24
PRD02791,PRD02782,0.6285,pagerank,2024-05-02
PRD02791,PRD02787,0.6269,pagerank,2025-01-27
PRD02792,PRD02804,0.7982,hybrid,2023-11-05
PRD02792,PRD02791,0.7699,collaborative,2023-06-28
PRD02792,PRD02781,0.9865,content-based,2022-02-09
PRD02793,PRD02797,0.7018,collaborative,2022-01-16
PRD02793,PRD02798,0.863,pagerank,2023-12-25
PRD02793,PRD02786,0.7771,hybrid,2024-09-27
PRD02794,PRD02804,0.7419,node-similarity,2022-06-14
PRD02794,PRD02791,0.5765,hybrid,2024-10-14
PRD02794,PRD02792,0.5869,pagerank,2022-05-30
PRD02795,PRD02794,0.5667,content-based,2025-04-17
PRD02795,PRD02786,0.805,content-based,2023-11-17
PRD02795,PRD02793,0.8342,hybrid,2025-12-27
PRD02796,PRD02788,0.9495,content-based,2022-02-23
PRD02796,PRD02797,0.695,content-based,2023-09-25
PRD02797,PRD02799,0.9707,collaborative,2023-07-07
PRD02797,PRD02792,0.6752,content-based,2025-06-10
PRD02798,PRD02794,0.9821,collaborative,2025-06-21
PRD02798,PRD02801,0.6433,content-based,2024-08-13
PRD02798,PRD02781,0.9209,node-similarity,2025-10-17
PRD02799,PRD02786,0.676,content-based,2022-01-31
PRD02799,PRD02787,0.9303,collaborative,2022-07-26
PRD02799,PRD02803,0.9764,collaborative,2025-04-25
PRD02800,PRD02780,0.9116,node-similarity,2025-09-29
PRD02800,PRD02784,0.6462,hybrid,2022-11-09
PRD02800,PRD02790,0.8625,collaborative,2023-06-03
PRD02801,PRD02792,0.623,content-based,2022-06-17
PRD02801,PRD02789,0.5752,content-based,2022-08-23
PRD02802,PRD02793,0.9158,hybrid,2023-07-28
PRD02802,PRD02801,0.6169,node-similarity,2025-03-31
PRD02802,PRD02787,0.657,collaborative,2024-09-17
PRD02803,PRD02781,0.7111,content-based,2023-10-15
PRD02803,PRD02796,0.5989,node-similarity,2025-12-24
PRD02803,PRD02789,0.8725,collaborative,2023-08-09
PRD02804,PRD02788,0.9484,node-similarity,2023-02-16
PRD02804,PRD02789,0.784,content-based,2024-03-07
PRD02804,PRD02800,0.5556,pagerank,2025-08-24
PRD02805,PRD02810,0.9079,content-based,2023-10-13
PRD02805,PRD02819,0.7971,collaborative,2022-03-02
PRD02805,PRD02828,0.5994,content-based,2022-07-12
PRD02806,PRD02822,0.6305,hybrid,2024-01-31
PRD02806,PRD02809,0.6684,node-similarity,2025-12-27
PRD02806,PRD02829,0.9522,pagerank,2025-07-20
PRD02807,PRD02809,0.9431,node-similarity,2023-07-14
PRD02807,PRD02814,0.5945,content-based,2022-01-10
PRD02807,PRD02805,0.5568,content-based,2024-09-28
PRD02808,PRD02819,0.6085,node-similarity,2023-07-12
PRD02808,PRD02825,0.8339,hybrid,2025-04-17
PRD02808,PRD02831,0.7105,collaborative,2024-04-02
PRD02809,PRD02831,0.9787,node-similarity,2024-12-14
PRD02809,PRD02824,0.7686,node-similarity,2024-08-21
PRD02809,PRD02816,0.6074,hybrid,2022-10-30
PRD02810,PRD02813,0.82,pagerank,2025-10-04
PRD02810,PRD02824,0.7792,content-based,2023-04-22
PRD02810,PRD02812,0.5697,content-based,2025-03-04
PRD02811,PRD02824,0.6604,pagerank,2024-11-21
PRD02811,PRD02817,0.7851,node-similarity,2024-03-16
PRD02811,PRD02808,0.9662,node-similarity,2022-08-11
PRD02812,PRD02829,0.964,node-similarity,2025-02-18
PRD02812,PRD02814,0.7781,pagerank,2024-11-26
PRD02812,PRD02808,0.8274,pagerank,2022-10-02
PRD02813,PRD02811,0.5604,hybrid,2023-01-14
PRD02813,PRD02824,0.7519,node-similarity,2024-09-12
PRD02813,PRD02828,0.6116,collaborative,2024-10-26
PRD02814,PRD02811,0.7508,content-based,2025-12-12
PRD02814,PRD02829,0.9855,collaborative,2023-04-21
PRD02814,PRD02818,0.7718,hybrid,2025-01-06
PRD02815,PRD02809,0.7598,collaborative,2022-03-24
PRD02815,PRD02831,0.8824,hybrid,2025-01-02
PRD02815,PRD02816,0.7807,collaborative,2023-02-17
PRD02816,PRD02819,0.8641,collaborative,2023-01-06
PRD02816,PRD02813,0.9234,hybrid,2023-08-29
PRD02816,PRD02831,0.7939,pagerank,2023-01-16
PRD02817,PRD02823,0.8892,node-similarity,2024-06-01
PRD02817,PRD02827,0.9096,collaborative,2023-09-05
PRD02817,PRD02829,0.8936,collaborative,2023-12-16
PRD02818,PRD02806,0.5927,hybrid,2024-10-25
PRD02818,PRD02809,0.6802,collaborative,2024-05-15
PRD02818,PRD02821,0.8511,hybrid,2023-08-16
PRD02819,PRD02806,0.8864,content-based,2025-03-10
PRD02819,PRD02807,0.5847,pagerank,2022-07-09
PRD02820,PRD02811,0.6281,node-similarity,2022-11-11
PRD02820,PRD02805,0.8079,pagerank,2023-02-10
PRD02820,PRD02808,0.9716,node-similarity,2024-11-21
PRD02821,PRD02806,0.7549,content-based,2023-08-20
PRD02821,PRD02807,0.7983,node-similarity,2022-09-14
PRD02821,PRD02826,0.9779,pagerank,2023-03-05
PRD02822,PRD02821,0.902,hybrid,2023-11-02
PRD02822,PRD02812,0.8654,content-based,2023-05-30
PRD02822,PRD02820,0.6259,hybrid,2022-12-07
PRD02823,PRD02829,0.8017,collaborative,2024-03-07
PRD02823,PRD02830,0.8074,pagerank,2023-12-02
PRD02823,PRD02816,0.6265,pagerank,2024-06-30
PRD02824,PRD02820,0.9091,collaborative,2025-12-21
PRD02824,PRD02815,0.9524,content-based,2022-12-13
PRD02825,PRD02817,0.6007,collaborative,2025-05-07
PRD02825,PRD02823,0.8218,content-based,2024-10-19
PRD02825,PRD02831,0.6027,collaborative,2023-10-11
PRD02826,PRD02831,0.8223,content-based,2024-06-28
PRD02826,PRD02829,0.7173,node-similarity,2023-02-21
PRD02827,PRD02813,0.6741,node-similarity,2022-04-29
PRD02827,PRD02822,0.9622,node-similarity,2023-06-21
PRD02827,PRD02821,0.9346,content-based,2022-10-13
PRD02828,PRD02810,0.9593,content-based,2024-03-16
PRD02828,PRD02806,0.8486,hybrid,2025-11-06
PRD02829,PRD02820,0.5757,pagerank,2024-02-29
PRD02829,PRD02815,0.5509,node-similarity,2023-11-16
PRD02829,PRD02810,0.6932,collaborative,2022-09-05
PRD02830,PRD02826,0.7992,content-based,2022-09-01
PRD02830,PRD02809,0.9135,content-based,2025-04-01
PRD02830,PRD02822,0.8424,hybrid,2025-02-17
PRD02831,PRD02814,0.9478,node-similarity,2023-07-31
PRD02831,PRD02830,0.6937,content-based,2023-10-15
PRD02832,PRD02841,0.8703,pagerank,2022-10-20
PRD02832,PRD02845,0.8811,content-based,2024-04-17
PRD02832,PRD02850,0.791,content-based,2024-03-03
PRD02833,PRD02835,0.7313,content-based,2022-07-31
PRD02833,PRD02850,0.5605,collaborative,2023-10-29
PRD02833,PRD02846,0.6741,collaborative,2024-08-21
PRD02834,PRD02847,0.5767,hybrid,2024-09-30
PRD02834,PRD02841,0.6345,node-similarity,2024-01-15
PRD02834,PRD02832,0.5793,node-similarity,2024-11-19
PRD02835,PRD02854,0.7075,hybrid,2023-02-17
PRD02835,PRD02849,0.8252,collaborative,2024-11-18
PRD02835,PRD02847,0.6171,content-based,2024-12-08
PRD02836,PRD02847,0.5698,node-similarity,2023-03-12
PRD02836,PRD02839,0.5656,node-similarity,2022-08-05
PRD02836,PRD02850,0.822,hybrid,2025-08-20
PRD02837,PRD02836,0.6496,hybrid,2025-04-29
PRD02837,PRD02841,0.8687,content-based,2025-05-21
PRD02837,PRD02843,0.6566,hybrid,2022-03-04
PRD02838,PRD02846,0.6256,content-based,2025-07-24
PRD02838,PRD02834,0.7707,pagerank,2025-10-03
PRD02838,PRD02856,0.9178,collaborative,2025-01-19
PRD02839,PRD02845,0.8103,hybrid,2025-02-26
PRD02839,PRD02856,0.7209,collaborative,2025-05-23
PRD02840,PRD02856,0.7891,hybrid,2025-09-26
PRD02840,PRD02845,0.8004,collaborative,2023-08-15
PRD02840,PRD02847,0.8231,collaborative,2024-05-05
PRD02841,PRD02850,0.8952,content-based,2025-01-11
PRD02841,PRD02840,0.8248,hybrid,2023-02-01
PRD02841,PRD02851,0.8961,pagerank,2024-11-22
PRD02842,PRD02832,0.6208,collaborative,2023-02-21
PRD02842,PRD02848,0.5865,hybrid,2024-10-12
PRD02842,PRD02851,0.6518,hybrid,2025-05-16
PRD02843,PRD02833,0.9448,node-similarity,2022-10-04
PRD02843,PRD02840,0.8397,hybrid,2023-10-11
PRD02844,PRD02846,0.7211,pagerank,2025-05-06
PRD02844,PRD02840,0.5543,hybrid,2024-01-22
PRD02844,PRD02856,0.7898,hybrid,2022-03-03
PRD02845,PRD02846,0.5762,content-based,2024-05-04
PRD02845,PRD02843,0.6901,pagerank,2025-11-21
PRD02845,PRD02833,0.9403,content-based,2024-08-22
PRD02846,PRD02843,0.6028,collaborative,2024-07-13
PRD02846,PRD02856,0.9623,hybrid,2022-05-17
PRD02846,PRD02839,0.9591,content-based,2024-01-01
PRD02847,PRD02833,0.7443,collaborative,2022-01-23
PRD02847,PRD02849,0.8333,pagerank,2022-10-05
PRD02848,PRD02845,0.895,content-based,2022-11-13
PRD02848,PRD02844,0.6284,node-similarity,2023-05-04
PRD02848,PRD02834,0.5978,node-similarity,2024-06-29
PRD02849,PRD02836,0.5869,node-similarity,2023-02-10
PRD02849,PRD02832,0.8526,hybrid,2023-08-27
PRD02849,PRD02834,0.5942,collaborative,2024-05-01
PRD02850,PRD02843,0.7879,hybrid,2024-02-28
PRD02850,PRD02838,0.961,node-similarity,2025-06-15
PRD02850,PRD02837,0.7989,hybrid,2022-10-11
PRD02851,PRD02832,0.7715,node-similarity,2023-09-14
PRD02851,PRD02854,0.6059,hybrid,2023-06-06
PRD02851,PRD02849,0.8757,node-similarity,2023-10-04
PRD02852,PRD02838,0.884,pagerank,2023-12-12
PRD02852,PRD02854,0.6351,collaborative,2023-09-04
PRD02852,PRD02847,0.6785,node-similarity,2023-10-15
PRD02853,PRD02834,0.7452,hybrid,2023-01-02
PRD02853,PRD02833,0.6736,pagerank,2022-06-16
PRD02853,PRD02856,0.9019,pagerank,2025-10-18
PRD02854,PRD02846,0.9028,collaborative,2023-09-17
PRD02854,PRD02855,0.9596,hybrid,2025-11-14
PRD02855,PRD02852,0.8632,content-based,2024-11-14
PRD02855,PRD02835,0.7584,content-based,2023-12-23
PRD02855,PRD02836,0.9338,node-similarity,2024-03-28
PRD02856,PRD02842,0.6818,collaborative,2024-10-31
PRD02856,PRD02854,0.7761,pagerank,2022-08-17
PRD02857,PRD02881,0.846,collaborative,2024-03-22
PRD02857,PRD02878,0.8276,content-based,2024-10-28
PRD02857,PRD02882,0.8358,hybrid,2022-10-10
PRD02858,PRD02859,0.6531,node-similarity,2024-05-09
PRD02858,PRD02872,0.7145,hybrid,2023-05-31
PRD02858,PRD02860,0.776,pagerank,2023-09-27
PRD02859,PRD02867,0.9292,hybrid,2023-07-18
PRD02859,PRD02874,0.6352,node-similarity,2022-05-15
PRD02859,PRD02860,0.8795,node-similarity,2024-06-10
PRD02860,PRD02875,0.9085,content-based,2024-06-21
PRD02860,PRD02866,0.6552,node-similarity,2024-05-10
PRD02861,PRD02864,0.582,hybrid,2025-03-22
PRD02861,PRD02882,0.6027,content-based,2024-02-03
PRD02861,PRD02875,0.9617,collaborative,2024-07-18
PRD02862,PRD02882,0.8012,node-similarity,2024-09-03
PRD02862,PRD02879,0.8265,node-similarity,2023-04-01
PRD02862,PRD02877,0.6895,hybrid,2024-04-29
PRD02863,PRD02858,0.9739,collaborative,2022-12-26
PRD02863,PRD02869,0.8843,collaborative,2025-03-01
PRD02863,PRD02875,0.8123,collaborative,2025-10-24
PRD02864,PRD02872,0.7988,content-based,2024-06-28
PRD02864,PRD02881,0.7073,hybrid,2024-11-12
PRD02865,PRD02869,0.5878,content-based,2022-09-10
PRD02865,PRD02867,0.637,hybrid,2022-11-12
PRD02865,PRD02859,0.9789,pagerank,2023-07-19
PRD02866,PRD02868,0.8834,collaborative,2023-08-17
PRD02866,PRD02857,0.591,hybrid,2025-06-16
PRD02866,PRD02872,0.6578,content-based,2023-12-02
PRD02867,PRD02881,0.6322,pagerank,2024-01-13
PRD02867,PRD02874,0.9537,pagerank,2025-05-03
PRD02867,PRD02872,0.6644,collaborative,2025-07-30
PRD02868,PRD02880,0.662,content-based,2025-04-14
PRD02868,PRD02865,0.8066,content-based,2022-04-08
PRD02868,PRD02861,0.5678,content-based,2024-10-25
PRD02869,PRD02859,0.9609,collaborative,2025-09-17
PRD02869,PRD02873,0.7047,collaborative,2022-07-19
PRD02869,PRD02874,0.7007,content-based,2024-08-04
PRD02870,PRD02874,0.6736,node-similarity,2022-10-06
PRD02870,PRD02881,0.8294,hybrid,2023-10-10
PRD02870,PRD02867,0.6143,content-based,2023-11-23
PRD02871,PRD02881,0.5656,content-based,2023-12-12
PRD02871,PRD02869,0.5978,pagerank,2022-07-27
PRD02871,PRD02879,0.5627,hybrid,2022-08-29
PRD02872,PRD02880,0.9339,node-similarity,2023-10-08
PRD02872,PRD02861,0.8862,pagerank,2022-02-26
PRD02872,PRD02868,0.6477,node-similarity,2025-07-10
PRD02873,PRD02863,0.9465,pagerank,2023-11-11
PRD02873,PRD02882,0.8196,hybrid,2023-02-17
PRD02873,PRD02875,0.5802,collaborative,2023-02-02
PRD02874,PRD02857,0.6887,collaborative,2022-10-17
PRD02874,PRD02862,0.9824,content-based,2025-02-02
PRD02874,PRD02868,0.8759,pagerank,2025-11-17
PRD02875,PRD02874,0.6764,collaborative,2023-10-04
PRD02875,PRD02865,0.795,content-based,2023-10-07
PRD02875,PRD02880,0.7904,collaborative,2024-08-23
PRD02876,PRD02881,0.5661,node-similarity,2025-10-20
PRD02876,PRD02862,0.7477,node-similarity,2025-10-13
PRD02876,PRD02877,0.713,content-based,2024-01-08
PRD02877,PRD02857,0.8118,hybrid,2022-01-25
PRD02877,PRD02868,0.6661,hybrid,2025-06-25
PRD02877,PRD02860,0.6036,collaborative,2025-03-09
PRD02878,PRD02877,0.9177,node-similarity,2022-11-06
PRD02878,PRD02870,0.6424,node-similarity,2024-09-21
PRD02878,PRD02861,0.8969,hybrid,2025-03-26
PRD02879,PRD02859,0.7674,node-similarity,2023-07-08
PRD02879,PRD02864,0.8046,content-based,2025-09-11
PRD02879,PRD02868,0.7167,collaborative,2022-05-21
PRD02880,PRD02884,0.6961,pagerank,2024-07-25
PRD02880,PRD02857,0.6441,content-based,2024-06-24
PRD02880,PRD02883,0.8651,hybrid,2022-11-06
PRD02881,PRD02884,0.8321,pagerank,2022-12-23
PRD02881,PRD02877,0.9023,content-based,2022-06-19
PRD02881,PRD02868,0.7277,pagerank,2023-01-06
PRD02882,PRD02880,0.5728,pagerank,2025-02-12
PRD02882,PRD02879,0.8203,node-similarity,2024-02-29
PRD02883,PRD02863,0.8148,hybrid,2025-01-18
PRD02883,PRD02874,0.926,collaborative,2024-02-11
PRD02883,PRD02859,0.6902,content-based,2023-08-09
PRD02884,PRD02865,0.6955,node-similarity,2025-04-12
PRD02884,PRD02871,0.8771,node-similarity,2025-09-02
PRD02884,PRD02867,0.8438,hybrid,2022-10-18
PRD02885,PRD02886,0.8019,content-based,2025-10-22
PRD02885,PRD02902,0.5694,content-based,2025-03-05
PRD02885,PRD02896,0.7074,hybrid,2025-09-25
PRD02886,PRD02905,0.8737,pagerank,2025-07-31
PRD02886,PRD02890,0.8397,hybrid,2024-02-04
PRD02886,PRD02908,0.5582,hybrid,2022-05-11
PRD02887,PRD02898,0.9142,collaborative,2023-02-11
PRD02887,PRD02901,0.6273,collaborative,2022-05-17
PRD02887,PRD02893,0.6564,hybrid,2025-04-03
PRD02888,PRD02886,0.9467,collaborative,2024-12-05
PRD02888,PRD02900,0.8848,collaborative,2024-12-03
PRD02888,PRD02907,0.9658,collaborative,2024-11-21
PRD02889,PRD02893,0.9678,collaborative,2023-01-06
PRD02889,PRD02903,0.6686,node-similarity,2025-03-02
PRD02889,PRD02899,0.7739,content-based,2024-05-15
PRD02890,PRD02889,0.6115,node-similarity,2022-09-07
PRD02890,PRD02909,0.7129,node-similarity,2025-06-19
PRD02890,PRD02900,0.8612,pagerank,2024-06-28
PRD02891,PRD02886,0.67,content-based,2025-09-14
PRD02891,PRD02889,0.9403,hybrid,2024-02-18
PRD02891,PRD02907,0.5845,hybrid,2022-01-28
PRD02892,PRD02887,0.658,content-based,2024-12-16
PRD02892,PRD02904,0.7717,collaborative,2023-11-25
PRD02892,PRD02899,0.7941,content-based,2023-08-12
PRD02893,PRD02899,0.719,content-based,2022-02-03
PRD02893,PRD02896,0.8181,pagerank,2025-08-24
PRD02893,PRD02901,0.7581,hybrid,2022-09-02
PRD02894,PRD02897,0.8374,hybrid,2024-11-23
PRD02894,PRD02885,0.708,content-based,2022-12-20
PRD02894,PRD02902,0.8341,pagerank,2022-09-05
PRD02895,PRD02897,0.9762,collaborative,2025-03-17
PRD02895,PRD02888,0.7651,content-based,2025-01-08
PRD02895,PRD02909,0.8555,node-similarity,2023-04-22
PRD02896,PRD02907,0.834,content-based,2023-08-09
PRD02896,PRD02908,0.9285,node-similarity,2023-10-05
PRD02896,PRD02901,0.7317,node-similarity,2025-12-27
PRD02897,PRD02889,0.9356,content-based,2022-12-18
PRD02897,PRD02904,0.6425,pagerank,2024-09-29
PRD02897,PRD02896,0.5863,collaborative,2024-06-03
PRD02898,PRD02890,0.7518,hybrid,2023-11-28
PRD02898,PRD02907,0.962,collaborative,2024-02-20
PRD02898,PRD02903,0.7697,content-based,2022-12-01
PRD02899,PRD02885,0.7891,content-based,2025-05-14
PRD02899,PRD02900,0.8811,pagerank,2024-06-19
PRD02899,PRD02901,0.6927,pagerank,2024-12-13
PRD02900,PRD02893,0.9819,collaborative,2025-03-04
PRD02900,PRD02896,0.6679,collaborative,2025-10-20
PRD02901,PRD02904,0.9889,node-similarity,2022-04-23
PRD02902,PRD02893,0.7309,pagerank,2024-11-12
PRD02902,PRD02905,0.5617,node-similarity,2023-05-22
PRD02902,PRD02888,0.6627,node-similarity,2022-12-29
PRD02903,PRD02904,0.6867,pagerank,2025-12-11
PRD02903,PRD02908,0.559,hybrid,2023-11-11
PRD02903,PRD02886,0.6042,collaborative,2023-08-17
PRD02904,PRD02896,0.8097,node-similarity,2024-09-25
PRD02904,PRD02905,0.6122,collaborative,2022-09-20
PRD02904,PRD02909,0.9618,collaborative,2022-12-29
PRD02905,PRD02898,0.6049,content-based,2023-09-09
PRD02906,PRD02898,0.7937,pagerank,2025-08-03
PRD02906,PRD02900,0.7995,hybrid,2024-09-03
PRD02906,PRD02897,0.8021,node-similarity,2024-01-09
PRD02907,PRD02901,0.7235,collaborative,2022-11-22
PRD02907,PRD02894,0.9854,content-based,2024-07-03
PRD02907,PRD02885,0.6743,content-based,2025-07-02
PRD02908,PRD02895,0.8509,collaborative,2023-11-21
PRD02908,PRD02885,0.7617,node-similarity,2025-08-04
PRD02909,PRD02898,0.6141,node-similarity,2022-05-20
PRD02909,PRD02899,0.7286,collaborative,2023-06-02
PRD02909,PRD02888,0.7345,collaborative,2025-12-13
PRD02910,PRD02930,0.9103,collaborative,2025-10-20
PRD02910,PRD02925,0.9888,hybrid,2025-03-09
PRD02910,PRD02927,0.5917,hybrid,2022-06-15
PRD02911,PRD02932,0.7156,hybrid,2024-04-05
PRD02911,PRD02934,0.6246,content-based,2024-07-18
PRD02911,PRD02923,0.6048,pagerank,2025-01-31
PRD02912,PRD02929,0.6322,content-based,2022-01-16
PRD02912,PRD02936,0.9324,node-similarity,2025-09-02
PRD02912,PRD02915,0.6056,collaborative,2022-09-06
PRD02913,PRD02920,0.9281,content-based,2023-09-18
PRD02913,PRD02928,0.5953,node-similarity,2024-02-03
PRD02913,PRD02932,0.5929,hybrid,2022-07-29
PRD02914,PRD02933,0.8565,pagerank,2022-04-15
PRD02914,PRD02920,0.7634,collaborative,2025-01-27
PRD02914,PRD02926,0.9496,content-based,2025-05-24
PRD02915,PRD02910,0.6246,node-similarity,2025-09-09
PRD02915,PRD02923,0.6189,pagerank,2022-02-02
PRD02915,PRD02925,0.6656,pagerank,2024-09-30
PRD02916,PRD02936,0.7156,node-similarity,2024-08-24
PRD02916,PRD02933,0.95,content-based,2025-02-13
PRD02916,PRD02923,0.874,node-similarity,2023-05-13
PRD02917,PRD02921,0.6188,node-similarity,2025-09-24
PRD02917,PRD02915,0.5988,collaborative,2024-03-28
PRD02917,PRD02935,0.7549,hybrid,2024-11-16
PRD02918,PRD02930,0.6852,collaborative,2025-11-07
PRD02918,PRD02917,0.6464,content-based,2024-03-15
PRD02918,PRD02937,0.7422,content-based,2022-02-15
PRD02919,PRD02937,0.915,hybrid,2023-01-13
PRD02919,PRD02918,0.832,node-similarity,2024-11-23
PRD02919,PRD02934,0.6288,pagerank,2022-07-29
PRD02920,PRD02924,0.8206,collaborative,2023-05-16
PRD02920,PRD02925,0.9351,content-based,2025-11-13
PRD02920,PRD02922,0.7934,node-similarity,2025-10-18
PRD02921,PRD02923,0.6409,content-based,2025-08-19
PRD02921,PRD02927,0.684,pagerank,2022-04-13
PRD02921,PRD02938,0.8099,hybrid,2024-04-09
PRD02922,PRD02916,0.6396,pagerank,2025-08-27
PRD02922,PRD02932,0.7611,node-similarity,2022-08-18
PRD02922,PRD02915,0.7437,collaborative,2022-07-23
PRD02923,PRD02933,0.8466,pagerank,2023-05-29
PRD02923,PRD02929,0.9094,hybrid,2022-04-17
PRD02923,PRD02912,0.8016,node-similarity,2023-04-10
PRD02924,PRD02911,0.6748,hybrid,2023-01-23
PRD02924,PRD02926,0.7398,pagerank,2025-02-26
PRD02924,PRD02922,0.813,content-based,2022-06-02
PRD02925,PRD02933,0.8472,pagerank,2025-04-24
PRD02925,PRD02917,0.7831,node-similarity,2024-03-21
PRD02925,PRD02935,0.863,pagerank,2023-11-27
PRD02926,PRD02937,0.7707,hybrid,2023-02-15
PRD02926,PRD02929,0.7872,collaborative,2023-06-10
PRD02926,PRD02923,0.987,collaborative,2023-07-24
PRD02927,PRD02924,0.6918,node-similarity,2023-07-02
PRD02927,PRD02930,0.7101,pagerank,2024-05-03
PRD02927,PRD02919,0.758,hybrid,2023-10-02
PRD02928,PRD02926,0.6786,hybrid,2023-10-06
PRD02928,PRD02921,0.9767,collaborative,2025-12-22
PRD02929,PRD02917,0.812,node-similarity,2022-04-26
PRD02929,PRD02935,0.9258,node-similarity,2023-07-07
PRD02929,PRD02927,0.6912,node-similarity,2022-09-03
PRD02930,PRD02922,0.5581,hybrid,2022-01-22
PRD02930,PRD02923,0.6565,content-based,2023-03-16
PRD02930,PRD02925,0.8791,hybrid,2023-04-03
PRD02931,PRD02911,0.8534,content-based,2024-05-04
PRD02931,PRD02926,0.9415,collaborative,2025-08-28
PRD02931,PRD02936,0.8482,hybrid,2025-06-11
PRD02932,PRD02914,0.6462,hybrid,2025-01-21
PRD02932,PRD02927,0.6269,pagerank,2023-02-21
PRD02932,PRD02933,0.8986,collaborative,2024-10-04
PRD02933,PRD02913,0.7527,content-based,2022-12-02
PRD02933,PRD02936,0.9072,collaborative,2025-08-14
PRD02933,PRD02917,0.6401,collaborative,2025-06-17
PRD02934,PRD02925,0.8592,collaborative,2023-01-18
PRD02934,PRD02912,0.9217,content-based,2022-09-01
PRD02934,PRD02924,0.8052,pagerank,2023-04-25
PRD02935,PRD02928,0.7357,pagerank,2022-06-04
PRD02936,PRD02924,0.6015,hybrid,2022-04-26
PRD02936,PRD02935,0.5632,node-similarity,2023-08-27
PRD02936,PRD02915,0.9619,collaborative,2022-08-17
PRD02937,PRD02924,0.8055,node-similarity,2023-05-26
PRD02937,PRD02936,0.754,hybrid,2022-10-20
PRD02938,PRD02919,0.8625,node-similarity,2023-12-20
PRD02938,PRD02917,0.9578,content-based,2025-07-01
PRD02938,PRD02935,0.5568,collaborative,2024-11-25
PRD02939,PRD02970,0.6931,node-similarity,2022-11-17
PRD02939,PRD02969,0.5735,content-based,2024-11-22
PRD02939,PRD02944,0.6923,node-similarity,2022-05-25
PRD02940,PRD02964,0.553,content-based,2023-02-13
PRD02940,PRD02967,0.8902,collaborative,2023-11-23
PRD02940,PRD02953,0.7998,hybrid,2023-04-14
PRD02941,PRD02940,0.5949,hybrid,2025-03-05
PRD02941,PRD02958,0.7311,node-similarity,2025-10-03
PRD02941,PRD02964,0.8747,hybrid,2024-09-25
PRD02942,PRD02959,0.9743,node-similarity,2022-12-18
PRD02942,PRD02941,0.6589,node-similarity,2023-12-31
PRD02942,PRD02969,0.6188,content-based,2022-05-28
PRD02943,PRD02964,0.7355,collaborative,2024-08-04
PRD02943,PRD02944,0.6188,node-similarity,2024-10-14
PRD02943,PRD02951,0.5543,node-similarity,2023-11-23
PRD02944,PRD02948,0.6657,collaborative,2025-11-02
PRD02944,PRD02970,0.9809,hybrid,2023-06-30
PRD02945,PRD02943,0.7333,content-based,2022-10-04
PRD02945,PRD02948,0.909,content-based,2024-04-10
PRD02945,PRD02969,0.9579,hybrid,2025-05-28
PRD02946,PRD02966,0.5786,pagerank,2022-08-10
PRD02946,PRD02949,0.6068,collaborative,2024-03-03
PRD02946,PRD02956,0.9255,hybrid,2022-01-30
PRD02947,PRD02962,0.8826,node-similarity,2024-04-21
PRD02947,PRD02952,0.975,hybrid,2025-08-30
PRD02947,PRD02965,0.8575,collaborative,2022-11-05
PRD02948,PRD02963,0.7251,content-based,2024-10-06
PRD02948,PRD02952,0.8348,pagerank,2022-08-06
PRD02948,PRD02940,0.7184,node-similarity,2024-09-04
PRD02949,PRD02954,0.6702,content-based,2022-10-23
PRD02949,PRD02948,0.7838,hybrid,2024-09-21
PRD02949,PRD02956,0.8002,hybrid,2024-05-26
PRD02950,PRD02943,0.9079,content-based,2024-04-22
PRD02950,PRD02959,0.7516,node-similarity,2024-05-15
PRD02950,PRD02939,0.6833,pagerank,2024-05-16
PRD02951,PRD02944,0.6728,content-based,2023-09-11
PRD02951,PRD02968,0.5822,hybrid,2024-05-17
PRD02951,PRD02964,0.6545,pagerank,2023-06-10
PRD02952,PRD02954,0.7587,collaborative,2022-08-24
PRD02952,PRD02946,0.9877,pagerank,2023-01-15
PRD02953,PRD02943,0.752,hybrid,2022-10-09
PRD02953,PRD02958,0.9204,collaborative,2025-04-01
PRD02953,PRD02970,0.7532,hybrid,2025-01-20
PRD02954,PRD02969,0.6312,collaborative,2022-07-11
PRD02954,PRD02940,0.6331,content-based,2025-01-30
PRD02954,PRD02944,0.9505,hybrid,2025-09-08
PRD02955,PRD02965,0.6771,hybrid,2023-02-17
PRD02955,PRD02958,0.9529,collaborative,2025-10-13
PRD02955,PRD02940,0.855,content-based,2023-03-03
PRD02956,PRD02942,0.8225,pagerank,2024-05-05
PRD02956,PRD02955,0.761,content-based,2025-04-10
PRD02956,PRD02957,0.6191,pagerank,2025-04-30
PRD02957,PRD02964,0.774,content-based,2025-04-18
PRD02957,PRD02961,0.7943,hybrid,2025-08-20
PRD02957,PRD02969,0.8173,collaborative,2024-10-24
PRD02958,PRD02943,0.5969,collaborative,2023-04-18
PRD02958,PRD02968,0.9593,node-similarity,2023-10-15
PRD02959,PRD02949,0.8984,pagerank,2022-04-08
PRD02959,PRD02947,0.9899,node-similarity,2025-03-15
PRD02960,PRD02966,0.7889,hybrid,2022-02-08
PRD02960,PRD02957,0.5963,node-similarity,2025-10-07
PRD02960,PRD02962,0.9592,node-similarity,2022-08-19
PRD02961,PRD02967,0.9373,pagerank,2024-04-27
PRD02961,PRD02960,0.7188,collaborative,2024-04-20
PRD02961,PRD02944,0.5972,node-similarity,2023-03-12
PRD02962,PRD02948,0.9345,pagerank,2025-09-03
PRD02962,PRD02944,0.8848,node-similarity,2022-03-23
PRD02962,PRD02953,0.7795,node-similarity,2022-01-07
PRD02963,PRD02945,0.6748,collaborative,2025-07-31
PRD02963,PRD02944,0.7024,pagerank,2022-11-15
PRD02963,PRD02969,0.5742,pagerank,2025-08-16
PRD02964,PRD02965,0.7797,collaborative,2023-05-20
PRD02964,PRD02954,0.5752,hybrid,2022-02-10
PRD02964,PRD02959,0.8759,content-based,2023-10-23
PRD02965,PRD02966,0.6514,hybrid,2024-01-13
PRD02965,PRD02958,0.8423,pagerank,2022-12-17
PRD02965,PRD02962,0.688,collaborative,2023-02-03
PRD02966,PRD02956,0.8375,node-similarity,2023-10-07
PRD02966,PRD02961,0.5939,pagerank,2024-08-14
PRD02966,PRD02940,0.9409,content-based,2023-01-25
PRD02967,PRD02970,0.6179,collaborative,2025-12-24
PRD02967,PRD02964,0.9237,content-based,2022-09-27
PRD02967,PRD02969,0.7736,node-similarity,2023-06-25
PRD02968,PRD02957,0.8799,content-based,2025-01-05
PRD02968,PRD02947,0.7032,hybrid,2022-09-18
PRD02968,PRD02945,0.9,hybrid,2022-08-17
PRD02969,PRD02970,0.6385,collaborative,2023-07-07
PRD02969,PRD02959,0.6437,hybrid,2024-09-26
PRD02969,PRD02956,0.6711,node-similarity,2024-05-10
PRD02970,PRD02940,0.8025,pagerank,2024-04-23
PRD02970,PRD02942,0.6377,collaborative,2025-02-25
PRD02971,PRD02998,0.6765,hybrid,2024-04-20
PRD02971,PRD02979,0.9514,collaborative,2025-06-05
PRD02971,PRD02984,0.7859,node-similarity,2025-08-11
PRD02972,PRD02997,0.9078,node-similarity,2023-09-30
PRD02972,PRD02986,0.5609,node-similarity,2022-09-07
PRD02972,PRD02975,0.5756,collaborative,2023-11-05
PRD02973,PRD02985,0.658,content-based,2022-10-10
PRD02973,PRD02975,0.6983,node-similarity,2022-04-28
PRD02973,PRD02998,0.641,content-based,2022-11-08
PRD02974,PRD02983,0.7334,content-based,2022-11-25
PRD02974,PRD02995,0.5774,collaborative,2024-11-16
PRD02974,PRD02971,0.8384,content-based,2025-10-10
PRD02975,PRD02988,0.9642,hybrid,2024-05-28
PRD02975,PRD02974,0.7667,pagerank,2024-10-23
PRD02976,PRD02979,0.9599,node-similarity,2022-10-13
PRD02976,PRD02999,0.9127,pagerank,2025-06-01
PRD02976,PRD02972,0.882,node-similarity,2024-06-30
PRD02977,PRD02975,0.6063,content-based,2023-04-11
PRD02977,PRD02987,0.8478,content-based,2022-08-07
PRD02977,PRD02998,0.8097,hybrid,2023-04-15
PRD02978,PRD02996,0.869,node-similarity,2025-05-22
PRD02978,PRD02988,0.863,content-based,2022-01-10
PRD02978,PRD02972,0.6657,content-based,2024-10-29
PRD02979,PRD02993,0.7697,node-similarity,2024-12-31
PRD02979,PRD02975,0.8133,hybrid,2022-09-10
PRD02979,PRD02981,0.6393,node-similarity,2024-04-09
PRD02980,PRD02981,0.9019,pagerank,2022-07-24
PRD02980,PRD02978,0.7586,collaborative,2023-03-24
PRD02980,PRD02991,0.9372,collaborative,2025-04-13
PRD02981,PRD02997,0.6695,hybrid,2025-08-04
PRD02981,PRD02971,0.5741,node-similarity,2022-08-31
PRD02982,PRD02976,0.9826,collaborative,2024-03-11
PRD02982,PRD02993,0.685,hybrid,2024-10-21
PRD02982,PRD02981,0.8078,collaborative,2024-11-30
PRD02983,PRD02993,0.6402,node-similarity,2025-02-02
PRD02983,PRD02996,0.9009,node-similarity,2023-08-05
PRD02983,PRD02990,0.7092,hybrid,2022-10-13
PRD02984,PRD02978,0.8654,collaborative,2023-12-28
PRD02984,PRD02983,0.9,content-based,2024-03-03
PRD02984,PRD02995,0.5971,node-similarity,2025-08-15
PRD02985,PRD02998,0.8535,collaborative,2023-09-09
PRD02985,PRD02990,0.891,pagerank,2024-03-01
PRD02986,PRD02992,0.7093,node-similarity,2023-08-21
PRD02986,PRD02978,0.6247,pagerank,2022-06-17
PRD02986,PRD02993,0.9584,pagerank,2025-09-21
PRD02987,PRD02986,0.9763,hybrid,2022-10-02
PRD02987,PRD02997,0.8672,pagerank,2024-10-03
PRD02987,PRD02992,0.6713,pagerank,2024-09-21
PRD02988,PRD02993,0.5653,hybrid,2025-06-30
PRD02988,PRD02979,0.9627,hybrid,2025-08-04
PRD02988,PRD02992,0.7738,pagerank,2023-07-07
PRD02989,PRD02999,0.7769,collaborative,2022-03-25
PRD02989,PRD02986,0.8374,content-based,2024-02-23
PRD02989,PRD02981,0.9875,hybrid,2025-05-08
PRD02990,PRD02994,0.6788,collaborative,2022-06-22
PRD02990,PRD02984,0.5658,hybrid,2024-01-18
PRD02990,PRD02988,0.7795,content-based,2025-08-04
PRD02991,PRD02987,0.5953,content-based,2025-01-09
PRD02991,PRD02982,0.6912,pagerank,2025-12-31
PRD02991,PRD02998,0.5896,content-based,2024-09-08
PRD02992,PRD02999,0.9019,hybrid,2024-05-23
PRD02992,PRD02995,0.8518,collaborative,2025-03-08
PRD02992,PRD02993,0.702,collaborative,2024-12-08
PRD02993,PRD02973,0.6796,content-based,2024-10-31
PRD02993,PRD02974,0.6924,node-similarity,2025-12-24
PRD02994,PRD02971,0.691,pagerank,2023-10-30
PRD02994,PRD02991,0.819,hybrid,2024-02-08
PRD02994,PRD02983,0.7696,pagerank,2025-02-25
PRD02995,PRD02981,0.687,hybrid,2025-03-11
PRD02995,PRD02971,0.6284,pagerank,2024-04-01
PRD02995,PRD02991,0.5885,hybrid,2024-03-17
PRD02996,PRD02980,0.6547,node-similarity,2025-08-14
PRD02996,PRD02974,0.7042,node-similarity,2023-08-10
PRD02997,PRD02979,0.6689,pagerank,2023-01-05
PRD02998,PRD02972,0.5861,collaborative,2025-07-22
PRD02998,PRD02990,0.622,node-similarity,2024-08-22
PRD02998,PRD02987,0.952,hybrid,2023-01-01
PRD02999,PRD02983,0.7103,content-based,2022-01-19
PRD02999,PRD02991,0.722,hybrid,2023-03-03
PRD02999,PRD02995,0.6679,collaborative,2022-05-23
