sellerId,productId,listedAt,sellerPrice,isActive
SEL0073,PRD00001,2023-03-29,896.8,true
SEL0092,PRD00002,2023-01-11,319.63,true
SEL0037,PRD00003,2021-01-17,403.43,true
SEL0005,PRD00004,2020-12-18,1502.86,true
SEL0080,PRD00005,2020-06-22,1201.68,true
SEL0007,PRD00006,2023-11-14,778.83,true
SEL0029,PRD00007,2023-10-29,2102.68,true
SEL0001,PRD00008,2021-11-04,2419.58,true
SEL0085,PRD00009,2024-06-06,453.6,true
SEL0038,PRD00010,2023-08-30,1743.62,true
SEL0016,PRD00011,2023-12-28,430.13,true
SEL0089,PRD00012,2023-12-17,2093.84,false
SEL0078,PRD00013,2024-06-02,2231.6,true
SEL0063,PRD00014,2022-04-12,132.03,true
SEL0077,PRD00015,2024-07-27,531.73,true
SEL0014,PRD00016,2021-12-13,1796.48,true
SEL0094,PRD00017,2020-08-21,656.01,false
SEL0007,PRD00018,2020-06-09,857.71,true
SEL0001,PRD00019,2021-09-09,664.22,true
SEL0004,PRD00020,2022-04-12,11.31,true
SEL0049,PRD00021,2020-10-25,2418.09,true
SEL0081,PRD00022,2020-02-22,2141.53,true
SEL0081,PRD00023,2020-12-27,717.89,true
SEL0056,PRD00024,2024-04-19,462.0,true
SEL0079,PRD00025,2022-07-22,554.53,true
SEL0007,PRD00026,2024-03-02,2742.54,true
SEL0049,PRD00027,2021-12-19,236.44,false
SEL0080,PRD00028,2024-01-07,2291.09,false
SEL0057,PRD00029,2024-09-17,115.48,true
SEL0060,PRD00030,2024-08-01,1671.12,true
SEL0035,PRD00031,2023-12-15,1398.43,true
SEL0003,PRD00032,2021-12-14,1638.48,false
SEL0017,PRD00033,2021-10-19,289.77,true
SEL0084,PRD00034,2024-03-10,1358.43,false
SEL0006,PRD00035,2022-07-27,1870.36,true
SEL0051,PRD00036,2023-02-12,1501.98,false
SEL0071,PRD00037,2024-09-16,698.67,true
SEL0074,PRD00038,2021-01-09,2673.0,true
SEL0092,PRD00039,2023-10-08,465.64,true
SEL0089,PRD00040,2020-10-15,1119.57,true
SEL0037,PRD00041,2020-04-02,634.71,true
SEL0052,PRD00042,2024-03-16,1423.63,false
SEL0067,PRD00043,2023-09-06,1424.06,true
SEL0013,PRD00044,2021-10-15,380.82,true
SEL0022,PRD00045,2021-12-02,341.87,true
SEL0067,PRD00046,2020-08-23,732.72,true
SEL0053,PRD00047,2020-01-27,1976.12,true
SEL0091,PRD00048,2022-06-17,1204.66,true
SEL0061,PRD00049,2020-03-13,821.5,false
SEL0039,PRD00050,2023-06-08,1927.16,true
SEL0062,PRD00051,2020-10-25,1299.39,true
SEL0052,PRD00052,2023-02-27,2115.59,true
SEL0032,PRD00053,2021-04-01,159.54,true
SEL0029,PRD00054,2021-01-28,1077.49,true
SEL0003,PRD00055,2023-06-06,138.96,false
SEL0077,PRD00056,2022-07-18,179.1,true
SEL0027,PRD00057,2020-08-29,90.86,true
SEL0099,PRD00058,2020-04-12,1516.04,true
SEL0006,PRD00059,2023-08-09,2359.7,true
SEL0044,PRD00060,2023-06-12,547.7,true
SEL0034,PRD00061,2021-06-07,1842.79,true
SEL0056,PRD00062,2021-12-31,143.25,true
SEL0011,PRD00063,2023-04-10,2345.45,true
SEL0090,PRD00064,2021-05-14,2000.76,true
SEL0005,PRD00065,2021-05-29,2661.94,true
SEL0097,PRD00066,2023-12-20,2794.08,true
SEL0091,PRD00067,2023-12-04,1407.76,true
SEL0097,PRD00068,2023-11-06,196.6,true
SEL0036,PRD00069,2021-10-17,377.04,true
SEL0024,PRD00070,2024-03-25,1520.71,true
SEL0013,PRD00071,2024-07-09,2279.12,true
SEL0075,PRD00072,2021-08-24,306.24,true
SEL0024,PRD00073,2024-09-15,1806.43,true
SEL0080,PRD00074,2023-07-25,1184.57,false
SEL0038,PRD00075,2020-11-14,2476.65,false
SEL0095,PRD00076,2021-03-25,1134.04,true
SEL0079,PRD00077,2024-10-23,341.07,true
SEL0003,PRD00078,2023-03-08,1780.59,true
SEL0057,PRD00079,2022-12-24,2653.89,false
SEL0091,PRD00080,2021-08-06,2105.2,false
SEL0026,PRD00081,2023-01-23,2353.25,true
SEL0065,PRD00082,2023-10-04,1838.26,true
SEL0093,PRD00083,2021-11-19,2086.63,true
SEL0045,PRD00084,2020-07-28,1961.26,true
SEL0065,PRD00085,2023-04-25,1685.98,true
SEL0049,PRD00086,2020-11-22,1060.79,true
SEL0011,PRD00087,2022-06-07,2300.58,false
SEL0048,PRD00088,2024-08-24,696.91,true
SEL0050,PRD00089,2021-04-01,641.69,false
SEL0029,PRD00090,2020-01-01,596.01,true
SEL0087,PRD00091,2024-07-22,1557.06,true
SEL0075,PRD00092,2024-10-12,1716.72,true
SEL0045,PRD00093,2022-03-22,1173.88,true
SEL0059,PRD00094,2023-09-26,2199.89,true
SEL0097,PRD00095,2021-11-05,658.62,true
SEL0012,PRD00096,2021-06-25,158.85,false
SEL0027,PRD00097,2021-11-27,2256.82,true
SEL0089,PRD00098,2022-10-30,1812.86,false
SEL0020,PRD00099,2022-01-24,2219.93,false
SEL0034,PRD00100,2023-12-04,1364.06,false
SEL0016,PRD00101,2024-07-11,1647.08,false
SEL0047,PRD00102,2022-05-02,208.98,true
SEL0060,PRD00103,2022-04-03,1053.79,false
SEL0028,PRD00104,2021-05-13,439.31,true
SEL0066,PRD00105,2022-03-13,1570.49,true
SEL0011,PRD00106,2020-04-24,356.15,false
SEL0059,PRD00107,2023-03-14,1906.86,true
SEL0079,PRD00108,2024-12-18,1541.61,true
SEL0075,PRD00109,2023-08-09,1964.45,true
SEL0030,PRD00110,2021-09-29,792.08,false
SEL0077,PRD00111,2020-12-18,182.04,true
SEL0011,PRD00112,2021-12-06,2301.31,true
SEL0064,PRD00113,2023-05-10,1300.51,false
SEL0058,PRD00114,2023-07-15,1306.83,false
SEL0095,PRD00115,2021-03-17,1231.76,true
SEL0054,PRD00116,2024-02-23,2384.08,true
SEL0007,PRD00117,2022-08-20,2365.28,false
SEL0062,PRD00118,2022-02-23,2666.78,true
SEL0048,PRD00119,2021-03-15,1728.48,true
SEL0005,PRD00120,2021-02-23,435.48,true
SEL0055,PRD00121,2023-10-09,1940.43,true
SEL0040,PRD00122,2023-06-05,783.69,true
SEL0081,PRD00123,2023-10-20,1885.6,true
SEL0049,PRD00124,2021-09-09,95.55,false
SEL0049,PRD00125,2020-01-13,1251.7,true
SEL0058,PRD00126,2022-03-12,2209.69,true
SEL0027,PRD00127,2024-10-10,1348.23,true
SEL0085,PRD00128,2020-12-12,1207.28,true
SEL0069,PRD00129,2024-05-16,593.6,true
SEL0019,PRD00130,2022-10-19,1856.74,true
SEL0012,PRD00131,2022-07-24,2254.51,false
SEL0096,PRD00132,2021-11-20,2798.95,false
SEL0059,PRD00133,2021-04-19,1327.24,true
SEL0049,PRD00134,2023-10-25,1484.38,true
SEL0063,PRD00135,2020-11-21,859.53,false
SEL0097,PRD00136,2020-11-30,1928.68,true
SEL0053,PRD00137,2022-02-03,345.2,false
SEL0010,PRD00138,2021-06-14,1605.69,false
SEL0053,PRD00139,2021-12-23,2275.02,false
SEL0081,PRD00140,2020-08-30,1221.33,true
SEL0021,PRD00141,2020-11-19,185.63,true
SEL0026,PRD00142,2021-06-07,1603.78,true
SEL0044,PRD00143,2024-01-28,1084.38,true
SEL0089,PRD00144,2021-06-21,1215.01,true
SEL0059,PRD00145,2022-05-31,1361.23,true
SEL0055,PRD00146,2020-07-16,1453.19,true
SEL0004,PRD00147,2023-03-30,2127.4,true
SEL0083,PRD00148,2022-09-06,1708.52,true
SEL0072,PRD00149,2021-05-15,1247.99,true
SEL0063,PRD00150,2020-01-26,2338.16,true
SEL0096,PRD00151,2020-08-25,1245.39,false
SEL0062,PRD00152,2020-01-20,818.05,true
SEL0083,PRD00153,2024-09-05,975.29,true
SEL0012,PRD00154,2023-05-12,2332.74,false
SEL0008,PRD00155,2022-03-24,2478.11,true
SEL0040,PRD00156,2023-06-19,2088.87,true
SEL0054,PRD00157,2024-02-27,970.53,true
SEL0006,PRD00158,2024-09-21,436.05,false
SEL0046,PRD00159,2022-12-17,538.38,true
SEL0034,PRD00160,2020-04-22,2632.98,true
SEL0013,PRD00161,2022-03-07,1480.37,false
SEL0082,PRD00162,2023-08-08,1979.64,true
SEL0026,PRD00163,2024-06-25,1379.16,true
SEL0042,PRD00164,2021-08-04,929.56,true
SEL0074,PRD00165,2022-05-08,942.18,true
SEL0038,PRD00166,2024-05-26,1845.79,true
SEL0066,PRD00167,2023-02-24,2396.12,true
SEL0084,PRD00168,2022-09-06,1291.01,false
SEL0047,PRD00169,2022-12-21,2653.43,true
SEL0093,PRD00170,2024-10-05,585.15,true
SEL0098,PRD00171,2023-04-23,1772.38,false
SEL0009,PRD00172,2024-08-20,2178.88,true
SEL0059,PRD00173,2023-03-09,1193.22,true
SEL0086,PRD00174,2021-07-30,2151.97,true
SEL0088,PRD00175,2021-07-04,2345.62,true
SEL0044,PRD00176,2024-10-26,697.12,true
SEL0084,PRD00177,2020-05-07,2401.0,true
SEL0017,PRD00178,2022-03-21,159.38,true
SEL0090,PRD00179,2021-12-23,2123.19,false
SEL0082,PRD00180,2022-11-26,1342.83,true
SEL0048,PRD00181,2024-02-10,2431.0,false
SEL0030,PRD00182,2022-06-08,1916.9,true
SEL0015,PRD00183,2020-10-10,436.86,true
SEL0053,PRD00184,2021-02-04,357.79,false
SEL0030,PRD00185,2024-12-05,1125.92,false
SEL0032,PRD00186,2021-02-07,2003.6,true
SEL0072,PRD00187,2024-09-05,1772.27,true
SEL0051,PRD00188,2023-03-15,260.07,true
SEL0058,PRD00189,2020-03-22,1937.91,true
SEL0015,PRD00190,2021-11-05,603.53,true
SEL0035,PRD00191,2021-02-22,881.9,false
SEL0020,PRD00192,2023-06-02,1465.67,true
SEL0052,PRD00193,2021-01-12,947.35,true
SEL0034,PRD00194,2024-07-26,1908.02,true
SEL0058,PRD00195,2020-06-30,1073.73,true
SEL0003,PRD00196,2024-12-26,1302.94,false
SEL0040,PRD00197,2023-06-17,599.44,true
SEL0029,PRD00198,2023-08-03,1646.07,true
SEL0049,PRD00199,2022-10-29,627.55,false
SEL0099,PRD00200,2020-09-29,621.08,false
SEL0005,PRD00201,2020-10-17,2430.84,true
SEL0052,PRD00202,2021-09-26,1375.53,true
SEL0098,PRD00203,2021-04-22,1044.01,true
SEL0061,PRD00204,2022-03-26,214.4,true
SEL0062,PRD00205,2020-03-01,1841.7,false
SEL0006,PRD00206,2023-01-29,2227.21,false
SEL0040,PRD00207,2021-06-24,923.55,true
SEL0076,PRD00208,2024-04-22,1953.45,true
SEL0084,PRD00209,2022-10-06,299.57,false
SEL0090,PRD00210,2023-10-10,857.76,true
SEL0084,PRD00211,2023-08-10,1204.29,true
SEL0032,PRD00212,2022-03-08,1967.67,true
SEL0003,PRD00213,2024-03-16,359.26,true
SEL0032,PRD00214,2023-11-04,658.87,true
SEL0024,PRD00215,2021-01-23,1470.75,false
SEL0064,PRD00216,2020-11-22,473.04,true
SEL0057,PRD00217,2021-04-13,2194.37,true
SEL0070,PRD00218,2020-06-25,1562.28,true
SEL0026,PRD00219,2021-12-02,783.06,true
SEL0017,PRD00220,2020-03-30,1749.93,true
SEL0094,PRD00221,2022-12-15,355.66,true
SEL0018,PRD00222,2021-08-20,1438.86,true
SEL0013,PRD00223,2023-07-11,230.88,false
SEL0068,PRD00224,2024-01-13,1836.61,true
SEL0075,PRD00225,2020-11-23,337.13,true
SEL0040,PRD00226,2024-06-05,613.61,false
SEL0064,PRD00227,2023-02-01,2025.89,false
SEL0030,PRD00228,2021-02-01,780.27,true
SEL0050,PRD00229,2022-02-14,1854.06,false
SEL0055,PRD00230,2024-02-15,1962.06,true
SEL0079,PRD00231,2021-03-01,1807.07,true
SEL0095,PRD00232,2022-09-26,1021.85,true
SEL0031,PRD00233,2022-10-31,1689.75,false
SEL0038,PRD00234,2024-10-01,2045.45,true
SEL0030,PRD00235,2022-11-05,2310.76,true
SEL0068,PRD00236,2022-11-27,682.22,true
SEL0087,PRD00237,2022-07-12,1079.24,true
SEL0095,PRD00238,2024-03-29,328.72,true
SEL0033,PRD00239,2020-12-01,304.2,true
SEL0082,PRD00240,2022-11-14,123.11,false
SEL0081,PRD00241,2021-06-04,1133.9,true
SEL0075,PRD00242,2021-06-29,963.41,true
SEL0045,PRD00243,2024-05-08,1676.91,false
SEL0076,PRD00244,2023-08-21,543.09,true
SEL0001,PRD00245,2024-12-01,1325.63,false
SEL0007,PRD00246,2023-01-02,370.1,false
SEL0048,PRD00247,2024-06-07,2471.12,true
SEL0074,PRD00248,2021-04-14,1985.62,true
SEL0099,PRD00249,2022-02-08,2350.21,false
SEL0002,PRD00250,2020-02-29,739.72,true
SEL0024,PRD00251,2022-09-08,1647.25,true
SEL0078,PRD00252,2022-04-22,1214.4,true
SEL0038,PRD00253,2024-02-17,798.09,true
SEL0081,PRD00254,2021-02-07,119.96,true
SEL0098,PRD00255,2022-11-18,149.91,true
SEL0094,PRD00256,2022-01-21,798.37,false
SEL0030,PRD00257,2021-05-30,2375.78,true
SEL0089,PRD00258,2022-03-04,995.98,true
SEL0033,PRD00259,2024-05-17,2574.11,false
SEL0084,PRD00260,2023-09-24,1807.37,true
SEL0045,PRD00261,2023-07-14,1905.13,true
SEL0033,PRD00262,2021-12-13,1775.0,true
SEL0048,PRD00263,2022-11-20,1992.08,true
SEL0075,PRD00264,2020-08-08,1028.31,true
SEL0072,PRD00265,2022-07-06,1505.84,true
SEL0013,PRD00266,2023-08-25,593.58,true
SEL0013,PRD00267,2024-05-05,2112.3,true
SEL0067,PRD00268,2024-12-25,712.66,false
SEL0077,PRD00269,2024-02-02,526.36,false
SEL0009,PRD00270,2023-01-30,2035.11,true
SEL0050,PRD00271,2021-10-22,2253.36,true
SEL0034,PRD00272,2020-07-31,961.7,false
SEL0098,PRD00273,2021-10-01,517.88,true
SEL0004,PRD00274,2021-10-31,1216.59,true
SEL0017,PRD00275,2022-04-22,340.61,true
SEL0055,PRD00276,2021-03-22,2445.04,true
SEL0024,PRD00277,2024-04-21,2392.83,false
SEL0070,PRD00278,2024-02-17,360.86,true
SEL0043,PRD00279,2022-09-11,392.74,false
SEL0051,PRD00280,2022-07-31,2083.52,false
SEL0100,PRD00281,2020-02-27,1201.05,true
SEL0013,PRD00282,2020-08-15,2030.25,true
SEL0036,PRD00283,2021-10-20,1652.7,true
SEL0046,PRD00284,2024-12-06,775.59,true
SEL0034,PRD00285,2023-11-12,386.53,true
SEL0009,PRD00286,2023-05-09,576.53,true
SEL0089,PRD00287,2020-11-20,2109.33,false
SEL0019,PRD00288,2024-06-05,1791.05,true
SEL0066,PRD00289,2020-10-21,1622.2,false
SEL0015,PRD00290,2020-02-26,927.29,false
SEL0002,PRD00291,2020-12-02,1273.8,true
SEL0036,PRD00292,2022-07-01,709.81,true
SEL0020,PRD00293,2022-10-02,491.6,true
SEL0017,PRD00294,2021-07-12,1775.28,false
SEL0041,PRD00295,2023-01-11,1942.14,true
SEL0014,PRD00296,2022-05-22,110.57,false
SEL0096,PRD00297,2023-06-12,2394.46,false
SEL0009,PRD00298,2022-10-28,1276.46,true
SEL0035,PRD00299,2023-10-03,181.03,false
SEL0057,PRD00300,2022-08-11,909.0,false
SEL0026,PRD00301,2020-08-26,1770.53,true
SEL0068,PRD00302,2020-04-13,2312.56,false
SEL0019,PRD00303,2023-08-25,2394.15,false
SEL0066,PRD00304,2024-03-18,478.06,true
SEL0012,PRD00305,2022-11-27,2004.3,true
SEL0073,PRD00306,2020-12-03,1964.94,true
SEL0099,PRD00307,2024-04-26,1724.02,true
SEL0005,PRD00308,2024-09-10,818.97,true
SEL0086,PRD00309,2022-11-16,1717.4,true
SEL0043,PRD00310,2023-09-17,850.51,false
SEL0037,PRD00311,2023-07-22,1182.32,true
SEL0083,PRD00312,2021-09-17,1110.73,true
SEL0100,PRD00313,2023-01-28,674.09,true
SEL0039,PRD00314,2023-06-05,566.55,true
SEL0079,PRD00315,2021-01-01,2068.76,false
SEL0060,PRD00316,2023-10-03,100.96,false
SEL0041,PRD00317,2021-04-10,978.36,false
SEL0053,PRD00318,2023-02-21,677.73,true
SEL0044,PRD00319,2023-08-14,117.11,true
SEL0087,PRD00320,2021-09-20,2515.5,true
SEL0096,PRD00321,2024-12-23,1029.43,true
SEL0025,PRD00322,2024-07-02,385.98,false
SEL0085,PRD00323,2021-09-12,757.03,true
SEL0077,PRD00324,2023-07-25,671.91,true
SEL0072,PRD00325,2023-03-14,338.14,true
SEL0004,PRD00326,2022-12-02,308.41,false
SEL0030,PRD00327,2021-12-31,812.27,true
SEL0074,PRD00328,2020-09-18,397.88,false
SEL0086,PRD00329,2022-11-04,841.73,true
SEL0091,PRD00330,2021-07-19,2550.84,true
SEL0073,PRD00331,2022-06-06,1479.19,true
SEL0002,PRD00332,2024-06-05,490.29,true
SEL0087,PRD00333,2024-12-18,1259.56,true
SEL0005,PRD00334,2020-09-03,1565.81,false
SEL0021,PRD00335,2021-08-08,1944.98,true
SEL0020,PRD00336,2020-05-14,797.25,true
SEL0020,PRD00337,2021-12-23,80.67,true
SEL0038,PRD00338,2021-03-24,2096.16,true
SEL0079,PRD00339,2020-11-15,956.28,true
SEL0055,PRD00340,2022-05-07,1936.35,true
SEL0047,PRD00341,2022-04-29,2275.87,false
SEL0064,PRD00342,2020-04-20,252.82,false
SEL0007,PRD00343,2022-06-19,1855.42,true
SEL0073,PRD00344,2022-02-06,325.56,true
SEL0062,PRD00345,2024-05-10,2379.84,true
SEL0065,PRD00346,2024-12-08,718.31,true
SEL0044,PRD00347,2024-05-06,886.84,true
SEL0089,PRD00348,2021-02-25,1176.67,true
SEL0061,PRD00349,2023-08-18,821.24,true
SEL0090,PRD00350,2023-08-08,1311.21,true
SEL0089,PRD00351,2020-05-08,1359.5,false
SEL0070,PRD00352,2020-06-14,2275.5,false
SEL0043,PRD00353,2024-06-19,383.58,true
SEL0047,PRD00354,2023-01-31,1950.84,true
SEL0068,PRD00355,2023-07-15,2101.34,true
SEL0031,PRD00356,2023-05-17,2279.92,true
SEL0008,PRD00357,2022-10-28,117.29,true
SEL0074,PRD00358,2022-01-15,838.51,true
SEL0052,PRD00359,2024-08-24,1391.45,true
SEL0002,PRD00360,2020-04-10,582.81,true
SEL0063,PRD00361,2023-12-18,1237.16,true
SEL0006,PRD00362,2022-06-08,925.67,false
SEL0067,PRD00363,2021-11-25,2507.77,true
SEL0008,PRD00364,2021-01-31,2572.11,true
SEL0070,PRD00365,2022-05-03,2565.6,true
SEL0039,PRD00366,2022-05-16,2677.51,true
SEL0007,PRD00367,2020-10-17,1338.03,false
SEL0082,PRD00368,2021-08-23,1781.65,false
SEL0065,PRD00369,2021-02-01,661.56,false
SEL0018,PRD00370,2021-04-30,2020.98,true
SEL0061,PRD00371,2020-01-09,2554.13,true
SEL0051,PRD00372,2023-11-04,1337.46,true
SEL0053,PRD00373,2023-12-15,580.78,true
SEL0080,PRD00374,2020-09-20,1515.7,true
SEL0030,PRD00375,2022-03-05,620.74,true
SEL0030,PRD00376,2021-08-15,1694.68,true
SEL0033,PRD00377,2024-01-05,1772.42,false
SEL0056,PRD00378,2021-04-14,1411.92,false
SEL0017,PRD00379,2022-10-25,1727.08,true
SEL0026,PRD00380,2020-09-02,489.88,true
SEL0025,PRD00381,2022-01-16,2170.31,true
SEL0095,PRD00382,2021-12-16,39.54,true
SEL0087,PRD00383,2022-05-27,809.75,true
SEL0058,PRD00384,2022-12-11,559.73,true
SEL0039,PRD00385,2021-11-09,655.98,true
SEL0078,PRD00386,2022-12-02,489.57,true
SEL0093,PRD00387,2021-03-19,102.89,true
SEL0063,PRD00388,2020-10-31,753.79,true
SEL0071,PRD00389,2022-11-28,1960.06,true
SEL0080,PRD00390,2021-01-09,2305.43,false
SEL0041,PRD00391,2021-09-19,2103.78,true
SEL0068,PRD00392,2022-08-25,1409.16,true
SEL0037,PRD00393,2024-07-08,195.88,true
SEL0089,PRD00394,2021-08-31,2421.44,true
SEL0025,PRD00395,2021-01-09,263.12,true
SEL0026,PRD00396,2022-05-12,1376.0,true
SEL0062,PRD00397,2020-03-11,743.83,true
SEL0093,PRD00398,2023-08-05,1395.84,true
SEL0036,PRD00399,2023-10-13,2161.55,false
SEL0013,PRD00400,2022-08-24,1410.66,false
SEL0066,PRD00401,2023-03-03,803.95,true
SEL0095,PRD00402,2021-02-21,2322.44,true
SEL0001,PRD00403,2021-07-19,1522.51,true
SEL0097,PRD00404,2021-09-14,13.19,true
SEL0018,PRD00405,2022-10-13,69.98,true
SEL0060,PRD00406,2021-03-15,1876.67,true
SEL0051,PRD00407,2024-10-04,1355.77,true
SEL0026,PRD00408,2022-07-12,2085.65,true
SEL0036,PRD00409,2023-03-12,1838.14,true
SEL0021,PRD00410,2020-11-21,2002.04,true
SEL0010,PRD00411,2021-08-17,857.83,true
SEL0054,PRD00412,2023-05-08,631.26,true
SEL0008,PRD00413,2023-04-02,2236.8,true
SEL0045,PRD00414,2024-01-11,1898.81,true
SEL0031,PRD00415,2024-11-03,47.34,true
SEL0018,PRD00416,2023-05-16,2395.52,true
SEL0066,PRD00417,2023-03-25,545.3,false
SEL0003,PRD00418,2022-06-10,386.48,true
SEL0010,PRD00419,2021-02-24,1880.64,false
SEL0035,PRD00420,2023-02-09,999.51,false
SEL0072,PRD00421,2024-07-17,1451.99,true
SEL0063,PRD00422,2022-02-17,686.41,true
SEL0051,PRD00423,2020-05-21,1690.35,true
SEL0015,PRD00424,2023-01-22,2388.06,true
SEL0086,PRD00425,2021-09-06,2332.27,true
SEL0004,PRD00426,2021-11-01,825.12,true
SEL0014,PRD00427,2021-11-13,2261.09,true
SEL0053,PRD00428,2024-04-08,772.42,true
SEL0054,PRD00429,2023-07-21,1809.91,true
SEL0060,PRD00430,2020-01-22,416.71,true
SEL0003,PRD00431,2023-09-07,1241.69,true
SEL0099,PRD00432,2023-05-12,2003.13,true
SEL0080,PRD00433,2023-07-11,773.79,false
SEL0020,PRD00434,2023-02-12,875.78,false
SEL0062,PRD00435,2024-03-08,932.4,true
SEL0061,PRD00436,2023-03-28,1393.42,true
SEL0010,PRD00437,2024-05-23,648.02,true
SEL0047,PRD00438,2024-02-19,1907.06,true
SEL0096,PRD00439,2020-05-11,2180.42,true
SEL0096,PRD00440,2021-05-14,1894.85,true
SEL0067,PRD00441,2022-12-30,1437.0,false
SEL0001,PRD00442,2020-03-24,2557.79,true
SEL0014,PRD00443,2024-10-07,1342.01,false
SEL0071,PRD00444,2024-05-26,1279.88,false
SEL0094,PRD00445,2021-12-23,2240.53,true
SEL0076,PRD00446,2023-10-12,1924.41,false
SEL0024,PRD00447,2023-07-22,1197.53,true
SEL0007,PRD00448,2023-11-07,1858.83,true
SEL0061,PRD00449,2024-08-24,568.32,true
SEL0049,PRD00450,2021-10-10,1613.12,true
SEL0013,PRD00451,2024-03-02,2510.8,true
SEL0005,PRD00452,2024-02-08,1027.15,true
SEL0021,PRD00453,2020-12-02,530.15,true
SEL0052,PRD00454,2020-12-30,1112.72,false
SEL0063,PRD00455,2020-12-18,2031.33,true
SEL0054,PRD00456,2024-05-16,789.22,true
SEL0092,PRD00457,2020-06-17,802.68,true
SEL0024,PRD00458,2024-10-21,170.61,true
SEL0077,PRD00459,2022-04-05,1265.09,true
SEL0023,PRD00460,2022-06-11,1899.2,true
SEL0099,PRD00461,2023-02-19,373.84,true
SEL0045,PRD00462,2020-08-07,1188.65,true
SEL0022,PRD00463,2024-03-02,2376.15,true
SEL0090,PRD00464,2024-05-23,554.34,true
SEL0075,PRD00465,2023-08-14,1571.38,true
SEL0060,PRD00466,2022-12-23,1871.62,true
SEL0054,PRD00467,2022-12-23,1800.16,true
SEL0003,PRD00468,2021-10-28,1598.76,true
SEL0042,PRD00469,2020-10-10,1773.93,true
SEL0009,PRD00470,2023-07-24,419.36,true
SEL0024,PRD00471,2021-05-15,2344.7,false
SEL0028,PRD00472,2022-12-11,298.62,true
SEL0010,PRD00473,2023-07-13,23.03,true
SEL0018,PRD00474,2021-06-24,491.26,false
SEL0045,PRD00475,2020-09-18,1324.05,true
SEL0008,PRD00476,2020-06-07,1325.89,true
SEL0043,PRD00477,2020-12-31,2432.3,true
SEL0093,PRD00478,2021-12-13,2576.91,true
SEL0076,PRD00479,2023-03-26,750.72,false
SEL0015,PRD00480,2021-10-20,2110.2,true
SEL0081,PRD00481,2020-09-09,912.41,true
SEL0042,PRD00482,2020-02-17,709.56,true
SEL0014,PRD00483,2020-12-05,2085.97,true
SEL0008,PRD00484,2024-09-14,431.45,true
SEL0065,PRD00485,2022-07-22,1485.92,true
SEL0008,PRD00486,2022-12-03,20.2,false
SEL0006,PRD00487,2021-02-03,300.21,false
SEL0032,PRD00488,2023-02-16,1311.91,true
SEL0037,PRD00489,2023-05-24,1125.31,false
SEL0014,PRD00490,2023-05-14,1724.58,true
SEL0048,PRD00491,2020-08-14,144.94,true
SEL0049,PRD00492,2023-12-13,631.68,true
SEL0064,PRD00493,2021-10-13,183.42,true
SEL0006,PRD00494,2023-03-05,1448.38,true
SEL0038,PRD00495,2023-01-09,2310.69,true
SEL0077,PRD00496,2020-05-13,1241.25,false
SEL0043,PRD00497,2024-11-28,401.65,false
SEL0096,PRD00498,2021-01-13,664.09,false
SEL0079,PRD00499,2023-06-18,1319.67,true
SEL0024,PRD00500,2024-04-15,1307.23,true
SEL0094,PRD00501,2023-09-14,1168.2,false
SEL0044,PRD00502,2020-01-28,940.52,true
SEL0062,PRD00503,2023-02-01,411.22,false
SEL0025,PRD00504,2023-08-17,992.06,true
SEL0005,PRD00505,2023-07-15,232.43,true
SEL0068,PRD00506,2021-11-08,908.36,true
SEL0013,PRD00507,2023-01-21,229.48,false
SEL0061,PRD00508,2020-06-22,1542.54,true
SEL0057,PRD00509,2024-09-23,2438.25,false
SEL0055,PRD00510,2022-06-06,1734.13,false
SEL0010,PRD00511,2020-04-29,378.88,false
SEL0014,PRD00512,2020-03-10,2343.57,true
SEL0032,PRD00513,2020-02-12,1209.24,true
SEL0030,PRD00514,2023-02-24,573.17,true
SEL0065,PRD00515,2020-05-14,1928.9,false
SEL0069,PRD00516,2020-02-13,790.15,false
SEL0084,PRD00517,2024-10-11,2473.68,true
SEL0055,PRD00518,2023-05-23,1980.91,true
SEL0032,PRD00519,2021-06-17,812.08,true
SEL0041,PRD00520,2020-05-04,2097.04,true
SEL0068,PRD00521,2020-07-22,1084.57,true
SEL0031,PRD00522,2024-04-11,1804.2,true
SEL0053,PRD00523,2024-03-06,893.55,false
SEL0052,PRD00524,2020-12-23,592.04,true
SEL0077,PRD00525,2021-12-05,119.68,true
SEL0092,PRD00526,2024-08-15,1096.13,true
SEL0025,PRD00527,2021-07-26,2131.54,true
SEL0011,PRD00528,2021-10-15,2108.55,true
SEL0074,PRD00529,2024-02-26,859.55,true
SEL0060,PRD00530,2022-08-02,89.56,false
SEL0012,PRD00531,2021-01-24,986.33,false
SEL0016,PRD00532,2024-07-15,1026.74,true
SEL0011,PRD00533,2021-02-23,1178.62,true
SEL0087,PRD00534,2023-07-05,1923.32,false
SEL0009,PRD00535,2024-06-28,2409.3,false
SEL0085,PRD00536,2023-05-25,1161.43,true
SEL0074,PRD00537,2024-10-14,968.57,true
SEL0100,PRD00538,2022-07-12,1916.17,true
SEL0041,PRD00539,2023-02-09,1117.56,true
SEL0078,PRD00540,2023-08-06,1619.09,false
SEL0024,PRD00541,2023-07-21,884.7,true
SEL0053,PRD00542,2023-12-14,919.17,false
SEL0001,PRD00543,2021-11-15,1308.61,true
SEL0054,PRD00544,2022-11-24,2300.38,true
SEL0047,PRD00545,2024-02-26,818.52,true
SEL0065,PRD00546,2022-12-02,1128.77,false
SEL0026,PRD00547,2022-07-31,1206.17,true
SEL0004,PRD00548,2022-06-24,2243.3,true
SEL0015,PRD00549,2023-04-05,205.46,true
SEL0016,PRD00550,2022-04-20,383.05,true
SEL0064,PRD00551,2022-07-06,1828.96,true
SEL0064,PRD00552,2023-03-13,887.21,true
SEL0005,PRD00553,2023-03-09,832.65,true
SEL0029,PRD00554,2024-07-16,30.35,true
SEL0015,PRD00555,2023-10-14,638.59,true
SEL0016,PRD00556,2024-10-02,2095.76,false
SEL0037,PRD00557,2022-07-06,1871.8,true
SEL0095,PRD00558,2024-05-09,2299.56,true
SEL0027,PRD00559,2020-06-17,983.61,false
SEL0097,PRD00560,2024-04-29,507.75,true
SEL0063,PRD00561,2020-09-03,1111.98,false
SEL0046,PRD00562,2020-04-16,1405.14,false
SEL0013,PRD00563,2021-10-24,40.9,true
SEL0002,PRD00564,2022-09-18,486.28,true
SEL0066,PRD00565,2020-11-01,754.0,true
SEL0008,PRD00566,2020-06-16,169.79,true
SEL0092,PRD00567,2024-06-03,377.14,true
SEL0019,PRD00568,2022-04-08,1763.1,true
SEL0007,PRD00569,2022-09-17,2644.36,false
SEL0088,PRD00570,2022-08-24,1052.25,false
SEL0041,PRD00571,2023-10-23,1040.18,false
SEL0077,PRD00572,2024-05-27,1410.38,true
SEL0048,PRD00573,2020-02-02,2343.2,false
SEL0077,PRD00574,2022-08-12,1195.06,true
SEL0066,PRD00575,2022-07-07,2293.98,true
SEL0076,PRD00576,2023-11-27,1996.0,true
SEL0016,PRD00577,2023-07-19,1066.55,true
SEL0002,PRD00578,2024-11-30,1172.64,true
SEL0064,PRD00579,2022-11-15,2051.26,true
SEL0043,PRD00580,2024-09-28,2017.09,true
SEL0076,PRD00581,2023-11-11,1589.42,false
SEL0055,PRD00582,2024-01-12,1365.11,false
SEL0047,PRD00583,2022-11-04,514.53,true
SEL0068,PRD00584,2024-05-21,958.17,true
SEL0060,PRD00585,2024-09-04,803.13,true
SEL0054,PRD00586,2020-05-18,1916.23,false
SEL0010,PRD00587,2020-09-27,2169.52,true
SEL0089,PRD00588,2020-04-23,1521.03,true
SEL0070,PRD00589,2021-06-27,255.78,true
SEL0086,PRD00590,2022-09-07,97.64,true
SEL0054,PRD00591,2021-06-28,2024.17,true
SEL0035,PRD00592,2023-09-16,703.7,true
SEL0036,PRD00593,2020-05-05,316.84,true
SEL0089,PRD00594,2024-10-08,184.69,true
SEL0008,PRD00595,2022-11-12,127.58,true
SEL0063,PRD00596,2021-10-04,127.14,false
SEL0094,PRD00597,2023-10-28,1412.49,false
SEL0075,PRD00598,2020-01-03,443.62,true
SEL0069,PRD00599,2022-05-18,2641.61,true
SEL0021,PRD00600,2020-05-04,1831.16,true
SEL0071,PRD00601,2024-02-12,1495.23,true
SEL0038,PRD00602,2021-04-22,1927.82,true
SEL0016,PRD00603,2020-09-27,1415.05,true
SEL0068,PRD00604,2023-06-01,788.91,true
SEL0018,PRD00605,2021-06-20,346.34,false
SEL0053,PRD00606,2020-07-03,660.04,true
SEL0040,PRD00607,2024-07-28,1140.1,false
SEL0083,PRD00608,2023-10-26,1472.06,true
SEL0029,PRD00609,2020-07-27,1573.44,false
SEL0017,PRD00610,2021-06-18,1580.36,true
SEL0016,PRD00611,2021-10-05,2409.65,true
SEL0070,PRD00612,2020-10-12,139.57,true
SEL0018,PRD00613,2021-01-04,462.31,true
SEL0089,PRD00614,2020-01-20,651.8,true
SEL0053,PRD00615,2022-05-16,1715.81,false
SEL0046,PRD00616,2024-10-25,1638.13,true
SEL0005,PRD00617,2021-08-03,158.74,true
SEL0083,PRD00618,2020-05-07,1574.95,false
SEL0035,PRD00619,2023-04-09,364.97,true
SEL0055,PRD00620,2021-09-05,2376.58,false
SEL0010,PRD00621,2020-11-22,2745.03,true
SEL0039,PRD00622,2023-05-30,2301.73,false
SEL0056,PRD00623,2023-08-03,152.31,true
SEL0042,PRD00624,2021-12-21,1632.31,true
SEL0016,PRD00625,2023-10-21,1093.17,true
SEL0090,PRD00626,2023-06-26,1627.84,false
SEL0068,PRD00627,2021-05-10,870.72,true
SEL0022,PRD00628,2024-05-31,1648.49,true
SEL0074,PRD00629,2022-07-13,1954.83,true
SEL0023,PRD00630,2024-05-04,358.55,true
SEL0099,PRD00631,2023-08-10,41.94,true
SEL0004,PRD00632,2024-07-24,1865.83,true
SEL0025,PRD00633,2022-04-13,1943.16,true
SEL0078,PRD00634,2021-08-12,1022.69,false
SEL0072,PRD00635,2021-02-25,2447.34,false
SEL0036,PRD00636,2021-08-29,2259.48,true
SEL0038,PRD00637,2021-11-10,1059.35,true
SEL0047,PRD00638,2021-07-09,1061.04,false
SEL0070,PRD00639,2021-06-02,652.75,false
SEL0088,PRD00640,2022-04-03,666.09,true
SEL0094,PRD00641,2020-12-22,2508.56,true
SEL0062,PRD00642,2022-10-20,2115.66,true
SEL0050,PRD00643,2023-04-14,57.19,true
SEL0035,PRD00644,2021-09-26,148.19,true
SEL0075,PRD00645,2022-02-14,1393.52,true
SEL0035,PRD00646,2022-10-06,253.21,true
SEL0040,PRD00647,2020-12-09,1972.16,true
SEL0042,PRD00648,2024-01-21,2393.37,false
SEL0015,PRD00649,2020-12-04,2211.48,false
SEL0030,PRD00650,2020-06-29,2102.7,true
SEL0069,PRD00651,2020-03-30,905.22,true
SEL0035,PRD00652,2020-10-15,1206.11,false
SEL0082,PRD00653,2022-06-15,82.49,false
SEL0041,PRD00654,2021-02-09,1979.14,true
SEL0074,PRD00655,2020-07-26,967.15,true
SEL0078,PRD00656,2023-03-20,1423.1,true
SEL0015,PRD00657,2023-04-10,1704.89,true
SEL0066,PRD00658,2021-01-10,769.62,true
SEL0088,PRD00659,2024-12-20,1922.69,true
SEL0068,PRD00660,2022-12-04,2227.41,true
SEL0093,PRD00661,2021-07-06,166.74,true
SEL0090,PRD00662,2020-02-06,666.37,false
SEL0078,PRD00663,2021-03-15,209.88,true
SEL0063,PRD00664,2021-05-03,1898.21,true
SEL0098,PRD00665,2023-11-16,2286.83,false
SEL0001,PRD00666,2023-11-03,1490.22,true
SEL0072,PRD00667,2022-02-01,1623.8,true
SEL0018,PRD00668,2022-03-16,1583.08,true
SEL0040,PRD00669,2020-04-04,841.94,false
SEL0037,PRD00670,2023-06-06,1588.09,true
SEL0079,PRD00671,2020-02-11,2645.62,false
SEL0045,PRD00672,2020-12-15,2701.56,true
SEL0090,PRD00673,2020-01-17,1707.94,true
SEL0047,PRD00674,2020-02-20,872.13,true
SEL0042,PRD00675,2022-07-10,2473.03,true
SEL0012,PRD00676,2020-11-05,1887.13,false
SEL0004,PRD00677,2020-06-04,652.18,true
SEL0031,PRD00678,2021-01-31,1053.04,false
SEL0077,PRD00679,2020-10-03,1467.4,true
SEL0076,PRD00680,2020-12-10,1860.13,true
SEL0031,PRD00681,2022-10-25,718.78,true
SEL0084,PRD00682,2023-02-07,224.4,true
SEL0084,PRD00683,2024-06-17,883.6,false
SEL0033,PRD00684,2021-04-02,1461.08,false
SEL0022,PRD00685,2023-01-03,332.98,true
SEL0028,PRD00686,2020-12-08,402.55,false
SEL0050,PRD00687,2020-03-25,385.57,true
SEL0041,PRD00688,2022-02-11,915.02,true
SEL0076,PRD00689,2021-07-25,1972.12,true
SEL0037,PRD00690,2024-08-04,779.1,true
SEL0021,PRD00691,2022-05-17,935.12,false
SEL0020,PRD00692,2022-10-24,1628.03,true
SEL0029,PRD00693,2021-09-16,127.39,true
SEL0081,PRD00694,2022-02-14,2107.84,true
SEL0024,PRD00695,2020-10-05,1101.28,false
SEL0043,PRD00696,2022-02-07,348.11,true
SEL0068,PRD00697,2021-03-14,710.1,true
SEL0086,PRD00698,2020-05-26,1930.85,true
SEL0004,PRD00699,2023-06-30,898.89,true
SEL0094,PRD00700,2024-06-11,1252.44,true
SEL0092,PRD00701,2024-03-03,340.77,true
SEL0037,PRD00702,2024-02-07,2655.82,true
SEL0036,PRD00703,2020-08-12,2644.79,true
SEL0077,PRD00704,2022-06-14,279.58,true
SEL0078,PRD00705,2022-10-05,639.21,true
SEL0066,PRD00706,2023-11-26,352.83,true
SEL0004,PRD00707,2024-04-07,985.52,false
SEL0099,PRD00708,2021-06-20,1410.64,true
SEL0004,PRD00709,2024-08-09,1042.56,true
SEL0079,PRD00710,2021-04-17,320.57,false
SEL0069,PRD00711,2022-01-23,1193.96,true
SEL0045,PRD00712,2021-12-04,1513.64,true
SEL0037,PRD00713,2021-07-13,1865.92,true
SEL0077,PRD00714,2023-08-15,2001.06,true
SEL0063,PRD00715,2020-10-27,1971.86,true
SEL0021,PRD00716,2024-06-10,2212.37,true
SEL0069,PRD00717,2021-03-12,306.67,true
SEL0048,PRD00718,2023-11-13,1203.78,true
SEL0064,PRD00719,2023-01-13,2315.66,true
SEL0077,PRD00720,2021-02-05,2246.88,true
SEL0014,PRD00721,2024-11-06,2219.76,false
SEL0043,PRD00722,2021-03-17,2082.42,false
SEL0033,PRD00723,2021-12-10,1347.33,false
SEL0057,PRD00724,2021-12-21,1704.44,true
SEL0046,PRD00725,2022-09-05,2268.85,false
SEL0012,PRD00726,2022-01-10,1976.9,true
SEL0084,PRD00727,2023-01-10,1101.74,true
SEL0029,PRD00728,2021-04-20,1593.23,true
SEL0099,PRD00729,2023-07-18,584.87,true
SEL0044,PRD00730,2020-02-05,1827.92,true
SEL0098,PRD00731,2023-02-02,556.4,true
SEL0091,PRD00732,2024-02-04,679.41,true
SEL0011,PRD00733,2020-06-08,2553.62,false
SEL0025,PRD00734,2024-08-10,2260.72,true
SEL0085,PRD00735,2023-07-24,2657.45,true
SEL0005,PRD00736,2020-06-19,1438.48,false
SEL0030,PRD00737,2024-08-04,1103.89,true
SEL0017,PRD00738,2023-07-15,965.69,true
SEL0051,PRD00739,2023-01-08,2312.38,false
SEL0054,PRD00740,2021-04-16,654.32,false
SEL0003,PRD00741,2023-07-03,2040.14,false
SEL0037,PRD00742,2023-01-18,1582.34,false
SEL0030,PRD00743,2023-05-03,2128.04,false
SEL0041,PRD00744,2022-05-29,2393.03,true
SEL0074,PRD00745,2020-12-12,2150.83,true
SEL0074,PRD00746,2024-05-19,810.9,true
SEL0003,PRD00747,2020-09-20,1505.6,true
SEL0075,PRD00748,2023-08-23,499.25,true
SEL0041,PRD00749,2020-01-30,1118.78,true
SEL0019,PRD00750,2022-06-26,1647.21,true
SEL0080,PRD00751,2024-01-12,1617.82,true
SEL0065,PRD00752,2024-03-04,1354.78,true
SEL0008,PRD00753,2023-11-28,481.34,true
SEL0093,PRD00754,2024-03-28,1249.01,false
SEL0042,PRD00755,2024-05-17,460.93,true
SEL0031,PRD00756,2023-05-14,1003.8,false
SEL0078,PRD00757,2020-05-24,885.25,false
SEL0049,PRD00758,2021-09-25,1680.38,true
SEL0010,PRD00759,2021-11-25,2066.23,false
SEL0038,PRD00760,2024-08-24,2343.99,true
SEL0053,PRD00761,2024-06-20,711.08,true
SEL0025,PRD00762,2023-06-27,1898.5,true
SEL0077,PRD00763,2022-08-25,581.24,false
SEL0075,PRD00764,2020-02-08,1263.16,true
SEL0001,PRD00765,2021-07-31,1529.71,true
SEL0024,PRD00766,2020-11-24,1080.09,true
SEL0068,PRD00767,2022-10-29,1017.94,true
SEL0085,PRD00768,2021-01-23,846.81,true
SEL0026,PRD00769,2023-11-22,1836.69,false
SEL0032,PRD00770,2020-08-29,793.76,true
SEL0047,PRD00771,2021-03-11,1995.92,true
SEL0013,PRD00772,2024-04-10,773.29,true
SEL0040,PRD00773,2024-11-23,47.35,true
SEL0021,PRD00774,2022-10-26,1892.47,true
SEL0031,PRD00775,2024-02-19,120.62,false
SEL0005,PRD00776,2024-04-13,232.67,false
SEL0019,PRD00777,2024-03-08,2660.43,true
SEL0092,PRD00778,2022-12-24,525.28,true
SEL0096,PRD00779,2024-08-01,124.73,true
SEL0013,PRD00780,2022-01-11,1752.9,true
SEL0054,PRD00781,2020-04-06,1799.56,false
SEL0066,PRD00782,2021-09-11,1823.07,true
SEL0037,PRD00783,2023-10-12,605.41,true
SEL0075,PRD00784,2022-06-15,1246.02,false
SEL0087,PRD00785,2022-04-10,1710.07,false
SEL0086,PRD00786,2024-08-14,144.75,true
SEL0007,PRD00787,2023-05-20,1579.07,true
SEL0026,PRD00788,2020-06-06,413.3,true
SEL0018,PRD00789,2020-10-02,949.88,false
SEL0042,PRD00790,2024-03-02,1046.42,true
SEL0061,PRD00791,2020-06-11,2040.47,false
SEL0100,PRD00792,2023-11-22,2063.98,true
SEL0002,PRD00793,2022-09-13,2145.37,true
SEL0026,PRD00794,2021-04-12,2539.84,false
SEL0048,PRD00795,2020-03-21,432.11,true
SEL0040,PRD00796,2024-08-02,1369.65,true
SEL0066,PRD00797,2021-03-30,2250.12,true
SEL0096,PRD00798,2023-04-05,1983.13,true
SEL0054,PRD00799,2020-01-19,361.11,true
SEL0051,PRD00800,2020-06-16,1895.0,false
SEL0096,PRD00801,2024-05-23,206.89,false
SEL0029,PRD00802,2024-02-16,1049.68,false
SEL0026,PRD00803,2022-08-10,1643.14,true
SEL0062,PRD00804,2022-02-01,1441.48,true
SEL0052,PRD00805,2021-03-03,1053.6,false
SEL0005,PRD00806,2020-07-28,558.49,true
SEL0001,PRD00807,2020-10-21,2130.02,false
SEL0072,PRD00808,2022-11-30,1163.99,true
SEL0030,PRD00809,2023-10-19,74.47,true
SEL0068,PRD00810,2022-05-29,1784.24,true
SEL0019,PRD00811,2023-09-06,2096.79,true
SEL0098,PRD00812,2020-09-25,510.85,true
SEL0010,PRD00813,2020-02-04,147.26,true
SEL0019,PRD00814,2021-01-28,1470.11,true
SEL0049,PRD00815,2024-08-11,109.69,true
SEL0097,PRD00816,2022-06-15,1392.41,true
SEL0094,PRD00817,2024-04-15,1321.42,true
SEL0046,PRD00818,2020-09-11,2369.83,true
SEL0039,PRD00819,2020-12-19,1547.31,true
SEL0031,PRD00820,2023-06-17,540.24,true
SEL0090,PRD00821,2023-03-07,563.09,true
SEL0056,PRD00822,2023-05-23,1405.27,false
SEL0056,PRD00823,2022-11-24,345.97,true
SEL0051,PRD00824,2023-09-23,715.86,false
SEL0038,PRD00825,2024-03-01,1111.64,true
SEL0081,PRD00826,2023-07-07,2199.03,false
SEL0085,PRD00827,2024-01-01,1755.79,true
SEL0019,PRD00828,2021-07-28,127.74,false
SEL0083,PRD00829,2023-02-03,1814.25,false
SEL0049,PRD00830,2022-05-21,1883.59,false
SEL0073,PRD00831,2020-11-18,50.97,true
SEL0077,PRD00832,2023-10-19,361.92,true
SEL0024,PRD00833,2023-01-31,1033.52,false
SEL0059,PRD00834,2023-12-01,1921.94,true
SEL0092,PRD00835,2023-01-20,1677.46,true
SEL0041,PRD00836,2022-08-16,2101.45,true
SEL0038,PRD00837,2024-07-19,1248.61,true
SEL0006,PRD00838,2020-04-07,565.59,false
SEL0085,PRD00839,2022-03-02,240.11,true
SEL0021,PRD00840,2024-02-03,1069.17,true
SEL0031,PRD00841,2022-09-20,1890.7,true
SEL0023,PRD00842,2024-12-01,1605.26,true
SEL0054,PRD00843,2024-03-11,797.37,true
SEL0021,PRD00844,2020-05-16,1569.59,true
SEL0044,PRD00845,2024-07-16,487.0,false
SEL0018,PRD00846,2022-02-13,140.85,false
SEL0074,PRD00847,2023-02-01,936.66,true
SEL0007,PRD00848,2020-10-24,2415.54,true
SEL0025,PRD00849,2020-03-19,2368.28,true
SEL0007,PRD00850,2024-06-07,1426.42,true
SEL0093,PRD00851,2020-02-27,2151.92,true
SEL0012,PRD00852,2024-09-16,2294.51,true
SEL0024,PRD00853,2021-05-19,1520.38,true
SEL0008,PRD00854,2024-10-18,1169.31,true
SEL0048,PRD00855,2021-11-24,2182.85,false
SEL0021,PRD00856,2022-09-21,797.4,true
SEL0007,PRD00857,2022-02-25,2166.67,true
SEL0037,PRD00858,2021-07-18,899.05,true
SEL0056,PRD00859,2022-03-07,207.86,false
SEL0035,PRD00860,2023-12-16,774.29,true
SEL0082,PRD00861,2023-06-07,54.89,true
SEL0086,PRD00862,2024-11-16,1637.35,false
SEL0042,PRD00863,2020-05-08,1513.43,true
SEL0017,PRD00864,2022-04-01,53.33,true
SEL0061,PRD00865,2024-09-18,571.3,true
SEL0035,PRD00866,2020-12-02,1860.62,true
SEL0039,PRD00867,2020-09-01,546.03,true
SEL0072,PRD00868,2022-07-10,504.57,false
SEL0008,PRD00869,2024-04-20,986.75,true
SEL0035,PRD00870,2021-12-09,836.74,true
SEL0044,PRD00871,2023-07-05,624.89,true
SEL0086,PRD00872,2021-02-27,2057.77,true
SEL0024,PRD00873,2021-02-01,790.36,true
SEL0083,PRD00874,2021-01-31,1906.69,true
SEL0056,PRD00875,2020-04-05,318.67,true
SEL0001,PRD00876,2021-02-27,245.67,false
SEL0008,PRD00877,2020-09-22,502.5,true
SEL0081,PRD00878,2022-10-17,913.25,true
SEL0061,PRD00879,2021-05-01,1025.95,false
SEL0069,PRD00880,2020-03-29,1917.58,false
SEL0078,PRD00881,2023-08-09,1741.34,true
SEL0058,PRD00882,2024-01-03,529.45,true
SEL0050,PRD00883,2023-08-11,1918.84,true
SEL0044,PRD00884,2021-11-17,1030.83,true
SEL0095,PRD00885,2020-05-12,632.86,true
SEL0074,PRD00886,2021-01-20,2065.37,true
SEL0079,PRD00887,2023-12-24,741.17,false
SEL0011,PRD00888,2022-01-15,387.38,true
SEL0072,PRD00889,2022-06-17,286.38,true
SEL0054,PRD00890,2023-09-05,693.78,true
SEL0044,PRD00891,2021-11-13,1104.94,true
SEL0100,PRD00892,2020-08-07,317.72,true
SEL0093,PRD00893,2021-12-07,368.51,true
SEL0067,PRD00894,2023-07-21,1951.8,true
SEL0056,PRD00895,2022-02-25,1248.02,false
SEL0030,PRD00896,2021-06-28,261.23,true
SEL0091,PRD00897,2024-03-28,2148.72,true
SEL0054,PRD00898,2023-03-04,1772.89,true
SEL0026,PRD00899,2021-05-23,1479.84,true
SEL0042,PRD00900,2024-06-13,1663.36,true
SEL0035,PRD00901,2023-09-25,576.78,true
SEL0095,PRD00902,2024-04-04,433.95,true
SEL0035,PRD00903,2024-07-26,374.1,true
SEL0052,PRD00904,2021-09-10,1793.76,true
SEL0054,PRD00905,2020-07-15,2717.75,true
SEL0082,PRD00906,2022-10-29,62.88,true
SEL0042,PRD00907,2023-06-07,1008.09,false
SEL0060,PRD00908,2021-09-09,1408.4,true
SEL0081,PRD00909,2022-09-23,1626.02,true
SEL0074,PRD00910,2020-07-14,1147.57,true
SEL0055,PRD00911,2020-02-03,1111.18,true
SEL0018,PRD00912,2021-12-05,1375.54,true
SEL0051,PRD00913,2020-03-03,1986.5,true
SEL0019,PRD00914,2021-06-27,2711.96,false
SEL0009,PRD00915,2021-10-01,2423.98,false
SEL0063,PRD00916,2021-12-16,781.06,true
SEL0005,PRD00917,2024-05-21,866.2,true
SEL0024,PRD00918,2024-09-20,649.22,false
SEL0080,PRD00919,2022-07-01,2754.95,false
SEL0039,PRD00920,2024-06-18,120.97,true
SEL0084,PRD00921,2021-09-27,1289.17,false
SEL0085,PRD00922,2020-02-28,1212.25,true
SEL0051,PRD00923,2020-05-22,2174.87,false
SEL0053,PRD00924,2020-10-02,1361.02,true
SEL0009,PRD00925,2020-10-15,2759.76,true
SEL0055,PRD00926,2024-06-10,1676.85,true
SEL0065,PRD00927,2024-01-24,2345.57,true
SEL0049,PRD00928,2020-08-11,215.79,true
SEL0023,PRD00929,2020-11-07,2214.02,true
SEL0064,PRD00930,2021-08-10,1718.0,false
SEL0067,PRD00931,2021-12-05,961.89,true
SEL0055,PRD00932,2022-12-16,2091.6,true
SEL0100,PRD00933,2023-01-10,1426.32,true
SEL0035,PRD00934,2024-02-11,306.34,true
SEL0088,PRD00935,2023-01-31,721.76,true
SEL0096,PRD00936,2023-07-30,1386.96,false
SEL0018,PRD00937,2023-06-04,1623.35,true
SEL0035,PRD00938,2020-09-11,1179.32,true
SEL0024,PRD00939,2023-06-03,279.38,true
SEL0067,PRD00940,2022-10-25,2085.2,true
SEL0009,PRD00941,2023-04-09,902.51,false
SEL0082,PRD00942,2023-07-19,424.01,true
SEL0049,PRD00943,2023-07-14,1226.08,true
SEL0012,PRD00944,2024-05-03,741.18,true
SEL0075,PRD00945,2021-06-06,2090.36,false
SEL0066,PRD00946,2020-05-21,1044.19,true
SEL0080,PRD00947,2021-11-22,105.55,true
SEL0014,PRD00948,2023-04-22,621.34,true
SEL0021,PRD00949,2020-10-01,1845.11,true
SEL0016,PRD00950,2020-05-14,1005.38,true
SEL0029,PRD00951,2020-06-11,2159.74,true
SEL0062,PRD00952,2024-08-01,2043.71,false
SEL0081,PRD00953,2024-02-02,575.09,true
SEL0033,PRD00954,2024-11-19,660.61,true
SEL0011,PRD00955,2024-06-06,2342.04,true
SEL0003,PRD00956,2022-02-14,540.64,true
SEL0030,PRD00957,2023-04-08,1274.55,true
SEL0032,PRD00958,2024-03-31,233.83,true
SEL0045,PRD00959,2024-09-19,277.01,true
SEL0077,PRD00960,2023-09-23,1984.49,true
SEL0069,PRD00961,2022-07-27,766.66,true
SEL0026,PRD00962,2020-06-06,922.71,true
SEL0074,PRD00963,2020-06-13,1141.17,false
SEL0054,PRD00964,2024-09-02,139.68,false
SEL0028,PRD00965,2020-01-10,1450.21,true
SEL0007,PRD00966,2024-09-02,56.88,false
SEL0008,PRD00967,2024-12-11,2078.41,true
SEL0019,PRD00968,2024-03-17,1084.72,true
SEL0008,PRD00969,2020-06-12,1183.37,true
SEL0066,PRD00970,2020-02-11,1016.14,false
SEL0070,PRD00971,2024-06-16,639.16,false
SEL0031,PRD00972,2020-12-17,1521.47,true
SEL0074,PRD00973,2022-08-07,2636.78,true
SEL0059,PRD00974,2022-10-02,1094.15,true
SEL0056,PRD00975,2022-05-08,1683.14,true
SEL0083,PRD00976,2020-04-24,1716.39,false
SEL0047,PRD00977,2024-12-15,604.7,true
SEL0003,PRD00978,2020-04-12,2378.21,false
SEL0088,PRD00979,2024-12-26,184.19,false
SEL0009,PRD00980,2022-07-20,1173.8,false
SEL0057,PRD00981,2021-10-12,965.67,true
SEL0034,PRD00982,2024-12-02,1594.48,true
SEL0090,PRD00983,2023-07-08,978.47,false
SEL0013,PRD00984,2024-09-08,1611.73,false
SEL0076,PRD00985,2022-11-25,1579.59,true
SEL0100,PRD00986,2024-01-03,612.78,true
SEL0065,PRD00987,2022-01-27,665.18,true
SEL0007,PRD00988,2020-02-21,1697.78,true
SEL0078,PRD00989,2020-10-23,973.92,true
SEL0053,PRD00990,2024-06-20,1885.06,false
SEL0052,PRD00991,2023-07-12,2200.26,false
SEL0100,PRD00992,2020-09-12,708.41,true
SEL0060,PRD00993,2020-03-15,941.12,true
SEL0003,PRD00994,2024-09-30,1911.68,true
SEL0061,PRD00995,2021-04-17,2311.9,false
SEL0052,PRD00996,2021-10-20,433.13,false
SEL0015,PRD00997,2023-05-31,1781.71,true
SEL0062,PRD00998,2020-12-04,838.84,true
SEL0034,PRD00999,2020-05-21,1641.19,false
SEL0041,PRD01000,2020-05-27,2509.43,false
SEL0087,PRD01001,2024-11-02,151.65,true
SEL0084,PRD01002,2022-09-04,1618.1,false
SEL0022,PRD01003,2021-12-06,396.84,true
SEL0051,PRD01004,2021-01-26,79.91,true
SEL0016,PRD01005,2020-11-16,1347.86,true
SEL0010,PRD01006,2023-09-19,2718.26,true
SEL0078,PRD01007,2023-05-10,418.45,true
SEL0023,PRD01008,2023-07-03,1117.14,true
SEL0094,PRD01009,2024-07-26,2146.41,false
SEL0013,PRD01010,2021-03-22,1701.04,true
SEL0001,PRD01011,2021-01-24,926.17,true
SEL0059,PRD01012,2022-08-10,974.25,true
SEL0008,PRD01013,2023-04-23,2042.16,true
SEL0088,PRD01014,2021-06-03,582.63,true
SEL0066,PRD01015,2022-09-01,813.75,false
SEL0029,PRD01016,2022-12-04,1568.18,true
SEL0032,PRD01017,2021-10-29,26.53,false
SEL0070,PRD01018,2020-08-20,2302.19,false
SEL0023,PRD01019,2024-08-20,500.68,true
SEL0002,PRD01020,2021-01-25,1707.61,true
SEL0051,PRD01021,2021-02-06,853.9,true
SEL0062,PRD01022,2024-03-21,1932.71,true
SEL0043,PRD01023,2020-05-10,2605.87,true
SEL0094,PRD01024,2024-06-03,1252.18,true
SEL0028,PRD01025,2024-04-27,2232.21,true
SEL0053,PRD01026,2020-05-10,856.58,true
SEL0051,PRD01027,2021-06-25,1621.84,true
SEL0047,PRD01028,2022-07-06,1186.74,true
SEL0009,PRD01029,2020-05-06,2724.79,true
SEL0053,PRD01030,2024-11-08,2192.01,false
SEL0040,PRD01031,2024-10-03,745.02,false
SEL0041,PRD01032,2022-06-29,1376.3,true
SEL0067,PRD01033,2023-05-04,2138.37,true
SEL0048,PRD01034,2021-12-17,1039.11,true
SEL0087,PRD01035,2022-04-10,2123.38,false
SEL0073,PRD01036,2021-05-27,632.93,true
SEL0002,PRD01037,2020-05-14,1627.54,true
SEL0071,PRD01038,2023-08-17,166.89,false
SEL0068,PRD01039,2024-10-31,948.08,true
SEL0057,PRD01040,2024-06-30,1120.67,true
SEL0043,PRD01041,2024-10-02,992.77,true
SEL0093,PRD01042,2024-11-02,2372.95,true
SEL0004,PRD01043,2024-07-23,2635.26,true
SEL0005,PRD01044,2022-12-03,2693.2,true
SEL0018,PRD01045,2020-11-27,2293.86,true
SEL0025,PRD01046,2023-06-14,646.53,true
SEL0005,PRD01047,2020-08-07,1414.26,true
SEL0074,PRD01048,2021-09-03,1131.13,true
SEL0087,PRD01049,2023-11-14,2026.25,true
SEL0073,PRD01050,2021-09-11,8.82,false
SEL0062,PRD01051,2024-08-18,1949.69,true
SEL0073,PRD01052,2020-12-24,2656.58,true
SEL0018,PRD01053,2021-08-28,55.35,true
SEL0015,PRD01054,2020-01-13,2462.58,false
SEL0090,PRD01055,2024-09-11,849.19,true
SEL0088,PRD01056,2024-07-02,1053.54,true
SEL0080,PRD01057,2020-05-10,1125.1,false
SEL0074,PRD01058,2024-11-02,1982.91,true
SEL0093,PRD01059,2022-07-25,1149.34,false
SEL0060,PRD01060,2022-04-28,1555.38,false
SEL0035,PRD01061,2024-03-07,1452.26,false
SEL0078,PRD01062,2021-03-03,1104.66,false
SEL0019,PRD01063,2020-08-29,1778.13,false
SEL0071,PRD01064,2020-12-25,1125.52,true
SEL0062,PRD01065,2023-05-21,500.22,true
SEL0052,PRD01066,2024-02-25,224.04,true
SEL0051,PRD01067,2021-08-18,1949.96,false
SEL0032,PRD01068,2021-09-08,2327.95,false
SEL0050,PRD01069,2021-01-25,655.67,true
SEL0066,PRD01070,2024-10-10,564.56,true
SEL0013,PRD01071,2020-06-27,2283.58,true
SEL0047,PRD01072,2021-08-13,1142.21,true
SEL0041,PRD01073,2023-02-24,2105.47,true
SEL0041,PRD01074,2022-04-15,1066.34,true
SEL0040,PRD01075,2021-04-04,90.51,true
SEL0069,PRD01076,2020-08-14,1805.78,true
SEL0050,PRD01077,2020-06-08,1624.11,true
SEL0029,PRD01078,2024-12-03,2381.61,true
SEL0080,PRD01079,2023-12-26,156.39,true
SEL0056,PRD01080,2020-01-08,489.71,true
SEL0050,PRD01081,2023-10-30,2445.67,false
SEL0039,PRD01082,2020-03-09,1041.55,true
SEL0100,PRD01083,2022-12-18,2185.44,true
SEL0098,PRD01084,2024-01-05,570.34,false
SEL0080,PRD01085,2023-06-26,2124.57,true
SEL0063,PRD01086,2023-05-23,979.21,true
SEL0072,PRD01087,2020-06-15,2229.38,true
SEL0063,PRD01088,2022-07-14,864.97,true
SEL0046,PRD01089,2024-02-14,32.04,false
SEL0042,PRD01090,2023-12-09,105.07,true
SEL0097,PRD01091,2022-05-21,1795.2,true
SEL0024,PRD01092,2020-03-13,947.26,false
SEL0032,PRD01093,2024-05-05,1957.36,true
SEL0025,PRD01094,2022-03-04,988.93,true
SEL0083,PRD01095,2024-09-20,727.11,false
SEL0073,PRD01096,2023-06-29,37.94,true
SEL0014,PRD01097,2024-06-04,1800.12,true
SEL0061,PRD01098,2021-04-14,1636.49,false
SEL0012,PRD01099,2024-06-22,155.26,false
SEL0059,PRD01100,2020-08-12,754.31,false
SEL0077,PRD01101,2022-06-16,654.03,false
SEL0023,PRD01102,2022-04-01,1524.08,true
SEL0097,PRD01103,2021-07-08,316.64,true
SEL0053,PRD01104,2023-09-21,773.97,false
SEL0006,PRD01105,2020-04-21,918.72,true
SEL0015,PRD01106,2024-07-16,1871.62,true
SEL0086,PRD01107,2024-01-27,650.7,true
SEL0046,PRD01108,2020-09-09,2648.11,false
SEL0084,PRD01109,2020-02-08,1381.48,false
SEL0097,PRD01110,2020-11-10,2023.28,true
SEL0055,PRD01111,2022-08-30,560.96,true
SEL0073,PRD01112,2023-06-25,1645.62,true
SEL0019,PRD01113,2022-06-02,380.32,false
SEL0095,PRD01114,2020-07-07,1467.76,true
SEL0002,PRD01115,2021-10-25,991.99,true
SEL0084,PRD01116,2020-08-19,1713.68,false
SEL0014,PRD01117,2020-09-16,1452.25,false
SEL0032,PRD01118,2022-08-20,1098.37,true
SEL0035,PRD01119,2023-06-20,1932.57,false
SEL0062,PRD01120,2020-07-26,373.11,true
SEL0068,PRD01121,2023-08-20,2346.45,true
SEL0098,PRD01122,2022-10-05,895.83,true
SEL0094,PRD01123,2020-10-24,760.63,true
SEL0028,PRD01124,2024-01-10,1610.54,true
SEL0076,PRD01125,2022-10-03,1453.08,true
SEL0054,PRD01126,2022-10-24,1208.83,true
SEL0021,PRD01127,2020-08-28,1215.0,true
SEL0094,PRD01128,2020-09-30,1653.26,false
SEL0009,PRD01129,2020-01-15,1641.67,true
SEL0093,PRD01130,2020-10-03,333.26,true
SEL0062,PRD01131,2022-09-24,1012.51,true
SEL0025,PRD01132,2023-05-27,390.67,true
SEL0063,PRD01133,2022-05-26,701.53,false
SEL0030,PRD01134,2024-06-29,299.65,true
SEL0021,PRD01135,2022-06-11,1699.12,false
SEL0057,PRD01136,2021-03-09,1957.43,true
SEL0018,PRD01137,2024-08-06,1711.59,true
SEL0063,PRD01138,2023-10-14,2219.28,true
SEL0031,PRD01139,2021-08-01,594.01,false
SEL0010,PRD01140,2023-12-04,2579.18,false
SEL0019,PRD01141,2024-04-20,2000.35,false
SEL0056,PRD01142,2021-06-15,631.97,true
SEL0067,PRD01143,2022-06-08,962.04,true
SEL0050,PRD01144,2021-05-28,1548.02,true
SEL0030,PRD01145,2020-06-12,134.9,false
SEL0052,PRD01146,2022-03-16,158.0,true
SEL0093,PRD01147,2020-11-10,212.07,false
SEL0019,PRD01148,2023-06-14,1881.46,true
SEL0026,PRD01149,2024-01-29,1525.62,false
SEL0001,PRD01150,2023-05-15,2512.28,true
SEL0085,PRD01151,2021-06-17,2323.41,true
SEL0052,PRD01152,2023-02-09,1002.72,false
SEL0081,PRD01153,2021-11-24,2258.03,true
SEL0088,PRD01154,2020-01-03,2602.94,false
SEL0028,PRD01155,2023-10-29,2008.07,false
SEL0022,PRD01156,2021-04-09,531.53,true
SEL0043,PRD01157,2024-02-20,1315.58,true
SEL0027,PRD01158,2020-11-11,1883.15,false
SEL0002,PRD01159,2020-11-20,1225.05,true
SEL0050,PRD01160,2023-12-07,600.15,true
SEL0008,PRD01161,2022-02-08,2679.19,true
SEL0058,PRD01162,2024-07-25,1015.53,true
SEL0092,PRD01163,2021-12-31,1360.84,true
SEL0019,PRD01164,2021-03-13,831.51,false
SEL0082,PRD01165,2024-06-10,2098.93,true
SEL0049,PRD01166,2021-09-18,977.89,true
SEL0053,PRD01167,2022-07-10,1078.03,true
SEL0048,PRD01168,2022-12-10,36.34,true
SEL0087,PRD01169,2020-09-25,2421.53,true
SEL0082,PRD01170,2023-01-04,1226.97,true
SEL0013,PRD01171,2021-10-09,80.16,true
SEL0003,PRD01172,2022-07-18,1701.22,false
SEL0034,PRD01173,2021-09-19,941.38,true
SEL0100,PRD01174,2023-03-18,136.12,true
SEL0072,PRD01175,2024-06-21,1052.54,false
SEL0040,PRD01176,2020-12-06,2566.49,true
SEL0037,PRD01177,2024-04-18,2016.62,true
SEL0038,PRD01178,2024-03-04,1961.81,true
SEL0092,PRD01179,2024-09-24,395.04,true
SEL0082,PRD01180,2020-12-28,1247.02,true
SEL0055,PRD01181,2023-10-27,1945.0,true
SEL0092,PRD01182,2022-05-14,1164.69,true
SEL0054,PRD01183,2022-02-07,2074.04,true
SEL0036,PRD01184,2024-01-09,217.35,true
SEL0060,PRD01185,2024-06-01,2457.1,true
SEL0039,PRD01186,2022-12-06,1788.94,true
SEL0069,PRD01187,2023-06-03,2133.05,false
SEL0047,PRD01188,2024-02-01,282.49,false
SEL0014,PRD01189,2021-09-03,1503.88,true
SEL0085,PRD01190,2024-08-15,1746.99,true
SEL0075,PRD01191,2021-03-31,2066.34,false
SEL0069,PRD01192,2022-08-08,613.7,false
SEL0036,PRD01193,2020-07-03,2181.21,true
SEL0092,PRD01194,2022-11-06,426.21,false
SEL0002,PRD01195,2023-10-21,702.77,true
SEL0061,PRD01196,2024-07-02,1074.61,false
SEL0073,PRD01197,2021-08-30,2528.46,true
SEL0078,PRD01198,2020-04-16,253.05,true
SEL0065,PRD01199,2022-04-15,630.08,true
SEL0041,PRD01200,2024-01-30,1790.78,false
SEL0013,PRD01201,2021-07-30,1137.78,true
SEL0076,PRD01202,2021-03-22,1747.26,true
SEL0094,PRD01203,2021-01-09,298.85,true
SEL0020,PRD01204,2021-11-18,2174.28,true
SEL0030,PRD01205,2021-11-17,1083.13,true
SEL0093,PRD01206,2021-08-13,1026.14,false
SEL0054,PRD01207,2022-04-05,2215.86,true
SEL0055,PRD01208,2023-02-24,1960.38,false
SEL0053,PRD01209,2024-05-20,281.72,true
SEL0097,PRD01210,2023-06-10,1568.03,true
SEL0066,PRD01211,2023-01-27,63.4,true
SEL0009,PRD01212,2020-05-23,235.54,true
SEL0082,PRD01213,2020-09-26,189.91,true
SEL0005,PRD01214,2020-11-12,2279.95,true
SEL0043,PRD01215,2022-01-26,741.24,true
SEL0093,PRD01216,2020-11-05,2462.32,false
SEL0086,PRD01217,2024-12-23,495.76,true
SEL0009,PRD01218,2020-04-16,467.45,true
SEL0018,PRD01219,2024-11-23,175.12,false
SEL0053,PRD01220,2021-08-17,1988.81,true
SEL0080,PRD01221,2020-02-21,2391.62,true
SEL0080,PRD01222,2023-11-21,1867.27,false
SEL0004,PRD01223,2021-11-17,205.05,true
SEL0095,PRD01224,2024-02-26,1283.6,true
SEL0038,PRD01225,2024-02-11,470.26,true
SEL0013,PRD01226,2024-11-10,428.24,true
SEL0099,PRD01227,2023-02-19,172.2,true
SEL0022,PRD01228,2021-03-03,2245.21,true
SEL0072,PRD01229,2022-12-28,1692.69,true
SEL0054,PRD01230,2022-05-16,269.86,true
SEL0078,PRD01231,2021-10-12,111.28,true
SEL0097,PRD01232,2023-02-28,1257.27,false
SEL0043,PRD01233,2024-08-09,1975.21,true
SEL0053,PRD01234,2021-12-10,23.97,false
SEL0005,PRD01235,2024-08-13,1402.93,false
SEL0018,PRD01236,2022-12-08,895.82,true
SEL0025,PRD01237,2024-12-05,1887.56,true
SEL0080,PRD01238,2023-08-06,952.41,true
SEL0091,PRD01239,2020-07-09,12.12,false
SEL0023,PRD01240,2023-06-13,2057.04,true
SEL0094,PRD01241,2024-05-23,1718.03,false
SEL0012,PRD01242,2021-02-02,2346.91,true
SEL0014,PRD01243,2020-01-18,2220.96,true
SEL0027,PRD01244,2022-10-12,725.1,true
SEL0016,PRD01245,2024-06-22,18.89,true
SEL0080,PRD01246,2022-05-08,2006.52,false
SEL0005,PRD01247,2020-04-10,2248.19,false
SEL0060,PRD01248,2024-09-24,2664.45,false
SEL0012,PRD01249,2022-01-11,2265.36,true
SEL0050,PRD01250,2020-10-10,121.46,true
SEL0074,PRD01251,2023-11-01,1716.91,false
SEL0040,PRD01252,2022-04-16,1026.36,true
SEL0095,PRD01253,2021-07-31,1236.26,false
SEL0066,PRD01254,2024-06-16,1164.4,true
SEL0075,PRD01255,2021-11-19,5.95,true
SEL0076,PRD01256,2021-10-02,532.47,true
SEL0046,PRD01257,2022-02-09,1540.68,true
SEL0017,PRD01258,2022-03-09,2028.6,false
SEL0098,PRD01259,2024-08-14,1217.82,true
SEL0094,PRD01260,2020-07-18,1172.95,true
SEL0047,PRD01261,2024-10-12,1133.56,false
SEL0005,PRD01262,2021-05-04,2033.76,true
SEL0036,PRD01263,2022-04-20,1963.04,false
SEL0054,PRD01264,2023-09-22,556.77,false
SEL0071,PRD01265,2023-08-29,1965.33,false
SEL0094,PRD01266,2020-01-11,2116.42,true
SEL0012,PRD01267,2020-04-25,1265.62,true
SEL0001,PRD01268,2022-08-20,41.57,false
SEL0064,PRD01269,2020-12-16,1806.44,true
SEL0045,PRD01270,2020-08-24,704.93,false
SEL0005,PRD01271,2021-02-19,1177.54,true
SEL0074,PRD01272,2020-07-08,873.42,true
SEL0085,PRD01273,2020-04-12,957.18,true
SEL0064,PRD01274,2023-07-05,2110.1,true
SEL0084,PRD01275,2021-03-25,299.96,true
SEL0076,PRD01276,2021-07-29,714.68,false
SEL0037,PRD01277,2022-10-01,921.61,false
SEL0027,PRD01278,2022-04-03,1408.22,true
SEL0027,PRD01279,2023-02-28,1524.18,true
SEL0065,PRD01280,2022-03-28,1021.73,false
SEL0075,PRD01281,2023-08-28,1192.35,true
SEL0033,PRD01282,2023-10-12,59.13,true
SEL0047,PRD01283,2020-10-07,2098.32,true
SEL0013,PRD01284,2023-08-23,1380.09,true
SEL0056,PRD01285,2024-09-20,278.26,true
SEL0004,PRD01286,2021-12-08,2185.85,false
SEL0073,PRD01287,2022-05-21,713.32,true
SEL0066,PRD01288,2020-10-15,379.65,true
SEL0059,PRD01289,2020-10-16,1026.91,true
SEL0080,PRD01290,2021-05-22,1471.68,true
SEL0088,PRD01291,2020-11-13,1131.66,true
SEL0012,PRD01292,2022-08-29,1063.59,true
SEL0046,PRD01293,2023-12-11,1439.67,false
SEL0031,PRD01294,2020-08-18,1382.84,true
SEL0021,PRD01295,2024-05-27,7.58,true
SEL0017,PRD01296,2020-07-28,207.72,true
SEL0056,PRD01297,2024-03-07,1532.17,true
SEL0054,PRD01298,2020-01-15,2190.15,false
SEL0006,PRD01299,2022-08-20,11.27,true
SEL0047,PRD01300,2020-07-24,1555.96,true
SEL0031,PRD01301,2023-07-14,1612.4,false
SEL0099,PRD01302,2023-01-13,2509.56,false
SEL0025,PRD01303,2021-11-12,78.71,true
SEL0019,PRD01304,2021-04-06,1588.04,false
SEL0046,PRD01305,2022-02-14,878.93,true
SEL0041,PRD01306,2021-05-25,216.52,false
SEL0005,PRD01307,2023-05-29,2249.05,true
SEL0018,PRD01308,2022-01-21,1866.46,true
SEL0009,PRD01309,2022-06-09,1359.61,true
SEL0015,PRD01310,2020-11-12,1348.8,true
SEL0039,PRD01311,2021-06-26,599.46,true
SEL0070,PRD01312,2020-06-10,2381.39,true
SEL0008,PRD01313,2021-05-16,1584.15,true
SEL0014,PRD01314,2021-12-02,1992.73,true
SEL0024,PRD01315,2020-11-13,2192.52,true
SEL0018,PRD01316,2022-10-19,1257.33,true
SEL0081,PRD01317,2020-01-20,2472.2,true
SEL0011,PRD01318,2023-10-05,2219.83,false
SEL0021,PRD01319,2023-05-30,222.24,false
SEL0066,PRD01320,2024-09-09,1058.89,true
SEL0082,PRD01321,2022-10-29,727.59,true
SEL0025,PRD01322,2022-12-02,2151.11,true
SEL0098,PRD01323,2023-03-17,906.4,false
SEL0056,PRD01324,2024-07-11,1921.44,true
SEL0090,PRD01325,2020-01-25,338.96,true
SEL0095,PRD01326,2023-04-01,1709.48,true
SEL0095,PRD01327,2022-05-16,344.45,false
SEL0006,PRD01328,2020-05-15,2442.81,true
SEL0048,PRD01329,2023-11-22,1985.94,true
SEL0083,PRD01330,2024-06-16,2377.17,false
SEL0097,PRD01331,2021-08-02,839.39,true
SEL0008,PRD01332,2020-05-03,408.71,true
SEL0083,PRD01333,2020-07-03,1118.82,true
SEL0017,PRD01334,2020-11-30,124.98,false
SEL0039,PRD01335,2023-04-09,598.36,true
SEL0020,PRD01336,2022-06-24,2223.51,true
SEL0100,PRD01337,2023-11-05,21.91,true
SEL0005,PRD01338,2024-12-05,523.01,true
SEL0039,PRD01339,2022-09-12,489.2,true
SEL0080,PRD01340,2023-04-12,1730.73,true
SEL0020,PRD01341,2024-10-03,1999.22,false
SEL0061,PRD01342,2023-08-15,710.46,true
SEL0021,PRD01343,2023-08-04,265.22,false
SEL0009,PRD01344,2022-02-17,1284.43,true
SEL0031,PRD01345,2024-04-05,465.97,true
SEL0046,PRD01346,2021-08-09,83.68,false
SEL0018,PRD01347,2022-03-09,1112.95,true
SEL0030,PRD01348,2022-10-27,645.38,true
SEL0045,PRD01349,2023-01-13,638.74,true
SEL0094,PRD01350,2024-09-26,1785.27,true
SEL0029,PRD01351,2021-07-02,58.87,true
SEL0036,PRD01352,2024-03-05,1838.12,true
SEL0072,PRD01353,2021-11-15,65.2,true
SEL0016,PRD01354,2024-03-22,841.85,true
SEL0029,PRD01355,2024-11-30,331.49,true
SEL0019,PRD01356,2024-02-17,833.91,true
SEL0024,PRD01357,2020-08-02,2199.46,false
SEL0013,PRD01358,2024-04-07,392.4,false
SEL0054,PRD01359,2020-10-12,2171.84,true
SEL0098,PRD01360,2024-06-07,657.54,true
SEL0087,PRD01361,2020-07-23,843.51,true
SEL0082,PRD01362,2023-09-18,856.68,true
SEL0028,PRD01363,2020-07-11,1109.11,true
SEL0019,PRD01364,2023-08-30,616.99,true
SEL0008,PRD01365,2022-06-29,1222.06,false
SEL0010,PRD01366,2020-01-20,1302.08,true
SEL0005,PRD01367,2021-07-15,2259.73,true
SEL0008,PRD01368,2023-01-14,2731.62,false
SEL0053,PRD01369,2021-11-08,223.73,true
SEL0041,PRD01370,2024-10-03,572.99,true
SEL0049,PRD01371,2020-11-14,603.08,true
SEL0099,PRD01372,2021-05-08,435.74,true
SEL0050,PRD01373,2021-07-19,2623.59,true
SEL0035,PRD01374,2023-03-08,1639.28,false
SEL0047,PRD01375,2023-11-25,1723.03,true
SEL0002,PRD01376,2022-01-12,1683.69,true
SEL0007,PRD01377,2022-08-15,1396.92,true
SEL0048,PRD01378,2022-08-06,569.94,false
SEL0024,PRD01379,2023-09-16,1244.36,true
SEL0062,PRD01380,2022-09-03,2225.63,true
SEL0047,PRD01381,2021-01-16,1862.52,true
SEL0006,PRD01382,2023-05-17,518.89,false
SEL0054,PRD01383,2020-10-26,925.31,true
SEL0044,PRD01384,2024-06-04,1742.25,true
SEL0009,PRD01385,2020-10-04,1316.83,true
SEL0071,PRD01386,2021-08-05,580.03,true
SEL0067,PRD01387,2022-11-14,976.05,true
SEL0062,PRD01388,2020-09-17,1383.72,true
SEL0076,PRD01389,2023-06-17,1773.39,true
SEL0064,PRD01390,2022-11-18,815.75,false
SEL0065,PRD01391,2024-08-11,619.0,false
SEL0027,PRD01392,2021-07-13,2211.82,true
SEL0030,PRD01393,2023-01-11,1858.75,false
SEL0089,PRD01394,2022-04-07,2115.68,true
SEL0087,PRD01395,2021-01-20,98.11,true
SEL0057,PRD01396,2023-03-04,2254.33,false
SEL0019,PRD01397,2023-02-11,2569.86,true
SEL0053,PRD01398,2022-06-26,1615.71,true
SEL0088,PRD01399,2022-04-07,461.87,true
SEL0012,PRD01400,2021-01-16,1654.11,true
SEL0062,PRD01401,2022-12-13,1291.54,true
SEL0026,PRD01402,2023-08-03,1175.45,false
SEL0005,PRD01403,2023-01-15,2273.32,true
SEL0056,PRD01404,2020-11-06,435.83,true
SEL0087,PRD01405,2021-04-19,426.23,true
SEL0010,PRD01406,2021-07-09,2375.84,false
SEL0063,PRD01407,2022-06-20,2503.5,true
SEL0044,PRD01408,2023-03-13,318.86,true
SEL0016,PRD01409,2022-10-23,627.25,false
SEL0066,PRD01410,2024-03-31,655.63,true
SEL0076,PRD01411,2024-04-06,1330.85,true
SEL0057,PRD01412,2023-05-10,1873.97,true
SEL0093,PRD01413,2022-12-14,1818.55,true
SEL0061,PRD01414,2024-08-29,160.81,true
SEL0017,PRD01415,2024-07-26,28.55,true
SEL0077,PRD01416,2020-05-15,1987.24,true
SEL0042,PRD01417,2020-10-10,1426.92,true
SEL0004,PRD01418,2024-04-03,2380.85,true
SEL0070,PRD01419,2023-03-25,969.64,false
SEL0026,PRD01420,2024-02-10,13.97,false
SEL0007,PRD01421,2023-09-18,2300.12,false
SEL0008,PRD01422,2021-02-11,494.59,true
SEL0018,PRD01423,2024-12-14,2129.89,true
SEL0065,PRD01424,2024-05-02,954.52,false
SEL0027,PRD01425,2020-03-22,2333.97,true
SEL0066,PRD01426,2024-08-15,1074.01,false
SEL0060,PRD01427,2021-07-09,2139.97,false
SEL0003,PRD01428,2021-08-20,2078.33,true
SEL0031,PRD01429,2022-03-14,1736.92,true
SEL0057,PRD01430,2024-02-08,2502.31,true
SEL0056,PRD01431,2024-10-16,1470.41,true
SEL0092,PRD01432,2022-08-09,1548.31,true
SEL0069,PRD01433,2024-07-03,1712.14,true
SEL0087,PRD01434,2023-10-01,1780.1,true
SEL0010,PRD01435,2024-09-28,1506.72,true
SEL0075,PRD01436,2020-09-06,69.56,true
SEL0021,PRD01437,2023-03-02,833.73,true
SEL0100,PRD01438,2020-02-01,568.33,false
SEL0071,PRD01439,2024-01-29,2220.9,true
SEL0069,PRD01440,2022-02-12,376.01,true
SEL0008,PRD01441,2024-03-06,1514.25,true
SEL0022,PRD01442,2022-07-13,1107.05,true
SEL0080,PRD01443,2020-09-07,44.96,true
SEL0041,PRD01444,2022-11-15,579.67,true
SEL0029,PRD01445,2024-12-31,1753.8,false
SEL0092,PRD01446,2020-10-23,1327.76,true
SEL0080,PRD01447,2020-07-25,1614.93,true
SEL0067,PRD01448,2024-04-08,2188.98,false
SEL0017,PRD01449,2021-05-01,688.22,true
SEL0069,PRD01450,2024-09-19,1519.82,true
SEL0015,PRD01451,2022-04-02,1391.62,true
SEL0005,PRD01452,2021-04-25,1537.38,true
SEL0083,PRD01453,2022-10-03,673.73,true
SEL0016,PRD01454,2024-01-25,2039.87,true
SEL0012,PRD01455,2021-02-04,1567.47,true
SEL0042,PRD01456,2022-01-21,109.88,true
SEL0082,PRD01457,2020-01-17,1905.6,true
SEL0082,PRD01458,2020-02-11,236.08,false
SEL0083,PRD01459,2024-11-07,1989.08,true
SEL0075,PRD01460,2023-10-28,1406.22,true
SEL0054,PRD01461,2021-05-10,871.32,true
SEL0027,PRD01462,2020-04-20,180.37,true
SEL0081,PRD01463,2022-10-14,129.9,false
SEL0034,PRD01464,2020-10-29,1559.04,true
SEL0100,PRD01465,2024-02-04,1607.92,true
SEL0081,PRD01466,2021-12-23,227.07,false
SEL0079,PRD01467,2024-12-03,113.74,true
SEL0089,PRD01468,2020-12-05,863.11,true
SEL0088,PRD01469,2022-05-13,309.11,true
SEL0007,PRD01470,2023-01-09,2686.59,true
SEL0087,PRD01471,2024-03-24,319.6,false
SEL0031,PRD01472,2023-10-16,453.71,true
SEL0038,PRD01473,2020-02-14,1674.38,true
SEL0045,PRD01474,2021-03-05,2775.91,true
SEL0037,PRD01475,2020-04-23,18.5,false
SEL0010,PRD01476,2022-08-13,2099.08,true
SEL0022,PRD01477,2024-08-19,1142.47,true
SEL0032,PRD01478,2020-09-27,1978.76,true
SEL0033,PRD01479,2020-10-08,1824.17,true
SEL0086,PRD01480,2023-09-13,705.82,false
SEL0088,PRD01481,2022-10-19,743.82,false
SEL0023,PRD01482,2024-06-25,2176.68,true
SEL0021,PRD01483,2022-08-31,342.49,false
SEL0044,PRD01484,2022-06-15,384.51,false
SEL0055,PRD01485,2020-11-04,1364.58,true
SEL0016,PRD01486,2022-04-16,1961.5,true
SEL0008,PRD01487,2023-10-21,756.35,true
SEL0024,PRD01488,2020-06-17,908.1,false
SEL0084,PRD01489,2020-09-03,792.79,true
SEL0009,PRD01490,2020-04-05,1402.11,false
SEL0037,PRD01491,2021-10-20,1786.97,true
SEL0001,PRD01492,2020-02-20,2433.11,true
SEL0097,PRD01493,2020-05-11,2350.67,true
SEL0033,PRD01494,2022-01-05,2166.46,true
SEL0077,PRD01495,2021-09-21,1803.89,true
SEL0032,PRD01496,2024-05-22,1727.32,true
SEL0028,PRD01497,2024-03-06,1293.26,false
SEL0078,PRD01498,2024-07-16,525.57,true
SEL0024,PRD01499,2023-07-04,2353.39,true
SEL0092,PRD01500,2022-02-18,1354.9,false
SEL0004,PRD01501,2023-05-08,1877.18,true
SEL0027,PRD01502,2024-11-10,1355.43,true
SEL0046,PRD01503,2023-11-20,1317.19,false
SEL0008,PRD01504,2020-09-06,197.8,true
SEL0065,PRD01505,2022-12-28,1658.96,true
SEL0016,PRD01506,2022-02-03,2317.35,true
SEL0018,PRD01507,2021-06-24,2059.43,true
SEL0001,PRD01508,2024-11-27,1426.34,false
SEL0016,PRD01509,2021-02-21,1335.91,true
SEL0052,PRD01510,2020-07-06,2525.84,true
SEL0040,PRD01511,2024-04-26,753.88,true
SEL0014,PRD01512,2023-12-10,632.06,true
SEL0085,PRD01513,2020-09-24,1005.93,true
SEL0076,PRD01514,2023-10-05,327.5,true
SEL0055,PRD01515,2023-11-13,1773.28,true
SEL0093,PRD01516,2023-03-16,1763.48,false
SEL0061,PRD01517,2021-07-01,273.31,false
SEL0057,PRD01518,2022-11-13,2190.21,true
SEL0074,PRD01519,2024-05-21,1778.29,false
SEL0030,PRD01520,2024-01-18,1642.64,true
SEL0090,PRD01521,2024-09-14,411.35,true
SEL0047,PRD01522,2022-01-13,1237.48,true
SEL0070,PRD01523,2021-11-30,1076.35,false
SEL0011,PRD01524,2022-10-02,559.94,true
SEL0043,PRD01525,2022-04-19,2067.09,false
SEL0033,PRD01526,2021-04-27,1432.01,true
SEL0100,PRD01527,2022-03-14,1309.54,true
SEL0014,PRD01528,2024-07-16,809.38,true
SEL0042,PRD01529,2022-12-27,1609.61,false
SEL0001,PRD01530,2023-04-16,316.07,true
SEL0050,PRD01531,2021-02-18,1227.43,true
SEL0077,PRD01532,2020-11-02,914.93,true
SEL0037,PRD01533,2022-11-15,1591.88,true
SEL0015,PRD01534,2024-07-08,1198.59,true
SEL0009,PRD01535,2022-07-11,1370.06,true
SEL0007,PRD01536,2020-05-18,1021.85,false
SEL0031,PRD01537,2024-02-28,918.7,true
SEL0037,PRD01538,2024-06-04,2312.08,true
SEL0085,PRD01539,2020-11-28,1481.34,false
SEL0099,PRD01540,2022-08-31,935.42,true
SEL0079,PRD01541,2020-05-03,21.97,false
SEL0073,PRD01542,2022-07-01,681.76,true
SEL0070,PRD01543,2024-05-04,243.92,true
SEL0083,PRD01544,2024-11-06,935.98,true
SEL0059,PRD01545,2021-05-10,2372.29,true
SEL0030,PRD01546,2020-06-18,1849.34,true
SEL0081,PRD01547,2022-07-06,1834.92,true
SEL0051,PRD01548,2023-06-21,565.16,false
SEL0091,PRD01549,2022-08-02,667.42,false
SEL0008,PRD01550,2020-07-09,536.78,true
SEL0020,PRD01551,2024-12-26,2510.18,false
SEL0006,PRD01552,2023-06-24,1405.09,true
SEL0048,PRD01553,2022-09-01,1132.95,true
SEL0005,PRD01554,2024-12-20,2355.24,true
SEL0093,PRD01555,2021-10-19,2592.16,false
SEL0100,PRD01556,2023-01-29,705.06,true
SEL0071,PRD01557,2023-03-26,1210.28,true
SEL0041,PRD01558,2024-01-03,672.44,true
SEL0070,PRD01559,2020-12-26,2261.99,false
SEL0063,PRD01560,2022-04-25,1074.95,true
SEL0021,PRD01561,2024-11-26,2597.3,true
SEL0084,PRD01562,2021-05-31,957.7,true
SEL0048,PRD01563,2021-03-28,2445.22,true
SEL0020,PRD01564,2023-12-09,517.02,true
SEL0057,PRD01565,2021-01-31,2457.61,false
SEL0023,PRD01566,2020-04-15,1270.55,false
SEL0083,PRD01567,2024-07-03,2266.54,true
SEL0064,PRD01568,2020-09-13,2247.43,true
SEL0059,PRD01569,2020-01-25,2168.11,false
SEL0061,PRD01570,2021-06-16,1427.37,false
SEL0009,PRD01571,2022-06-03,662.8,true
SEL0046,PRD01572,2020-09-29,602.35,true
SEL0087,PRD01573,2024-07-11,1268.05,false
SEL0044,PRD01574,2022-06-28,2339.29,true
SEL0015,PRD01575,2020-11-29,1429.33,true
SEL0005,PRD01576,2024-11-17,1759.39,true
SEL0088,PRD01577,2021-10-10,331.23,true
SEL0007,PRD01578,2024-03-15,2403.44,true
SEL0062,PRD01579,2024-06-22,339.28,true
SEL0081,PRD01580,2024-12-19,2487.29,false
SEL0021,PRD01581,2024-12-20,645.07,true
SEL0061,PRD01582,2023-08-31,2692.28,true
SEL0030,PRD01583,2021-12-21,942.49,true
SEL0037,PRD01584,2020-12-08,214.93,true
SEL0033,PRD01585,2023-02-08,2496.83,true
SEL0032,PRD01586,2023-11-10,866.85,true
SEL0013,PRD01587,2024-03-03,1035.9,true
SEL0051,PRD01588,2021-02-16,2323.92,true
SEL0089,PRD01589,2024-07-06,1752.23,false
SEL0067,PRD01590,2024-07-16,1936.03,true
SEL0070,PRD01591,2021-03-08,1259.88,true
SEL0099,PRD01592,2021-06-17,1421.78,true
SEL0099,PRD01593,2022-10-19,1193.91,true
SEL0018,PRD01594,2024-09-05,2554.45,true
SEL0028,PRD01595,2024-04-01,2417.29,true
SEL0048,PRD01596,2023-02-05,1852.61,false
SEL0001,PRD01597,2021-05-30,1373.2,true
SEL0073,PRD01598,2021-02-10,566.12,false
SEL0029,PRD01599,2020-09-22,788.68,true
SEL0042,PRD01600,2020-07-27,1764.84,true
SEL0007,PRD01601,2023-06-14,542.94,true
SEL0025,PRD01602,2024-09-18,2122.84,true
SEL0004,PRD01603,2023-10-14,344.39,true
SEL0071,PRD01604,2024-02-07,988.85,true
SEL0032,PRD01605,2021-02-06,2354.87,false
SEL0027,PRD01606,2023-10-01,1842.93,true
SEL0096,PRD01607,2022-12-09,97.14,true
SEL0079,PRD01608,2023-07-12,356.32,true
SEL0073,PRD01609,2024-03-11,859.44,true
SEL0067,PRD01610,2023-01-03,2040.27,true
SEL0009,PRD01611,2021-12-17,1057.63,false
SEL0036,PRD01612,2022-04-06,1960.18,true
SEL0060,PRD01613,2021-02-11,192.93,false
SEL0031,PRD01614,2022-03-12,431.11,true
SEL0036,PRD01615,2024-07-06,649.63,true
SEL0038,PRD01616,2024-09-05,1472.37,true
SEL0035,PRD01617,2023-09-30,2338.59,true
SEL0078,PRD01618,2020-10-15,2524.46,true
SEL0057,PRD01619,2022-05-14,1906.86,false
SEL0063,PRD01620,2024-04-30,2543.47,true
SEL0066,PRD01621,2020-02-08,647.61,false
SEL0006,PRD01622,2020-08-20,346.9,true
SEL0026,PRD01623,2022-07-18,130.48,true
SEL0035,PRD01624,2023-04-27,19.7,true
SEL0095,PRD01625,2022-10-06,2149.81,false
SEL0003,PRD01626,2024-05-28,2036.63,false
SEL0028,PRD01627,2020-07-23,2083.08,true
SEL0094,PRD01628,2020-12-20,1548.12,true
SEL0030,PRD01629,2022-05-14,1615.34,true
SEL0041,PRD01630,2022-01-22,545.15,true
SEL0010,PRD01631,2023-02-28,1589.88,true
SEL0017,PRD01632,2020-10-01,1325.89,true
SEL0090,PRD01633,2022-11-04,288.7,true
SEL0072,PRD01634,2022-04-09,1294.48,true
SEL0061,PRD01635,2020-01-30,2225.46,true
SEL0011,PRD01636,2023-11-16,1816.11,true
SEL0064,PRD01637,2020-11-22,1906.44,true
SEL0053,PRD01638,2023-02-15,1071.71,true
SEL0045,PRD01639,2023-11-30,414.8,false
SEL0073,PRD01640,2022-11-07,2091.82,true
SEL0081,PRD01641,2020-03-20,2135.9,true
SEL0026,PRD01642,2024-02-03,2044.29,true
SEL0047,PRD01643,2021-03-30,529.88,true
SEL0073,PRD01644,2021-01-09,178.38,true
SEL0006,PRD01645,2023-11-08,549.54,true
SEL0061,PRD01646,2024-01-25,1402.05,true
SEL0035,PRD01647,2021-12-26,344.23,true
SEL0029,PRD01648,2023-04-22,1491.64,false
SEL0086,PRD01649,2020-12-11,1424.39,true
SEL0085,PRD01650,2024-09-14,1393.72,true
SEL0094,PRD01651,2021-04-06,795.7,true
SEL0041,PRD01652,2024-01-29,2413.37,true
SEL0057,PRD01653,2024-11-19,2334.84,true
SEL0084,PRD01654,2024-01-02,529.1,false
SEL0013,PRD01655,2021-10-11,771.08,true
SEL0058,PRD01656,2021-04-25,44.93,true
SEL0094,PRD01657,2020-10-12,428.39,true
SEL0098,PRD01658,2022-12-17,2170.66,true
SEL0060,PRD01659,2020-08-13,811.73,true
SEL0025,PRD01660,2024-03-29,824.34,true
SEL0044,PRD01661,2022-12-12,2225.91,false
SEL0065,PRD01662,2020-07-13,1114.18,true
SEL0020,PRD01663,2021-09-02,1819.05,true
SEL0002,PRD01664,2021-01-19,828.37,true
SEL0047,PRD01665,2021-09-28,1153.76,true
SEL0091,PRD01666,2024-11-26,293.57,true
SEL0061,PRD01667,2023-06-20,906.11,true
SEL0040,PRD01668,2021-06-20,1338.8,true
SEL0043,PRD01669,2022-07-26,1683.76,false
SEL0078,PRD01670,2023-01-28,1833.31,true
SEL0044,PRD01671,2020-12-17,2010.72,true
SEL0015,PRD01672,2020-01-27,811.25,true
SEL0056,PRD01673,2021-12-19,1703.61,true
SEL0052,PRD01674,2022-01-26,2608.93,true
SEL0002,PRD01675,2021-01-02,511.32,true
SEL0004,PRD01676,2022-05-17,753.1,false
SEL0045,PRD01677,2023-08-27,2349.51,true
SEL0007,PRD01678,2021-09-13,1032.35,true
SEL0083,PRD01679,2021-08-14,1766.58,true
SEL0060,PRD01680,2024-08-16,1100.52,true
SEL0067,PRD01681,2021-08-29,1793.09,true
SEL0007,PRD01682,2020-06-03,825.96,false
SEL0018,PRD01683,2021-08-28,543.91,true
SEL0019,PRD01684,2024-01-19,1256.28,true
SEL0068,PRD01685,2021-10-11,2539.56,false
SEL0042,PRD01686,2020-10-23,1360.56,true
SEL0021,PRD01687,2022-02-23,2143.63,true
SEL0085,PRD01688,2022-02-07,486.89,true
SEL0003,PRD01689,2020-09-14,2446.34,true
SEL0004,PRD01690,2023-03-01,2301.36,true
SEL0067,PRD01691,2021-03-14,259.31,false
SEL0015,PRD01692,2023-08-11,1341.37,false
SEL0067,PRD01693,2024-04-11,636.97,true
SEL0067,PRD01694,2024-02-25,2064.0,false
SEL0075,PRD01695,2023-03-27,209.9,true
SEL0033,PRD01696,2023-02-13,1054.2,true
SEL0067,PRD01697,2020-02-03,1552.83,true
SEL0052,PRD01698,2022-10-26,2064.53,true
SEL0058,PRD01699,2021-12-22,684.71,false
SEL0062,PRD01700,2021-12-14,741.48,true
SEL0005,PRD01701,2021-03-27,171.26,false
SEL0081,PRD01702,2024-07-06,2313.99,true
SEL0046,PRD01703,2022-07-26,609.69,false
SEL0040,PRD01704,2024-01-27,1905.87,false
SEL0072,PRD01705,2020-01-14,853.82,true
SEL0003,PRD01706,2021-03-06,1105.13,true
SEL0090,PRD01707,2023-05-04,2262.37,true
SEL0086,PRD01708,2021-09-21,1216.51,true
SEL0080,PRD01709,2021-11-11,106.28,true
SEL0005,PRD01710,2023-02-18,829.23,true
SEL0002,PRD01711,2021-02-07,1374.81,true
SEL0009,PRD01712,2024-06-23,2100.35,true
SEL0040,PRD01713,2024-11-02,837.53,true
SEL0067,PRD01714,2023-08-30,773.76,true
SEL0076,PRD01715,2024-04-26,1852.08,true
SEL0054,PRD01716,2020-11-17,1560.72,false
SEL0030,PRD01717,2024-10-11,1185.79,true
SEL0018,PRD01718,2020-12-09,1803.77,false
SEL0030,PRD01719,2024-06-04,1154.43,true
SEL0078,PRD01720,2024-12-09,1490.08,false
SEL0065,PRD01721,2020-10-19,798.16,true
SEL0032,PRD01722,2022-11-04,2262.81,true
SEL0061,PRD01723,2021-09-20,1957.13,true
SEL0083,PRD01724,2023-05-27,1726.88,true
SEL0058,PRD01725,2021-12-25,1258.01,true
SEL0047,PRD01726,2020-03-04,716.17,true
SEL0089,PRD01727,2021-06-01,1869.11,true
SEL0061,PRD01728,2023-08-03,1021.83,true
SEL0032,PRD01729,2020-09-18,1901.45,true
SEL0089,PRD01730,2024-04-30,858.29,true
SEL0024,PRD01731,2020-09-09,303.34,true
SEL0087,PRD01732,2024-03-05,1647.26,true
SEL0085,PRD01733,2021-04-15,388.81,true
SEL0068,PRD01734,2022-10-24,358.6,false
SEL0008,PRD01735,2023-10-20,653.78,false
SEL0004,PRD01736,2020-04-28,1906.81,true
SEL0008,PRD01737,2022-05-17,546.0,true
SEL0004,PRD01738,2024-03-25,89.29,true
SEL0014,PRD01739,2024-12-04,1831.75,false
SEL0098,PRD01740,2023-04-09,1380.22,false
SEL0061,PRD01741,2023-11-07,752.42,true
SEL0025,PRD01742,2020-10-12,1045.85,false
SEL0025,PRD01743,2023-09-23,1732.83,false
SEL0027,PRD01744,2022-04-05,1269.17,true
SEL0015,PRD01745,2022-06-24,370.72,false
SEL0021,PRD01746,2024-10-24,702.16,true
SEL0093,PRD01747,2021-06-30,667.24,true
SEL0051,PRD01748,2023-05-17,1814.41,true
SEL0024,PRD01749,2024-02-20,2008.51,true
SEL0098,PRD01750,2023-08-22,594.75,true
SEL0075,PRD01751,2020-06-18,1001.48,true
SEL0061,PRD01752,2021-09-05,1627.54,true
SEL0092,PRD01753,2022-07-09,960.54,true
SEL0064,PRD01754,2024-10-27,386.62,true
SEL0033,PRD01755,2020-08-15,1975.59,true
SEL0095,PRD01756,2021-02-14,1969.82,false
SEL0099,PRD01757,2020-11-23,1969.1,true
SEL0011,PRD01758,2020-05-20,175.02,true
SEL0063,PRD01759,2022-08-23,1489.01,true
SEL0071,PRD01760,2023-05-02,1121.45,true
SEL0086,PRD01761,2021-04-03,970.54,false
SEL0084,PRD01762,2021-06-12,1079.86,true
SEL0056,PRD01763,2023-12-29,214.09,true
SEL0055,PRD01764,2022-12-16,1067.69,false
SEL0019,PRD01765,2023-04-23,2098.65,true
SEL0077,PRD01766,2020-03-02,2035.74,true
SEL0070,PRD01767,2021-12-15,1267.72,true
SEL0002,PRD01768,2022-02-06,1602.87,true
SEL0037,PRD01769,2022-11-22,1730.95,true
SEL0029,PRD01770,2023-02-11,95.09,false
SEL0013,PRD01771,2022-09-17,2420.54,false
SEL0038,PRD01772,2023-05-15,722.54,true
SEL0099,PRD01773,2022-08-29,1635.9,true
SEL0019,PRD01774,2022-12-13,1253.03,true
SEL0062,PRD01775,2021-05-23,2195.77,true
SEL0004,PRD01776,2023-11-19,1345.04,false
SEL0052,PRD01777,2020-11-05,2269.53,true
SEL0090,PRD01778,2024-09-29,1194.97,false
SEL0053,PRD01779,2024-08-03,439.73,true
SEL0016,PRD01780,2024-12-08,370.89,true
SEL0065,PRD01781,2024-05-03,1932.64,true
SEL0067,PRD01782,2022-06-10,1633.37,true
SEL0077,PRD01783,2022-01-03,1230.55,true
SEL0075,PRD01784,2021-06-24,777.22,false
SEL0037,PRD01785,2021-01-15,1830.41,true
SEL0094,PRD01786,2021-08-21,1145.23,true
SEL0033,PRD01787,2020-10-18,2076.97,true
SEL0053,PRD01788,2021-03-29,1418.22,true
SEL0033,PRD01789,2021-09-05,218.43,true
SEL0033,PRD01790,2020-08-16,2213.81,true
SEL0040,PRD01791,2021-11-21,2521.97,false
SEL0002,PRD01792,2020-05-23,294.33,false
SEL0063,PRD01793,2024-05-26,1127.58,false
SEL0064,PRD01794,2021-10-11,1065.98,false
SEL0052,PRD01795,2024-02-23,2198.38,true
SEL0063,PRD01796,2021-02-02,156.14,false
SEL0016,PRD01797,2020-02-17,364.4,false
SEL0066,PRD01798,2020-02-15,1618.49,true
SEL0042,PRD01799,2024-09-29,463.24,false
SEL0039,PRD01800,2022-09-02,1271.71,true
SEL0010,PRD01801,2021-06-19,2246.99,true
SEL0020,PRD01802,2020-04-04,1228.73,false
SEL0051,PRD01803,2022-01-03,1185.36,false
SEL0051,PRD01804,2024-03-28,2427.34,true
SEL0089,PRD01805,2021-02-27,2372.39,true
SEL0089,PRD01806,2021-07-09,833.96,false
SEL0095,PRD01807,2022-02-17,720.51,true
SEL0051,PRD01808,2023-12-17,373.67,false
SEL0053,PRD01809,2023-10-10,1955.22,false
SEL0016,PRD01810,2021-01-07,2443.03,true
SEL0034,PRD01811,2021-12-24,1641.92,false
SEL0064,PRD01812,2024-05-03,239.76,true
SEL0008,PRD01813,2021-06-01,414.96,true
SEL0051,PRD01814,2024-06-02,671.7,true
SEL0045,PRD01815,2024-08-26,1221.05,true
SEL0012,PRD01816,2021-12-11,149.11,false
SEL0044,PRD01817,2024-06-16,1290.65,true
SEL0079,PRD01818,2024-10-27,1146.87,true
SEL0081,PRD01819,2021-01-23,848.31,true
SEL0088,PRD01820,2023-01-29,919.56,true
SEL0056,PRD01821,2022-09-12,1179.53,true
SEL0026,PRD01822,2023-02-12,1992.31,true
SEL0094,PRD01823,2020-04-20,2090.83,false
SEL0072,PRD01824,2022-03-02,2620.04,true
SEL0087,PRD01825,2022-02-28,1906.66,true
SEL0034,PRD01826,2020-07-02,1717.35,true
SEL0025,PRD01827,2023-11-12,2079.03,false
SEL0068,PRD01828,2024-09-29,1136.01,true
SEL0010,PRD01829,2020-12-27,1151.62,true
SEL0010,PRD01830,2024-04-17,496.54,false
SEL0064,PRD01831,2022-09-23,510.56,false
SEL0070,PRD01832,2021-10-15,977.61,true
SEL0059,PRD01833,2024-04-24,730.87,true
SEL0060,PRD01834,2022-05-01,2182.96,true
SEL0044,PRD01835,2022-12-24,1343.86,false
SEL0099,PRD01836,2021-01-25,843.41,true
SEL0002,PRD01837,2020-01-07,1898.22,true
SEL0008,PRD01838,2021-12-31,262.4,true
SEL0022,PRD01839,2021-06-25,937.77,false
SEL0055,PRD01840,2024-01-21,120.73,false
SEL0090,PRD01841,2024-06-01,839.71,false
SEL0098,PRD01842,2022-02-19,2183.01,true
SEL0032,PRD01843,2022-11-24,1280.93,true
SEL0027,PRD01844,2020-09-08,1154.7,false
SEL0081,PRD01845,2024-08-21,1659.77,false
SEL0004,PRD01846,2021-01-30,1336.54,false
SEL0057,PRD01847,2022-07-26,1063.82,true
SEL0032,PRD01848,2021-04-27,1223.57,true
SEL0011,PRD01849,2021-07-07,1689.74,true
SEL0022,PRD01850,2022-09-11,1910.03,true
SEL0062,PRD01851,2024-07-29,1443.58,true
SEL0023,PRD01852,2022-07-26,2313.93,true
SEL0079,PRD01853,2023-06-01,1612.33,true
SEL0043,PRD01854,2020-12-01,1779.42,true
SEL0020,PRD01855,2020-01-02,277.84,false
SEL0046,PRD01856,2021-11-28,532.59,false
SEL0064,PRD01857,2024-11-17,1604.37,true
SEL0037,PRD01858,2022-08-30,1198.35,false
SEL0006,PRD01859,2024-08-06,1816.95,true
SEL0096,PRD01860,2022-11-28,1446.77,false
SEL0005,PRD01861,2021-01-27,2400.12,true
SEL0051,PRD01862,2021-02-05,298.36,true
SEL0005,PRD01863,2020-07-05,1903.87,true
SEL0007,PRD01864,2020-07-30,447.69,true
SEL0097,PRD01865,2023-10-13,1848.72,false
SEL0072,PRD01866,2020-02-14,205.23,true
SEL0053,PRD01867,2020-03-17,2287.47,false
SEL0025,PRD01868,2024-05-29,2565.48,true
SEL0011,PRD01869,2023-05-16,1134.57,true
SEL0070,PRD01870,2021-09-30,827.82,true
SEL0034,PRD01871,2022-06-17,192.74,true
SEL0093,PRD01872,2022-01-06,11.84,true
SEL0032,PRD01873,2020-12-10,671.37,true
SEL0099,PRD01874,2023-01-15,650.5,true
SEL0062,PRD01875,2022-04-30,2429.14,true
SEL0026,PRD01876,2022-12-19,2226.74,true
SEL0042,PRD01877,2022-02-07,69.01,true
SEL0015,PRD01878,2023-05-30,445.04,false
SEL0098,PRD01879,2023-02-10,1155.41,true
SEL0070,PRD01880,2023-08-24,431.84,true
SEL0060,PRD01881,2022-11-27,2444.46,true
SEL0053,PRD01882,2022-11-15,1184.53,false
SEL0089,PRD01883,2022-07-19,2125.59,false
SEL0089,PRD01884,2023-05-06,684.64,true
SEL0050,PRD01885,2022-12-30,1591.69,true
SEL0094,PRD01886,2022-11-26,2398.8,false
SEL0056,PRD01887,2021-12-15,74.75,false
SEL0028,PRD01888,2023-11-10,710.29,true
SEL0068,PRD01889,2022-09-01,1903.85,false
SEL0096,PRD01890,2021-07-04,2464.04,true
SEL0016,PRD01891,2020-04-15,290.94,true
SEL0084,PRD01892,2020-07-09,443.88,true
SEL0085,PRD01893,2024-03-05,737.23,true
SEL0016,PRD01894,2024-02-26,1054.98,true
SEL0007,PRD01895,2022-01-18,1858.33,true
SEL0075,PRD01896,2024-09-13,323.84,false
SEL0099,PRD01897,2023-02-06,451.45,true
SEL0045,PRD01898,2020-10-01,2123.3,true
SEL0093,PRD01899,2022-07-05,2058.91,true
SEL0057,PRD01900,2022-03-22,2850.31,true
SEL0056,PRD01901,2023-12-25,2522.72,true
SEL0051,PRD01902,2020-10-24,1799.51,true
SEL0080,PRD01903,2020-06-13,1453.9,false
SEL0094,PRD01904,2023-09-01,1534.02,false
SEL0013,PRD01905,2020-07-11,121.31,true
SEL0078,PRD01906,2024-06-18,152.02,false
SEL0090,PRD01907,2020-05-03,1086.47,true
SEL0093,PRD01908,2021-01-05,690.54,true
SEL0056,PRD01909,2022-10-01,186.74,true
SEL0052,PRD01910,2023-11-26,529.24,true
SEL0093,PRD01911,2020-04-07,1520.55,false
SEL0028,PRD01912,2020-09-01,1389.98,true
SEL0003,PRD01913,2024-09-25,2634.84,false
SEL0022,PRD01914,2020-12-30,494.5,true
SEL0009,PRD01915,2022-09-27,220.15,true
SEL0080,PRD01916,2023-05-01,70.37,true
SEL0085,PRD01917,2022-07-11,900.01,true
SEL0003,PRD01918,2023-05-26,2482.85,false
SEL0032,PRD01919,2021-10-17,418.71,true
SEL0032,PRD01920,2024-05-20,1883.29,false
SEL0018,PRD01921,2021-06-11,493.91,false
SEL0049,PRD01922,2024-08-05,95.51,true
SEL0058,PRD01923,2021-07-21,338.68,false
SEL0055,PRD01924,2021-02-21,1681.59,true
SEL0023,PRD01925,2020-10-30,703.2,true
SEL0002,PRD01926,2021-01-14,195.79,false
SEL0008,PRD01927,2023-07-19,2725.08,false
SEL0003,PRD01928,2023-07-02,2215.95,true
SEL0010,PRD01929,2021-08-08,1491.3,true
SEL0089,PRD01930,2024-11-03,214.07,true
SEL0021,PRD01931,2021-04-24,633.06,true
SEL0071,PRD01932,2020-07-05,981.83,true
SEL0044,PRD01933,2023-07-17,493.79,false
SEL0045,PRD01934,2024-08-06,476.28,true
SEL0021,PRD01935,2021-05-08,1856.71,true
SEL0072,PRD01936,2023-03-23,1093.92,true
SEL0003,PRD01937,2024-06-08,2228.5,false
SEL0059,PRD01938,2023-12-28,1603.25,true
SEL0018,PRD01939,2024-11-10,453.33,true
SEL0058,PRD01940,2024-08-01,1521.96,true
SEL0075,PRD01941,2020-02-03,2100.83,true
SEL0031,PRD01942,2021-09-24,90.9,true
SEL0038,PRD01943,2021-04-10,1299.77,true
SEL0043,PRD01944,2023-10-16,1258.69,true
SEL0074,PRD01945,2021-11-17,1933.12,true
SEL0089,PRD01946,2020-09-30,123.59,false
SEL0047,PRD01947,2020-03-21,2218.12,true
SEL0016,PRD01948,2020-12-23,1863.72,true
SEL0065,PRD01949,2021-09-23,2411.64,true
SEL0082,PRD01950,2022-03-04,201.78,true
SEL0032,PRD01951,2024-11-24,702.22,true
SEL0098,PRD01952,2020-04-27,1037.97,true
SEL0084,PRD01953,2024-12-01,193.84,true
SEL0053,PRD01954,2023-02-18,1427.4,false
SEL0081,PRD01955,2024-06-24,1423.17,true
SEL0051,PRD01956,2020-05-12,315.68,false
SEL0040,PRD01957,2022-08-24,915.22,false
SEL0063,PRD01958,2021-01-03,1591.49,true
SEL0056,PRD01959,2023-01-09,906.0,false
SEL0064,PRD01960,2020-11-01,1956.06,true
SEL0082,PRD01961,2021-02-10,2217.75,false
SEL0071,PRD01962,2023-05-03,2319.49,true
SEL0057,PRD01963,2021-03-02,41.04,true
SEL0083,PRD01964,2020-09-13,2125.63,true
SEL0094,PRD01965,2024-03-30,992.06,true
SEL0014,PRD01966,2022-03-24,452.27,true
SEL0026,PRD01967,2024-01-15,1838.37,true
SEL0032,PRD01968,2024-01-03,1611.36,true
SEL0043,PRD01969,2022-04-21,123.54,true
SEL0059,PRD01970,2021-04-04,359.75,true
SEL0051,PRD01971,2022-07-11,395.76,false
SEL0046,PRD01972,2024-12-09,1045.21,true
SEL0048,PRD01973,2021-05-12,1172.98,true
SEL0025,PRD01974,2022-03-24,1527.44,true
SEL0035,PRD01975,2023-07-07,1213.72,true
SEL0094,PRD01976,2021-11-11,1618.16,true
SEL0013,PRD01977,2023-02-28,2043.47,true
SEL0001,PRD01978,2020-04-05,1098.97,false
SEL0022,PRD01979,2022-03-20,1296.55,false
SEL0019,PRD01980,2022-07-09,2183.17,false
SEL0045,PRD01981,2024-06-27,1509.62,true
SEL0047,PRD01982,2023-03-20,1541.01,true
SEL0034,PRD01983,2020-06-09,1189.18,false
SEL0094,PRD01984,2020-11-18,1740.96,false
SEL0034,PRD01985,2021-01-14,1034.91,false
SEL0037,PRD01986,2020-11-01,2128.23,true
SEL0080,PRD01987,2024-10-22,860.07,true
SEL0079,PRD01988,2024-12-28,2207.01,true
SEL0055,PRD01989,2021-10-29,907.89,true
SEL0055,PRD01990,2023-10-27,1673.23,false
SEL0028,PRD01991,2024-03-03,336.61,false
SEL0004,PRD01992,2024-06-12,250.46,true
SEL0086,PRD01993,2022-12-31,2353.75,false
SEL0072,PRD01994,2024-08-23,1936.91,true
SEL0014,PRD01995,2023-11-22,2500.66,false
SEL0017,PRD01996,2022-05-31,795.59,true
SEL0018,PRD01997,2022-11-29,1645.72,true
SEL0087,PRD01998,2023-11-04,902.14,true
SEL0013,PRD01999,2021-10-01,1209.68,true
SEL0085,PRD02000,2020-11-07,1885.11,true
SEL0002,PRD02001,2023-08-30,558.43,true
SEL0038,PRD02002,2020-11-27,2028.64,true
SEL0070,PRD02003,2022-09-06,733.48,true
SEL0031,PRD02004,2021-06-19,1904.03,true
SEL0076,PRD02005,2023-04-14,1865.67,true
SEL0084,PRD02006,2020-03-16,1299.15,true
SEL0050,PRD02007,2020-05-17,1563.05,true
SEL0016,PRD02008,2022-07-29,737.31,true
SEL0056,PRD02009,2023-08-15,483.25,false
SEL0052,PRD02010,2023-06-06,142.47,true
SEL0097,PRD02011,2024-12-22,1273.52,true
SEL0030,PRD02012,2022-12-21,1882.69,true
SEL0039,PRD02013,2021-09-30,526.72,true
SEL0059,PRD02014,2023-03-09,2484.67,true
SEL0039,PRD02015,2023-05-01,2345.51,false
SEL0009,PRD02016,2023-10-25,189.0,true
SEL0057,PRD02017,2024-05-15,786.32,true
SEL0083,PRD02018,2023-12-06,2404.03,true
SEL0047,PRD02019,2021-01-29,1943.0,true
SEL0033,PRD02020,2021-11-16,833.79,true
SEL0010,PRD02021,2024-08-23,427.77,true
SEL0088,PRD02022,2022-12-14,569.45,false
SEL0061,PRD02023,2024-07-12,1596.01,true
SEL0047,PRD02024,2022-03-16,2238.07,true
SEL0008,PRD02025,2022-09-23,907.31,true
SEL0060,PRD02026,2022-02-18,749.31,true
SEL0010,PRD02027,2022-05-12,2138.7,true
SEL0096,PRD02028,2024-12-19,2113.27,false
SEL0037,PRD02029,2020-03-09,1762.36,true
SEL0044,PRD02030,2023-02-02,1064.1,true
SEL0038,PRD02031,2021-12-11,811.07,true
SEL0065,PRD02032,2024-11-30,1887.21,false
SEL0018,PRD02033,2023-06-27,1543.22,true
SEL0069,PRD02034,2023-06-25,1296.68,true
SEL0055,PRD02035,2022-06-04,2532.33,true
SEL0077,PRD02036,2022-09-01,841.4,true
SEL0068,PRD02037,2024-03-09,1005.4,true
SEL0041,PRD02038,2024-06-18,2330.61,false
SEL0039,PRD02039,2023-12-02,654.11,true
SEL0097,PRD02040,2021-03-24,1529.76,false
SEL0046,PRD02041,2023-04-04,2573.41,true
SEL0029,PRD02042,2021-06-07,795.12,true
SEL0100,PRD02043,2021-02-28,310.3,true
SEL0065,PRD02044,2022-09-27,1123.6,true
SEL0050,PRD02045,2024-03-06,509.96,true
SEL0056,PRD02046,2023-02-24,1138.62,true
SEL0097,PRD02047,2023-05-21,699.75,true
SEL0040,PRD02048,2023-08-17,981.13,false
SEL0067,PRD02049,2020-03-06,302.2,true
SEL0061,PRD02050,2023-09-18,758.75,true
SEL0081,PRD02051,2020-05-29,358.07,true
SEL0096,PRD02052,2021-07-24,1899.53,false
SEL0064,PRD02053,2023-09-04,1644.5,true
SEL0014,PRD02054,2021-03-20,684.24,true
SEL0056,PRD02055,2020-10-29,102.42,true
SEL0035,PRD02056,2022-08-10,2499.33,true
SEL0064,PRD02057,2020-10-03,1151.9,true
SEL0086,PRD02058,2022-09-23,1761.37,false
SEL0041,PRD02059,2020-05-17,1533.81,true
SEL0068,PRD02060,2023-04-27,2128.33,true
SEL0092,PRD02061,2021-03-31,2022.73,true
SEL0079,PRD02062,2023-03-05,2094.12,false
SEL0004,PRD02063,2020-05-17,67.92,true
SEL0064,PRD02064,2020-08-20,1751.16,false
SEL0064,PRD02065,2023-09-10,65.73,true
SEL0081,PRD02066,2021-07-13,10.47,true
SEL0090,PRD02067,2023-06-17,1933.12,true
SEL0005,PRD02068,2024-11-30,1951.59,false
SEL0059,PRD02069,2024-08-01,2189.82,true
SEL0014,PRD02070,2024-08-25,1432.42,false
SEL0033,PRD02071,2024-08-11,2209.0,true
SEL0047,PRD02072,2020-10-03,11.51,true
SEL0023,PRD02073,2020-10-03,1086.13,false
SEL0076,PRD02074,2023-12-04,1229.12,true
SEL0042,PRD02075,2024-05-27,28.52,true
SEL0066,PRD02076,2022-06-01,1242.97,true
SEL0017,PRD02077,2023-09-08,367.1,false
SEL0080,PRD02078,2020-06-05,1300.09,true
SEL0074,PRD02079,2023-03-02,380.43,true
SEL0045,PRD02080,2023-08-09,2141.24,false
SEL0091,PRD02081,2023-04-30,1057.91,true
SEL0046,PRD02082,2021-10-05,434.38,false
SEL0007,PRD02083,2020-04-23,2459.82,false
SEL0097,PRD02084,2023-02-18,87.64,true
SEL0092,PRD02085,2020-01-10,945.88,false
SEL0084,PRD02086,2020-09-21,2249.51,true
SEL0095,PRD02087,2022-04-16,1310.69,true
SEL0051,PRD02088,2024-10-21,1441.12,false
SEL0053,PRD02089,2020-10-27,999.62,true
SEL0057,PRD02090,2020-06-23,1665.59,true
SEL0096,PRD02091,2024-06-12,1740.29,true
SEL0097,PRD02092,2024-08-22,1871.17,true
SEL0016,PRD02093,2020-02-10,2445.26,false
SEL0097,PRD02094,2023-01-23,187.97,true
SEL0048,PRD02095,2021-09-05,1176.68,false
SEL0099,PRD02096,2024-02-13,1306.81,true
SEL0054,PRD02097,2024-11-04,729.26,true
SEL0036,PRD02098,2021-03-18,1494.74,true
SEL0018,PRD02099,2022-08-03,414.76,true
SEL0097,PRD02100,2022-07-21,1922.64,true
SEL0087,PRD02101,2024-11-30,1719.63,true
SEL0087,PRD02102,2022-09-12,583.3,true
SEL0025,PRD02103,2022-09-06,921.44,false
SEL0021,PRD02104,2021-07-06,1333.43,true
SEL0065,PRD02105,2024-05-19,2015.02,true
SEL0089,PRD02106,2022-02-21,2438.18,true
SEL0093,PRD02107,2021-11-09,946.71,true
SEL0028,PRD02108,2020-08-08,507.67,true
SEL0057,PRD02109,2020-04-07,1281.37,true
SEL0071,PRD02110,2024-06-09,465.97,false
SEL0044,PRD02111,2021-01-26,227.83,true
SEL0062,PRD02112,2023-08-14,2553.11,true
SEL0024,PRD02113,2023-01-05,1318.73,true
SEL0049,PRD02114,2024-08-15,696.33,true
SEL0019,PRD02115,2020-10-10,2064.41,true
SEL0082,PRD02116,2022-09-09,1475.89,true
SEL0071,PRD02117,2021-01-17,8.26,true
SEL0073,PRD02118,2021-07-02,1469.59,true
SEL0033,PRD02119,2023-03-10,362.62,false
SEL0046,PRD02120,2023-07-30,1195.83,true
SEL0028,PRD02121,2022-02-25,1330.27,true
SEL0046,PRD02122,2022-11-18,496.1,true
SEL0044,PRD02123,2021-07-14,869.06,false
SEL0063,PRD02124,2023-07-21,1958.98,true
SEL0027,PRD02125,2022-10-28,833.41,true
SEL0097,PRD02126,2021-04-20,2664.48,true
SEL0091,PRD02127,2024-01-30,1629.58,false
SEL0092,PRD02128,2022-10-20,244.03,false
SEL0086,PRD02129,2021-07-29,2237.66,true
SEL0032,PRD02130,2021-12-30,1560.78,true
SEL0067,PRD02131,2022-11-22,479.29,true
SEL0066,PRD02132,2020-12-04,1387.14,true
SEL0052,PRD02133,2023-10-21,1862.4,false
SEL0064,PRD02134,2022-07-22,2191.2,true
SEL0069,PRD02135,2024-07-24,488.98,true
SEL0075,PRD02136,2024-05-27,2219.44,true
SEL0058,PRD02137,2024-08-28,1123.98,true
SEL0028,PRD02138,2022-06-04,28.6,true
SEL0093,PRD02139,2023-09-22,210.25,false
SEL0030,PRD02140,2022-03-03,2117.94,true
SEL0096,PRD02141,2020-02-09,1804.87,true
SEL0039,PRD02142,2022-02-08,1024.74,true
SEL0033,PRD02143,2024-02-06,464.44,true
SEL0094,PRD02144,2020-12-25,1616.91,false
SEL0087,PRD02145,2022-07-03,609.02,true
SEL0094,PRD02146,2020-09-04,1084.86,true
SEL0074,PRD02147,2020-11-01,1229.32,true
SEL0087,PRD02148,2020-07-31,850.89,true
SEL0090,PRD02149,2022-10-29,826.66,true
SEL0001,PRD02150,2021-01-05,1619.47,true
SEL0042,PRD02151,2023-07-16,681.12,true
SEL0013,PRD02152,2023-09-28,675.45,true
SEL0073,PRD02153,2022-04-21,613.28,true
SEL0079,PRD02154,2020-11-12,358.92,true
SEL0071,PRD02155,2024-01-15,2118.78,true
SEL0096,PRD02156,2021-04-18,1504.18,false
SEL0029,PRD02157,2020-01-25,1816.78,true
SEL0053,PRD02158,2021-10-16,2282.4,false
SEL0025,PRD02159,2022-11-30,2131.11,false
SEL0090,PRD02160,2021-11-23,1377.43,true
SEL0054,PRD02161,2021-02-01,1392.6,true
SEL0045,PRD02162,2021-08-13,2541.17,true
SEL0029,PRD02163,2022-06-03,1786.04,true
SEL0055,PRD02164,2022-11-03,1123.84,true
SEL0034,PRD02165,2023-07-05,1355.57,true
SEL0088,PRD02166,2020-11-18,1997.4,false
SEL0024,PRD02167,2023-07-20,1592.53,false
SEL0017,PRD02168,2020-11-01,1605.43,true
SEL0093,PRD02169,2023-10-18,597.65,false
SEL0062,PRD02170,2020-08-07,1237.97,true
SEL0054,PRD02171,2020-06-01,1373.59,true
SEL0018,PRD02172,2022-07-15,313.22,true
SEL0085,PRD02173,2022-06-28,878.71,false
SEL0058,PRD02174,2024-10-03,1522.07,true
SEL0002,PRD02175,2020-07-22,503.05,true
SEL0060,PRD02176,2024-06-24,2339.83,false
SEL0050,PRD02177,2023-04-14,2617.43,true
SEL0025,PRD02178,2021-12-06,1700.9,true
SEL0057,PRD02179,2020-06-28,1069.28,true
SEL0071,PRD02180,2021-05-29,1756.58,false
SEL0046,PRD02181,2023-12-05,654.44,true
SEL0099,PRD02182,2023-10-15,2292.33,true
SEL0024,PRD02183,2023-11-06,845.2,false
SEL0016,PRD02184,2022-12-26,1145.51,true
SEL0081,PRD02185,2024-09-16,1744.2,true
SEL0059,PRD02186,2020-07-30,836.89,true
SEL0092,PRD02187,2024-12-18,1884.78,true
SEL0049,PRD02188,2020-05-02,835.57,true
SEL0004,PRD02189,2024-01-30,1954.85,true
SEL0059,PRD02190,2023-11-17,664.01,false
SEL0044,PRD02191,2024-05-11,732.75,true
SEL0021,PRD02192,2024-07-23,774.53,true
SEL0053,PRD02193,2022-04-18,2008.77,true
SEL0065,PRD02194,2020-05-23,105.41,true
SEL0002,PRD02195,2023-12-18,562.12,false
SEL0026,PRD02196,2023-11-13,2511.53,false
SEL0065,PRD02197,2021-07-10,885.29,false
SEL0031,PRD02198,2021-03-09,586.62,true
SEL0031,PRD02199,2021-10-10,830.12,false
SEL0047,PRD02200,2022-07-25,732.56,true
SEL0071,PRD02201,2022-10-05,2183.48,true
SEL0085,PRD02202,2024-01-24,1979.42,true
SEL0087,PRD02203,2020-08-22,708.32,false
SEL0049,PRD02204,2021-01-13,587.54,true
SEL0066,PRD02205,2020-03-16,28.71,false
SEL0008,PRD02206,2024-05-23,2694.45,true
SEL0053,PRD02207,2020-05-22,989.85,false
SEL0087,PRD02208,2022-09-17,753.36,false
SEL0098,PRD02209,2021-07-24,506.36,true
SEL0034,PRD02210,2022-05-10,2118.19,true
SEL0020,PRD02211,2023-04-15,1726.38,true
SEL0055,PRD02212,2021-02-13,2441.63,true
SEL0067,PRD02213,2020-03-01,742.12,true
SEL0078,PRD02214,2022-07-06,1913.9,true
SEL0010,PRD02215,2021-03-11,1382.25,false
SEL0020,PRD02216,2024-03-10,2037.63,false
SEL0063,PRD02217,2021-05-15,2185.93,false
SEL0050,PRD02218,2022-09-15,386.13,false
SEL0048,PRD02219,2021-03-05,2373.03,false
SEL0059,PRD02220,2020-02-21,2080.96,true
SEL0062,PRD02221,2021-09-09,1160.0,true
SEL0039,PRD02222,2021-04-19,1504.87,true
SEL0079,PRD02223,2022-06-25,1201.9,true
SEL0044,PRD02224,2024-12-27,1820.92,true
SEL0028,PRD02225,2024-08-18,504.06,true
SEL0014,PRD02226,2021-08-23,1021.28,false
SEL0015,PRD02227,2021-12-18,2072.51,true
SEL0063,PRD02228,2020-04-17,535.71,true
SEL0038,PRD02229,2024-01-18,1036.72,true
SEL0031,PRD02230,2022-02-10,508.63,true
SEL0058,PRD02231,2021-07-02,1911.38,false
SEL0083,PRD02232,2022-03-20,1464.78,true
SEL0073,PRD02233,2024-10-26,710.22,true
SEL0074,PRD02234,2020-09-23,272.84,true
SEL0091,PRD02235,2022-12-02,188.89,false
SEL0057,PRD02236,2022-01-25,173.4,false
SEL0078,PRD02237,2021-01-15,1538.55,false
SEL0086,PRD02238,2024-12-15,1298.8,true
SEL0076,PRD02239,2020-11-04,1493.5,false
SEL0060,PRD02240,2021-12-28,1667.08,false
SEL0079,PRD02241,2023-07-15,1152.36,true
SEL0061,PRD02242,2020-09-02,1300.83,true
SEL0077,PRD02243,2021-02-15,1889.32,false
SEL0004,PRD02244,2023-02-05,136.9,true
SEL0054,PRD02245,2021-10-03,1923.66,true
SEL0060,PRD02246,2020-04-11,96.56,false
SEL0051,PRD02247,2020-05-19,230.93,true
SEL0037,PRD02248,2020-11-08,2092.58,true
SEL0055,PRD02249,2023-04-03,879.44,true
SEL0031,PRD02250,2024-07-02,2651.6,true
SEL0041,PRD02251,2021-12-04,566.69,false
SEL0018,PRD02252,2021-07-24,1152.95,false
SEL0045,PRD02253,2024-04-04,1436.78,false
SEL0081,PRD02254,2023-08-19,415.61,true
SEL0085,PRD02255,2020-03-10,556.54,true
SEL0079,PRD02256,2020-12-09,986.24,false
SEL0079,PRD02257,2024-08-27,228.0,true
SEL0087,PRD02258,2023-03-18,2338.98,false
SEL0069,PRD02259,2022-04-20,2331.49,true
SEL0002,PRD02260,2022-02-16,412.18,true
SEL0011,PRD02261,2022-04-03,2257.44,false
SEL0046,PRD02262,2020-07-12,1375.79,true
SEL0031,PRD02263,2021-10-25,23.35,true
SEL0070,PRD02264,2023-10-19,263.06,true
SEL0054,PRD02265,2022-03-29,83.91,true
SEL0055,PRD02266,2024-10-04,1784.19,false
SEL0062,PRD02267,2023-09-10,1160.62,true
SEL0025,PRD02268,2022-06-12,1986.98,true
SEL0094,PRD02269,2024-01-15,358.42,true
SEL0004,PRD02270,2024-02-10,662.09,true
SEL0093,PRD02271,2023-06-01,2415.22,true
SEL0064,PRD02272,2022-12-20,1779.56,true
SEL0055,PRD02273,2023-04-13,1737.63,true
SEL0002,PRD02274,2023-05-20,1715.68,false
SEL0085,PRD02275,2022-12-15,1358.88,true
SEL0074,PRD02276,2020-07-22,1919.03,true
SEL0086,PRD02277,2020-01-14,2641.91,true
SEL0056,PRD02278,2021-11-07,180.76,true
SEL0004,PRD02279,2021-07-06,2522.72,true
SEL0014,PRD02280,2021-10-30,405.58,false
SEL0086,PRD02281,2020-03-06,156.78,true
SEL0043,PRD02282,2022-11-07,1876.97,true
SEL0063,PRD02283,2020-04-30,2081.68,true
SEL0007,PRD02284,2023-09-14,2596.52,true
SEL0085,PRD02285,2022-01-17,2158.72,true
SEL0096,PRD02286,2023-01-18,2387.59,true
SEL0008,PRD02287,2023-08-29,1221.14,true
SEL0076,PRD02288,2023-05-25,1847.01,true
SEL0029,PRD02289,2020-09-25,916.82,true
SEL0026,PRD02290,2023-08-16,326.69,true
SEL0088,PRD02291,2024-05-03,1600.64,true
SEL0023,PRD02292,2023-10-18,1032.73,true
SEL0019,PRD02293,2021-11-08,1688.05,true
SEL0032,PRD02294,2023-11-18,2202.5,false
SEL0081,PRD02295,2020-05-29,551.1,true
SEL0063,PRD02296,2022-05-15,565.54,true
SEL0033,PRD02297,2024-08-10,602.19,false
SEL0084,PRD02298,2021-06-23,1505.73,true
SEL0002,PRD02299,2023-05-24,801.58,true
SEL0016,PRD02300,2024-09-13,283.77,false
SEL0082,PRD02301,2024-01-16,817.05,false
SEL0054,PRD02302,2024-08-16,1293.15,true
SEL0044,PRD02303,2021-02-26,1621.34,true
SEL0038,PRD02304,2023-07-30,2030.32,true
SEL0045,PRD02305,2023-10-20,2107.72,true
SEL0029,PRD02306,2022-07-22,142.69,true
SEL0087,PRD02307,2020-05-30,2564.33,true
SEL0026,PRD02308,2021-02-09,2282.94,false
SEL0011,PRD02309,2021-02-23,1429.76,false
SEL0091,PRD02310,2021-10-30,1174.02,true
SEL0041,PRD02311,2020-05-03,1033.34,true
SEL0013,PRD02312,2024-05-30,2293.98,false
SEL0031,PRD02313,2024-06-25,2337.26,false
SEL0072,PRD02314,2024-03-25,1956.61,true
SEL0046,PRD02315,2023-10-25,2687.86,true
SEL0053,PRD02316,2024-07-21,160.42,true
SEL0031,PRD02317,2020-01-27,285.51,true
SEL0056,PRD02318,2024-05-25,2469.25,true
SEL0057,PRD02319,2024-09-07,50.51,true
SEL0052,PRD02320,2024-12-25,40.92,true
SEL0058,PRD02321,2020-10-03,1401.71,false
SEL0004,PRD02322,2020-09-23,1376.12,true
SEL0096,PRD02323,2020-01-29,93.67,false
SEL0043,PRD02324,2020-06-15,2204.06,true
SEL0001,PRD02325,2024-05-14,783.88,true
SEL0078,PRD02326,2023-07-15,1902.85,true
SEL0002,PRD02327,2023-03-23,1918.77,false
SEL0046,PRD02328,2022-05-06,257.9,true
SEL0081,PRD02329,2022-02-16,1655.96,true
SEL0078,PRD02330,2023-10-13,2674.93,true
SEL0098,PRD02331,2024-08-30,2453.99,true
SEL0005,PRD02332,2021-03-31,2073.7,true
SEL0072,PRD02333,2021-08-20,1956.89,true
SEL0014,PRD02334,2021-03-10,2215.65,true
SEL0028,PRD02335,2020-09-18,1740.59,true
SEL0030,PRD02336,2024-04-16,1021.69,true
SEL0083,PRD02337,2020-04-13,2056.54,true
SEL0080,PRD02338,2021-11-08,2278.06,true
SEL0004,PRD02339,2024-03-20,2321.4,true
SEL0088,PRD02340,2020-01-04,1200.5,false
SEL0083,PRD02341,2021-01-09,1661.56,true
SEL0099,PRD02342,2022-07-16,70.04,true
SEL0003,PRD02343,2024-09-13,1047.68,true
SEL0046,PRD02344,2022-03-15,619.36,true
SEL0066,PRD02345,2022-06-04,446.72,true
SEL0029,PRD02346,2024-07-29,1804.77,true
SEL0035,PRD02347,2021-05-10,1008.0,true
SEL0039,PRD02348,2021-04-18,258.17,true
SEL0001,PRD02349,2021-12-18,1604.28,true
SEL0079,PRD02350,2022-05-09,2209.04,false
SEL0053,PRD02351,2021-04-28,224.7,false
SEL0049,PRD02352,2024-04-14,1371.91,true
SEL0042,PRD02353,2020-10-07,399.15,true
SEL0078,PRD02354,2022-06-19,1841.61,false
SEL0099,PRD02355,2021-06-13,566.41,true
SEL0030,PRD02356,2023-03-30,891.64,true
SEL0002,PRD02357,2021-04-18,1360.04,true
SEL0100,PRD02358,2022-03-15,932.24,true
SEL0009,PRD02359,2024-06-16,967.03,true
SEL0039,PRD02360,2020-02-29,2238.55,false
SEL0090,PRD02361,2023-02-22,48.8,true
SEL0031,PRD02362,2023-12-25,1333.74,false
SEL0014,PRD02363,2022-11-19,1994.75,true
SEL0097,PRD02364,2021-01-18,2554.82,true
SEL0002,PRD02365,2024-06-10,1508.08,true
SEL0053,PRD02366,2023-10-10,725.03,true
SEL0024,PRD02367,2023-09-11,1471.74,true
SEL0020,PRD02368,2020-05-21,1656.1,true
SEL0007,PRD02369,2024-08-15,241.74,true
SEL0052,PRD02370,2021-06-30,2784.76,true
SEL0091,PRD02371,2020-07-09,2720.99,true
SEL0046,PRD02372,2023-03-08,1982.54,true
SEL0070,PRD02373,2022-09-03,2553.74,true
SEL0018,PRD02374,2020-09-04,2056.91,true
SEL0031,PRD02375,2023-06-10,375.31,true
SEL0093,PRD02376,2023-09-27,1533.44,true
SEL0022,PRD02377,2024-06-05,1862.27,true
SEL0080,PRD02378,2021-06-26,1515.28,true
SEL0053,PRD02379,2023-03-24,990.27,true
SEL0055,PRD02380,2023-02-04,1718.26,true
SEL0081,PRD02381,2022-03-08,544.16,false
SEL0019,PRD02382,2020-10-19,350.0,true
SEL0056,PRD02383,2024-04-27,1561.1,false
SEL0043,PRD02384,2022-01-15,1070.79,true
SEL0086,PRD02385,2022-10-02,2303.5,true
SEL0030,PRD02386,2021-11-23,929.5,true
SEL0062,PRD02387,2020-09-27,2472.29,true
SEL0059,PRD02388,2023-05-03,1843.14,false
SEL0006,PRD02389,2024-12-25,31.26,true
SEL0036,PRD02390,2022-02-12,457.45,true
SEL0041,PRD02391,2021-04-08,1462.6,false
SEL0091,PRD02392,2022-10-21,1632.12,true
SEL0064,PRD02393,2024-02-11,2300.93,false
SEL0093,PRD02394,2023-11-26,1172.51,true
SEL0078,PRD02395,2024-02-25,899.01,true
SEL0050,PRD02396,2020-03-02,2008.51,false
SEL0082,PRD02397,2020-04-21,741.83,false
SEL0097,PRD02398,2020-05-13,1856.49,false
SEL0038,PRD02399,2022-11-07,1724.13,true
SEL0100,PRD02400,2021-02-02,2234.67,true
SEL0087,PRD02401,2024-03-24,712.2,true
SEL0008,PRD02402,2024-05-03,154.22,true
SEL0037,PRD02403,2022-12-11,15.54,true
SEL0050,PRD02404,2023-11-07,599.49,true
SEL0034,PRD02405,2020-05-30,446.84,true
SEL0036,PRD02406,2024-01-07,1637.38,true
SEL0077,PRD02407,2022-04-22,1346.33,true
SEL0055,PRD02408,2024-04-17,1677.06,true
SEL0072,PRD02409,2021-01-06,2651.97,true
SEL0061,PRD02410,2023-12-28,1365.55,true
SEL0019,PRD02411,2023-11-09,2053.64,false
SEL0056,PRD02412,2022-06-27,1552.99,true
SEL0028,PRD02413,2024-06-23,422.39,false
SEL0062,PRD02414,2021-10-23,1350.38,false
SEL0053,PRD02415,2023-12-21,2402.33,true
SEL0088,PRD02416,2024-12-25,959.72,true
SEL0058,PRD02417,2023-02-14,1573.28,true
SEL0043,PRD02418,2023-04-22,26.54,true
SEL0011,PRD02419,2024-04-26,1279.45,false
SEL0089,PRD02420,2020-09-25,101.97,true
SEL0068,PRD02421,2024-02-07,515.9,false
SEL0026,PRD02422,2021-03-21,2488.14,false
SEL0034,PRD02423,2022-06-29,1273.41,false
SEL0099,PRD02424,2024-05-05,354.59,true
SEL0022,PRD02425,2024-09-04,1358.41,true
SEL0030,PRD02426,2022-05-03,1348.99,true
SEL0052,PRD02427,2021-09-23,1770.55,false
SEL0018,PRD02428,2020-04-04,116.08,true
SEL0087,PRD02429,2023-01-08,1295.07,true
SEL0062,PRD02430,2021-09-21,1025.88,true
SEL0091,PRD02431,2023-06-17,1593.8,true
SEL0012,PRD02432,2023-08-05,1261.92,true
SEL0036,PRD02433,2021-12-04,1280.02,true
SEL0093,PRD02434,2020-09-21,933.45,true
SEL0037,PRD02435,2023-09-14,430.27,true
SEL0022,PRD02436,2020-06-16,2275.44,true
SEL0044,PRD02437,2024-10-07,1253.26,true
SEL0095,PRD02438,2024-05-14,2418.85,true
SEL0033,PRD02439,2021-03-24,399.61,true
SEL0045,PRD02440,2020-05-04,2260.42,false
SEL0087,PRD02441,2023-05-22,2260.85,true
SEL0005,PRD02442,2021-12-15,1293.1,true
SEL0033,PRD02443,2023-11-20,1532.77,true
SEL0076,PRD02444,2021-09-13,634.71,true
SEL0092,PRD02445,2023-01-17,979.52,true
SEL0020,PRD02446,2022-11-25,20.06,true
SEL0057,PRD02447,2020-05-04,245.91,false
SEL0062,PRD02448,2023-08-18,2222.37,true
SEL0036,PRD02449,2023-05-14,1038.17,false
SEL0038,PRD02450,2020-10-19,1627.02,true
SEL0064,PRD02451,2024-12-15,995.06,true
SEL0031,PRD02452,2024-05-18,949.34,true
SEL0023,PRD02453,2021-01-08,379.44,true
SEL0059,PRD02454,2023-09-01,1431.78,true
SEL0098,PRD02455,2023-11-13,140.3,true
SEL0059,PRD02456,2020-05-01,1372.34,true
SEL0037,PRD02457,2021-10-05,965.42,false
SEL0002,PRD02458,2023-06-26,297.22,true
SEL0097,PRD02459,2022-08-24,2212.61,false
SEL0022,PRD02460,2024-09-17,379.06,true
SEL0003,PRD02461,2020-11-16,901.95,true
SEL0083,PRD02462,2023-03-23,831.56,true
SEL0045,PRD02463,2020-12-14,816.78,false
SEL0016,PRD02464,2022-08-25,1475.84,false
SEL0093,PRD02465,2021-01-09,2300.67,false
SEL0089,PRD02466,2024-09-27,381.07,false
SEL0031,PRD02467,2022-05-15,832.88,false
SEL0035,PRD02468,2023-10-02,1108.72,true
SEL0083,PRD02469,2020-02-06,439.3,true
SEL0049,PRD02470,2023-03-23,135.74,false
SEL0021,PRD02471,2022-11-26,2064.33,false
SEL0097,PRD02472,2023-07-17,2307.26,false
SEL0040,PRD02473,2023-05-23,1906.22,true
SEL0068,PRD02474,2022-08-20,2432.19,true
SEL0089,PRD02475,2021-02-17,1622.59,false
SEL0030,PRD02476,2021-12-19,2348.07,true
SEL0016,PRD02477,2021-04-21,416.04,true
SEL0012,PRD02478,2023-11-23,2203.7,false
SEL0096,PRD02479,2020-04-16,2238.77,true
SEL0041,PRD02480,2021-09-26,1724.29,true
SEL0074,PRD02481,2024-03-06,439.38,true
SEL0036,PRD02482,2024-10-03,1167.85,true
SEL0003,PRD02483,2021-05-04,1502.49,true
SEL0029,PRD02484,2024-08-24,2459.89,true
SEL0052,PRD02485,2020-05-25,951.0,true
SEL0092,PRD02486,2020-01-04,1858.62,false
SEL0052,PRD02487,2022-06-18,1323.73,false
SEL0033,PRD02488,2021-08-01,2241.28,true
SEL0098,PRD02489,2020-03-01,735.55,true
SEL0062,PRD02490,2022-06-20,1163.71,true
SEL0038,PRD02491,2020-01-26,11.72,true
SEL0051,PRD02492,2020-02-15,2029.99,true
SEL0020,PRD02493,2023-02-16,2102.48,true
SEL0063,PRD02494,2021-07-29,1358.04,true
SEL0014,PRD02495,2022-06-26,276.46,true
SEL0038,PRD02496,2020-06-02,135.66,true
SEL0041,PRD02497,2023-01-12,1746.27,true
SEL0100,PRD02498,2023-09-15,1663.92,true
SEL0051,PRD02499,2021-04-12,51.67,true
SEL0069,PRD02500,2024-04-17,799.32,false
SEL0098,PRD02501,2020-07-24,2234.41,true
SEL0037,PRD02502,2024-10-09,48.85,true
SEL0007,PRD02503,2020-01-22,956.94,true
SEL0001,PRD02504,2021-10-07,2664.36,true
SEL0004,PRD02505,2022-08-03,1837.11,true
SEL0033,PRD02506,2020-01-10,2126.8,false
SEL0065,PRD02507,2022-08-15,1873.89,false
SEL0077,PRD02508,2020-05-01,1742.14,true
SEL0029,PRD02509,2023-02-13,1018.85,true
SEL0008,PRD02510,2023-05-14,1955.18,true
SEL0080,PRD02511,2020-08-08,1110.21,true
SEL0015,PRD02512,2023-11-06,1843.84,true
SEL0003,PRD02513,2023-03-21,817.47,true
SEL0060,PRD02514,2023-06-28,223.26,true
SEL0086,PRD02515,2022-02-27,749.36,true
SEL0051,PRD02516,2023-05-17,1353.93,false
SEL0082,PRD02517,2020-08-19,2221.11,false
SEL0005,PRD02518,2021-03-28,1425.08,true
SEL0100,PRD02519,2024-04-09,1846.33,true
SEL0071,PRD02520,2023-07-16,1622.76,true
SEL0031,PRD02521,2022-02-04,1123.59,true
SEL0042,PRD02522,2023-10-22,2297.88,true
SEL0060,PRD02523,2023-11-18,1680.55,true
SEL0097,PRD02524,2023-07-30,486.89,true
SEL0070,PRD02525,2024-10-13,2207.28,false
SEL0020,PRD02526,2020-04-04,918.57,false
SEL0047,PRD02527,2024-11-07,2600.13,false
SEL0064,PRD02528,2022-04-11,1931.62,false
SEL0070,PRD02529,2024-05-19,511.95,true
SEL0025,PRD02530,2024-10-14,2087.05,true
SEL0065,PRD02531,2021-03-07,2594.34,true
SEL0001,PRD02532,2020-03-21,2333.12,false
SEL0028,PRD02533,2020-09-23,2088.9,false
SEL0066,PRD02534,2023-02-27,404.7,false
SEL0046,PRD02535,2022-06-18,516.33,true
SEL0052,PRD02536,2022-08-11,949.98,true
SEL0056,PRD02537,2024-03-14,2232.38,false
SEL0046,PRD02538,2020-01-17,556.07,true
SEL0093,PRD02539,2024-12-10,183.17,true
SEL0033,PRD02540,2021-02-23,1290.67,true
SEL0012,PRD02541,2021-12-25,1425.03,true
SEL0046,PRD02542,2020-01-13,1938.71,true
SEL0089,PRD02543,2022-12-27,1630.15,true
SEL0039,PRD02544,2023-11-09,1477.74,true
SEL0024,PRD02545,2021-11-07,1367.63,true
SEL0036,PRD02546,2020-05-09,306.3,false
SEL0067,PRD02547,2021-09-09,317.14,false
SEL0050,PRD02548,2020-02-27,716.04,true
SEL0024,PRD02549,2024-05-14,544.87,true
SEL0090,PRD02550,2022-02-26,2330.09,true
SEL0083,PRD02551,2024-07-29,1142.15,true
SEL0087,PRD02552,2024-01-27,1635.47,true
SEL0097,PRD02553,2023-11-08,2234.99,true
SEL0098,PRD02554,2024-01-06,89.35,true
SEL0034,PRD02555,2024-02-26,25.28,true
SEL0009,PRD02556,2023-06-12,2012.83,true
SEL0094,PRD02557,2024-07-09,97.3,true
SEL0091,PRD02558,2024-03-07,1019.57,true
SEL0031,PRD02559,2024-01-04,984.57,true
SEL0047,PRD02560,2022-10-13,752.93,true
SEL0040,PRD02561,2023-08-22,245.35,true
SEL0081,PRD02562,2020-06-03,632.83,true
SEL0072,PRD02563,2022-04-05,1953.71,true
SEL0019,PRD02564,2023-04-11,2081.78,true
SEL0095,PRD02565,2024-01-27,1144.26,true
SEL0014,PRD02566,2020-04-10,2055.76,false
SEL0071,PRD02567,2024-06-10,1549.01,true
SEL0088,PRD02568,2020-03-28,1923.62,false
SEL0029,PRD02569,2021-11-19,1973.89,true
SEL0026,PRD02570,2021-01-10,987.31,true
SEL0060,PRD02571,2020-02-16,932.56,true
SEL0037,PRD02572,2024-06-23,712.0,true
SEL0066,PRD02573,2020-10-20,1664.23,true
SEL0003,PRD02574,2021-01-10,319.57,true
SEL0065,PRD02575,2022-12-05,1718.87,true
SEL0057,PRD02576,2021-03-03,2379.21,true
SEL0078,PRD02577,2022-09-27,2362.87,false
SEL0001,PRD02578,2023-01-18,469.01,true
SEL0018,PRD02579,2023-09-21,1086.17,true
SEL0076,PRD02580,2023-06-06,1077.15,true
SEL0099,PRD02581,2021-10-10,594.89,true
SEL0077,PRD02582,2024-07-02,1541.43,true
SEL0060,PRD02583,2020-11-27,2669.09,false
SEL0008,PRD02584,2021-05-21,1339.3,false
SEL0080,PRD02585,2023-02-15,610.37,true
SEL0061,PRD02586,2021-01-31,1159.24,true
SEL0013,PRD02587,2021-12-07,103.74,true
SEL0061,PRD02588,2022-09-16,2699.83,false
SEL0037,PRD02589,2024-01-09,306.05,true
SEL0016,PRD02590,2022-12-24,442.98,false
SEL0069,PRD02591,2023-04-02,1883.76,true
SEL0020,PRD02592,2023-03-22,716.05,true
SEL0038,PRD02593,2020-04-12,2430.5,true
SEL0022,PRD02594,2021-12-01,1218.33,false
SEL0066,PRD02595,2020-11-08,476.75,false
SEL0026,PRD02596,2020-08-12,316.47,true
SEL0023,PRD02597,2020-11-16,1346.56,true
SEL0030,PRD02598,2022-07-16,180.07,true
SEL0081,PRD02599,2021-12-09,2165.9,true
SEL0082,PRD02600,2021-04-21,1749.24,true
SEL0100,PRD02601,2024-06-12,1145.84,true
SEL0054,PRD02602,2021-07-23,591.02,false
SEL0070,PRD02603,2024-02-12,487.11,true
SEL0091,PRD02604,2022-05-02,2111.33,true
SEL0026,PRD02605,2022-10-19,1502.54,false
SEL0046,PRD02606,2022-11-01,1952.61,true
SEL0003,PRD02607,2020-09-24,1506.22,true
SEL0094,PRD02608,2021-08-14,504.33,true
SEL0069,PRD02609,2020-08-03,1053.61,true
SEL0023,PRD02610,2024-07-16,1200.17,true
SEL0051,PRD02611,2020-05-17,1329.07,true
SEL0004,PRD02612,2020-06-12,2377.79,true
SEL0057,PRD02613,2022-09-14,1504.89,false
SEL0073,PRD02614,2021-10-04,995.27,true
SEL0060,PRD02615,2023-08-03,1487.7,true
SEL0052,PRD02616,2021-01-10,1984.91,true
SEL0010,PRD02617,2022-07-13,2090.5,true
SEL0079,PRD02618,2020-06-08,1385.73,true
SEL0070,PRD02619,2023-08-13,1680.88,true
SEL0026,PRD02620,2024-09-30,1678.51,true
SEL0053,PRD02621,2024-12-09,802.18,true
SEL0083,PRD02622,2021-07-28,1292.05,false
SEL0093,PRD02623,2024-03-21,2006.77,false
SEL0056,PRD02624,2020-04-14,1345.64,false
SEL0079,PRD02625,2022-02-17,2566.33,true
SEL0061,PRD02626,2021-02-25,11.87,true
SEL0010,PRD02627,2024-02-05,1012.02,true
SEL0076,PRD02628,2022-10-28,1155.75,true
SEL0011,PRD02629,2022-11-21,636.37,false
SEL0002,PRD02630,2020-08-13,2236.6,true
SEL0088,PRD02631,2021-08-19,1489.21,true
SEL0045,PRD02632,2020-05-24,1198.46,false
SEL0011,PRD02633,2021-03-16,2116.78,true
SEL0034,PRD02634,2020-03-01,811.2,true
SEL0078,PRD02635,2022-08-30,596.71,true
SEL0016,PRD02636,2021-10-12,1039.98,true
SEL0081,PRD02637,2022-07-21,421.2,true
SEL0073,PRD02638,2021-05-14,1460.25,true
SEL0073,PRD02639,2020-07-26,2626.88,false
SEL0046,PRD02640,2021-07-22,2153.44,true
SEL0070,PRD02641,2020-02-18,741.18,true
SEL0074,PRD02642,2023-10-07,1166.33,true
SEL0095,PRD02643,2024-03-23,2408.86,true
SEL0065,PRD02644,2023-07-22,656.42,true
SEL0058,PRD02645,2020-11-17,674.04,true
SEL0025,PRD02646,2023-07-27,2324.57,true
SEL0003,PRD02647,2020-10-30,1609.4,false
SEL0099,PRD02648,2023-01-25,1598.84,true
SEL0002,PRD02649,2021-10-19,1237.81,true
SEL0044,PRD02650,2024-06-04,1754.83,true
SEL0027,PRD02651,2021-05-27,363.65,true
SEL0058,PRD02652,2021-10-14,2309.83,true
SEL0019,PRD02653,2022-02-11,2315.63,true
SEL0027,PRD02654,2023-01-31,974.26,true
SEL0068,PRD02655,2022-04-25,455.15,true
SEL0097,PRD02656,2020-03-29,250.47,true
SEL0041,PRD02657,2020-05-14,2166.62,false
SEL0023,PRD02658,2023-06-01,1813.96,false
SEL0038,PRD02659,2023-08-09,1495.24,false
SEL0003,PRD02660,2022-08-30,653.23,true
SEL0044,PRD02661,2022-02-12,2000.87,true
SEL0046,PRD02662,2021-11-07,1845.63,true
SEL0020,PRD02663,2024-10-12,928.88,true
SEL0075,PRD02664,2024-12-10,1943.91,false
SEL0046,PRD02665,2024-08-01,855.34,true
SEL0015,PRD02666,2023-09-19,1936.23,true
SEL0033,PRD02667,2021-10-22,650.19,true
SEL0056,PRD02668,2021-10-21,1784.49,false
SEL0068,PRD02669,2024-03-01,1770.22,true
SEL0039,PRD02670,2020-04-24,2177.08,false
SEL0055,PRD02671,2022-04-05,1551.07,true
SEL0068,PRD02672,2024-11-13,2439.67,true
SEL0002,PRD02673,2022-06-16,2021.81,true
SEL0002,PRD02674,2022-05-01,1553.41,true
SEL0020,PRD02675,2024-11-23,1526.19,true
SEL0015,PRD02676,2022-02-04,62.11,false
SEL0060,PRD02677,2024-10-27,331.63,true
SEL0015,PRD02678,2024-12-06,1726.14,true
SEL0080,PRD02679,2024-06-26,691.22,true
SEL0094,PRD02680,2021-07-27,2146.08,true
SEL0004,PRD02681,2022-07-11,1532.55,true
SEL0040,PRD02682,2022-07-23,1556.11,true
SEL0041,PRD02683,2024-06-12,2286.76,true
SEL0080,PRD02684,2023-01-01,523.58,false
SEL0047,PRD02685,2023-10-26,963.15,true
SEL0040,PRD02686,2020-09-30,2301.05,true
SEL0064,PRD02687,2024-03-03,1184.96,true
SEL0015,PRD02688,2020-11-26,1859.67,true
SEL0100,PRD02689,2022-08-18,1709.82,false
SEL0002,PRD02690,2020-01-23,191.2,true
SEL0024,PRD02691,2021-05-10,2190.48,true
SEL0098,PRD02692,2023-06-30,1611.15,true
SEL0018,PRD02693,2023-07-29,304.62,true
SEL0097,PRD02694,2020-07-24,569.09,true
SEL0092,PRD02695,2023-03-18,521.38,true
SEL0025,PRD02696,2020-01-31,397.41,true
SEL0089,PRD02697,2022-11-11,122.35,false
SEL0002,PRD02698,2023-05-27,280.98,true
SEL0015,PRD02699,2023-08-22,1141.42,true
SEL0084,PRD02700,2021-03-02,651.23,true
SEL0013,PRD02701,2021-05-21,1639.47,false
SEL0095,PRD02702,2020-03-13,2145.03,true
SEL0090,PRD02703,2022-08-27,15.11,true
SEL0087,PRD02704,2022-07-11,1872.12,true
SEL0047,PRD02705,2024-09-11,544.5,false
SEL0063,PRD02706,2024-10-31,1348.0,true
SEL0031,PRD02707,2022-10-26,2729.2,true
SEL0069,PRD02708,2020-09-28,1787.4,true
SEL0013,PRD02709,2023-12-20,1695.17,true
SEL0065,PRD02710,2020-04-25,1339.23,true
SEL0068,PRD02711,2022-06-15,2570.11,true
SEL0021,PRD02712,2022-03-25,2229.84,true
SEL0001,PRD02713,2024-02-08,868.03,false
SEL0046,PRD02714,2022-02-01,1056.94,false
SEL0080,PRD02715,2022-12-01,540.52,true
SEL0024,PRD02716,2023-06-01,1878.08,true
SEL0090,PRD02717,2024-07-15,2361.61,true
SEL0021,PRD02718,2022-11-04,648.02,true
SEL0078,PRD02719,2020-05-19,1511.2,true
SEL0060,PRD02720,2022-08-20,160.81,true
SEL0074,PRD02721,2024-09-23,1169.11,true
SEL0063,PRD02722,2022-08-06,1233.67,true
SEL0059,PRD02723,2023-04-24,707.2,false
SEL0067,PRD02724,2021-11-05,74.39,false
SEL0051,PRD02725,2022-06-13,1296.9,true
SEL0092,PRD02726,2022-07-11,866.27,true
SEL0094,PRD02727,2021-06-12,1950.08,true
SEL0049,PRD02728,2022-01-07,2139.06,true
SEL0062,PRD02729,2021-11-18,212.51,true
SEL0038,PRD02730,2022-12-27,20.88,true
SEL0069,PRD02731,2024-06-02,1195.78,true
SEL0013,PRD02732,2021-01-05,1151.05,true
SEL0046,PRD02733,2022-10-25,880.04,true
SEL0041,PRD02734,2022-07-05,310.39,true
SEL0022,PRD02735,2022-03-10,1585.23,false
SEL0014,PRD02736,2023-11-30,2237.27,true
SEL0081,PRD02737,2023-03-15,1058.56,true
SEL0006,PRD02738,2021-06-26,2086.06,true
SEL0019,PRD02739,2022-10-17,1607.71,true
SEL0046,PRD02740,2022-06-03,1994.18,true
SEL0028,PRD02741,2020-05-17,855.47,true
SEL0031,PRD02742,2022-12-17,1520.05,false
SEL0041,PRD02743,2020-07-22,859.28,true
SEL0058,PRD02744,2021-01-14,2420.01,true
SEL0052,PRD02745,2024-04-27,2171.45,false
SEL0005,PRD02746,2023-09-02,2104.08,true
SEL0077,PRD02747,2021-12-15,813.32,true
SEL0088,PRD02748,2023-05-27,2321.8,true
SEL0087,PRD02749,2024-07-12,1665.36,true
SEL0020,PRD02750,2022-06-20,1647.36,false
SEL0013,PRD02751,2021-12-20,1041.38,true
SEL0045,PRD02752,2023-11-30,2210.87,false
SEL0089,PRD02753,2021-08-29,187.86,true
SEL0031,PRD02754,2020-09-02,2213.07,true
SEL0012,PRD02755,2023-12-01,2133.69,true
SEL0080,PRD02756,2022-09-15,1042.11,true
SEL0026,PRD02757,2021-08-19,1803.99,true
SEL0080,PRD02758,2022-06-25,1910.4,true
SEL0035,PRD02759,2024-08-20,1099.6,true
SEL0030,PRD02760,2022-04-03,1648.6,false
SEL0084,PRD02761,2021-06-30,2506.18,true
SEL0072,PRD02762,2022-08-09,1473.78,false
SEL0093,PRD02763,2023-02-07,2664.39,true
SEL0018,PRD02764,2023-04-28,2189.79,true
SEL0021,PRD02765,2024-07-29,2515.62,true
SEL0084,PRD02766,2024-10-30,1299.26,true
SEL0016,PRD02767,2023-04-24,810.5,true
SEL0063,PRD02768,2023-11-14,2663.08,true
SEL0088,PRD02769,2023-01-10,1307.57,false
SEL0077,PRD02770,2020-10-31,2148.83,true
SEL0021,PRD02771,2023-09-08,1200.99,true
SEL0029,PRD02772,2023-06-23,117.64,false
SEL0016,PRD02773,2020-03-25,1999.34,true
SEL0014,PRD02774,2020-08-05,1891.66,false
SEL0005,PRD02775,2021-09-06,17.64,false
SEL0070,PRD02776,2023-09-05,886.68,false
SEL0030,PRD02777,2022-09-01,2362.33,true
SEL0048,PRD02778,2020-10-04,893.1,false
SEL0094,PRD02779,2020-01-08,1480.2,false
SEL0031,PRD02780,2023-03-03,60.63,true
SEL0081,PRD02781,2020-06-12,1915.22,true
SEL0016,PRD02782,2022-05-16,971.88,true
SEL0066,PRD02783,2020-05-13,988.09,false
SEL0062,PRD02784,2020-08-17,1812.96,false
SEL0056,PRD02785,2022-09-30,2775.7,true
SEL0009,PRD02786,2023-11-06,507.21,true
SEL0052,PRD02787,2021-06-29,1929.21,true
SEL0081,PRD02788,2024-06-28,1663.51,true
SEL0037,PRD02789,2021-11-29,1461.1,true
SEL0094,PRD02790,2023-06-16,734.71,false
SEL0038,PRD02791,2024-10-11,112.36,false
SEL0072,PRD02792,2024-03-11,1595.68,true
SEL0023,PRD02793,2022-05-03,2361.07,true
SEL0064,PRD02794,2024-12-31,496.74,false
SEL0031,PRD02795,2020-08-10,2341.5,true
SEL0041,PRD02796,2024-09-12,1483.37,false
SEL0070,PRD02797,2021-03-11,2558.21,true
SEL0011,PRD02798,2020-11-05,630.22,true
SEL0071,PRD02799,2022-04-24,1329.9,true
SEL0051,PRD02800,2021-03-15,446.64,true
SEL0054,PRD02801,2024-03-09,2325.45,false
SEL0063,PRD02802,2020-05-09,1715.68,true
SEL0084,PRD02803,2022-02-10,1423.01,true
SEL0056,PRD02804,2023-12-02,413.52,true
SEL0039,PRD02805,2021-01-09,311.98,true
SEL0068,PRD02806,2024-11-26,2153.96,false
SEL0002,PRD02807,2020-02-03,455.67,true
SEL0011,PRD02808,2024-06-19,1383.07,true
SEL0061,PRD02809,2024-10-13,1411.77,false
SEL0016,PRD02810,2022-11-03,1707.2,true
SEL0081,PRD02811,2021-06-10,727.97,true
SEL0094,PRD02812,2022-10-24,401.36,true
SEL0053,PRD02813,2020-08-20,1290.16,true
SEL0060,PRD02814,2020-08-27,1061.96,true
SEL0099,PRD02815,2024-02-02,189.48,true
SEL0061,PRD02816,2022-02-05,1124.91,true
SEL0031,PRD02817,2023-12-23,1643.11,true
SEL0004,PRD02818,2022-05-10,482.24,true
SEL0056,PRD02819,2023-02-07,2007.31,true
SEL0079,PRD02820,2023-11-23,2157.88,false
SEL0100,PRD02821,2021-08-03,1604.57,true
SEL0022,PRD02822,2024-11-06,729.64,true
SEL0082,PRD02823,2024-09-16,1847.7,true
SEL0041,PRD02824,2024-11-04,2295.96,true
SEL0088,PRD02825,2022-02-04,1172.17,true
SEL0072,PRD02826,2021-03-15,1215.29,true
SEL0051,PRD02827,2020-05-07,688.85,true
SEL0051,PRD02828,2024-03-11,1369.45,true
SEL0041,PRD02829,2021-10-31,825.08,true
SEL0025,PRD02830,2024-06-09,2607.69,true
SEL0086,PRD02831,2021-09-28,720.95,true
SEL0098,PRD02832,2020-08-26,225.97,true
SEL0038,PRD02833,2021-01-13,950.13,true
SEL0042,PRD02834,2023-02-13,621.58,true
SEL0067,PRD02835,2023-04-28,456.38,true
SEL0032,PRD02836,2024-06-10,206.87,false
SEL0012,PRD02837,2022-07-06,2223.97,true
SEL0025,PRD02838,2022-11-05,1792.23,true
SEL0076,PRD02839,2023-06-15,335.62,true
SEL0067,PRD02840,2024-02-14,297.04,false
SEL0060,PRD02841,2020-10-29,673.19,false
SEL0020,PRD02842,2022-11-12,491.59,true
SEL0064,PRD02843,2022-07-25,877.89,true
SEL0039,PRD02844,2020-01-01,2065.3,true
SEL0049,PRD02845,2021-06-09,1535.91,false
SEL0077,PRD02846,2023-01-14,1580.98,false
SEL0031,PRD02847,2022-06-03,1209.77,true
SEL0058,PRD02848,2024-03-11,2024.0,true
SEL0047,PRD02849,2020-11-26,2369.14,false
SEL0038,PRD02850,2020-12-03,1702.81,true
SEL0015,PRD02851,2024-02-14,1708.42,true
SEL0100,PRD02852,2023-11-07,700.6,true
SEL0033,PRD02853,2023-07-15,1184.85,true
SEL0018,PRD02854,2020-06-20,1211.1,true
SEL0084,PRD02855,2020-10-07,2046.17,true
SEL0074,PRD02856,2024-12-21,1610.84,false
SEL0032,PRD02857,2021-01-20,943.42,true
SEL0097,PRD02858,2024-03-05,1652.9,true
SEL0019,PRD02859,2022-06-15,1980.68,true
SEL0013,PRD02860,2022-08-14,1970.77,false
SEL0080,PRD02861,2023-08-10,1597.15,true
SEL0030,PRD02862,2021-02-06,2231.04,true
SEL0077,PRD02863,2023-07-21,672.59,true
SEL0078,PRD02864,2024-04-19,514.88,false
SEL0095,PRD02865,2021-11-25,2024.51,true
SEL0082,PRD02866,2021-03-19,1244.26,false
SEL0024,PRD02867,2023-03-10,621.63,true
SEL0045,PRD02868,2021-10-01,1239.49,true
SEL0010,PRD02869,2023-04-21,1444.15,true
SEL0051,PRD02870,2022-08-29,1140.77,true
SEL0069,PRD02871,2024-05-23,727.2,true
SEL0002,PRD02872,2021-08-27,348.91,false
SEL0008,PRD02873,2022-11-04,771.64,true
SEL0095,PRD02874,2020-02-25,2278.9,true
SEL0036,PRD02875,2022-05-10,2232.68,false
SEL0075,PRD02876,2022-07-31,1189.33,true
SEL0082,PRD02877,2024-10-26,933.72,false
SEL0067,PRD02878,2021-12-18,494.03,true
SEL0034,PRD02879,2024-09-09,1090.98,true
SEL0041,PRD02880,2024-06-14,222.72,true
SEL0032,PRD02881,2021-06-02,2189.76,false
SEL0073,PRD02882,2021-10-15,1764.74,true
SEL0001,PRD02883,2020-09-13,1424.6,true
SEL0086,PRD02884,2023-06-08,467.35,true
SEL0050,PRD02885,2022-01-13,1655.09,false
SEL0086,PRD02886,2022-02-04,2444.65,true
SEL0073,PRD02887,2022-05-07,641.22,false
SEL0034,PRD02888,2020-09-18,2082.99,true
SEL0039,PRD02889,2023-09-11,1910.25,true
SEL0070,PRD02890,2023-11-16,87.6,true
SEL0082,PRD02891,2024-11-15,556.77,true
SEL0060,PRD02892,2021-11-28,1739.9,false
SEL0066,PRD02893,2022-02-05,1064.61,true
SEL0077,PRD02894,2020-05-12,1899.15,true
SEL0025,PRD02895,2023-06-27,2168.91,true
SEL0031,PRD02896,2020-09-18,2117.02,false
SEL0012,PRD02897,2022-02-09,852.2,true
SEL0068,PRD02898,2020-08-01,1149.69,false
SEL0020,PRD02899,2024-05-01,1066.77,true
SEL0016,PRD02900,2020-12-23,2080.45,false
SEL0040,PRD02901,2022-11-27,424.9,true
SEL0027,PRD02902,2021-01-02,1234.13,true
SEL0082,PRD02903,2022-02-11,763.08,true
SEL0081,PRD02904,2022-12-09,1469.6,true
SEL0045,PRD02905,2021-07-10,147.5,false
SEL0001,PRD02906,2023-06-04,1061.42,true
SEL0079,PRD02907,2024-06-25,515.32,false
SEL0007,PRD02908,2020-04-22,1020.72,true
SEL0074,PRD02909,2024-04-20,1087.4,true
SEL0099,PRD02910,2020-01-14,350.96,false
SEL0059,PRD02911,2021-01-05,2800.29,true
SEL0005,PRD02912,2022-07-22,1507.63,true
SEL0031,PRD02913,2021-09-06,2550.61,false
SEL0044,PRD02914,2022-07-12,2608.01,true
SEL0002,PRD02915,2021-05-13,272.26,true
SEL0021,PRD02916,2021-06-14,1065.61,false
SEL0029,PRD02917,2023-10-22,457.74,true
SEL0041,PRD02918,2023-06-08,93.8,true
SEL0098,PRD02919,2023-11-27,2074.75,true
SEL0019,PRD02920,2021-06-16,1412.63,false
SEL0033,PRD02921,2020-01-20,889.77,true
SEL0001,PRD02922,2021-09-07,568.93,true
SEL0037,PRD02923,2020-05-23,1313.49,true
SEL0068,PRD02924,2022-08-14,246.66,true
SEL0054,PRD02925,2020-04-12,2518.11,false
SEL0090,PRD02926,2024-11-01,2666.56,true
SEL0006,PRD02927,2022-01-30,1405.12,true
SEL0026,PRD02928,2020-03-15,710.4,false
SEL0024,PRD02929,2021-04-22,313.1,true
SEL0024,PRD02930,2022-07-15,297.88,true
SEL0065,PRD02931,2020-12-15,1815.47,true
SEL0053,PRD02932,2022-09-22,549.61,true
SEL0077,PRD02933,2024-12-04,794.25,true
SEL0085,PRD02934,2022-08-16,934.07,true
SEL0072,PRD02935,2020-07-10,508.15,true
SEL0084,PRD02936,2024-01-05,865.62,true
SEL0020,PRD02937,2023-09-26,1147.64,false
SEL0007,PRD02938,2020-10-15,1748.15,true
SEL0039,PRD02939,2024-12-12,568.84,false
SEL0040,PRD02940,2022-03-22,1417.86,false
SEL0073,PRD02941,2020-09-28,747.36,true
SEL0071,PRD02942,2021-12-18,1198.9,true
SEL0030,PRD02943,2022-08-14,1079.26,true
SEL0091,PRD02944,2024-07-11,1241.31,false
SEL0077,PRD02945,2022-07-25,1931.99,true
SEL0072,PRD02946,2022-10-09,197.14,true
SEL0013,PRD02947,2022-07-26,1711.92,false
SEL0061,PRD02948,2023-06-18,392.59,true
SEL0079,PRD02949,2024-04-17,177.3,false
SEL0077,PRD02950,2021-03-26,1296.31,true
SEL0063,PRD02951,2021-01-14,1360.53,true
SEL0027,PRD02952,2021-10-10,2343.32,true
SEL0039,PRD02953,2023-01-11,629.55,true
SEL0016,PRD02954,2024-08-28,520.27,false
SEL0068,PRD02955,2023-07-19,2054.67,true
SEL0032,PRD02956,2020-05-30,1223.09,false
SEL0026,PRD02957,2023-11-04,1548.51,true
SEL0074,PRD02958,2020-10-04,1171.93,true
SEL0089,PRD02959,2023-10-11,2428.61,true
SEL0096,PRD02960,2021-07-24,1639.4,false
SEL0096,PRD02961,2024-07-04,301.48,true
SEL0013,PRD02962,2022-08-09,2227.2,true
SEL0090,PRD02963,2024-12-29,891.14,true
SEL0001,PRD02964,2021-05-26,607.4,true
SEL0053,PRD02965,2021-07-15,318.77,true
SEL0004,PRD02966,2021-04-11,1335.6,false
SEL0097,PRD02967,2023-09-08,63.73,true
SEL0015,PRD02968,2022-12-17,994.33,true
SEL0056,PRD02969,2023-06-09,1788.23,true
SEL0065,PRD02970,2023-04-19,64.94,true
SEL0083,PRD02971,2022-11-15,304.17,true
SEL0022,PRD02972,2020-01-01,1802.83,true
SEL0037,PRD02973,2020-05-10,1115.93,true
SEL0009,PRD02974,2023-09-30,1375.9,false
SEL0094,PRD02975,2021-08-20,1562.08,true
SEL0044,PRD02976,2024-08-10,2675.51,true
SEL0064,PRD02977,2024-02-28,1999.87,true
SEL0050,PRD02978,2022-12-15,1280.22,true
SEL0083,PRD02979,2021-04-13,625.23,true
SEL0044,PRD02980,2021-04-01,769.26,true
SEL0013,PRD02981,2021-06-14,2056.45,true
SEL0095,PRD02982,2022-11-25,788.88,true
SEL0027,PRD02983,2022-01-21,1862.14,false
SEL0032,PRD02984,2021-07-21,782.39,false
SEL0022,PRD02985,2024-05-01,2173.67,true
SEL0094,PRD02986,2021-07-07,202.7,true
SEL0077,PRD02987,2024-04-11,1735.46,true
SEL0054,PRD02988,2021-10-12,2390.73,true
SEL0057,PRD02989,2023-10-12,2134.34,false
SEL0096,PRD02990,2021-02-11,290.53,false
SEL0090,PRD02991,2020-10-03,422.39,true
SEL0030,PRD02992,2022-03-22,1099.27,true
SEL0002,PRD02993,2024-12-17,921.4,true
SEL0085,PRD02994,2021-08-11,2054.04,true
SEL0096,PRD02995,2023-07-11,1654.5,false
SEL0086,PRD02996,2022-07-17,946.66,true
SEL0063,PRD02997,2020-10-25,310.34,false
SEL0091,PRD02998,2021-10-03,921.84,true
SEL0074,PRD02999,2020-08-19,99.58,true
SEL0082,PRD03000,2022-02-24,1147.54,true
SEL0014,PRD01199,2021-06-13,598.3,true
SEL0019,PRD00804,2020-01-10,1197.51,true
SEL0024,PRD01508,2023-06-17,1114.97,true
SEL0030,PRD02295,2021-01-08,539.14,true
SEL0001,PRD00975,2020-04-06,1575.37,true
SEL0005,PRD02758,2022-11-04,1592.71,true
SEL0010,PRD00825,2022-03-01,1010.39,true
SEL0010,PRD01514,2022-02-24,304.34,true
SEL0001,PRD02431,2024-06-13,1820.9,true
SEL0021,PRD00183,2022-02-14,424.14,true
SEL0011,PRD02251,2020-04-18,684.07,true
SEL0010,PRD02507,2021-07-08,1729.37,true
SEL0013,PRD01666,2024-09-12,364.69,true
SEL0010,PRD01672,2024-10-08,742.56,true
SEL0011,PRD01897,2020-07-11,446.67,true
SEL0019,PRD00624,2023-11-23,1492.24,true
SEL0002,PRD00052,2020-10-07,2127.32,true
SEL0007,PRD01138,2023-03-29,2518.04,true
SEL0005,PRD02197,2021-06-30,1076.12,true
SEL0011,PRD01344,2024-03-26,1583.62,true
SEL0002,PRD01947,2021-09-27,2295.41,true
SEL0027,PRD00703,2024-08-01,2556.47,true
SEL0017,PRD00581,2024-11-20,1742.49,true
SEL0007,PRD02916,2022-09-26,1406.38,true
SEL0022,PRD01122,2021-07-02,742.18,true
SEL0002,PRD00042,2020-05-12,1312.9,true
SEL0011,PRD01776,2022-12-22,1638.52,true
SEL0019,PRD01982,2022-08-28,1697.91,true
SEL0008,PRD02963,2022-06-04,894.84,true
SEL0029,PRD02496,2022-02-10,135.02,true
SEL0005,PRD02743,2020-11-09,1046.11,true
SEL0004,PRD01650,2023-04-07,1410.4,true
SEL0022,PRD02144,2023-05-27,1721.55,true
SEL0023,PRD02049,2022-06-04,310.87,true
SEL0019,PRD01859,2024-07-23,1675.55,true
SEL0027,PRD01202,2022-10-21,1783.14,true
SEL0011,PRD02539,2022-06-04,223.38,true
SEL0007,PRD01479,2022-08-28,1530.44,true
SEL0026,PRD02728,2021-02-12,2331.81,true
SEL0011,PRD00519,2024-05-03,893.92,true
SEL0013,PRD00137,2022-01-07,349.29,true
SEL0015,PRD02432,2021-08-08,1366.84,true
SEL0011,PRD01873,2021-10-15,652.39,true
SEL0001,PRD00147,2020-06-07,2254.58,true
SEL0010,PRD01264,2022-07-29,514.51,true
SEL0006,PRD01070,2022-01-30,532.87,true
SEL0016,PRD02780,2023-03-13,59.62,true
SEL0009,PRD02094,2024-08-05,160.04,true
SEL0002,PRD00601,2024-07-01,1188.45,true
SEL0022,PRD00913,2020-12-10,2431.68,true
SEL0017,PRD02025,2024-10-10,1046.73,true
SEL0002,PRD01810,2022-12-05,2399.95,true
SEL0028,PRD01575,2024-01-03,1125.58,true
SEL0017,PRD02966,2024-11-25,1300.43,true
SEL0026,PRD00615,2023-09-19,1791.11,true
SEL0005,PRD01529,2023-09-24,1335.65,true
SEL0023,PRD00427,2024-05-30,2115.33,true
SEL0027,PRD01478,2022-07-15,1927.98,true
SEL0006,PRD00596,2021-01-12,107.34,true
SEL0005,PRD01646,2024-12-15,1146.22,true
SEL0015,PRD01471,2021-08-09,269.31,true
SEL0020,PRD02980,2023-12-23,718.92,true
SEL0025,PRD00845,2020-12-08,381.43,true
SEL0029,PRD02515,2023-03-22,755.75,true
SEL0003,PRD00558,2021-07-12,2118.31,true
SEL0010,PRD02263,2021-01-20,25.42,true
SEL0021,PRD00155,2024-01-12,2369.2,true
SEL0023,PRD02118,2021-07-08,1799.96,true
SEL0013,PRD02849,2023-12-11,2141.02,true
SEL0015,PRD02094,2021-12-18,188.7,true
SEL0001,PRD00549,2023-12-19,266.89,true
SEL0007,PRD02709,2024-03-05,1802.57,true
SEL0010,PRD02284,2021-08-19,2443.53,true
SEL0015,PRD00326,2021-07-04,312.76,true
SEL0008,PRD00844,2023-08-13,1558.28,true
SEL0024,PRD00199,2023-06-29,599.14,true
SEL0002,PRD00461,2022-12-05,378.22,true
SEL0006,PRD01990,2021-06-21,1291.89,true
SEL0030,PRD00794,2020-08-27,2305.55,true
SEL0028,PRD01958,2024-06-22,1576.27,true
SEL0009,PRD00352,2023-01-07,2298.7,true
SEL0025,PRD01477,2024-11-13,1141.06,true
SEL0021,PRD01757,2024-09-01,2056.17,true
SEL0029,PRD01521,2020-06-19,413.39,true
SEL0002,PRD00583,2020-07-17,462.71,true
SEL0009,PRD01396,2023-05-30,2135.56,true
SEL0003,PRD02356,2021-09-12,860.07,true
SEL0003,PRD01947,2022-04-16,2237.93,true
SEL0008,PRD02096,2022-04-16,1195.33,true
SEL0021,PRD02500,2020-02-25,910.53,true
SEL0010,PRD00033,2023-07-15,297.41,true
SEL0029,PRD00253,2021-02-02,649.26,true
SEL0012,PRD00910,2022-01-27,1094.4,true
SEL0019,PRD02473,2024-01-22,1974.31,true
SEL0020,PRD01840,2021-01-05,102.77,true
SEL0029,PRD02894,2024-03-17,2087.34,true
SEL0027,PRD01696,2020-02-02,941.19,true
SEL0014,PRD02903,2024-03-21,812.61,true
SEL0028,PRD00574,2020-01-05,1320.67,true
SEL0028,PRD00583,2024-10-02,439.22,true
SEL0016,PRD01011,2023-06-19,938.38,true
SEL0015,PRD00194,2022-07-01,2275.15,true
SEL0028,PRD00355,2020-03-28,1840.84,true
SEL0026,PRD00091,2020-07-23,1822.68,true
SEL0003,PRD02881,2021-04-21,2269.85,true
SEL0001,PRD00918,2020-10-05,634.17,true
SEL0022,PRD00654,2021-05-26,2069.19,true
SEL0010,PRD00917,2021-02-11,857.83,true
SEL0024,PRD01063,2021-10-14,1447.21,true
SEL0014,PRD02875,2024-09-29,2367.98,true
SEL0013,PRD01948,2023-12-14,1554.54,true
SEL0004,PRD00706,2020-06-14,394.04,true
SEL0008,PRD02082,2020-12-04,371.52,true
SEL0019,PRD01568,2021-01-17,2117.1,true
SEL0008,PRD02544,2023-07-27,1456.72,true
SEL0009,PRD02827,2023-01-05,772.7,true
SEL0007,PRD02344,2022-05-25,651.68,true
SEL0023,PRD02946,2020-04-11,203.38,true
SEL0019,PRD01557,2023-11-30,1043.32,true
SEL0015,PRD02386,2021-01-24,919.34,true
SEL0003,PRD00017,2021-12-17,703.37,true
SEL0012,PRD02581,2020-03-04,691.54,true
SEL0003,PRD02571,2024-11-02,765.08,true
SEL0017,PRD00318,2022-04-24,734.27,true
SEL0027,PRD01518,2021-02-13,2638.86,true
SEL0011,PRD02356,2023-12-16,1043.78,true
SEL0012,PRD02995,2023-09-14,1267.13,true
SEL0012,PRD02636,2021-02-15,1030.76,true
SEL0005,PRD00254,2024-01-03,119.45,true
SEL0018,PRD00936,2023-09-01,1279.86,true
SEL0009,PRD00618,2023-08-25,1562.62,true
SEL0020,PRD01358,2020-01-19,392.6,true
SEL0011,PRD00698,2024-01-07,1930.83,true
SEL0018,PRD00060,2020-04-18,586.82,true
SEL0014,PRD01078,2024-09-09,2569.46,true
SEL0014,PRD00501,2023-07-05,1037.93,true
SEL0022,PRD01871,2024-06-14,209.78,true
SEL0007,PRD02770,2021-01-13,2002.82,true
SEL0023,PRD02548,2023-08-28,766.83,true
SEL0009,PRD02479,2024-11-01,2017.93,true
SEL0017,PRD02414,2022-06-06,1233.64,true
SEL0017,PRD02532,2023-08-24,2447.53,true
SEL0014,PRD02085,2020-01-23,793.52,true
SEL0023,PRD01726,2022-02-11,745.03,true
SEL0020,PRD00790,2024-08-30,825.06,true
SEL0011,PRD01276,2022-07-02,736.92,true
SEL0029,PRD00692,2024-02-23,1386.86,true
SEL0009,PRD01258,2020-10-17,2028.12,true
SEL0006,PRD02213,2020-07-04,768.2,true
SEL0029,PRD00786,2020-11-12,145.92,true
SEL0003,PRD00649,2022-02-07,2395.53,true
SEL0024,PRD02434,2020-05-14,991.29,true
SEL0018,PRD00746,2024-09-20,713.65,true
SEL0020,PRD01879,2024-11-01,1056.56,true
SEL0008,PRD01777,2023-06-14,2189.48,true
SEL0018,PRD01615,2022-05-26,539.85,true
SEL0005,PRD02401,2022-04-03,644.95,true
SEL0014,PRD01457,2024-09-26,1739.61,true
SEL0023,PRD00740,2021-07-17,828.66,true
SEL0010,PRD02723,2020-01-21,799.43,true
SEL0007,PRD01279,2020-07-17,1675.42,true
SEL0014,PRD00017,2023-09-23,645.36,true
SEL0016,PRD00468,2021-02-14,1745.41,true
SEL0016,PRD01968,2024-09-22,1764.76,true
SEL0017,PRD01552,2021-09-01,1057.13,true
SEL0015,PRD00126,2021-07-10,2576.24,true
SEL0005,PRD00178,2023-09-14,180.47,true
SEL0028,PRD01736,2024-06-29,1785.67,true
SEL0010,PRD02022,2024-03-01,636.04,true
SEL0007,PRD01491,2023-12-02,1920.21,true
SEL0009,PRD01021,2020-01-29,920.69,true
SEL0003,PRD00609,2020-09-22,1712.63,true
SEL0010,PRD00483,2021-10-26,1763.31,true
SEL0011,PRD01030,2024-07-22,2001.32,true
SEL0017,PRD01930,2024-07-17,261.23,true
SEL0021,PRD02654,2021-12-11,1155.34,true
SEL0020,PRD02252,2024-08-03,1079.95,true
SEL0005,PRD00268,2024-03-24,693.24,true
SEL0005,PRD02963,2022-02-06,916.27,true
SEL0028,PRD00910,2020-12-21,1309.12,true
SEL0009,PRD00036,2023-12-17,1676.11,true
SEL0027,PRD02133,2024-09-15,1964.37,true
SEL0021,PRD00068,2024-12-26,234.13,true
SEL0010,PRD02352,2021-02-11,1484.32,true
SEL0009,PRD00328,2022-04-13,387.43,true
SEL0008,PRD00597,2021-10-18,1580.71,true
SEL0005,PRD02089,2022-10-20,869.72,true
SEL0029,PRD00106,2020-10-14,371.62,true
SEL0007,PRD00864,2020-10-05,49.16,true
SEL0014,PRD00084,2024-10-30,1922.52,true
SEL0006,PRD00505,2023-02-26,181.65,true
SEL0030,PRD01683,2024-06-26,533.05,true
SEL0025,PRD00155,2022-03-06,2235.88,true
SEL0007,PRD02563,2022-11-14,1757.01,true
SEL0011,PRD00259,2020-10-11,2483.15,true
SEL0017,PRD01738,2022-04-06,88.22,true
SEL0028,PRD00461,2022-11-24,445.57,true
SEL0011,PRD02083,2021-05-16,2582.23,true
SEL0001,PRD02515,2022-07-13,654.8,true
SEL0001,PRD02699,2021-08-29,1390.52,true
SEL0007,PRD01295,2020-02-17,8.47,true
SEL0008,PRD00448,2023-01-26,2094.87,true
SEL0011,PRD02545,2021-04-28,1603.09,true
SEL0015,PRD01482,2021-05-06,2172.87,true
SEL0020,PRD02741,2023-11-22,759.96,true
SEL0002,PRD02335,2024-07-11,1810.25,true
SEL0030,PRD02681,2023-09-01,1421.31,true
SEL0030,PRD00792,2020-12-13,2350.37,true
SEL0022,PRD02570,2024-02-22,853.81,true
SEL0007,PRD02948,2021-11-01,427.0,true
SEL0013,PRD02359,2024-03-17,1023.27,true
SEL0010,PRD01246,2021-05-13,1641.76,true
SEL0017,PRD02537,2020-02-11,2207.58,true
SEL0029,PRD01089,2022-10-18,31.61,true
SEL0022,PRD00722,2022-08-27,2671.84,true
SEL0001,PRD01613,2022-02-12,198.18,true
SEL0010,PRD02261,2022-01-17,2738.35,true
SEL0014,PRD01978,2024-06-09,1083.72,true
SEL0030,PRD01544,2022-11-21,959.17,true
SEL0013,PRD02050,2021-12-31,800.74,true
SEL0004,PRD00604,2022-09-10,869.43,true
SEL0002,PRD00391,2020-07-30,2357.74,true
SEL0007,PRD01725,2020-04-24,1271.08,true
SEL0008,PRD02968,2022-10-14,753.47,true
SEL0023,PRD02682,2024-01-28,1450.85,true
SEL0010,PRD01464,2022-04-18,1583.42,true
SEL0004,PRD01370,2021-07-12,643.12,true
SEL0027,PRD01140,2020-12-26,2786.23,true
SEL0023,PRD02205,2022-05-06,26.79,true
SEL0010,PRD01291,2020-02-13,1240.34,true
SEL0004,PRD00921,2023-07-30,1296.29,true
SEL0006,PRD00637,2024-06-27,1018.93,true
SEL0017,PRD00264,2021-07-01,1162.83,true
SEL0003,PRD02605,2020-01-19,1951.22,true
SEL0022,PRD00498,2023-03-27,584.7,true
SEL0002,PRD02720,2021-09-11,165.32,true
SEL0024,PRD00700,2023-10-01,1265.93,true
SEL0014,PRD01250,2021-10-11,108.53,true
SEL0024,PRD00144,2023-08-21,1288.02,true
SEL0004,PRD00141,2023-07-20,205.74,true
SEL0023,PRD00928,2021-11-09,191.81,true
SEL0019,PRD02011,2024-05-20,1226.03,true
SEL0007,PRD01195,2023-12-22,690.21,true
SEL0011,PRD01706,2022-01-31,1213.57,true
SEL0006,PRD01190,2022-10-08,1541.6,true
SEL0005,PRD02828,2024-01-12,1372.79,true
SEL0030,PRD02190,2024-10-20,569.89,true
SEL0019,PRD02044,2020-09-29,1092.37,true
SEL0012,PRD00178,2020-09-04,189.18,true
SEL0013,PRD00089,2020-02-15,685.33,true
SEL0014,PRD02124,2021-09-09,1906.53,true
SEL0014,PRD01949,2022-07-27,2625.42,true
SEL0014,PRD00498,2023-04-11,620.9,true
SEL0005,PRD02372,2024-07-30,1802.78,true
SEL0008,PRD01801,2022-07-03,1942.31,true
SEL0027,PRD01480,2023-09-20,859.94,true
SEL0020,PRD01218,2024-01-21,445.16,true
SEL0022,PRD02804,2023-05-06,395.08,true
SEL0013,PRD01565,2022-06-29,2532.2,true
SEL0003,PRD01640,2020-12-02,2071.09,true
SEL0007,PRD01374,2021-01-01,1374.77,true
SEL0020,PRD00931,2024-04-12,896.75,true
SEL0006,PRD02353,2023-08-24,345.64,true
SEL0016,PRD02612,2023-04-12,2084.3,true
SEL0022,PRD02628,2023-11-03,1178.83,true
SEL0011,PRD02484,2024-04-29,2263.66,true
SEL0021,PRD01860,2023-07-23,1432.47,true
SEL0012,PRD00405,2021-03-19,55.04,true
SEL0028,PRD01340,2022-12-01,1958.75,true
SEL0005,PRD00096,2022-08-24,122.73,true
SEL0007,PRD02148,2023-03-17,1070.33,true
SEL0016,PRD02729,2022-08-12,220.35,true
SEL0018,PRD01377,2021-09-05,1331.56,true
SEL0002,PRD01819,2023-04-13,797.26,true
SEL0012,PRD01009,2023-06-13,2048.7,true
SEL0003,PRD00423,2021-01-13,2216.9,true
SEL0029,PRD01672,2021-09-05,863.09,true
SEL0023,PRD00742,2023-08-17,1576.39,true
SEL0011,PRD00201,2022-02-07,2229.14,true
SEL0015,PRD02823,2020-11-14,2057.41,true
SEL0001,PRD01628,2024-04-04,1735.7,true
SEL0015,PRD01260,2020-01-12,1410.98,true
SEL0012,PRD02901,2020-02-03,424.32,true
SEL0011,PRD00051,2020-09-11,1447.27,true
SEL0024,PRD01677,2020-01-01,2405.31,true
SEL0016,PRD00178,2021-07-22,199.15,true
SEL0017,PRD01827,2023-09-30,1633.47,true
SEL0029,PRD00544,2021-04-20,2247.61,true
SEL0024,PRD00723,2023-02-12,1204.35,true
SEL0008,PRD01482,2022-09-28,2322.6,true
SEL0028,PRD02125,2022-01-02,781.1,true
SEL0005,PRD02555,2022-04-26,22.32,true
SEL0025,PRD02534,2024-10-16,411.62,true
SEL0019,PRD00252,2023-06-23,1071.36,true
SEL0016,PRD00335,2022-10-14,2108.5,true
SEL0026,PRD01040,2024-12-05,1318.15,true
SEL0014,PRD02156,2022-05-15,1564.97,true
SEL0023,PRD01138,2022-12-12,2207.54,true
SEL0013,PRD00488,2023-11-13,1709.41,true
SEL0011,PRD00423,2023-09-08,2022.63,true
SEL0001,PRD00072,2023-02-13,232.31,true
SEL0010,PRD00835,2022-01-14,1964.64,true
SEL0008,PRD01407,2024-01-14,2650.48,true
SEL0004,PRD00008,2020-04-06,2289.05,true
SEL0027,PRD01930,2020-03-09,250.64,true
SEL0024,PRD01829,2023-07-08,1275.37,true
SEL0008,PRD02943,2023-11-05,1113.87,true
SEL0001,PRD00130,2023-09-03,2275.49,true
SEL0015,PRD02608,2021-01-22,478.16,true
SEL0012,PRD00635,2022-09-09,2301.68,true
SEL0022,PRD00631,2024-02-25,40.14,true
SEL0005,PRD02202,2020-09-05,1805.74,true
SEL0002,PRD02495,2021-08-29,264.44,true
SEL0017,PRD00225,2020-09-02,409.06,true
SEL0028,PRD00225,2023-01-11,438.16,true
SEL0028,PRD02895,2021-12-21,2514.81,true
SEL0015,PRD01218,2020-08-06,553.44,true
SEL0006,PRD02971,2022-05-05,278.02,true
SEL0030,PRD00662,2022-05-17,709.93,true
SEL0024,PRD01800,2021-06-29,1321.21,true
SEL0025,PRD02102,2022-03-01,494.03,true
SEL0017,PRD02334,2023-07-25,2311.36,true
SEL0009,PRD00536,2024-03-29,911.36,true
SEL0005,PRD01206,2023-01-02,1144.59,true
SEL0017,PRD00532,2024-12-22,1114.89,true
SEL0001,PRD00659,2024-03-16,1841.34,true
SEL0012,PRD00799,2024-05-12,365.45,true
SEL0012,PRD01303,2020-11-01,67.86,true
SEL0011,PRD00776,2024-07-17,262.23,true
SEL0028,PRD02146,2020-05-07,911.48,true
SEL0006,PRD01446,2020-07-28,1262.44,true
SEL0025,PRD00474,2022-03-12,530.09,true
SEL0026,PRD00258,2023-05-18,942.32,true
SEL0010,PRD01680,2022-07-25,1101.24,true
SEL0020,PRD00062,2024-04-07,142.75,true
SEL0010,PRD01245,2020-08-05,20.98,true
SEL0022,PRD00153,2022-06-28,799.06,true
SEL0025,PRD00318,2021-02-28,675.61,true
SEL0007,PRD02678,2023-10-04,1670.99,true
SEL0009,PRD01787,2021-05-20,2034.79,true
SEL0015,PRD01638,2022-01-22,1128.72,true
SEL0018,PRD02845,2024-01-25,1862.92,true
SEL0026,PRD01323,2024-12-21,797.58,true
SEL0023,PRD02979,2022-07-27,644.7,true
SEL0001,PRD01744,2023-03-07,1335.11,true
SEL0023,PRD02651,2021-08-04,391.42,true
SEL0030,PRD01985,2021-03-10,1084.92,true
SEL0030,PRD02783,2021-01-13,776.69,true
SEL0020,PRD01956,2022-03-13,380.46,true
SEL0016,PRD01064,2021-02-14,1101.17,true
SEL0024,PRD00343,2022-09-11,1843.54,true
SEL0022,PRD00759,2022-01-07,2186.11,true
SEL0010,PRD01432,2023-02-07,1533.51,true
SEL0017,PRD01345,2020-02-15,422.25,true
SEL0006,PRD02398,2023-04-13,2102.2,true
SEL0001,PRD02505,2020-07-09,1431.19,true
SEL0004,PRD00230,2020-12-15,1928.02,true
SEL0028,PRD02388,2023-10-25,1487.25,true
SEL0022,PRD00419,2023-05-17,1727.21,true
SEL0015,PRD02945,2021-04-22,1814.03,true
SEL0009,PRD02298,2024-03-29,1614.45,true
SEL0010,PRD00002,2024-10-31,301.89,true
SEL0002,PRD01735,2023-10-18,588.11,true
SEL0022,PRD01946,2024-09-07,129.36,true
SEL0003,PRD02184,2024-07-30,1266.72,true
SEL0026,PRD02437,2022-09-22,975.29,true
SEL0009,PRD01288,2020-04-22,414.08,true
SEL0018,PRD02580,2022-10-28,1287.16,true
SEL0022,PRD00178,2020-12-17,162.65,true
SEL0030,PRD01638,2023-10-04,1216.28,true
SEL0010,PRD02573,2024-08-25,2020.54,true
SEL0020,PRD02586,2024-04-05,1354.72,true
SEL0016,PRD01190,2021-01-04,1395.99,true
SEL0016,PRD02015,2023-04-30,2595.49,true
SEL0017,PRD00907,2020-01-20,1041.72,true
SEL0021,PRD00537,2020-08-01,954.14,true
SEL0007,PRD02082,2020-11-24,465.44,true
SEL0007,PRD00983,2020-12-11,815.85,true
SEL0023,PRD00150,2020-05-20,2803.53,true
SEL0007,PRD02250,2024-05-06,2427.09,true
SEL0021,PRD02105,2024-05-06,1985.85,true
SEL0013,PRD01910,2020-12-20,503.12,true
SEL0014,PRD00412,2020-05-10,710.78,true
SEL0010,PRD00787,2022-04-20,1226.32,true
SEL0016,PRD01342,2022-03-05,655.21,true
SEL0015,PRD02285,2023-01-17,2156.01,true
SEL0012,PRD01390,2021-03-04,864.93,true
SEL0030,PRD02179,2024-10-07,1226.68,true
SEL0021,PRD01054,2021-08-22,2716.85,true
SEL0023,PRD01599,2023-05-13,711.75,true
SEL0017,PRD02153,2021-02-15,646.77,true
SEL0007,PRD01167,2022-09-27,839.83,true
SEL0030,PRD01764,2023-02-06,1114.92,true
SEL0002,PRD00436,2024-10-24,1572.15,true
SEL0015,PRD00353,2020-04-28,443.52,true
SEL0024,PRD01770,2023-05-01,101.89,true
SEL0009,PRD00163,2022-03-21,1495.33,true
SEL0001,PRD00212,2020-10-25,1998.86,true
SEL0013,PRD02966,2021-09-12,1308.67,true
SEL0010,PRD00139,2022-08-23,2138.3,true
SEL0027,PRD01034,2024-10-19,1002.68,true
SEL0023,PRD00093,2021-10-12,1016.85,true
SEL0011,PRD00352,2021-01-26,2230.1,true
SEL0017,PRD00958,2023-12-24,204.34,true
SEL0030,PRD02422,2023-07-13,2493.68,true
SEL0019,PRD02348,2020-11-01,283.99,true
SEL0020,PRD00418,2020-04-30,399.4,true
SEL0018,PRD00174,2022-06-22,1988.04,true
SEL0028,PRD01522,2024-12-27,1328.7,true
SEL0025,PRD01326,2023-06-02,1859.67,true
SEL0021,PRD02454,2020-06-24,1535.09,true
SEL0006,PRD02107,2023-04-21,992.25,true
SEL0005,PRD00483,2024-05-18,2169.7,true
SEL0014,PRD02407,2024-09-23,1173.12,true
SEL0002,PRD00931,2022-12-24,990.14,true
SEL0009,PRD02012,2024-08-29,1720.81,true
SEL0005,PRD01678,2021-07-16,1102.78,true
SEL0003,PRD02955,2022-03-22,1986.54,true
SEL0021,PRD02652,2020-04-16,1806.86,true
SEL0014,PRD00089,2021-11-22,488.39,true
SEL0011,PRD00141,2024-12-15,211.18,true
SEL0024,PRD02554,2020-01-27,111.91,true
SEL0016,PRD02189,2024-05-07,1913.18,true
SEL0028,PRD00396,2023-11-30,1423.44,true
SEL0009,PRD00089,2023-11-04,578.61,true
SEL0015,PRD00084,2021-04-18,1991.24,true
SEL0022,PRD01904,2020-02-12,1254.43,true
SEL0005,PRD01620,2021-01-26,2467.31,true
SEL0010,PRD02754,2022-04-19,2397.43,true
SEL0013,PRD00622,2020-10-05,2399.11,true
SEL0021,PRD01834,2021-06-17,2369.55,true
SEL0006,PRD00384,2023-02-28,516.15,true
SEL0019,PRD00996,2024-02-22,455.19,true
SEL0007,PRD02816,2021-10-15,1164.82,true
SEL0001,PRD00308,2022-03-15,902.22,true
SEL0009,PRD02316,2022-06-26,125.1,true
SEL0003,PRD02417,2023-04-17,1382.96,true
SEL0016,PRD01340,2020-09-01,1564.78,true
SEL0003,PRD01035,2021-08-28,2475.78,true
SEL0001,PRD00788,2021-08-07,359.37,true
SEL0027,PRD01869,2021-10-15,1141.29,true
SEL0013,PRD01811,2021-02-16,1671.59,true
SEL0004,PRD02993,2020-08-05,960.88,true
SEL0004,PRD01906,2022-02-25,152.56,true
SEL0030,PRD00747,2022-06-20,1519.43,true
SEL0022,PRD00544,2022-04-28,1935.39,true
SEL0009,PRD00151,2023-06-23,1298.3,true
SEL0029,PRD02695,2022-01-20,525.77,true
SEL0028,PRD00340,2020-01-11,1592.85,true
SEL0029,PRD00827,2021-09-02,1707.74,true
SEL0002,PRD00242,2021-05-11,921.82,true
SEL0021,PRD01394,2021-03-06,2344.51,true
SEL0007,PRD00454,2023-07-24,1249.32,true
SEL0024,PRD00532,2020-10-22,907.91,true
SEL0012,PRD02387,2022-10-23,2152.01,true
SEL0012,PRD01954,2024-05-08,1572.89,true
SEL0019,PRD00369,2021-02-10,644.51,true
SEL0022,PRD01818,2023-09-25,1462.45,true
SEL0021,PRD02453,2021-11-30,371.44,true
SEL0028,PRD01813,2023-05-27,354.38,true
SEL0018,PRD00244,2022-03-10,582.77,true
SEL0020,PRD01566,2023-10-03,1156.86,true
SEL0009,PRD02139,2020-06-01,222.77,true
SEL0025,PRD02608,2024-09-28,596.54,true
SEL0020,PRD02019,2020-07-31,1805.83,true
SEL0003,PRD02788,2021-11-01,1888.33,true
SEL0027,PRD00691,2021-11-02,834.85,true
SEL0010,PRD00872,2021-07-24,2166.01,true
SEL0003,PRD00481,2020-11-23,875.09,true
SEL0018,PRD02997,2021-01-09,315.57,true
SEL0024,PRD00690,2023-04-17,674.31,true
SEL0012,PRD01273,2024-12-07,1194.77,true
SEL0002,PRD02643,2023-09-15,2263.83,true
SEL0010,PRD01018,2021-03-04,1990.58,true
SEL0005,PRD01314,2023-04-21,2265.91,true
SEL0021,PRD01202,2021-01-28,1389.21,true
SEL0023,PRD01132,2021-08-21,411.73,true
SEL0024,PRD02498,2021-01-10,1534.21,true
SEL0015,PRD02108,2023-08-26,541.64,true
SEL0027,PRD00101,2021-11-07,1644.91,true
SEL0001,PRD02246,2023-04-10,106.11,true
SEL0022,PRD02446,2023-12-25,19.7,true
SEL0024,PRD00216,2024-03-04,488.26,true
SEL0024,PRD00339,2022-04-10,946.57,true
SEL0015,PRD00659,2021-05-14,2069.91,true
SEL0007,PRD01647,2023-04-12,321.56,true
SEL0004,PRD00180,2022-08-08,1319.1,true
SEL0012,PRD00258,2021-10-11,1102.53,true
SEL0007,PRD01183,2023-07-11,2053.45,true
SEL0014,PRD01956,2024-12-25,379.42,true
SEL0010,PRD00293,2021-12-07,426.17,true
SEL0022,PRD00025,2024-12-26,633.41,true
SEL0014,PRD00392,2022-06-29,1462.48,true
SEL0011,PRD01679,2021-02-04,2119.8,true
SEL0018,PRD00158,2020-09-03,474.45,true
SEL0004,PRD02943,2021-10-29,1041.22,true
SEL0026,PRD00036,2020-01-11,1475.54,true
SEL0010,PRD00146,2023-04-27,1484.55,true
SEL0004,PRD00717,2024-12-04,347.06,true
SEL0019,PRD02349,2020-12-02,1646.1,true
SEL0005,PRD02801,2024-06-05,2016.81,true
SEL0013,PRD00452,2023-01-17,1033.84,true
SEL0012,PRD01799,2023-04-30,516.22,true
SEL0014,PRD01177,2020-09-26,1956.36,true
SEL0017,PRD02928,2022-10-24,748.73,true
SEL0015,PRD02308,2023-12-17,1809.5,true
SEL0021,PRD01260,2022-08-01,1259.28,true
SEL0006,PRD00808,2024-03-28,1404.16,true
SEL0025,PRD00997,2024-09-06,1671.18,true
SEL0023,PRD01282,2023-07-18,74.42,true
SEL0004,PRD00731,2021-04-11,517.78,true
SEL0001,PRD00207,2024-05-31,855.29,true
SEL0004,PRD02889,2020-11-28,2324.58,true
SEL0020,PRD00966,2021-07-27,46.37,true
SEL0012,PRD02809,2022-11-03,1747.51,true
SEL0005,PRD00570,2020-06-20,1163.09,true
SEL0028,PRD00344,2024-03-22,340.73,true
SEL0003,PRD00424,2020-03-30,2210.3,true
SEL0029,PRD00002,2023-12-06,346.67,true
SEL0019,PRD01408,2020-04-10,290.21,true
SEL0026,PRD01527,2023-05-16,1408.26,true
SEL0027,PRD00928,2021-12-01,194.51,true
SEL0004,PRD02912,2021-07-07,1760.43,true
SEL0001,PRD02247,2024-01-22,213.98,true
SEL0022,PRD01435,2020-09-21,1530.96,true
SEL0029,PRD02259,2022-03-14,1742.11,true
SEL0005,PRD00360,2022-09-17,583.58,true
SEL0024,PRD00068,2022-09-11,203.92,true
SEL0022,PRD02977,2021-11-11,1649.13,true
SEL0010,PRD02488,2023-06-21,1899.88,true
SEL0020,PRD02652,2023-01-23,2178.22,true
SEL0013,PRD00939,2023-03-11,273.89,true
SEL0001,PRD00194,2022-07-08,1987.84,true
SEL0010,PRD00338,2023-11-20,2057.04,true
SEL0022,PRD02286,2022-08-09,2025.7,true
SEL0029,PRD00299,2021-12-14,143.65,true
SEL0020,PRD01426,2020-04-17,1214.26,true
SEL0014,PRD01003,2024-03-30,412.17,true
SEL0010,PRD00452,2023-07-23,1099.9,true
SEL0027,PRD02910,2022-06-06,352.69,true
SEL0021,PRD01361,2021-03-31,683.79,true
SEL0010,PRD01286,2022-03-04,2273.68,true
SEL0029,PRD01413,2023-08-13,1753.82,true
SEL0030,PRD02792,2020-05-09,1712.04,true
SEL0021,PRD01654,2021-05-14,538.09,true
SEL0021,PRD01231,2024-03-30,123.63,true
SEL0007,PRD01306,2020-01-18,252.64,true
SEL0030,PRD02686,2021-12-23,2070.08,true
SEL0004,PRD00521,2022-08-09,1057.95,true
SEL0017,PRD02665,2023-12-28,726.6,true
SEL0005,PRD01723,2024-03-06,1948.41,true
SEL0017,PRD01508,2020-12-21,1533.33,true
SEL0001,PRD01392,2022-05-25,2623.01,true
SEL0001,PRD01367,2023-11-22,2168.25,true
SEL0019,PRD02998,2024-02-19,776.99,true
SEL0029,PRD02637,2020-05-11,418.28,true
SEL0025,PRD01116,2022-04-02,1804.05,true
SEL0013,PRD00847,2023-07-16,1023.17,true
SEL0012,PRD01675,2023-05-11,416.4,true
SEL0025,PRD02155,2022-06-27,2061.22,true
SEL0003,PRD02863,2023-06-27,703.87,true
SEL0023,PRD01693,2024-06-11,657.33,true
SEL0008,PRD02075,2023-02-28,33.76,true
SEL0028,PRD00478,2020-02-14,2144.84,true
SEL0002,PRD02232,2022-10-19,1597.53,true
SEL0002,PRD00718,2022-12-26,1256.67,true
SEL0008,PRD01719,2021-11-12,1085.62,true
SEL0001,PRD00174,2024-02-17,2141.37,true
SEL0008,PRD00264,2023-06-03,907.26,true
SEL0011,PRD01871,2023-02-13,231.58,true
SEL0018,PRD00652,2021-10-10,1296.46,true
SEL0028,PRD00577,2021-01-12,925.95,true
SEL0030,PRD02624,2022-02-11,1212.07,true
SEL0026,PRD00218,2022-07-18,1596.03,true
SEL0027,PRD02143,2022-03-08,384.7,true
SEL0012,PRD01667,2021-04-20,838.63,true
SEL0017,PRD00381,2020-07-02,2364.03,true
SEL0022,PRD02584,2022-03-05,1591.82,true
SEL0002,PRD02804,2023-05-30,432.57,true
SEL0028,PRD01810,2021-05-12,1948.6,true
SEL0017,PRD01519,2022-02-02,2146.23,true
SEL0016,PRD01892,2023-04-22,500.31,true
SEL0009,PRD02278,2021-06-05,217.67,true
SEL0001,PRD02140,2022-01-08,1801.95,true
SEL0027,PRD00739,2022-12-09,2306.53,true
SEL0020,PRD02163,2020-09-13,1991.43,true
SEL0014,PRD00027,2022-02-11,228.33,true
SEL0014,PRD02086,2020-11-22,2777.13,true
SEL0020,PRD02464,2024-04-17,1291.19,true
SEL0005,PRD02144,2020-12-30,1734.12,true
SEL0010,PRD00429,2024-08-02,1979.69,true
SEL0024,PRD02862,2023-07-02,2218.94,true
SEL0024,PRD01649,2022-11-03,1675.38,true
SEL0009,PRD00691,2022-12-14,999.61,true
SEL0017,PRD02794,2023-05-05,448.62,true
SEL0026,PRD02336,2022-12-11,1110.53,true
SEL0015,PRD02831,2020-11-12,773.8,true
SEL0004,PRD02481,2022-01-02,392.76,true
SEL0004,PRD02561,2022-01-14,263.43,true
SEL0016,PRD01787,2020-12-14,2066.47,true
SEL0013,PRD01896,2024-09-12,257.54,true
SEL0018,PRD02320,2020-10-07,37.87,true
SEL0014,PRD01426,2021-11-11,1251.38,true
SEL0029,PRD00271,2021-06-23,2081.77,true
SEL0012,PRD02485,2023-04-18,854.3,true
SEL0003,PRD01101,2021-02-13,758.7,true
SEL0020,PRD02435,2021-12-08,373.74,true
SEL0004,PRD02219,2023-03-26,2713.41,true
SEL0008,PRD00434,2024-11-21,840.47,true
SEL0012,PRD02812,2021-05-24,341.97,true
SEL0022,PRD02095,2024-01-18,1515.73,true
SEL0025,PRD01510,2021-06-22,2349.17,true
SEL0027,PRD00947,2023-10-01,95.34,true
SEL0002,PRD01742,2022-10-19,966.97,true
SEL0004,PRD02019,2021-08-05,1775.64,true
SEL0003,PRD02103,2024-10-23,961.04,true
SEL0020,PRD01910,2024-03-06,518.39,true
SEL0014,PRD01549,2023-09-30,792.87,true
SEL0016,PRD00415,2024-09-01,56.14,true
SEL0015,PRD02687,2022-01-16,1403.16,true
SEL0005,PRD01230,2024-10-18,298.66,true
SEL0002,PRD02513,2022-07-24,783.62,true
SEL0017,PRD01542,2020-08-09,738.17,true
SEL0008,PRD02682,2024-05-17,1747.32,true
SEL0019,PRD00943,2021-07-14,1292.73,true
SEL0009,PRD02726,2023-09-23,892.47,true
SEL0027,PRD00175,2020-04-09,2273.68,true
SEL0028,PRD00263,2023-01-09,2411.37,true
SEL0021,PRD00230,2020-01-20,2175.77,true
SEL0014,PRD00149,2021-01-31,1119.18,true
SEL0016,PRD02688,2023-12-27,2186.19,true
SEL0010,PRD00977,2024-03-28,598.09,true
SEL0027,PRD01133,2022-12-13,643.64,true
SEL0011,PRD02951,2022-05-27,1442.25,true
SEL0017,PRD01940,2023-05-18,1607.52,true
SEL0007,PRD01197,2024-08-09,2044.04,true
SEL0021,PRD01052,2023-02-08,2318.6,true
SEL0030,PRD01017,2023-01-16,26.95,true
SEL0003,PRD00819,2022-08-30,1421.99,true
SEL0017,PRD01928,2020-02-28,1871.51,true
SEL0022,PRD00779,2024-08-07,102.15,true
SEL0027,PRD00359,2021-07-26,1085.35,true
SEL0017,PRD00614,2022-03-04,697.67,true
SEL0014,PRD02840,2020-03-29,298.84,true
SEL0017,PRD00685,2023-12-28,326.76,true
SEL0016,PRD02537,2022-06-22,2836.04,true
SEL0009,PRD02638,2022-03-28,1319.25,true
SEL0025,PRD01405,2024-12-03,436.89,true
SEL0010,PRD00692,2020-01-01,1415.6,true
SEL0021,PRD00251,2022-12-27,1562.53,true
SEL0001,PRD00150,2020-05-08,2533.12,true
SEL0005,PRD01714,2020-01-09,866.3,true
SEL0006,PRD00255,2020-08-29,126.07,true
SEL0020,PRD00033,2024-06-08,259.39,true
SEL0018,PRD02286,2022-09-10,2732.35,true
SEL0024,PRD02996,2023-05-27,813.39,true
SEL0002,PRD01262,2020-11-30,1989.88,true
SEL0014,PRD02613,2024-09-27,1425.11,true
SEL0023,PRD01150,2021-12-16,2373.98,true
SEL0011,PRD00147,2023-07-23,2167.95,true
SEL0025,PRD00137,2023-12-11,325.81,true
SEL0022,PRD01203,2024-07-05,237.92,true
SEL0012,PRD02449,2020-10-16,837.63,true
SEL0006,PRD00257,2021-04-11,2511.55,true
SEL0027,PRD01339,2024-05-23,435.46,true
SEL0016,PRD01694,2021-06-20,2328.6,true
SEL0028,PRD01018,2021-12-04,2288.61,true
SEL0005,PRD01497,2022-05-10,1478.38,true
SEL0030,PRD02640,2022-11-09,2471.87,true
SEL0027,PRD00829,2023-11-11,2105.59,true
SEL0002,PRD00510,2024-05-24,1492.04,true
SEL0027,PRD01968,2021-09-18,1584.02,true
SEL0021,PRD01728,2024-12-16,919.6,true
SEL0004,PRD01173,2023-12-04,868.79,true
SEL0019,PRD02108,2021-09-18,548.42,true
SEL0017,PRD02864,2023-07-06,565.34,true
SEL0009,PRD01966,2023-08-15,351.2,true
SEL0021,PRD02650,2023-03-18,2038.24,true
SEL0014,PRD02985,2020-07-19,2005.05,true
SEL0011,PRD01539,2023-02-06,1796.79,true
SEL0022,PRD02608,2022-03-29,522.99,true
SEL0025,PRD00263,2024-12-04,2354.19,true
SEL0022,PRD00480,2022-01-19,1984.4,true
SEL0001,PRD00353,2023-07-24,356.36,true
SEL0028,PRD01865,2020-01-29,1491.67,true
SEL0022,PRD00067,2024-10-28,1194.11,true
SEL0007,PRD02626,2021-04-10,11.49,true
SEL0019,PRD00372,2020-07-30,1586.41,true
SEL0017,PRD02564,2022-05-11,2089.04,true
SEL0008,PRD00491,2024-04-09,171.56,true
SEL0017,PRD00861,2023-06-04,48.39,true
SEL0015,PRD00147,2020-07-04,2022.18,true
SEL0004,PRD01750,2020-06-25,622.04,true
SEL0020,PRD02925,2024-01-21,2203.6,true
SEL0019,PRD01218,2020-12-12,464.45,true
SEL0008,PRD01331,2024-03-19,781.33,true
SEL0012,PRD00971,2022-07-10,601.31,true
SEL0010,PRD00637,2020-02-28,1193.68,true
SEL0013,PRD01465,2023-07-01,1831.75,true
SEL0019,PRD01328,2023-08-27,2594.82,true
SEL0009,PRD00015,2023-01-29,598.39,true
SEL0024,PRD02399,2023-04-06,1814.17,true
SEL0020,PRD00638,2023-09-02,1102.47,true
SEL0005,PRD00473,2023-08-13,23.8,true
SEL0010,PRD02373,2024-05-02,2757.89,true
SEL0023,PRD02972,2022-05-22,1661.77,true
SEL0001,PRD02068,2021-04-26,1969.36,true
SEL0023,PRD01961,2022-09-06,1920.14,true
SEL0027,PRD01389,2020-08-20,2225.92,true
SEL0030,PRD02052,2021-04-13,1735.26,true
SEL0021,PRD02417,2021-11-18,1445.43,true
SEL0027,PRD02402,2020-06-09,178.17,true
SEL0006,PRD01592,2021-04-05,1588.81,true
SEL0024,PRD01711,2021-08-12,1320.61,true
SEL0012,PRD01207,2021-06-12,2181.66,true
SEL0021,PRD01989,2020-01-25,990.76,true
SEL0028,PRD01307,2021-08-17,2198.7,true
SEL0018,PRD02239,2024-10-31,1409.63,true
SEL0008,PRD02652,2024-01-30,1955.17,true
SEL0019,PRD00495,2022-07-02,1842.43,true
SEL0017,PRD02843,2023-03-05,777.64,true
SEL0030,PRD01988,2024-10-21,1884.71,true
SEL0007,PRD02156,2020-10-22,1532.81,true
SEL0015,PRD01445,2023-04-03,2000.49,true
SEL0030,PRD01853,2022-02-09,1499.02,true
SEL0002,PRD01908,2023-03-23,749.98,true
SEL0003,PRD00186,2024-09-11,1793.87,true
SEL0023,PRD00947,2020-08-11,88.95,true
SEL0019,PRD00647,2023-04-05,2150.24,true
SEL0008,PRD00833,2023-07-08,930.7,true
SEL0024,PRD02761,2021-03-19,2293.6,true
SEL0017,PRD01989,2020-12-13,913.84,true
SEL0026,PRD01017,2023-08-31,24.07,true
SEL0017,PRD01357,2024-03-14,2167.46,true
SEL0010,PRD02647,2024-06-19,1861.8,true
SEL0003,PRD00434,2024-08-08,838.54,true
SEL0027,PRD01526,2022-09-24,1490.34,true
SEL0024,PRD01881,2021-04-02,2858.05,true
SEL0029,PRD01674,2023-01-22,2473.21,true
SEL0012,PRD00199,2023-11-19,669.79,true
SEL0011,PRD00395,2020-09-09,261.21,true
SEL0010,PRD01895,2024-07-28,1574.99,true
SEL0017,PRD01801,2024-03-11,1762.41,true
SEL0030,PRD00077,2023-08-31,300.46,true
SEL0025,PRD00813,2020-01-03,184.38,true
SEL0008,PRD01397,2023-09-13,2080.75,true
SEL0022,PRD01945,2021-10-26,2211.46,true
SEL0015,PRD02602,2020-12-19,535.38,true
SEL0008,PRD00528,2021-07-26,1995.64,true
SEL0026,PRD02256,2022-10-05,1201.79,true
SEL0023,PRD02067,2021-05-05,1933.7,true
SEL0025,PRD00154,2024-01-09,2449.37,true
SEL0029,PRD00605,2023-05-29,340.96,true
SEL0024,PRD02638,2023-12-03,1260.31,true
SEL0012,PRD02230,2021-01-11,632.98,true
SEL0003,PRD01212,2024-03-20,210.64,true
SEL0004,PRD01908,2024-11-24,853.13,true
SEL0006,PRD01924,2020-03-04,1551.87,true
SEL0019,PRD00479,2021-03-05,840.43,true
SEL0016,PRD00513,2020-08-20,1210.87,true
SEL0005,PRD02808,2023-01-13,1359.01,true
SEL0001,PRD01777,2023-05-28,1971.36,true
SEL0028,PRD02208,2022-10-31,909.48,true
SEL0009,PRD01030,2023-01-22,2225.86,true
SEL0010,PRD02498,2021-05-11,1483.02,true
SEL0007,PRD00810,2020-10-01,1710.53,true
SEL0014,PRD00720,2021-07-24,2341.81,true
SEL0018,PRD00127,2022-08-07,1617.16,true
SEL0029,PRD01870,2021-08-05,695.05,true
SEL0027,PRD02089,2023-10-21,897.71,true
SEL0019,PRD00867,2024-10-19,621.81,true
SEL0005,PRD02059,2022-09-28,1838.59,true
SEL0009,PRD02878,2021-05-18,526.91,true
SEL0025,PRD01187,2020-10-07,2288.54,true
SEL0002,PRD01355,2020-02-04,329.07,true
SEL0002,PRD02390,2024-08-29,421.41,true
SEL0002,PRD02291,2023-07-15,1552.1,true
SEL0028,PRD02869,2021-08-06,1542.04,true
SEL0007,PRD01851,2024-07-18,1213.63,true
SEL0001,PRD02491,2021-01-02,13.65,true
SEL0021,PRD01573,2024-05-12,1341.96,true
SEL0011,PRD02857,2023-11-08,1081.9,true
SEL0021,PRD00664,2022-05-22,1613.75,true
SEL0012,PRD00343,2022-01-20,2333.95,true
SEL0003,PRD02143,2023-01-19,478.29,true
SEL0029,PRD02912,2020-12-30,1795.6,true
SEL0017,PRD01850,2020-03-06,1512.56,true
SEL0003,PRD00892,2022-05-29,335.07,true
SEL0003,PRD00886,2023-05-19,1898.87,true
SEL0026,PRD00698,2021-03-02,1580.09,true
SEL0007,PRD02403,2023-10-26,16.37,true
SEL0015,PRD02933,2021-07-27,906.82,true
SEL0022,PRD02640,2021-08-16,2122.95,true
SEL0030,PRD00658,2020-10-26,805.03,true
SEL0021,PRD02814,2023-09-12,821.17,true
SEL0028,PRD01847,2024-07-22,1164.1,true
SEL0014,PRD00031,2022-07-04,1816.32,true
SEL0013,PRD01191,2021-08-14,2014.79,true
SEL0005,PRD00015,2022-07-18,431.41,true
SEL0016,PRD00422,2021-04-18,768.77,true
SEL0012,PRD02764,2023-03-18,2285.02,true
SEL0024,PRD00962,2021-05-20,902.2,true
SEL0018,PRD02542,2023-04-09,2201.88,true
SEL0004,PRD00364,2022-11-06,2534.58,true
SEL0024,PRD02776,2024-11-21,708.8,true
SEL0009,PRD00522,2021-02-12,2064.47,true
SEL0029,PRD00415,2023-09-03,43.94,true
SEL0030,PRD00575,2021-12-24,2339.07,true
SEL0009,PRD02101,2023-05-05,1808.67,true
SEL0009,PRD01620,2022-04-02,2655.62,true
SEL0010,PRD01583,2024-01-06,861.27,true
SEL0001,PRD01487,2022-07-13,776.48,true
SEL0003,PRD02330,2021-06-30,2192.75,true
SEL0005,PRD01378,2021-07-20,556.46,true
SEL0021,PRD01307,2023-09-24,1920.84,true
SEL0018,PRD01493,2024-02-28,2437.57,true
SEL0003,PRD00325,2022-01-08,283.8,true
SEL0019,PRD01087,2022-07-11,2484.77,true
SEL0027,PRD01531,2024-10-29,1416.51,true
SEL0001,PRD02813,2021-08-29,1304.99,true
SEL0028,PRD01520,2021-03-17,1471.98,true
SEL0006,PRD01397,2021-09-07,2503.55,true
SEL0005,PRD02053,2023-02-24,1403.37,true
SEL0008,PRD02892,2020-11-09,1833.09,true
SEL0006,PRD02334,2022-09-09,2301.89,true
SEL0023,PRD01186,2024-05-05,1750.42,true
SEL0027,PRD01322,2022-07-23,2450.03,true
SEL0023,PRD02607,2023-02-09,1408.18,true
SEL0027,PRD00810,2021-02-28,2130.83,true
SEL0006,PRD00147,2020-07-23,2092.97,true
SEL0020,PRD01861,2022-03-19,2856.07,true
SEL0022,PRD02454,2022-07-04,1613.04,true
SEL0007,PRD00159,2020-11-30,615.09,true
SEL0029,PRD01732,2022-05-19,1877.67,true
SEL0024,PRD02640,2024-11-27,2586.03,true
SEL0012,PRD00999,2022-01-16,1847.87,true
SEL0022,PRD02277,2020-06-05,2569.22,true
SEL0028,PRD02372,2024-08-21,1854.88,true
SEL0027,PRD01904,2023-06-21,1693.45,true
SEL0022,PRD01815,2020-11-20,1163.93,true
SEL0017,PRD01640,2023-02-14,1896.5,true
SEL0021,PRD00965,2023-02-13,1422.18,true
SEL0012,PRD01413,2020-09-04,1806.75,true
SEL0004,PRD00120,2024-05-10,480.77,true
SEL0019,PRD01004,2021-05-31,80.35,true
SEL0015,PRD00967,2020-04-10,1950.55,true
SEL0018,PRD00027,2021-06-16,245.17,true
SEL0001,PRD02166,2020-07-07,1967.78,true
SEL0016,PRD00526,2024-10-03,1171.02,true
SEL0009,PRD01764,2020-01-29,896.12,true
SEL0025,PRD00500,2020-07-01,1335.34,true
SEL0030,PRD01702,2021-04-27,2541.54,true
SEL0004,PRD00267,2020-02-23,2168.47,true
SEL0030,PRD02088,2021-07-01,1554.46,true
SEL0011,PRD01870,2023-12-09,797.65,true
SEL0029,PRD00788,2024-10-29,417.93,true
SEL0026,PRD00919,2024-09-02,2784.47,true
SEL0004,PRD00608,2021-05-27,1267.03,true
SEL0026,PRD01172,2022-10-02,1716.91,true
SEL0019,PRD01632,2021-07-19,1503.92,true
SEL0014,PRD00357,2024-08-23,106.71,true
SEL0004,PRD00112,2020-08-21,2188.93,true
SEL0006,PRD02352,2022-06-26,1547.2,true
SEL0004,PRD01867,2023-09-20,2050.97,true
SEL0001,PRD01121,2021-01-19,2285.75,true
SEL0004,PRD00286,2021-01-23,564.39,true
SEL0015,PRD01328,2020-01-15,2803.23,true
SEL0007,PRD00299,2023-07-27,136.72,true
SEL0014,PRD02927,2024-12-13,1428.42,true
SEL0016,PRD00925,2021-11-29,2720.84,true
SEL0022,PRD02534,2023-06-17,399.26,true
SEL0029,PRD01960,2022-09-04,1925.85,true
SEL0028,PRD00466,2022-05-28,1939.56,true
SEL0010,PRD00242,2024-06-12,882.26,true
SEL0013,PRD00729,2021-10-18,576.06,true
SEL0007,PRD01047,2022-01-06,1464.46,true
SEL0020,PRD01938,2020-10-12,1809.11,true
SEL0024,PRD02770,2020-03-04,2176.47,true
SEL0020,PRD00797,2022-10-10,2209.57,true
SEL0019,PRD01425,2024-07-29,2459.1,true
SEL0013,PRD02955,2022-12-31,2360.28,true
SEL0027,PRD02303,2021-02-15,1622.67,true
SEL0022,PRD01294,2020-02-05,1139.04,true
SEL0018,PRD00512,2024-03-23,2619.8,true
SEL0030,PRD00693,2022-10-15,100.78,true
SEL0022,PRD00979,2022-03-24,208.04,true
SEL0023,PRD01661,2021-12-22,2874.39,true
SEL0016,PRD01631,2020-05-18,1955.04,true
SEL0026,PRD00177,2022-01-07,2509.74,true
SEL0027,PRD02043,2020-12-20,274.18,true
SEL0029,PRD02044,2024-07-28,1175.36,true
SEL0030,PRD00805,2021-10-26,960.41,true
SEL0016,PRD02276,2023-11-01,1513.34,true
SEL0011,PRD00705,2022-06-01,731.65,true
SEL0001,PRD02008,2021-08-30,675.57,true
SEL0019,PRD02927,2023-06-25,1136.34,true
SEL0017,PRD02139,2021-01-19,228.74,true
SEL0024,PRD02261,2024-03-27,2158.21,true
SEL0020,PRD00460,2023-12-28,2115.61,true
SEL0029,PRD01638,2021-10-23,1142.14,true
SEL0003,PRD01161,2021-09-09,2239.57,true
SEL0001,PRD00928,2021-01-01,216.19,true
SEL0004,PRD00611,2021-06-22,2373.03,true
SEL0021,PRD02987,2023-03-05,1908.19,true
SEL0027,PRD00652,2022-09-27,1182.57,true
SEL0029,PRD02786,2021-11-03,520.53,true
SEL0004,PRD01475,2024-05-27,20.87,true
SEL0011,PRD01228,2021-11-08,2836.89,true
SEL0018,PRD00617,2024-07-04,170.98,true
SEL0007,PRD01880,2023-12-08,377.72,true
SEL0009,PRD00469,2022-06-12,1811.39,true
SEL0019,PRD00821,2023-06-01,678.94,true
SEL0006,PRD01091,2020-09-01,2014.82,true
SEL0011,PRD00074,2021-08-16,1173.73,true
SEL0028,PRD00242,2020-01-24,990.85,true
SEL0013,PRD02017,2020-01-27,1001.62,true
SEL0023,PRD02025,2022-03-27,1161.17,true
SEL0009,PRD00127,2022-11-07,1627.21,true
SEL0018,PRD00881,2024-08-23,1594.7,true
SEL0030,PRD00215,2020-03-04,1763.85,true
SEL0006,PRD01921,2021-03-23,490.16,true
SEL0011,PRD00628,2023-02-17,1742.46,true
SEL0027,PRD00730,2024-09-28,1887.47,true
SEL0001,PRD00583,2023-12-31,531.86,true
SEL0022,PRD02033,2020-11-19,1396.19,true
SEL0006,PRD01445,2022-09-29,1948.72,true
SEL0003,PRD01475,2022-07-15,20.11,true
SEL0024,PRD00504,2022-09-10,962.91,true
SEL0026,PRD01663,2021-04-09,1822.72,true
SEL0018,PRD01567,2023-09-04,2196.07,true
SEL0008,PRD01609,2020-08-26,950.28,true
SEL0017,PRD01152,2021-05-06,1163.18,true
SEL0014,PRD02195,2020-12-05,481.98,true
SEL0019,PRD02111,2023-09-03,194.03,true
SEL0007,PRD01687,2023-04-09,1785.59,true
SEL0011,PRD01808,2020-08-09,353.55,true
SEL0007,PRD00043,2020-04-14,1613.68,true
SEL0001,PRD02577,2022-01-23,2401.32,true
SEL0009,PRD00334,2021-10-20,1565.68,true
SEL0013,PRD02247,2023-04-02,285.41,true
SEL0016,PRD01255,2022-12-03,5.77,true
SEL0027,PRD02238,2022-07-17,1134.3,true
SEL0021,PRD02197,2024-02-18,877.43,true
SEL0022,PRD02799,2021-01-28,1548.93,true
SEL0004,PRD02238,2024-12-21,1346.13,true
SEL0008,PRD02749,2023-06-20,1507.36,true
SEL0030,PRD00356,2021-10-30,2629.51,true
SEL0008,PRD02610,2020-11-12,1502.84,true
SEL0001,PRD02189,2021-03-04,2112.94,true
SEL0030,PRD00409,2024-10-15,1780.95,true
SEL0023,PRD00757,2020-10-17,821.07,true
SEL0019,PRD01184,2022-08-25,187.09,true
SEL0003,PRD00263,2024-10-25,1800.22,true
SEL0017,PRD00528,2020-04-30,2156.24,true
SEL0017,PRD00458,2022-04-12,146.92,true
SEL0007,PRD01024,2022-05-28,1477.19,true
SEL0018,PRD02250,2023-11-06,2799.1,true
SEL0027,PRD01513,2022-09-06,1136.11,true
SEL0002,PRD00423,2022-02-02,1950.41,true
SEL0029,PRD02477,2024-04-04,429.79,true
SEL0004,PRD02332,2022-05-01,2143.59,true
SEL0021,PRD01773,2023-08-30,1450.85,true
SEL0023,PRD00039,2020-12-05,443.74,true
SEL0014,PRD01724,2023-06-12,1700.67,true
SEL0026,PRD00837,2020-10-10,1324.82,true
SEL0015,PRD02949,2024-08-19,183.52,true
SEL0019,PRD02315,2024-04-02,2360.4,true
SEL0019,PRD00085,2023-03-28,1361.69,true
SEL0015,PRD01155,2020-05-17,2095.32,true
SEL0018,PRD00857,2024-01-14,2406.93,true
SEL0022,PRD00293,2023-09-06,450.37,true
SEL0022,PRD01549,2022-09-21,626.6,true
SEL0011,PRD00190,2023-10-30,585.17,true
SEL0005,PRD02842,2024-11-06,463.05,true
SEL0023,PRD01124,2022-10-08,1518.27,true
SEL0023,PRD00904,2020-02-15,1514.35,true
SEL0005,PRD01079,2023-03-25,186.84,true
SEL0028,PRD01829,2021-07-26,1511.24,true
SEL0017,PRD00724,2021-07-23,1358.62,true
SEL0018,PRD00874,2023-08-05,1899.67,true
SEL0012,PRD01718,2022-08-15,1758.05,true
SEL0016,PRD02783,2024-11-03,952.37,true
SEL0026,PRD02644,2023-04-19,508.89,true
SEL0009,PRD02905,2022-09-17,145.18,true
SEL0009,PRD00573,2022-08-15,1936.56,true
SEL0029,PRD00710,2020-04-11,329.76,true
SEL0026,PRD01510,2023-01-06,2461.73,true
SEL0020,PRD00106,2023-09-06,314.09,true
SEL0026,PRD00307,2022-08-07,1737.9,true
SEL0022,PRD02212,2024-06-19,2363.84,true
SEL0014,PRD00543,2020-09-17,1000.24,true
SEL0014,PRD02198,2022-05-09,591.83,true
SEL0014,PRD01126,2021-05-03,1286.08,true
SEL0020,PRD01089,2020-05-10,31.82,true
SEL0006,PRD01020,2022-01-02,1614.61,true
SEL0025,PRD00750,2023-08-14,1974.64,true
SEL0002,PRD00554,2024-10-05,28.71,true
SEL0002,PRD00288,2022-03-18,1779.99,true
SEL0013,PRD01509,2024-12-21,1311.72,true
SEL0003,PRD01897,2021-06-22,447.69,true
SEL0025,PRD00654,2021-05-12,2304.11,true
SEL0007,PRD02803,2022-05-31,1369.39,true
SEL0014,PRD01157,2022-06-16,1265.6,true
SEL0022,PRD02693,2021-08-19,289.78,true
SEL0030,PRD01375,2024-06-23,1639.76,true
SEL0007,PRD00985,2022-01-03,1458.62,true
SEL0013,PRD02070,2024-05-11,1393.58,true
SEL0023,PRD00419,2021-10-18,1789.66,true
SEL0015,PRD01663,2021-12-16,1479.97,true
SEL0026,PRD01610,2020-03-09,2115.35,true
SEL0029,PRD02844,2022-10-23,1745.56,true
SEL0020,PRD02726,2024-05-21,1015.87,true
SEL0027,PRD02853,2023-06-28,1223.4,true
SEL0029,PRD00955,2024-12-21,2507.23,true
SEL0027,PRD00710,2023-04-19,341.95,true
SEL0004,PRD02491,2021-06-15,14.07,true
SEL0021,PRD01378,2023-11-17,553.37,true
SEL0013,PRD00966,2023-08-21,62.15,true
SEL0007,PRD01015,2023-05-10,815.02,true
SEL0016,PRD00285,2020-12-22,335.61,true
SEL0008,PRD00153,2022-06-12,814.3,true
SEL0008,PRD01823,2024-01-04,2554.24,true
SEL0024,PRD01913,2023-08-14,2914.78,true
SEL0013,PRD00489,2023-06-10,1014.75,true
SEL0016,PRD02191,2024-01-30,568.27,true
SEL0021,PRD00330,2023-01-29,2397.28,true
SEL0022,PRD00271,2022-04-22,2409.1,true
SEL0021,PRD02398,2023-03-13,2377.12,true
SEL0009,PRD02662,2020-06-28,1717.22,true
SEL0028,PRD01396,2022-02-21,2083.59,true
SEL0022,PRD00675,2021-06-24,2133.86,true
SEL0015,PRD01122,2020-09-26,743.59,true
SEL0021,PRD02664,2022-06-25,2274.14,true
SEL0030,PRD02100,2021-08-28,1610.95,true
SEL0015,PRD00486,2024-04-09,21.59,true
SEL0022,PRD00260,2021-01-28,1647.86,true
SEL0011,PRD01638,2024-07-19,1040.98,true
SEL0014,PRD01808,2024-03-08,388.42,true
SEL0009,PRD00908,2022-04-25,1254.53,true
SEL0018,PRD02353,2024-12-24,366.26,true
SEL0013,PRD00342,2022-08-02,214.72,true
SEL0030,PRD02450,2020-01-23,1968.52,true
SEL0017,PRD02568,2022-09-04,2307.25,true
SEL0001,PRD00244,2024-11-07,453.98,true
SEL0004,PRD02163,2023-02-12,2331.75,true
SEL0018,PRD00455,2024-11-07,2245.41,true
SEL0002,PRD00685,2024-03-19,285.21,true
SEL0008,PRD00966,2021-06-20,49.76,true
SEL0028,PRD00469,2020-01-03,1604.18,true
SEL0002,PRD00302,2021-04-03,2309.24,true
SEL0003,PRD01685,2020-02-20,2421.0,true
SEL0019,PRD00572,2020-10-31,1440.5,true
SEL0028,PRD02505,2021-01-22,1694.54,true
SEL0024,PRD02446,2024-02-05,22.29,true
SEL0016,PRD00714,2022-05-07,1843.14,true
SEL0005,PRD02314,2021-02-04,2035.87,true
SEL0008,PRD02724,2020-04-16,76.15,true
SEL0001,PRD00627,2024-07-17,728.83,true
SEL0018,PRD02848,2021-10-23,1862.16,true
SEL0005,PRD01097,2020-01-18,1690.16,true
SEL0027,PRD00566,2020-09-24,171.41,true
SEL0016,PRD01243,2024-02-29,2041.65,true
SEL0002,PRD00089,2022-04-01,539.59,true
SEL0028,PRD02425,2023-11-02,1403.22,true
SEL0024,PRD00646,2021-05-28,280.64,true
SEL0014,PRD02496,2020-02-21,151.44,true
SEL0006,PRD02425,2020-02-01,1571.38,true
SEL0006,PRD01899,2022-04-01,2260.25,true
SEL0020,PRD02382,2020-02-14,412.22,true
SEL0027,PRD01099,2021-10-07,123.6,true
SEL0018,PRD00764,2020-02-03,1581.48,true
SEL0030,PRD00696,2024-05-03,446.84,true
SEL0014,PRD02957,2024-11-22,1631.38,true
SEL0005,PRD01873,2023-02-02,571.92,true
SEL0016,PRD00661,2024-11-06,184.53,true
SEL0011,PRD00876,2023-03-27,248.23,true
SEL0023,PRD02007,2021-08-16,1560.46,true
SEL0015,PRD01092,2020-04-17,850.53,true
SEL0006,PRD01576,2023-01-15,1677.4,true
SEL0020,PRD00148,2024-10-21,1941.37,true
SEL0012,PRD01706,2021-08-22,975.52,true
SEL0021,PRD00039,2022-04-22,460.76,true
SEL0011,PRD02551,2021-04-09,1026.56,true
SEL0009,PRD02124,2021-05-04,1959.54,true
SEL0018,PRD00725,2022-07-09,2602.47,true
SEL0013,PRD02583,2021-10-09,2793.3,true
SEL0027,PRD01247,2021-11-21,2111.07,true
SEL0009,PRD02751,2023-02-17,1113.06,true
SEL0009,PRD00484,2021-03-20,537.03,true
SEL0005,PRD00956,2022-06-11,499.1,true
SEL0030,PRD00295,2022-05-03,1635.05,true
SEL0012,PRD00747,2021-04-02,1229.58,true
SEL0022,PRD02758,2023-02-04,1498.86,true
SEL0022,PRD01889,2021-03-21,1998.57,true
SEL0007,PRD02886,2023-07-26,2147.42,true
SEL0010,PRD01365,2020-10-23,1410.21,true
SEL0009,PRD01457,2024-05-11,1809.71,true
SEL0005,PRD02688,2020-05-01,2011.76,true
SEL0014,PRD02797,2022-10-04,2088.92,true
SEL0021,PRD02092,2023-06-05,2019.71,true
SEL0021,PRD01850,2024-04-21,1709.62,true
SEL0004,PRD01019,2020-09-03,565.78,true
SEL0018,PRD01947,2023-12-07,1974.27,true
SEL0022,PRD02720,2024-07-23,159.16,true
SEL0010,PRD02939,2020-03-26,443.06,true
SEL0029,PRD00702,2024-07-30,2115.54,true
SEL0023,PRD00650,2024-12-02,2318.95,true
SEL0014,PRD01868,2023-02-18,2950.14,true
SEL0026,PRD01715,2023-04-13,1804.02,true
SEL0006,PRD01955,2024-02-20,1859.11,true
SEL0001,PRD01286,2022-09-28,1930.62,true
SEL0006,PRD01979,2021-01-25,1435.38,true
SEL0025,PRD02786,2021-04-21,523.02,true
SEL0006,PRD00241,2020-04-21,1025.65,true
SEL0002,PRD00893,2023-04-18,273.87,true
SEL0003,PRD00449,2020-05-05,572.92,true
SEL0002,PRD02324,2020-12-21,2253.25,true
SEL0029,PRD00690,2020-08-18,855.61,true
SEL0030,PRD00016,2021-02-08,2128.6,true
SEL0018,PRD02171,2022-09-12,1328.0,true
SEL0011,PRD00470,2024-12-29,432.74,true
SEL0015,PRD02064,2023-04-03,2022.91,true
SEL0014,PRD01504,2021-08-07,248.63,true
SEL0026,PRD00322,2024-11-22,463.59,true
SEL0013,PRD00722,2024-02-16,2127.31,true
SEL0005,PRD02436,2021-12-28,2419.77,true
SEL0029,PRD01502,2022-01-24,1628.26,true
SEL0017,PRD01976,2020-04-11,1831.79,true
SEL0019,PRD00366,2021-10-11,2606.05,true
SEL0006,PRD00717,2023-12-24,358.22,true
SEL0002,PRD01473,2023-01-29,1624.78,true
SEL0005,PRD02903,2022-12-01,636.66,true
SEL0003,PRD02854,2022-02-06,1316.63,true
SEL0030,PRD01975,2021-11-05,1154.16,true
SEL0026,PRD02499,2022-04-09,47.09,true
SEL0009,PRD00617,2021-08-19,196.88,true
SEL0013,PRD01659,2020-04-28,782.49,true
SEL0006,PRD02454,2021-06-08,1452.19,true
SEL0005,PRD00753,2020-02-18,486.3,true
SEL0001,PRD00060,2020-08-06,590.28,true
SEL0008,PRD00402,2020-03-22,2571.55,true
SEL0014,PRD02625,2020-05-04,2423.07,true
SEL0024,PRD00106,2024-02-19,354.43,true
SEL0021,PRD00185,2021-06-05,1344.89,true
SEL0001,PRD00658,2021-07-13,705.55,true
SEL0029,PRD02524,2021-03-17,583.72,true
SEL0002,PRD02063,2023-12-15,78.77,true
SEL0012,PRD01093,2024-09-17,1896.05,true
SEL0008,PRD01434,2022-10-20,1694.02,true
SEL0012,PRD00496,2023-01-31,1254.02,true
SEL0029,PRD00504,2024-03-16,930.1,true
SEL0027,PRD01026,2020-12-28,959.72,true
SEL0021,PRD02106,2020-08-18,2425.48,true
SEL0022,PRD01145,2022-06-23,138.63,true
SEL0008,PRD02324,2024-02-14,2294.53,true
SEL0001,PRD01335,2021-04-02,530.47,true
SEL0030,PRD02675,2024-01-06,1802.41,true
SEL0019,PRD00433,2024-01-10,758.3,true
SEL0029,PRD01372,2024-08-14,393.17,true
SEL0018,PRD02933,2022-09-16,748.97,true
SEL0010,PRD02656,2024-09-06,207.51,true
SEL0025,PRD00420,2022-05-17,856.74,true
SEL0018,PRD00767,2022-03-05,829.1,true
SEL0023,PRD00815,2024-10-17,108.62,true
SEL0009,PRD00959,2023-07-20,248.58,true
SEL0004,PRD02357,2020-06-22,1204.27,true
SEL0022,PRD02561,2021-02-11,284.28,true
SEL0019,PRD01310,2023-03-02,1369.78,true
SEL0019,PRD01477,2024-12-01,1019.16,true
SEL0024,PRD00116,2021-11-17,2320.53,true
SEL0009,PRD02589,2022-03-01,275.65,true
SEL0005,PRD00356,2023-02-08,2189.82,true
SEL0001,PRD00041,2024-10-28,733.18,true
SEL0025,PRD01601,2024-05-07,616.02,true
SEL0028,PRD00570,2022-05-29,1052.9,true
SEL0014,PRD00389,2024-09-14,1804.81,true
SEL0030,PRD01226,2021-08-31,519.43,true
SEL0014,PRD00156,2023-08-02,2056.69,true
SEL0016,PRD02463,2022-11-07,1004.92,true
SEL0017,PRD02306,2022-02-28,170.87,true
SEL0006,PRD02133,2022-04-27,1701.73,true
SEL0010,PRD00894,2021-04-19,1576.45,true
SEL0023,PRD02535,2023-08-09,622.18,true
SEL0024,PRD02478,2022-12-02,2664.12,true
SEL0027,PRD00637,2021-10-17,1166.58,true
SEL0018,PRD02097,2020-04-29,679.88,true
SEL0021,PRD01632,2023-11-17,1308.63,true
SEL0006,PRD01453,2024-01-22,580.61,true
SEL0018,PRD00121,2024-11-23,1675.17,true
SEL0004,PRD01341,2021-03-28,2165.82,true
SEL0011,PRD00882,2020-05-12,600.42,true
SEL0007,PRD00303,2021-03-10,2152.73,true
SEL0005,PRD00274,2021-09-11,1341.67,true
SEL0011,PRD02712,2022-09-17,2789.55,true
SEL0003,PRD01844,2021-07-01,1180.97,true
SEL0026,PRD00261,2023-05-27,2024.52,true
SEL0030,PRD02582,2022-04-20,1408.43,true
SEL0029,PRD02408,2022-07-05,1781.71,true
SEL0029,PRD01009,2020-08-02,2115.71,true
SEL0015,PRD00742,2022-05-25,1495.16,true
SEL0010,PRD00764,2021-10-24,1621.69,true
SEL0022,PRD01738,2024-02-19,79.49,true
SEL0027,PRD00481,2023-03-13,1080.21,true
SEL0030,PRD02991,2021-06-23,470.22,true
SEL0004,PRD00495,2022-05-17,1817.8,true
SEL0004,PRD00076,2022-09-19,1201.22,true
SEL0011,PRD00654,2021-12-27,2031.64,true
SEL0027,PRD02236,2022-04-07,147.42,true
SEL0028,PRD01352,2020-03-26,2047.69,true
SEL0012,PRD01338,2020-08-15,405.06,true
SEL0028,PRD02593,2024-03-18,2619.65,true
SEL0030,PRD00073,2024-11-01,2009.12,true
SEL0001,PRD01644,2023-11-07,141.29,true
SEL0010,PRD01960,2020-07-10,1670.17,true
SEL0018,PRD01906,2020-05-04,145.09,true
SEL0015,PRD00429,2021-02-25,1839.06,true
SEL0003,PRD02400,2021-09-24,2562.84,true
SEL0030,PRD02839,2022-07-22,267.91,true
SEL0002,PRD00811,2022-05-07,2554.96,true
SEL0014,PRD00038,2022-06-08,2173.81,true
SEL0018,PRD02880,2024-03-12,229.58,true
SEL0017,PRD02284,2020-05-13,2679.66,true
SEL0019,PRD01118,2023-12-29,1414.17,true
SEL0011,PRD01756,2024-02-23,1797.95,true
SEL0019,PRD02601,2024-11-07,1233.28,true
SEL0011,PRD02661,2024-01-09,2241.57,true
SEL0026,PRD00441,2021-11-07,1367.22,true
SEL0029,PRD01091,2021-01-04,1980.85,true
SEL0011,PRD02727,2020-04-30,2119.79,true
SEL0004,PRD01542,2024-07-05,668.59,true
SEL0011,PRD00808,2024-12-29,1335.7,true
SEL0029,PRD01603,2021-06-08,329.31,true
SEL0008,PRD00271,2022-02-19,1887.57,true
SEL0001,PRD00107,2024-09-14,1790.81,true
SEL0001,PRD01262,2023-10-12,2067.95,true
SEL0021,PRD00699,2024-11-10,970.42,true
SEL0017,PRD00651,2021-02-19,872.68,true
SEL0028,PRD02535,2022-02-14,543.78,true
SEL0024,PRD02099,2023-11-05,474.77,true
SEL0024,PRD00944,2020-05-16,683.15,true
SEL0019,PRD01663,2021-02-09,1870.82,true
SEL0014,PRD02030,2022-04-15,1013.87,true
SEL0030,PRD01087,2021-07-15,1986.79,true
SEL0025,PRD00616,2020-08-18,1884.26,true
SEL0026,PRD00274,2022-09-16,1359.33,true
SEL0013,PRD00606,2024-11-18,522.13,true
SEL0004,PRD02047,2023-01-16,788.38,true
SEL0010,PRD00518,2024-04-16,2188.37,true
SEL0001,PRD00806,2020-11-05,431.94,true
SEL0025,PRD02952,2024-12-30,2301.54,true
SEL0019,PRD00089,2020-11-22,610.63,true
SEL0010,PRD00559,2021-12-21,1086.71,true
SEL0023,PRD00625,2022-11-04,1064.41,true
SEL0019,PRD02861,2023-02-16,1549.25,true
SEL0005,PRD00472,2020-03-08,280.04,true
SEL0016,PRD00055,2020-06-24,120.08,true
SEL0009,PRD02764,2021-07-28,2497.85,true
SEL0023,PRD00809,2022-03-23,55.37,true
SEL0014,PRD02007,2021-04-26,1940.44,true
SEL0006,PRD02857,2020-12-11,1038.57,true
SEL0006,PRD01023,2024-02-02,2221.53,true
SEL0029,PRD02450,2024-01-13,2014.01,true
SEL0027,PRD01354,2024-12-16,722.1,true
SEL0020,PRD00800,2021-07-26,1747.01,true
SEL0013,PRD02934,2022-11-11,917.47,true
SEL0018,PRD01708,2023-03-19,1067.48,true
SEL0018,PRD00227,2021-03-16,1765.37,true
SEL0026,PRD01678,2022-02-01,1272.09,true
SEL0013,PRD02815,2023-03-29,175.33,true
SEL0024,PRD00111,2024-01-23,190.21,true
SEL0002,PRD01015,2022-11-06,840.0,true
SEL0011,PRD02627,2021-11-09,1090.29,true
SEL0029,PRD01841,2022-02-26,1052.42,true
SEL0008,PRD01090,2021-01-07,121.49,true
SEL0008,PRD00791,2021-07-14,2424.09,true
SEL0009,PRD00964,2024-08-08,123.42,true
SEL0009,PRD01945,2020-07-03,1780.07,true
SEL0016,PRD00546,2024-01-28,1169.62,true
SEL0012,PRD00331,2024-02-15,1828.39,true
SEL0020,PRD01461,2021-08-06,894.44,true
SEL0010,PRD02332,2024-11-22,1960.27,true
SEL0014,PRD00481,2023-08-11,1095.75,true
SEL0003,PRD00614,2022-12-17,611.91,true
SEL0011,PRD01686,2023-08-07,1308.96,true
SEL0020,PRD01618,2024-08-18,2178.82,true
SEL0008,PRD00552,2023-07-25,830.75,true
SEL0018,PRD01714,2020-10-18,776.94,true
SEL0027,PRD00790,2022-08-16,965.54,true
SEL0016,PRD01623,2023-09-30,137.33,true
SEL0012,PRD01481,2022-01-02,766.23,true
SEL0028,PRD02102,2021-07-31,609.8,true
SEL0007,PRD00441,2020-01-31,1387.61,true
SEL0009,PRD01269,2022-04-19,2025.01,true
SEL0007,PRD00236,2022-07-11,581.49,true
SEL0020,PRD02057,2024-09-08,1270.33,true
SEL0006,PRD00194,2023-05-25,2307.48,true
SEL0016,PRD02646,2022-04-10,2075.85,true
SEL0005,PRD01920,2022-11-15,2065.73,true
SEL0023,PRD02533,2024-09-07,2365.91,true
SEL0029,PRD00278,2023-08-07,328.21,true
SEL0013,PRD02548,2023-03-03,754.07,true
SEL0029,PRD02491,2020-04-14,13.49,true
SEL0014,PRD00696,2023-05-26,419.55,true
SEL0010,PRD00584,2020-02-23,913.48,true
SEL0029,PRD00091,2024-08-05,1511.08,true
SEL0014,PRD01382,2024-12-09,502.61,true
SEL0028,PRD00419,2024-06-08,1476.23,true
SEL0016,PRD01452,2024-01-11,1400.09,true
SEL0022,PRD01183,2022-11-02,1903.84,true
SEL0025,PRD00079,2020-05-31,2293.53,true
SEL0014,PRD00231,2024-08-04,2313.55,true
SEL0027,PRD02308,2021-08-26,2152.53,true
SEL0023,PRD00531,2020-09-02,940.98,true
SEL0011,PRD01076,2024-02-22,1763.89,true
SEL0024,PRD02197,2021-01-06,958.89,true
SEL0018,PRD02407,2023-02-13,1009.5,true
SEL0011,PRD01877,2024-05-27,73.18,true
SEL0006,PRD00695,2023-03-03,1173.66,true
SEL0012,PRD02301,2023-12-04,907.34,true
SEL0025,PRD01947,2023-07-29,2391.78,true
SEL0016,PRD02808,2020-11-15,1293.14,true
SEL0028,PRD01751,2024-07-24,1028.17,true
SEL0021,PRD02767,2023-04-18,944.43,true
SEL0012,PRD02558,2020-04-25,965.83,true
SEL0002,PRD01075,2021-07-02,109.85,true
SEL0025,PRD00355,2023-08-09,2167.31,true
SEL0015,PRD01231,2024-09-27,97.57,true
SEL0008,PRD02643,2024-09-23,2510.69,true
SEL0020,PRD00206,2022-09-09,2561.22,true
SEL0029,PRD00172,2023-07-02,2296.93,true
SEL0010,PRD00253,2022-08-15,835.07,true
SEL0008,PRD02329,2022-09-25,1583.22,true
SEL0004,PRD00101,2024-05-15,1569.67,true
SEL0029,PRD02378,2021-02-13,1818.28,true
SEL0003,PRD02134,2022-05-04,2343.31,true
SEL0027,PRD00985,2023-09-29,1794.2,true
SEL0022,PRD01323,2023-03-24,729.46,true
SEL0009,PRD02832,2022-02-24,216.45,true
SEL0028,PRD01609,2022-02-09,993.86,true
SEL0023,PRD01594,2021-04-18,2590.19,true
SEL0022,PRD02242,2023-03-22,985.91,true
SEL0019,PRD00482,2022-10-22,728.76,true
SEL0029,PRD01954,2021-04-24,1408.24,true
SEL0025,PRD00388,2022-11-29,839.15,true
SEL0025,PRD02562,2021-12-28,601.82,true
SEL0021,PRD00263,2023-06-10,2149.35,true
SEL0029,PRD02153,2022-03-14,575.7,true
SEL0022,PRD00362,2022-07-20,969.56,true
SEL0016,PRD01282,2021-08-17,62.86,true
SEL0026,PRD00075,2022-09-19,2632.34,true
SEL0030,PRD01488,2023-12-26,796.65,true
SEL0022,PRD01750,2023-01-28,494.36,true
SEL0025,PRD02008,2022-10-13,766.87,true
SEL0030,PRD02346,2020-04-19,1913.59,true
SEL0002,PRD00355,2024-07-17,2217.79,true
SEL0007,PRD02294,2024-06-07,2662.91,true
SEL0012,PRD02361,2022-06-29,54.19,true
SEL0015,PRD00294,2023-03-30,2173.56,true
SEL0029,PRD00371,2021-05-26,2372.13,true
SEL0003,PRD00482,2022-09-26,578.59,true
SEL0011,PRD02380,2024-09-23,1784.58,true
SEL0013,PRD02416,2022-03-09,819.48,true
SEL0027,PRD01059,2023-10-07,1100.66,true
SEL0022,PRD02318,2021-02-11,2559.36,true
SEL0013,PRD02441,2021-06-30,2077.32,true
SEL0008,PRD02732,2021-05-21,1207.88,true
SEL0005,PRD02416,2023-09-28,899.84,true
SEL0028,PRD01142,2023-07-17,539.03,true
SEL0022,PRD00121,2021-12-16,1987.42,true
SEL0011,PRD00951,2020-02-26,2249.86,true
SEL0029,PRD00446,2021-08-07,1844.88,true
SEL0024,PRD00987,2024-08-06,560.55,true
SEL0030,PRD01715,2024-03-11,1836.33,true
SEL0004,PRD02287,2024-12-26,1316.43,true
SEL0019,PRD02555,2021-06-05,19.72,true
SEL0013,PRD02711,2024-12-14,2653.58,true
SEL0024,PRD01070,2020-04-02,468.83,true
SEL0014,PRD02073,2022-09-25,1104.89,true
SEL0027,PRD02288,2023-07-31,1567.35,true
SEL0006,PRD01556,2020-11-19,570.97,true
SEL0001,PRD00923,2023-10-05,2674.55,true
SEL0011,PRD02082,2023-06-12,373.66,true
SEL0005,PRD02317,2020-09-02,339.5,true
SEL0012,PRD00412,2021-10-19,726.63,true
SEL0004,PRD02411,2022-12-19,2492.56,true
SEL0014,PRD02862,2020-10-17,2029.13,true
SEL0023,PRD00114,2023-01-02,1180.15,true
SEL0021,PRD01894,2020-10-16,1286.09,true
SEL0001,PRD01972,2022-05-30,975.4,true
SEL0009,PRD00528,2020-04-12,1789.3,true
SEL0003,PRD01363,2022-03-18,1232.34,true
SEL0005,PRD02980,2023-08-21,789.88,true
SEL0026,PRD01932,2020-11-12,965.15,true
SEL0029,PRD02437,2023-03-11,1201.71,true
SEL0019,PRD01204,2023-03-16,2165.49,true
SEL0009,PRD02579,2020-04-23,1228.21,true
SEL0025,PRD00494,2023-12-31,1511.88,true
SEL0027,PRD02136,2023-03-28,2483.11,true
SEL0013,PRD01738,2021-01-06,93.55,true
SEL0025,PRD02360,2021-04-12,2695.72,true
SEL0023,PRD02647,2022-02-19,1776.76,true
SEL0002,PRD02076,2023-09-02,1275.79,true
SEL0014,PRD00159,2020-03-04,609.61,true
SEL0028,PRD00733,2023-04-08,2203.36,true
SEL0023,PRD02011,2020-02-20,1264.17,true
SEL0019,PRD00786,2021-12-10,167.54,true
SEL0007,PRD01107,2020-08-28,584.92,true
SEL0002,PRD01968,2023-05-11,1917.85,true
SEL0017,PRD02014,2022-03-16,2333.18,true
SEL0020,PRD00996,2024-12-23,436.13,true
SEL0018,PRD02500,2020-09-10,1026.11,true
SEL0012,PRD00767,2020-03-31,982.59,true
SEL0017,PRD01263,2022-02-09,2104.34,true
SEL0008,PRD01166,2022-10-04,1080.28,true
SEL0009,PRD00430,2021-12-11,426.24,true
SEL0025,PRD01759,2024-11-26,1286.78,true
SEL0026,PRD00893,2021-09-11,348.87,true
SEL0030,PRD02944,2020-09-08,1218.65,true
SEL0003,PRD00725,2023-02-07,2105.12,true
SEL0006,PRD02375,2020-05-15,361.88,true
SEL0027,PRD02357,2021-06-13,1410.88,true
SEL0005,PRD00222,2022-06-27,1204.87,true
SEL0002,PRD00280,2021-11-18,1806.77,true
SEL0015,PRD00680,2020-04-26,1723.43,true
SEL0011,PRD00560,2020-12-16,473.42,true
SEL0003,PRD02477,2020-10-10,481.5,true
SEL0021,PRD02249,2020-02-07,794.13,true
SEL0002,PRD02679,2020-04-20,641.52,true
SEL0013,PRD01874,2020-01-09,705.36,true
SEL0029,PRD00845,2024-12-28,451.98,true
SEL0023,PRD02160,2020-01-19,1326.9,true
SEL0026,PRD01884,2021-04-27,709.3,true
SEL0007,PRD02169,2020-09-20,736.78,true
SEL0016,PRD02083,2023-11-08,2434.37,true
SEL0024,PRD02544,2023-10-17,1252.95,true
SEL0015,PRD00619,2021-02-07,379.13,true
SEL0011,PRD00746,2023-02-17,789.28,true
SEL0004,PRD01458,2024-10-19,183.11,true
SEL0014,PRD02442,2024-05-07,1497.05,true
SEL0017,PRD02044,2020-07-19,1442.35,true
SEL0001,PRD00097,2021-01-02,1976.09,true
SEL0026,PRD02369,2024-05-19,252.49,true
SEL0015,PRD00066,2021-07-04,2254.85,true
SEL0007,PRD01196,2021-12-27,1316.87,true
SEL0023,PRD01520,2020-05-09,1555.16,true
SEL0017,PRD02101,2024-08-04,1598.12,true
SEL0008,PRD00731,2022-10-29,606.15,true
SEL0020,PRD01812,2023-10-22,269.06,true
SEL0004,PRD00167,2022-01-28,2147.41,true
SEL0009,PRD02829,2023-06-11,875.68,true
SEL0003,PRD00474,2020-06-03,518.4,true
SEL0001,PRD02521,2023-02-18,1039.4,true
SEL0014,PRD02806,2024-11-27,1784.25,true
SEL0025,PRD02235,2023-03-12,174.46,true
SEL0029,PRD02682,2023-05-19,1799.79,true
SEL0023,PRD00482,2020-11-14,684.24,true
SEL0010,PRD01981,2020-07-20,1526.92,true
SEL0018,PRD02774,2021-08-29,1981.45,true
SEL0004,PRD00370,2021-11-25,2473.77,true
SEL0010,PRD00120,2023-11-05,519.03,true
SEL0025,PRD00827,2021-02-07,1921.81,true
SEL0020,PRD01740,2024-09-15,1290.58,true
SEL0002,PRD01882,2020-03-21,1123.63,true
SEL0007,PRD00069,2023-06-24,380.32,true
SEL0005,PRD02992,2022-10-03,1138.49,true
SEL0003,PRD02264,2022-05-08,303.58,true
SEL0029,PRD00816,2020-05-01,1221.87,true
SEL0016,PRD01730,2020-12-27,945.32,true
SEL0020,PRD02757,2021-06-03,1766.49,true
SEL0005,PRD02936,2022-09-09,978.84,true
SEL0012,PRD01008,2022-08-20,1061.61,true
