productId,userId,score,algorithm,generatedAt
PRD02366,USR00200,0.7014,node-similarity,2024-01-26
PRD01940,USR01110,0.7154,collaborative,2024-02-21
PRD00848,USR00601,0.7292,node-similarity,2025-02-22
PRD01633,USR01373,0.6895,hybrid,2023-03-15
PRD01785,USR00835,0.7293,node-similarity,2024-04-14
PRD00309,USR01479,0.7362,content-based,2024-11-15
PRD01101,USR00631,0.8862,node-similarity,2023-06-01
PRD02527,USR01442,0.9934,pagerank,2024-11-19
PRD01526,USR00696,0.8916,hybrid,2025-02-21
PRD01228,USR00603,0.8881,pagerank,2024-02-21
PRD00955,USR00366,0.7553,pagerank,2023-11-11
PRD00702,USR01482,0.6116,hybrid,2024-10-10
PRD02981,USR00310,0.559,content-based,2025-02-08
PRD02779,USR00491,0.7439,hybrid,2025-06-17
PRD02538,USR00397,0.8876,collaborative,2023-06-03
PRD00803,USR00457,0.9444,hybrid,2023-12-21
PRD01229,USR00299,0.6436,hybrid,2024-03-09
PRD00437,USR00113,0.9265,hybrid,2025-05-13
PRD02957,USR00050,0.5202,collaborative,2023-09-02
PRD00717,USR00957,0.9617,collaborative,2023-05-21
PRD02228,USR00801,0.6948,pagerank,2025-09-06
PRD02919,USR00312,0.9251,pagerank,2025-04-28
PRD02213,USR00644,0.663,collaborative,2023-03-31
PRD00920,USR01066,0.5811,hybrid,2025-12-26
PRD02293,USR00896,0.5695,pagerank,2024-01-29
PRD02355,USR00598,0.6455,pagerank,2025-09-18
PRD00305,USR00842,0.7526,node-similarity,2024-02-01
PRD00503,USR00028,0.7048,pagerank,2025-08-05
PRD02887,USR01125,0.916,hybrid,2023-11-24
PRD02819,USR00983,0.6462,content-based,2025-10-08
PRD00159,USR01142,0.7089,content-based,2024-12-25
PRD02135,USR01052,0.8729,node-similarity,2025-12-15
PRD01777,USR00481,0.561,hybrid,2025-03-05
PRD01867,USR01272,0.9497,hybrid,2025-06-01
PRD02647,USR01298,0.6952,content-based,2025-10-26
PRD02685,USR00332,0.8439,node-similarity,2024-07-25
PRD00965,USR01180,0.6432,hybrid,2025-04-22
PRD02009,USR01393,0.5167,hybrid,2025-02-28
PRD00230,USR00571,0.7383,hybrid,2023-05-04
PRD01545,USR01218,0.6971,node-similarity,2023-02-28
PRD02626,USR00185,0.542,content-based,2025-12-20
PRD02176,USR00025,0.563,collaborative,2025-12-22
PRD01014,USR00007,0.8232,node-similarity,2024-08-02
PRD02630,USR00924,0.9448,node-similarity,2024-04-13
PRD02094,USR00312,0.6522,content-based,2024-07-03
PRD02457,USR00440,0.7616,pagerank,2023-03-27
PRD01685,USR00519,0.6937,pagerank,2024-10-02
PRD02650,USR00022,0.8174,pagerank,2024-01-15
PRD01837,USR00307,0.8553,hybrid,2025-10-25
PRD00460,USR00489,0.9438,collaborative,2023-06-18
PRD00310,USR00831,0.6648,node-similarity,2024-12-13
PRD00398,USR01310,0.8346,hybrid,2025-11-23
PRD02117,USR01414,0.7466,node-similarity,2024-07-26
PRD00583,USR00701,0.7871,hybrid,2024-11-07
PRD01482,USR00010,0.6664,node-similarity,2025-01-04
PRD00108,USR01183,0.7576,hybrid,2024-08-03
PRD01860,USR01302,0.7499,node-similarity,2024-11-26
PRD00131,USR01096,0.5395,node-similarity,2024-05-25
PRD02224,USR01432,0.6974,pagerank,2025-04-24
PRD01498,USR00606,0.9966,node-similarity,2023-07-22
PRD02166,USR00206,0.7144,pagerank,2023-07-25
PRD02268,USR00362,0.7394,collaborative,2025-01-22
PRD02731,USR01358,0.7191,pagerank,2024-08-02
PRD02267,USR00107,0.9001,collaborative,2023-04-11
PRD02000,USR00437,0.5184,collaborative,2023-07-25
PRD00092,USR00669,0.6502,collaborative,2023-09-29
PRD01135,USR00680,0.8889,hybrid,2025-11-17
PRD00728,USR00290,0.5275,hybrid,2025-04-24
PRD00412,USR00121,0.9272,pagerank,2023-03-25
PRD00435,USR01331,0.6608,hybrid,2023-08-13
PRD01462,USR01440,0.5753,pagerank,2024-03-12
PRD02570,USR00948,0.5964,pagerank,2023-12-24
PRD00104,USR00457,0.5979,pagerank,2024-08-11
PRD01086,USR01197,0.6713,content-based,2024-03-31
PRD02388,USR00016,0.94,node-similarity,2024-06-17
PRD01597,USR01218,0.5063,collaborative,2024-07-13
PRD02545,USR01419,0.6936,pagerank,2024-03-27
PRD02702,USR00908,0.6732,collaborative,2025-04-01
PRD01521,USR01239,0.624,node-similarity,2023-02-18
PRD02723,USR00755,0.5083,pagerank,2023-04-23
PRD01413,USR01023,0.9793,node-similarity,2023-04-24
PRD01449,USR00890,0.8407,node-similarity,2023-08-06
PRD00907,USR00539,0.5871,collaborative,2024-04-26
PRD00839,USR00056,0.9415,pagerank,2023-07-24
PRD01311,USR00612,0.7627,node-similarity,2023-10-07
PRD00626,USR01227,0.8982,content-based,2025-10-27
PRD02741,USR01034,0.5662,hybrid,2025-07-11
PRD02284,USR01365,0.9988,pagerank,2023-06-12
PRD00655,USR00095,0.5493,node-similarity,2023-05-06
PRD01255,USR00319,0.8845,collaborative,2024-11-29
PRD01589,USR00668,0.6467,collaborative,2024-07-10
PRD01423,USR00868,0.6934,node-similarity,2024-10-10
PRD01300,USR00926,0.8057,collaborative,2024-07-17
PRD00207,USR01005,0.773,hybrid,2023-08-09
PRD02347,USR00438,0.955,collaborative,2025-01-18
PRD02593,USR00104,0.7227,collaborative,2023-08-18
PRD01594,USR01042,0.6386,collaborative,2023-03-02
PRD01128,USR00884,0.8305,node-similarity,2023-05-07
PRD02396,USR01294,0.8818,pagerank,2024-04-02
PRD01254,USR00416,0.516,node-similarity,2024-06-28
PRD01153,USR00976,0.866,node-similarity,2024-02-04
PRD02155,USR00095,0.7354,hybrid,2025-04-12
PRD02966,USR00942,0.7201,hybrid,2023-02-11
PRD01632,USR00924,0.7222,pagerank,2024-02-05
PRD02472,USR00799,0.6941,content-based,2023-11-01
PRD01466,USR00564,0.8008,collaborative,2023-08-31
PRD02862,USR00127,0.5656,hybrid,2025-02-09
PRD02581,USR01487,0.5332,collaborative,2023-08-18
PRD00938,USR00656,0.6658,hybrid,2023-12-27
PRD01424,USR01241,0.5003,pagerank,2023-08-23
PRD02852,USR00239,0.5364,pagerank,2025-11-11
PRD02903,USR00015,0.7131,collaborative,2023-08-28
PRD00328,USR01095,0.6308,pagerank,2025-07-25
PRD01746,USR00827,0.5569,node-similarity,2024-07-04
PRD00560,USR01457,0.5819,collaborative,2024-05-09
PRD00555,USR00303,0.9817,collaborative,2023-09-17
PRD00248,USR00824,0.526,node-similarity,2024-03-13
PRD01392,USR00346,0.6269,pagerank,2025-10-15
PRD00770,USR01363,0.914,pagerank,2025-05-23
PRD00891,USR01160,0.5602,hybrid,2025-01-14
PRD02375,USR00047,0.7474,node-similarity,2025-10-04
PRD00349,USR00221,0.61,collaborative,2023-08-12
PRD02754,USR00865,0.5683,node-similarity,2024-08-13
PRD01355,USR01226,0.9761,pagerank,2025-10-02
PRD00060,USR01255,0.9688,pagerank,2025-11-15
PRD02414,USR00205,0.6123,pagerank,2023-02-06
PRD00983,USR01472,0.9949,node-similarity,2025-04-25
PRD02479,USR01324,0.9547,content-based,2023-11-08
PRD00333,USR00341,0.768,collaborative,2025-10-20
PRD01573,USR00238,0.7608,pagerank,2023-07-13
PRD02949,USR00116,0.8869,node-similarity,2023-05-03
PRD01373,USR00349,0.7759,collaborative,2023-07-06
PRD01051,USR01312,0.757,collaborative,2025-07-17
PRD01990,USR00147,0.9237,collaborative,2023-09-17
PRD01144,USR01471,0.963,pagerank,2025-04-11
PRD02987,USR00408,0.8476,hybrid,2024-08-25
PRD01527,USR00234,0.7445,collaborative,2024-04-18
PRD00724,USR00344,0.6957,hybrid,2024-08-31
PRD02309,USR00289,0.9148,pagerank,2023-01-02
PRD01883,USR01089,0.6306,content-based,2024-05-15
PRD02819,USR01128,0.5026,collaborative,2023-05-04
PRD01650,USR01049,0.634,content-based,2025-07-11
PRD01255,USR01214,0.9717,pagerank,2024-11-13
PRD00844,USR00424,0.7899,collaborative,2025-08-26
PRD01010,USR00245,0.9075,collaborative,2023-03-26
PRD02372,USR00163,0.7497,hybrid,2025-12-01
PRD00821,USR00934,0.6936,hybrid,2024-07-02
PRD02071,USR00749,0.5936,hybrid,2024-06-25
PRD02761,USR00260,0.8897,node-similarity,2025-05-09
PRD01012,USR00839,0.9755,content-based,2025-08-25
PRD00435,USR01252,0.7085,collaborative,2024-07-18
PRD02763,USR00288,0.8981,hybrid,2023-08-25
PRD01666,USR01302,0.858,node-similarity,2024-02-21
PRD01163,USR00664,0.5679,node-similarity,2024-03-05
PRD00002,USR00112,0.8808,content-based,2023-09-08
PRD02343,USR00983,0.7783,pagerank,2024-03-23
PRD01742,USR01010,0.8753,content-based,2023-01-12
PRD02648,USR01435,0.9919,node-similarity,2024-04-15
PRD00225,USR01308,0.5698,hybrid,2024-06-26
PRD01515,USR00500,0.5358,node-similarity,2025-08-22
PRD02370,USR00711,0.6886,node-similarity,2023-08-07
PRD00901,USR00916,0.8221,node-similarity,2023-02-21
PRD01476,USR00745,0.8955,hybrid,2024-05-18
PRD01037,USR00690,0.6403,collaborative,2024-01-05
PRD02640,USR00377,0.8211,node-similarity,2023-02-09
PRD00002,USR00840,0.6282,content-based,2024-11-04
PRD00163,USR00303,0.866,node-similarity,2023-07-22
PRD00740,USR01177,0.8754,hybrid,2025-05-28
PRD00124,USR00393,0.7173,node-similarity,2025-03-08
PRD02016,USR00239,0.8765,collaborative,2025-05-17
PRD02651,USR01385,0.556,hybrid,2025-04-16
PRD00645,USR00638,0.9007,node-similarity,2024-06-18
PRD02090,USR01486,0.6562,content-based,2025-09-10
PRD01991,USR00833,0.9567,node-similarity,2025-12-21
PRD01227,USR01445,0.788,node-similarity,2023-04-05
PRD01249,USR00576,0.9293,hybrid,2025-09-22
PRD01737,USR01488,0.9146,collaborative,2025-03-24
PRD01603,USR01456,0.7175,hybrid,2025-11-24
PRD00264,USR00569,0.8053,collaborative,2023-06-23
PRD02188,USR00587,0.8512,content-based,2025-12-25
PRD01160,USR00924,0.9162,pagerank,2024-11-04
PRD02892,USR00562,0.7635,node-similarity,2025-10-13
PRD02802,USR01090,0.5371,pagerank,2023-02-15
PRD00002,USR01393,0.8437,node-similarity,2023-06-13
PRD00887,USR00903,0.8136,collaborative,2023-09-14
PRD02689,USR00500,0.7564,node-similarity,2025-09-04
PRD00153,USR00466,0.6962,collaborative,2024-08-03
PRD02702,USR01046,0.5087,collaborative,2024-05-11
PRD02910,USR00916,0.541,hybrid,2024-10-16
PRD00473,USR00691,0.58,hybrid,2025-03-25
PRD01293,USR00463,0.6564,collaborative,2024-03-09
PRD01530,USR01246,0.9453,content-based,2023-09-07
PRD02583,USR01400,0.5435,content-based,2023-11-19
PRD00227,USR00694,0.9935,node-similarity,2025-04-25
PRD00144,USR01122,0.8357,collaborative,2023-08-05
PRD02392,USR01181,0.6714,node-similarity,2024-12-27
PRD01556,USR00347,0.5663,hybrid,2024-04-19
PRD00394,USR00944,0.6007,content-based,2024-12-29
PRD01216,USR00558,0.62,collaborative,2023-12-23
PRD02934,USR01345,0.5526,content-based,2023-11-06
PRD01933,USR00482,0.6378,node-similarity,2024-05-31
PRD00759,USR01392,0.7242,content-based,2023-06-27
PRD02277,USR01402,0.6991,node-similarity,2024-08-13
PRD01304,USR00186,0.7709,node-similarity,2024-04-16
PRD02137,USR01218,0.5044,content-based,2025-04-02
PRD00523,USR00805,0.9279,hybrid,2025-06-06
PRD01927,USR00302,0.6156,hybrid,2023-01-28
PRD00781,USR00047,0.8818,hybrid,2025-02-09
PRD00888,USR01388,0.98,node-similarity,2024-07-12
PRD02696,USR00280,0.9809,hybrid,2024-08-06
PRD00881,USR01311,0.604,collaborative,2024-02-01
PRD01864,USR00473,0.6274,collaborative,2025-03-25
PRD02031,USR00869,0.9875,node-similarity,2025-12-02
PRD00088,USR00661,0.9454,collaborative,2025-07-29
PRD01257,USR00942,0.6732,hybrid,2023-05-15
PRD01134,USR00160,0.8767,collaborative,2024-08-10
PRD00935,USR00347,0.8582,pagerank,2023-02-16
PRD00725,USR01339,0.537,node-similarity,2023-05-16
PRD01201,USR01440,0.8552,node-similarity,2024-05-22
PRD02766,USR01188,0.5984,node-similarity,2023-01-04
PRD01726,USR01154,0.6139,content-based,2023-01-08
PRD02165,USR01225,0.7773,collaborative,2025-07-09
PRD02441,USR00757,0.8462,pagerank,2023-12-16
PRD00355,USR01137,0.7207,collaborative,2024-07-22
PRD01000,USR00998,0.8621,collaborative,2025-08-29
PRD00907,USR01137,0.5241,pagerank,2025-01-03
PRD00010,USR01416,0.8927,hybrid,2025-04-15
PRD01385,USR00580,0.6545,node-similarity,2023-10-20
PRD00402,USR01324,0.6407,hybrid,2023-09-01
PRD02091,USR00671,0.811,content-based,2023-01-04
PRD00496,USR00789,0.7916,node-similarity,2025-11-29
PRD01400,USR01037,0.5267,content-based,2025-08-07
PRD01547,USR00552,0.5268,content-based,2024-05-16
PRD02991,USR00304,0.8892,content-based,2025-06-20
PRD01941,USR00368,0.9348,content-based,2025-11-26
PRD02794,USR01135,0.9844,content-based,2025-04-13
PRD00481,USR01286,0.9071,collaborative,2023-11-26
PRD00653,USR00227,0.9762,node-similarity,2025-06-23
PRD02387,USR00631,0.7533,collaborative,2025-11-01
PRD01834,USR00503,0.7448,hybrid,2025-05-13
PRD00846,USR01178,0.8454,collaborative,2023-07-03
PRD02950,USR00850,0.8396,pagerank,2023-08-22
PRD01902,USR00089,0.6894,collaborative,2023-01-09
PRD02324,USR00943,0.8786,hybrid,2025-07-10
PRD01083,USR00987,0.7367,node-similarity,2023-10-07
PRD00172,USR00487,0.9673,collaborative,2025-01-15
PRD01402,USR00109,0.7344,pagerank,2023-08-28
PRD01251,USR01185,0.6157,hybrid,2024-09-16
PRD00704,USR00207,0.5589,content-based,2023-02-08
PRD00543,USR00065,0.9876,content-based,2023-03-04
PRD02229,USR00692,0.9532,content-based,2023-05-17
PRD01628,USR00195,0.515,collaborative,2023-03-21
PRD02733,USR00898,0.5819,hybrid,2024-10-10
PRD00066,USR01061,0.9178,node-similarity,2025-09-22
PRD00377,USR01376,0.5475,collaborative,2025-10-20
PRD00001,USR00166,0.5069,hybrid,2025-03-17
PRD01713,USR00992,0.5613,pagerank,2023-10-15
PRD02041,USR00306,0.5184,pagerank,2025-06-21
PRD02970,USR01400,0.5855,content-based,2023-08-06
PRD02474,USR00664,0.5066,collaborative,2023-06-01
PRD00760,USR00148,0.9765,collaborative,2025-06-07
PRD02868,USR01012,0.536,collaborative,2024-04-18
PRD00124,USR00764,0.792,hybrid,2023-12-09
PRD02455,USR00567,0.8944,pagerank,2025-04-28
PRD02341,USR01275,0.8595,pagerank,2023-12-29
PRD00938,USR00158,0.872,content-based,2023-12-06
PRD01476,USR00188,0.5626,pagerank,2023-01-06
PRD02578,USR00115,0.77,content-based,2023-06-01
PRD01425,USR01273,0.8123,collaborative,2023-09-27
PRD01344,USR00988,0.6487,node-similarity,2024-04-14
PRD01831,USR01307,0.7053,pagerank,2025-02-05
PRD02686,USR01460,0.6541,pagerank,2025-09-04
PRD02744,USR01405,0.6273,collaborative,2023-08-15
PRD00832,USR00210,0.704,pagerank,2023-06-10
PRD02222,USR00524,0.8922,pagerank,2023-03-24
PRD02666,USR01103,0.9887,hybrid,2023-12-11
PRD02569,USR00445,0.6201,node-similarity,2024-11-28
PRD01184,USR00825,0.8792,hybrid,2025-08-20
PRD02956,USR00825,0.6764,pagerank,2024-03-04
PRD01701,USR00261,0.9317,hybrid,2023-07-01
PRD01407,USR01320,0.8112,pagerank,2023-04-09
PRD01674,USR00122,0.8077,content-based,2025-11-26
PRD02496,USR00921,0.678,collaborative,2024-02-09
PRD00070,USR01278,0.6758,collaborative,2025-04-24
PRD00942,USR01404,0.8542,hybrid,2023-08-24
PRD02078,USR00365,0.9236,content-based,2025-05-02
PRD01987,USR01156,0.9279,pagerank,2023-07-29
PRD02267,USR00005,0.7559,collaborative,2025-07-29
PRD00695,USR00077,0.5838,content-based,2024-12-05
PRD00793,USR01152,0.6748,pagerank,2023-09-16
PRD01025,USR00042,0.5771,collaborative,2024-02-19
PRD02141,USR01219,0.8137,collaborative,2025-04-19
PRD01085,USR00690,0.9229,node-similarity,2025-12-30
PRD01983,USR00071,0.7459,pagerank,2024-11-29
PRD00945,USR01420,0.9625,content-based,2024-11-10
PRD02614,USR00544,0.5699,hybrid,2023-08-24
PRD01994,USR00394,0.7416,node-similarity,2025-10-20
PRD01451,USR01189,0.5785,pagerank,2024-12-09
PRD00005,USR00831,0.7953,node-similarity,2024-12-01
PRD00877,USR01097,0.7288,collaborative,2024-08-04
PRD02821,USR01008,0.8529,collaborative,2023-09-12
PRD00768,USR00137,0.7699,pagerank,2025-05-16
PRD01617,USR00281,0.9102,node-similarity,2025-08-21
PRD02645,USR00319,0.6178,content-based,2024-03-18
PRD02854,USR01403,0.7172,node-similarity,2023-12-20
PRD00851,USR00014,0.7726,hybrid,2025-08-19
PRD00879,USR01004,0.7935,collaborative,2025-02-12
PRD02628,USR01378,0.5693,hybrid,2023-09-29
PRD00475,USR01130,0.8675,hybrid,2023-03-23
PRD02016,USR01180,0.6266,collaborative,2025-08-30
PRD00198,USR01022,0.5277,node-similarity,2024-12-26
PRD00673,USR00454,0.677,pagerank,2024-08-02
PRD02229,USR00010,0.6403,content-based,2025-06-01
PRD02178,USR00168,0.8283,pagerank,2024-04-21
PRD00791,USR00496,0.8654,pagerank,2025-04-24
PRD01483,USR01057,0.852,hybrid,2025-03-07
PRD02622,USR00200,0.9732,hybrid,2025-06-15
PRD02212,USR01017,0.6977,hybrid,2024-12-22
PRD02816,USR00490,0.9561,content-based,2025-04-30
PRD00059,USR00993,0.8025,node-similarity,2023-08-02
PRD02435,USR00384,0.818,pagerank,2025-11-28
PRD01999,USR00688,0.6632,node-similarity,2025-11-13
PRD02594,USR00838,0.7285,hybrid,2025-09-16
PRD00406,USR00053,0.7319,collaborative,2024-02-10
PRD02863,USR00808,0.7254,collaborative,2023-04-20
PRD00119,USR01062,0.9187,node-similarity,2024-09-17
PRD02032,USR01430,0.9645,pagerank,2024-02-11
PRD00556,USR00329,0.6164,hybrid,2024-06-01
PRD00505,USR00869,0.6063,content-based,2023-07-23
PRD02709,USR00359,0.7517,collaborative,2023-01-03
PRD00028,USR00558,0.6503,pagerank,2025-12-10
PRD02865,USR00430,0.9303,pagerank,2025-10-05
PRD01440,USR00347,0.7125,pagerank,2023-12-10
PRD02851,USR00519,0.8068,node-similarity,2023-10-03
PRD02728,USR01056,0.9752,hybrid,2023-06-30
PRD02709,USR01372,0.8534,collaborative,2025-10-09
PRD01578,USR00742,0.5427,content-based,2023-01-29
PRD02977,USR00584,0.8628,pagerank,2025-03-08
PRD01562,USR01110,0.6951,hybrid,2024-10-13
PRD02094,USR01476,0.9904,collaborative,2023-08-16
PRD02028,USR00423,0.7343,node-similarity,2025-03-07
PRD00160,USR00518,0.922,hybrid,2024-02-25
PRD02276,USR00334,0.8089,content-based,2025-05-19
PRD01216,USR00331,0.718,collaborative,2023-10-10
PRD01269,USR00447,0.5297,node-similarity,2023-06-15
PRD00255,USR00666,0.9572,content-based,2023-10-10
PRD01710,USR00825,0.5826,collaborative,2025-10-22
PRD01145,USR00166,0.8362,content-based,2024-08-31
PRD02085,USR01390,0.5776,pagerank,2024-06-04
PRD02347,USR01164,0.9849,collaborative,2023-02-11
PRD02573,USR00408,0.9255,hybrid,2024-05-10
PRD01639,USR00049,0.5022,node-similarity,2024-11-02
PRD02986,USR00343,0.7914,content-based,2024-02-28
PRD02395,USR01218,0.7788,content-based,2023-07-22
PRD01560,USR00144,0.6978,node-similarity,2023-10-09
PRD00503,USR00954,0.7858,node-similarity,2023-07-24
PRD00454,USR00577,0.9545,content-based,2025-03-26
PRD00020,USR01111,0.8152,content-based,2024-06-24
PRD01127,USR00290,0.8866,hybrid,2023-06-09
PRD00311,USR00057,0.8129,hybrid,2024-06-02
PRD02279,USR00610,0.6184,content-based,2023-02-12
PRD02766,USR00335,0.5026,pagerank,2025-10-03
PRD00163,USR01462,0.9082,collaborative,2023-01-08
PRD02017,USR00832,0.8471,node-similarity,2023-05-05
PRD02559,USR00496,0.7807,hybrid,2024-05-24
PRD02944,USR00914,0.72,node-similarity,2024-05-19
PRD00267,USR00298,0.5956,collaborative,2025-05-18
PRD00968,USR00004,0.7168,collaborative,2025-11-23
PRD01981,USR00640,0.8124,node-similarity,2023-02-14
PRD00763,USR00662,0.8082,content-based,2023-11-11
PRD01427,USR01270,0.6436,hybrid,2025-09-26
PRD02611,USR00439,0.8181,hybrid,2025-05-01
PRD02632,USR00345,0.6021,content-based,2023-12-07
PRD01108,USR01481,0.6608,pagerank,2025-02-14
PRD02186,USR00427,0.9161,content-based,2024-01-07
PRD00491,USR00245,0.7464,collaborative,2025-10-23
PRD00161,USR00417,0.8868,pagerank,2024-11-27
PRD01011,USR01095,0.9781,collaborative,2025-10-23
PRD01185,USR00537,0.9153,hybrid,2025-06-06
PRD01750,USR00595,0.5196,hybrid,2023-02-07
PRD01327,USR01157,0.5683,content-based,2025-01-04
PRD02057,USR00444,0.8244,collaborative,2025-03-19
PRD02621,USR00490,0.516,content-based,2023-03-02
PRD02555,USR01046,0.658,hybrid,2025-03-08
PRD00140,USR00988,0.5851,pagerank,2023-04-20
PRD02443,USR00398,0.8612,hybrid,2025-04-18
PRD00784,USR00537,0.7021,hybrid,2025-03-09
PRD01898,USR00041,0.84,node-similarity,2024-04-27
PRD01077,USR00763,0.8902,hybrid,2023-07-25
PRD00532,USR01425,0.5219,node-similarity,2023-09-16
PRD00398,USR01332,0.6061,node-similarity,2023-09-06
PRD01853,USR00393,0.6985,collaborative,2025-10-21
PRD00214,USR01024,0.8758,node-similarity,2024-10-28
PRD00480,USR00080,0.8062,node-similarity,2025-04-13
PRD00980,USR00605,0.9214,node-similarity,2023-04-13
PRD02907,USR01099,0.8073,collaborative,2025-12-29
PRD02692,USR00485,0.885,collaborative,2025-01-17
PRD00179,USR00236,0.5406,collaborative,2023-07-21
PRD01609,USR00104,0.9738,collaborative,2023-01-26
PRD02136,USR00009,0.5596,pagerank,2025-04-16
PRD00206,USR00860,0.6411,collaborative,2023-08-30
PRD00568,USR00437,0.8298,hybrid,2024-08-15
PRD02936,USR01318,0.925,hybrid,2024-09-09
PRD00994,USR00488,0.6612,pagerank,2024-01-29
PRD00648,USR00162,0.897,content-based,2023-05-27
PRD02713,USR00559,0.893,content-based,2023-09-30
PRD02771,USR00736,0.542,hybrid,2023-02-23
PRD02078,USR01095,0.9285,collaborative,2023-02-28
PRD02454,USR00290,0.7491,node-similarity,2024-12-17
PRD01162,USR00960,0.9816,content-based,2023-07-04
PRD02483,USR00743,0.5669,collaborative,2023-07-30
PRD01366,USR00945,0.7146,pagerank,2025-03-27
PRD00607,USR00598,0.6581,collaborative,2025-08-24
PRD01664,USR00187,0.6649,collaborative,2023-01-31
PRD02148,USR00762,0.9519,pagerank,2025-09-04
PRD01478,USR00104,0.7532,node-similarity,2024-06-29
PRD02801,USR00233,0.9443,hybrid,2025-04-12
PRD02041,USR00147,0.517,node-similarity,2025-03-17
PRD01527,USR00775,0.5035,pagerank,2025-08-21
PRD02981,USR01308,0.9177,content-based,2025-06-06
PRD00109,USR01158,0.5533,hybrid,2024-05-04
PRD02432,USR00709,0.5599,hybrid,2024-04-26
PRD00686,USR01371,0.5502,collaborative,2025-02-25
PRD00219,USR00483,0.774,hybrid,2025-02-20
PRD02548,USR00302,0.5915,content-based,2024-05-15
PRD02296,USR00869,0.7692,pagerank,2023-08-18
PRD00636,USR00678,0.6139,content-based,2024-08-15
PRD00252,USR00477,0.5554,content-based,2023-01-28
PRD00580,USR00133,0.777,hybrid,2024-11-15
PRD02052,USR00011,0.5471,pagerank,2024-01-12
PRD02710,USR01122,0.6733,content-based,2023-04-18
PRD02488,USR01364,0.5728,hybrid,2023-09-21
PRD01954,USR01289,0.8613,content-based,2024-08-05
PRD00944,USR00668,0.6059,content-based,2025-12-22
PRD02950,USR00019,0.8885,collaborative,2024-12-07
PRD01541,USR00614,0.7491,hybrid,2024-03-14
PRD01913,USR00456,0.7236,pagerank,2023-08-26
PRD02344,USR00634,0.5844,collaborative,2023-05-31
PRD02745,USR01102,0.5726,node-similarity,2023-02-20
PRD01178,USR00110,0.7161,content-based,2023-04-16
PRD00347,USR01165,0.996,pagerank,2023-03-29
PRD00814,USR00959,0.9451,pagerank,2024-06-26
PRD00141,USR01049,0.7192,pagerank,2023-10-21
PRD02409,USR00063,0.5749,node-similarity,2023-12-20
PRD01065,USR01294,0.9586,collaborative,2024-03-18
PRD01871,USR00121,0.9929,content-based,2025-10-22
PRD02017,USR01039,0.9691,content-based,2023-05-22
PRD01982,USR00838,0.7421,pagerank,2023-11-26
PRD00131,USR00231,0.8651,node-similarity,2023-07-12
PRD02808,USR00828,0.7793,collaborative,2025-09-17
PRD01989,USR00071,0.565,collaborative,2025-05-20
PRD01353,USR00501,0.5766,collaborative,2025-03-28
PRD02794,USR01030,0.6419,pagerank,2025-07-24
PRD02165,USR01473,0.7177,content-based,2024-09-18
PRD02752,USR00002,0.5405,node-similarity,2024-06-05
PRD00709,USR01168,0.848,content-based,2025-09-17
PRD00925,USR00692,0.5788,content-based,2024-10-04
PRD02855,USR00571,0.9097,pagerank,2025-04-23
PRD00097,USR01457,0.9198,collaborative,2023-07-22
PRD00061,USR00603,0.8901,pagerank,2023-08-10
PRD01995,USR00257,0.5527,node-similarity,2024-01-20
PRD00764,USR00117,0.9234,hybrid,2024-11-15
PRD00743,USR01095,0.6414,hybrid,2023-04-21
PRD02152,USR01089,0.5094,pagerank,2023-09-30
PRD02025,USR00908,0.5219,hybrid,2024-02-12
PRD02882,USR01443,0.6102,collaborative,2025-06-06
PRD01298,USR00194,0.6062,collaborative,2024-01-14
PRD01864,USR00592,0.6533,hybrid,2024-04-04
PRD00973,USR00527,0.9507,content-based,2025-02-13
PRD02711,USR00238,0.9963,content-based,2023-09-10
PRD01322,USR01077,0.9655,collaborative,2024-09-25
PRD01064,USR00553,0.5452,node-similarity,2023-07-03
PRD02034,USR00539,0.7788,content-based,2025-01-11
PRD00077,USR00448,0.6296,content-based,2023-10-21
PRD01027,USR01338,0.6278,pagerank,2024-01-11
PRD00046,USR00666,0.57,node-similarity,2024-06-04
PRD00588,USR00891,0.6301,pagerank,2023-07-31
PRD02123,USR00050,0.8603,pagerank,2025-04-18
PRD01355,USR00192,0.6999,content-based,2025-11-29
PRD01036,USR00443,0.5391,hybrid,2023-04-09
PRD00994,USR00617,0.7186,content-based,2023-05-06
PRD00120,USR00454,0.7499,hybrid,2025-07-04
PRD02168,USR01414,0.5277,content-based,2025-06-18
PRD01966,USR01390,0.7151,content-based,2023-06-30
PRD00429,USR00927,0.8916,hybrid,2023-05-02
PRD00521,USR00713,0.7866,node-similarity,2025-02-03
PRD01301,USR00069,0.8558,pagerank,2023-11-28
PRD02597,USR00772,0.5202,node-similarity,2025-07-01
PRD02573,USR00202,0.5022,pagerank,2024-07-31
PRD01194,USR00137,0.9378,pagerank,2023-04-23
PRD02889,USR00888,0.5844,collaborative,2024-11-10
PRD00511,USR01059,0.8357,collaborative,2023-11-15
PRD00707,USR00434,0.5678,pagerank,2024-07-04
PRD01403,USR00513,0.9891,hybrid,2025-07-03
PRD02167,USR00928,0.5916,collaborative,2023-08-08
PRD00973,USR00311,0.9257,content-based,2024-12-30
PRD01128,USR00341,0.7992,content-based,2023-07-10
PRD02407,USR00519,0.8753,collaborative,2024-05-27
PRD02624,USR01066,0.8461,content-based,2025-09-13
PRD02670,USR00716,0.514,pagerank,2024-07-22
PRD00137,USR00159,0.8734,node-similarity,2025-03-24
PRD00798,USR00558,0.5021,node-similarity,2025-06-01
PRD01893,USR01477,0.5716,node-similarity,2025-10-24
PRD01144,USR01242,0.9512,content-based,2023-01-03
PRD00532,USR00113,0.5687,hybrid,2025-01-16
PRD00400,USR01222,0.8012,hybrid,2025-05-12
PRD01834,USR00298,0.934,node-similarity,2024-06-20
PRD01230,USR00615,0.6442,pagerank,2025-10-30
PRD00335,USR00741,0.8232,hybrid,2024-06-12
PRD01448,USR01174,0.8963,node-similarity,2025-03-11
PRD01685,USR00845,0.7358,content-based,2024-04-13
PRD00944,USR00546,0.6181,node-similarity,2025-06-27
PRD00107,USR00828,0.798,collaborative,2023-11-15
PRD01895,USR01274,0.745,hybrid,2023-11-07
PRD00345,USR01463,0.7287,content-based,2025-06-05
PRD02666,USR00878,0.71,node-similarity,2025-01-01
PRD01443,USR01104,0.7862,pagerank,2025-01-03
PRD01823,USR01131,0.8408,collaborative,2025-12-17
PRD02808,USR00192,0.7294,content-based,2023-07-06
PRD00115,USR00867,0.9796,content-based,2025-07-23
PRD01618,USR00819,0.6515,collaborative,2023-02-14
PRD02219,USR00739,0.682,pagerank,2025-12-14
PRD00775,USR01459,0.7721,hybrid,2023-03-22
PRD01915,USR01414,0.9141,collaborative,2023-01-16
PRD02462,USR01279,0.762,pagerank,2025-01-01
PRD00865,USR00444,0.728,node-similarity,2025-10-18
PRD01639,USR00703,0.8685,hybrid,2025-09-03
PRD01037,USR01203,0.8459,node-similarity,2025-12-11
PRD00213,USR00425,0.7646,hybrid,2023-11-03
PRD00263,USR00595,0.9357,hybrid,2023-08-26
PRD02628,USR01159,0.5235,node-similarity,2024-02-08
PRD01599,USR01330,0.6032,pagerank,2023-06-20
PRD00820,USR00419,0.9021,node-similarity,2023-09-08
PRD02609,USR01257,0.7539,collaborative,2023-01-17
PRD01869,USR01370,0.7383,node-similarity,2024-12-11
PRD01286,USR00212,0.713,collaborative,2025-06-15
PRD01955,USR00946,0.5166,node-similarity,2023-10-08
PRD01140,USR00112,0.7822,pagerank,2023-02-04
PRD00579,USR01222,0.6464,collaborative,2023-08-21
PRD00543,USR00157,0.7516,content-based,2023-12-22
PRD01521,USR01031,0.9853,hybrid,2023-11-22
PRD01331,USR01487,0.6066,content-based,2025-10-27
PRD01351,USR00493,0.7056,pagerank,2024-11-10
PRD02452,USR00772,0.9625,hybrid,2025-01-05
PRD00420,USR00316,0.5082,node-similarity,2023-04-06
PRD02693,USR00725,0.9345,content-based,2025-10-05
PRD00071,USR00955,0.8867,hybrid,2025-01-17
PRD01777,USR01261,0.7399,collaborative,2025-02-27
PRD00209,USR00076,0.9868,hybrid,2024-10-31
PRD01914,USR00355,0.5601,collaborative,2024-12-10
PRD02659,USR00003,0.5255,pagerank,2024-11-12
PRD01089,USR01169,0.9319,content-based,2025-03-02
PRD02028,USR00979,0.8231,pagerank,2023-12-02
PRD01576,USR01296,0.7914,pagerank,2025-12-11
PRD01731,USR00348,0.7909,pagerank,2025-04-06
PRD02142,USR00805,0.6248,hybrid,2024-12-20
PRD02600,USR00683,0.675,pagerank,2024-04-13
PRD02064,USR00695,0.8864,hybrid,2023-10-19
PRD00938,USR00122,0.6773,node-similarity,2023-12-25
PRD02933,USR00638,0.7803,node-similarity,2023-02-07
PRD01160,USR00392,0.9572,collaborative,2025-09-19
PRD01154,USR00552,0.5205,collaborative,2025-05-05
PRD00741,USR01023,0.7775,hybrid,2024-07-29
PRD02515,USR01006,0.5059,hybrid,2025-03-25
PRD02321,USR00614,0.6204,collaborative,2023-02-04
PRD01251,USR00634,0.7878,collaborative,2024-12-04
PRD00186,USR00758,0.5174,collaborative,2024-01-22
PRD02596,USR01288,0.6411,content-based,2024-04-12
PRD01253,USR00144,0.5568,node-similarity,2025-11-15
PRD00139,USR00212,0.846,hybrid,2023-09-11
PRD01221,USR00407,0.6283,hybrid,2025-03-04
PRD02158,USR01307,0.9697,content-based,2023-11-29
PRD02160,USR01269,0.7774,pagerank,2025-05-20
PRD01098,USR00674,0.564,node-similarity,2025-02-02
PRD02859,USR00762,0.9299,content-based,2024-04-18
PRD00724,USR00629,0.5957,hybrid,2024-03-01
PRD00370,USR01443,0.5416,hybrid,2023-05-10
PRD00046,USR00127,0.6975,node-similarity,2023-11-20
PRD00342,USR01150,0.7684,node-similarity,2024-05-07
PRD00819,USR00814,0.8388,node-similarity,2025-03-05
PRD00695,USR00218,0.8234,pagerank,2025-05-11
PRD00334,USR01110,0.8909,pagerank,2025-11-14
PRD01130,USR00026,0.9819,pagerank,2024-03-17
PRD00163,USR00639,0.9543,collaborative,2024-07-22
PRD00036,USR00174,0.5339,node-similarity,2025-09-16
PRD02253,USR00587,0.9665,collaborative,2025-04-04
PRD02918,USR01264,0.9384,pagerank,2023-05-04
PRD02978,USR01373,0.6775,hybrid,2024-04-23
PRD02690,USR01221,0.9505,node-similarity,2023-02-11
PRD02940,USR01338,0.8792,pagerank,2023-06-24
PRD01754,USR00874,0.8686,content-based,2024-01-22
PRD02412,USR00593,0.7621,node-similarity,2024-06-22
PRD02905,USR00497,0.6998,node-similarity,2025-09-17
PRD01582,USR00725,0.8208,pagerank,2025-07-25
PRD01700,USR01399,0.9266,node-similarity,2024-05-05
PRD02464,USR01247,0.9498,pagerank,2025-08-20
PRD02050,USR01137,0.9603,collaborative,2024-07-23
PRD02443,USR00498,0.9786,collaborative,2024-02-28
PRD02515,USR01046,0.5193,hybrid,2024-07-18
PRD01976,USR00636,0.9359,collaborative,2024-04-25
PRD01107,USR00981,0.7879,pagerank,2024-05-29
PRD00643,USR00279,0.9771,content-based,2024-01-17
PRD02359,USR01094,0.5855,node-similarity,2023-02-03
PRD02097,USR00647,0.5839,hybrid,2023-12-21
PRD02258,USR01335,0.8783,node-similarity,2023-04-02
PRD01019,USR00421,0.6493,pagerank,2025-05-23
PRD00938,USR00315,0.7654,content-based,2023-06-11
PRD01520,USR00064,0.521,content-based,2023-10-16
PRD01950,USR00944,0.9451,pagerank,2024-04-10
PRD02812,USR00246,0.5938,pagerank,2024-08-27
PRD01342,USR01273,0.69,node-similarity,2025-04-11
PRD01836,USR01268,0.5862,collaborative,2025-06-02
PRD01525,USR00067,0.5366,pagerank,2023-10-30
PRD02208,USR00959,0.8183,collaborative,2024-06-21
PRD02492,USR00326,0.5895,hybrid,2023-05-10
PRD01177,USR01437,0.8777,content-based,2024-08-05
PRD02133,USR00458,0.5752,pagerank,2023-01-11
PRD01708,USR00979,0.8731,hybrid,2025-12-06
PRD01724,USR00432,0.5909,collaborative,2025-08-28
PRD02440,USR00435,0.7203,hybrid,2024-08-06
PRD00686,USR00397,0.7037,collaborative,2023-10-05
PRD01496,USR00518,0.8031,collaborative,2024-10-10
PRD00804,USR00003,0.8138,hybrid,2024-11-26
PRD02021,USR00552,0.7669,node-similarity,2023-12-05
PRD01406,USR01344,0.9685,content-based,2024-12-29
PRD00163,USR00586,0.578,hybrid,2024-03-28
PRD02084,USR00518,0.6965,node-similarity,2023-08-21
PRD02606,USR00292,0.8406,pagerank,2023-02-03
PRD01290,USR00957,0.6563,node-similarity,2025-07-19
PRD01684,USR00157,0.6008,node-similarity,2023-10-08
PRD01326,USR00179,0.5086,collaborative,2025-01-19
PRD02516,USR00051,0.803,hybrid,2023-11-05
PRD01214,USR01369,0.8235,node-similarity,2024-09-20
PRD00755,USR00665,0.9326,pagerank,2025-05-19
PRD02755,USR00998,0.7016,pagerank,2025-04-20
PRD02519,USR00040,0.8433,node-similarity,2025-01-29
PRD00099,USR00710,0.5757,pagerank,2025-12-13
PRD02770,USR01390,0.7302,pagerank,2025-02-19
PRD00038,USR00306,0.5601,content-based,2024-12-21
PRD01480,USR01177,0.7528,collaborative,2025-07-30
PRD00542,USR00247,0.7626,pagerank,2023-06-17
PRD00960,USR00163,0.9901,pagerank,2024-08-19
PRD00328,USR00265,0.5706,node-similarity,2025-10-08
PRD01717,USR01489,0.5222,collaborative,2024-11-10
PRD01483,USR01215,0.6039,collaborative,2023-11-19
PRD01947,USR00913,0.6798,pagerank,2024-06-04
PRD01515,USR01463,0.6044,node-similarity,2023-01-06
PRD02817,USR00398,0.5548,node-similarity,2023-12-24
PRD00394,USR01380,0.5869,collaborative,2023-09-28
PRD01536,USR01182,0.8529,content-based,2025-01-16
PRD02196,USR00371,0.9038,pagerank,2024-09-09
PRD02895,USR00393,0.763,hybrid,2025-03-09
PRD01405,USR00539,0.9268,hybrid,2025-03-07
PRD00839,USR00938,0.5204,collaborative,2023-04-27
PRD01706,USR00732,0.5479,collaborative,2025-08-10
PRD02051,USR01484,0.6814,node-similarity,2025-02-21
PRD01042,USR00866,0.6048,pagerank,2023-07-30
PRD02103,USR00193,0.9888,node-similarity,2025-11-24
PRD00861,USR00867,0.7153,content-based,2023-03-13
PRD00734,USR00814,0.81,pagerank,2023-12-15
PRD00306,USR00204,0.7836,node-similarity,2024-10-15
PRD01946,USR00359,0.9382,hybrid,2025-10-14
PRD02067,USR00535,0.9409,hybrid,2025-03-08
PRD00975,USR00540,0.5524,collaborative,2024-04-14
PRD00100,USR00664,0.5492,pagerank,2024-06-25
PRD00948,USR00929,0.6099,content-based,2023-05-21
PRD00540,USR01482,0.7332,hybrid,2025-08-15
PRD02532,USR01112,0.6676,node-similarity,2024-02-04
PRD00959,USR00218,0.5689,content-based,2025-04-07
PRD01336,USR00262,0.9167,content-based,2025-09-11
PRD02288,USR01058,0.8297,content-based,2023-06-10
PRD00584,USR00128,0.6028,pagerank,2023-12-06
PRD02477,USR01201,0.7906,node-similarity,2023-04-04
PRD02513,USR00838,0.6684,node-similarity,2023-08-30
PRD00419,USR00418,0.724,hybrid,2023-04-20
PRD02074,USR00455,0.6072,pagerank,2024-08-15
PRD01972,USR00862,0.8418,collaborative,2024-08-17
PRD00499,USR01355,0.9027,content-based,2024-07-30
PRD00177,USR01226,0.5032,pagerank,2025-03-15
PRD01563,USR01238,0.9676,pagerank,2023-12-04
PRD02007,USR00885,0.8932,collaborative,2025-03-14
PRD00524,USR00520,0.7096,content-based,2023-10-20
PRD02478,USR00414,0.6358,collaborative,2024-07-07
PRD02413,USR00994,0.5419,content-based,2023-10-24
PRD01982,USR00829,0.9582,collaborative,2023-01-26
PRD01920,USR01126,0.9531,content-based,2025-08-07
PRD01075,USR00532,0.8798,content-based,2025-12-03
PRD02960,USR00461,0.8965,content-based,2023-01-31
PRD00454,USR01283,0.707,collaborative,2023-02-25
PRD02302,USR00650,0.5445,node-similarity,2025-08-08
PRD00068,USR00475,0.87,content-based,2025-08-18
PRD02579,USR00331,0.5517,content-based,2023-01-25
PRD01457,USR00558,0.5768,collaborative,2024-07-06
PRD00336,USR00705,0.846,content-based,2023-01-03
PRD02641,USR01323,0.5367,pagerank,2025-03-20
PRD00498,USR00698,0.8982,content-based,2023-11-25
PRD02986,USR00693,0.6468,collaborative,2023-04-19
PRD01417,USR00142,0.9953,node-similarity,2025-12-06
PRD01597,USR00138,0.9855,node-similarity,2025-08-01
PRD01035,USR00152,0.71,node-similarity,2023-10-01
PRD00576,USR01320,0.533,node-similarity,2024-07-14
PRD02353,USR00538,0.7455,pagerank,2024-04-11
PRD00702,USR00377,0.8263,collaborative,2023-06-06
PRD00612,USR00120,0.5338,node-similarity,2023-10-28
PRD02800,USR00653,0.9957,content-based,2025-03-02
PRD01900,USR00126,0.5649,collaborative,2025-03-21
PRD00853,USR01022,0.7366,pagerank,2025-09-21
PRD02290,USR01482,0.619,hybrid,2023-09-05
PRD00002,USR01421,0.781,node-similarity,2024-12-06
PRD00990,USR01143,0.7359,collaborative,2023-11-26
PRD01235,USR01150,0.7073,hybrid,2023-09-04
PRD01532,USR01136,0.5845,pagerank,2025-07-01
PRD00368,USR01475,0.5634,pagerank,2025-01-05
PRD01260,USR00322,0.8781,collaborative,2025-01-29
PRD00012,USR01210,0.7349,pagerank,2025-01-08
PRD01417,USR00995,0.6241,collaborative,2023-07-26
PRD01595,USR00334,0.6862,pagerank,2023-01-31
PRD00173,USR00421,0.6145,hybrid,2025-06-18
PRD02500,USR00827,0.5704,hybrid,2024-11-18
PRD01264,USR00957,0.9737,hybrid,2025-08-05
PRD00674,USR01082,0.9657,collaborative,2023-06-15
PRD02267,USR00884,0.6126,collaborative,2025-12-07
PRD02588,USR00167,0.8727,content-based,2025-11-15
PRD02378,USR00958,0.8843,hybrid,2024-06-01
PRD02580,USR01308,0.9174,collaborative,2023-09-07
PRD02120,USR01013,0.67,node-similarity,2023-05-15
PRD00702,USR00172,0.7898,pagerank,2023-09-21
PRD01813,USR00193,0.6958,content-based,2023-05-05
PRD02475,USR01090,0.5875,hybrid,2025-02-24
PRD01765,USR01342,0.6476,node-similarity,2025-04-21
PRD00542,USR00479,0.7704,hybrid,2025-12-11
PRD01806,USR00384,0.774,collaborative,2025-01-30
PRD02287,USR00660,0.9375,pagerank,2023-08-04
PRD01228,USR00544,0.9492,content-based,2025-02-26
PRD00544,USR00717,0.547,hybrid,2024-12-11
PRD02663,USR00519,0.7005,collaborative,2024-04-25
PRD02550,USR00927,0.6148,collaborative,2023-01-26
PRD00212,USR00836,0.5156,hybrid,2025-04-26
PRD00450,USR01424,0.6337,content-based,2024-02-28
PRD01372,USR00790,0.8544,node-similarity,2023-01-12
PRD02041,USR01066,0.7299,content-based,2024-08-08
PRD01463,USR00412,0.7008,content-based,2025-08-15
PRD01436,USR00681,0.5159,hybrid,2023-07-06
PRD01714,USR01359,0.7676,hybrid,2024-02-13
PRD01686,USR01242,0.995,content-based,2025-10-11
PRD01040,USR01420,0.8327,hybrid,2023-01-30
PRD02980,USR00699,0.8195,hybrid,2023-07-01
PRD01345,USR00377,0.5229,content-based,2025-07-08
PRD01700,USR00990,0.7745,node-similarity,2023-08-09
PRD00216,USR00010,0.5285,content-based,2025-04-28
PRD01230,USR00364,0.5224,node-similarity,2025-08-08
PRD01607,USR00479,0.6559,pagerank,2023-06-07
PRD02292,USR00166,0.711,collaborative,2024-07-28
PRD00125,USR00304,0.6251,hybrid,2025-10-23
PRD01277,USR01240,0.7961,pagerank,2023-04-19
PRD02254,USR00112,0.5502,collaborative,2023-07-17
PRD00845,USR01131,0.5324,node-similarity,2023-11-11
PRD00180,USR00696,0.7328,node-similarity,2024-03-21
PRD01659,USR00795,0.8215,node-similarity,2025-04-16
PRD01655,USR01292,0.5754,content-based,2023-09-17
PRD02339,USR01343,0.5825,pagerank,2023-07-13
PRD00030,USR00645,0.5819,content-based,2023-09-16
PRD01348,USR00775,0.8131,pagerank,2024-05-21
PRD01238,USR00968,0.9369,node-similarity,2023-08-17
PRD00118,USR00378,0.8802,pagerank,2024-09-09
PRD00198,USR00545,0.5616,hybrid,2024-11-15
PRD02738,USR01175,0.7547,content-based,2024-08-01
PRD00037,USR01450,0.5613,hybrid,2024-05-12
PRD02382,USR01067,0.8749,collaborative,2023-11-07
PRD00712,USR00238,0.808,node-similarity,2023-02-26
PRD00939,USR01277,0.6342,hybrid,2024-05-05
PRD01239,USR01270,0.9071,collaborative,2025-01-08
PRD02825,USR00686,0.6963,content-based,2023-12-03
PRD02084,USR00363,0.9065,hybrid,2025-05-26
PRD00051,USR00459,0.764,node-similarity,2023-08-13
PRD01638,USR01068,0.866,collaborative,2025-12-25
PRD02263,USR01311,0.8589,node-similarity,2025-09-09
PRD01442,USR00987,0.8614,collaborative,2023-09-25
PRD00680,USR01154,0.5626,hybrid,2024-07-04
PRD01085,USR01486,0.853,pagerank,2025-07-07
PRD00732,USR00053,0.7703,content-based,2023-10-09
PRD02574,USR01078,0.526,hybrid,2024-12-25
PRD01772,USR01236,0.9478,collaborative,2023-03-28
PRD02414,USR00073,0.5927,content-based,2025-04-15
PRD00565,USR01022,0.9685,content-based,2025-10-26
PRD02703,USR01311,0.5535,content-based,2023-06-12
PRD02130,USR00076,0.7104,hybrid,2024-07-08
PRD02561,USR00353,0.9932,hybrid,2024-12-20
PRD01161,USR00684,0.6219,content-based,2023-07-07
PRD00880,USR01383,0.8906,hybrid,2023-04-18
PRD00451,USR00069,0.5634,content-based,2024-12-11
PRD00347,USR00042,0.7824,pagerank,2023-10-25
PRD01405,USR00844,0.9219,content-based,2025-10-05
PRD02402,USR01294,0.6033,pagerank,2024-06-01
PRD02875,USR00472,0.6323,node-similarity,2023-07-23
PRD01286,USR01237,0.7822,pagerank,2024-12-31
PRD02338,USR01310,0.5513,collaborative,2024-01-29
PRD02787,USR00238,0.9398,content-based,2023-02-06
PRD01298,USR01195,0.5562,hybrid,2023-10-28
PRD02913,USR01050,0.6908,content-based,2023-01-10
PRD00360,USR00272,0.5725,node-similarity,2023-04-13
PRD00082,USR01015,0.8749,hybrid,2025-02-09
PRD00815,USR00230,0.8343,content-based,2023-08-09
PRD00688,USR00906,0.6156,node-similarity,2024-10-21
PRD00017,USR01007,0.9257,pagerank,2024-08-16
PRD00200,USR00551,0.7219,hybrid,2023-10-27
PRD02649,USR01068,0.7536,content-based,2025-05-15
PRD00561,USR00029,0.662,content-based,2024-11-28
PRD02002,USR00984,0.7645,hybrid,2025-03-19
PRD00781,USR00032,0.9688,node-similarity,2024-03-06
PRD02451,USR01459,0.9762,pagerank,2025-11-09
PRD00710,USR01199,0.7334,pagerank,2025-10-06
PRD00379,USR00557,0.5254,pagerank,2024-04-15
PRD00249,USR00223,0.5113,hybrid,2024-06-22
PRD01842,USR00232,0.7076,node-similarity,2025-04-13
PRD02348,USR01469,0.5618,node-similarity,2024-09-21
PRD01481,USR01384,0.9458,hybrid,2024-11-24
PRD02395,USR01453,0.7441,content-based,2025-10-09
PRD00271,USR00964,0.6627,collaborative,2023-08-28
PRD00742,USR00993,0.7407,pagerank,2024-05-21
PRD00149,USR00014,0.7097,node-similarity,2024-04-06
PRD01493,USR01206,0.9736,collaborative,2024-08-02
PRD00949,USR01180,0.7879,node-similarity,2025-07-03
PRD00976,USR00682,0.7321,content-based,2023-08-22
PRD00832,USR00834,0.7094,collaborative,2024-09-25
PRD00050,USR00777,0.85,hybrid,2025-01-19
PRD00669,USR00596,0.7193,pagerank,2023-06-17
PRD00169,USR01185,0.7611,collaborative,2025-06-22
PRD00612,USR00311,0.7963,hybrid,2024-09-16
PRD02674,USR00552,0.6129,pagerank,2025-10-18
PRD00170,USR00407,0.67,node-similarity,2023-12-05
PRD00089,USR01421,0.9102,pagerank,2025-03-21
PRD01064,USR01167,0.6646,pagerank,2025-10-11
PRD02513,USR00502,0.8783,pagerank,2023-07-16
PRD01571,USR00178,0.547,content-based,2023-04-30
PRD01547,USR00395,0.6414,pagerank,2025-02-24
PRD00549,USR01321,0.963,hybrid,2025-06-26
PRD01716,USR00992,0.5838,collaborative,2024-05-28
PRD02975,USR01445,0.917,node-similarity,2023-08-18
PRD02628,USR00801,0.8724,content-based,2024-09-09
PRD02891,USR00349,0.7696,hybrid,2024-02-08
PRD01385,USR00566,0.6338,hybrid,2024-01-10
PRD00226,USR00835,0.5882,collaborative,2023-04-07
PRD00395,USR00998,0.8908,content-based,2023-12-31
PRD00290,USR00072,0.6404,hybrid,2024-09-10
PRD02823,USR00045,0.6882,hybrid,2024-11-23
PRD00601,USR01435,0.7189,pagerank,2023-07-04
PRD01536,USR01499,0.7206,collaborative,2023-12-04
PRD01847,USR01343,0.6561,collaborative,2025-08-02
PRD01628,USR00235,0.7088,hybrid,2025-12-29
PRD00825,USR01419,0.6984,hybrid,2025-01-07
PRD00247,USR00658,0.8085,content-based,2024-10-23
PRD00445,USR01484,0.5883,collaborative,2024-03-22
PRD00290,USR00003,0.7756,node-similarity,2025-06-29
PRD01134,USR01321,0.6151,collaborative,2023-05-25
PRD00758,USR00497,0.8177,hybrid,2023-02-02
PRD02511,USR00011,0.9559,pagerank,2024-02-09
PRD01382,USR00211,0.7938,pagerank,2023-12-03
PRD01869,USR00080,0.8077,hybrid,2024-02-01
PRD00924,USR00191,0.8138,pagerank,2023-11-14
PRD02093,USR01076,0.5132,pagerank,2025-04-20
PRD00690,USR00636,0.8321,content-based,2024-01-16
PRD02450,USR00006,0.6427,node-similarity,2025-06-25
PRD00970,USR00721,0.6032,content-based,2025-07-01
PRD00213,USR00643,0.9057,pagerank,2024-09-14
PRD01310,USR00995,0.8712,pagerank,2024-05-06
PRD00253,USR00927,0.6966,collaborative,2023-08-08
PRD02001,USR00644,0.9205,content-based,2023-11-16
PRD02937,USR00238,0.5526,node-similarity,2025-02-02
PRD00845,USR01042,0.9944,content-based,2025-03-12
PRD01828,USR01088,0.6464,hybrid,2025-06-15
PRD01496,USR01264,0.7263,hybrid,2025-01-10
PRD00415,USR00979,0.6822,content-based,2023-01-17
PRD00998,USR01208,0.5986,content-based,2024-09-11
PRD01656,USR00188,0.9359,content-based,2023-08-05
PRD02024,USR00509,0.7076,content-based,2025-11-22
PRD00384,USR01133,0.502,collaborative,2024-05-22
PRD02064,USR00727,0.5779,collaborative,2024-02-28
PRD02105,USR00773,0.7896,hybrid,2025-09-23
PRD02803,USR00133,0.8077,node-similarity,2025-02-24
PRD00272,USR00332,0.8409,content-based,2025-09-22
PRD00240,USR00948,0.7539,content-based,2025-06-09
PRD02866,USR00828,0.9546,node-similarity,2025-02-02
PRD02748,USR01102,0.6033,node-similarity,2025-06-13
PRD00976,USR01364,0.7279,collaborative,2023-03-11
PRD01269,USR01293,0.508,collaborative,2024-05-31
PRD01006,USR01073,0.7137,node-similarity,2025-04-07
PRD00094,USR00960,0.5121,collaborative,2025-09-24
PRD01729,USR00834,0.844,collaborative,2023-05-29
PRD02840,USR00467,0.5879,collaborative,2025-01-22
PRD00185,USR01307,0.6257,collaborative,2025-04-26
PRD00835,USR00199,0.8046,pagerank,2023-07-24
PRD02956,USR00770,0.8518,content-based,2023-01-22
PRD02391,USR00202,0.7332,collaborative,2023-06-05
PRD00683,USR01166,0.8997,hybrid,2025-05-30
PRD02803,USR01046,0.6743,pagerank,2024-02-20
PRD02805,USR00932,0.7828,content-based,2024-04-30
PRD01801,USR01054,0.5652,content-based,2023-07-02
PRD00638,USR00006,0.8279,collaborative,2023-06-04
PRD00640,USR01078,0.6107,hybrid,2025-02-22
PRD01930,USR00997,0.7109,node-similarity,2025-05-07
PRD02391,USR01418,0.9881,hybrid,2025-08-21
PRD02145,USR00942,0.7519,node-similarity,2023-12-28
PRD01345,USR00178,0.5463,content-based,2024-01-23
PRD02609,USR00878,0.6561,node-similarity,2024-07-14
PRD01334,USR01142,0.7873,hybrid,2023-03-25
PRD01586,USR00775,0.5912,node-similarity,2023-01-13
PRD02919,USR00094,0.5117,content-based,2025-05-13
PRD02485,USR00471,0.7824,collaborative,2023-05-20
PRD01589,USR01401,0.6711,pagerank,2025-12-08
PRD00294,USR01212,0.5918,node-similarity,2025-12-06
PRD00432,USR01483,0.7952,hybrid,2023-02-17
PRD00255,USR01039,0.6124,collaborative,2023-12-27
PRD01853,USR00677,0.8441,pagerank,2025-08-26
PRD00971,USR00611,0.6091,pagerank,2023-01-25
PRD01811,USR01217,0.5378,collaborative,2025-06-25
PRD01337,USR00232,0.9794,hybrid,2025-12-11
PRD02863,USR01032,0.9125,hybrid,2024-05-02
PRD01148,USR01409,0.7436,node-similarity,2023-06-06
PRD02235,USR00344,0.9813,collaborative,2024-05-21
PRD01664,USR00472,0.9452,hybrid,2023-08-02
PRD02469,USR01192,0.5388,pagerank,2023-08-01
PRD02475,USR00317,0.9206,node-similarity,2025-10-03
PRD02705,USR00957,0.5002,node-similarity,2024-12-23
PRD00492,USR00407,0.743,hybrid,2023-11-07
PRD02283,USR00532,0.6247,pagerank,2023-07-12
PRD00101,USR00700,0.7532,pagerank,2025-01-29
PRD02344,USR01417,0.6217,collaborative,2023-03-28
PRD02691,USR01163,0.6763,hybrid,2023-12-04
PRD01959,USR01375,0.8805,node-similarity,2023-10-23
PRD01731,USR01307,0.96,hybrid,2023-11-17
PRD02099,USR00910,0.7291,pagerank,2025-05-20
PRD01720,USR00857,0.6984,pagerank,2025-09-18
PRD00370,USR00122,0.6707,hybrid,2023-03-06
PRD02861,USR00993,0.8033,content-based,2023-07-21
PRD02100,USR00911,0.8149,node-similarity,2023-02-14
PRD00711,USR00074,0.851,node-similarity,2025-11-01
PRD01313,USR00809,0.9273,hybrid,2024-07-11
PRD01884,USR00113,0.6556,collaborative,2025-02-05
PRD01850,USR00335,0.9437,content-based,2024-12-03
PRD02890,USR00506,0.568,node-similarity,2024-05-04
PRD02748,USR01275,0.5485,hybrid,2024-04-14
PRD00456,USR00590,0.8973,collaborative,2023-08-21
PRD02386,USR00438,0.756,collaborative,2025-02-10
PRD00290,USR00514,0.8048,node-similarity,2023-10-27
PRD01536,USR01178,0.6233,pagerank,2023-05-13
PRD01887,USR00649,0.8368,collaborative,2023-08-24
PRD01776,USR00575,0.6824,node-similarity,2025-10-29
PRD02462,USR00624,0.6745,hybrid,2023-01-08
PRD00098,USR00939,0.5684,node-similarity,2024-06-21
PRD00767,USR01261,0.6614,hybrid,2023-04-23
PRD01059,USR00397,0.6782,content-based,2024-12-21
PRD02453,USR00061,0.5192,pagerank,2024-04-06
PRD02703,USR00237,0.5411,node-similarity,2025-09-29
PRD02711,USR01155,0.7805,node-similarity,2025-08-15
PRD01057,USR00953,0.811,node-similarity,2024-08-02
PRD00803,USR00795,0.979,pagerank,2024-10-29
PRD01075,USR01237,0.764,content-based,2023-05-26
PRD00207,USR00547,0.7545,node-similarity,2023-03-08
PRD00755,USR00435,0.9143,node-similarity,2025-03-15
PRD02398,USR00970,0.9477,content-based,2025-11-05
PRD02807,USR00487,0.6862,pagerank,2025-02-14
PRD02267,USR00826,0.5114,collaborative,2025-10-06
PRD02725,USR01412,0.7646,pagerank,2024-07-03
PRD01158,USR00915,0.6622,pagerank,2025-12-20
PRD00487,USR01195,0.5168,hybrid,2024-12-19
PRD00578,USR00648,0.7608,node-similarity,2025-01-21
PRD00621,USR01199,0.5111,hybrid,2025-09-22
PRD01456,USR00084,0.763,content-based,2023-07-26
PRD00953,USR00207,0.7306,pagerank,2024-09-01
PRD00877,USR00219,0.7224,content-based,2023-06-16
PRD01528,USR00541,0.9931,collaborative,2023-07-11
PRD00626,USR00847,0.9009,content-based,2023-06-01
PRD01547,USR00339,0.9188,collaborative,2023-06-04
PRD01933,USR00534,0.9213,collaborative,2024-07-05
PRD01736,USR00553,0.8376,collaborative,2023-08-30
PRD01752,USR01038,0.5342,node-similarity,2025-01-30
PRD02624,USR00747,0.7833,collaborative,2024-12-14
PRD02162,USR01193,0.8876,pagerank,2023-04-18
PRD02763,USR01379,0.7458,node-similarity,2024-01-13
PRD01698,USR01432,0.6087,hybrid,2023-01-15
PRD01719,USR00140,0.9578,node-similarity,2024-06-27
PRD01371,USR00826,0.7484,node-similarity,2024-05-05
PRD01641,USR00836,0.767,content-based,2023-05-31
PRD01729,USR01468,0.8473,content-based,2023-03-30
PRD02347,USR01359,0.7945,hybrid,2023-12-08
PRD01459,USR00135,0.8967,hybrid,2024-07-28
PRD02981,USR01146,0.7512,pagerank,2023-05-09
PRD01542,USR00202,0.6805,content-based,2025-08-23
PRD01250,USR00721,0.9972,content-based,2025-09-17
PRD01885,USR00510,0.6245,content-based,2025-07-18
PRD00024,USR00218,0.5769,pagerank,2024-01-17
PRD02432,USR00349,0.5493,collaborative,2024-12-19
PRD00020,USR00426,0.7948,hybrid,2024-05-10
PRD01760,USR01227,0.8084,collaborative,2023-10-23
PRD02458,USR00483,0.6208,content-based,2025-01-14
PRD02053,USR00255,0.626,node-similarity,2023-08-30
PRD00863,USR00819,0.7706,collaborative,2023-12-19
PRD00261,USR00387,0.8436,collaborative,2023-11-27
PRD00627,USR00474,0.8862,collaborative,2023-02-18
PRD02751,USR01248,0.771,hybrid,2023-07-10
PRD01691,USR01479,0.7823,node-similarity,2025-08-01
PRD02691,USR01083,0.9777,collaborative,2025-12-18
PRD01219,USR01490,0.6753,pagerank,2025-07-14
PRD02211,USR00292,0.8494,pagerank,2025-10-11
PRD00776,USR01346,0.5034,pagerank,2025-06-02
PRD00739,USR01155,0.5876,node-similarity,2025-11-17
PRD00157,USR01329,0.6889,pagerank,2025-03-14
PRD02292,USR00288,0.7067,collaborative,2023-08-07
PRD00720,USR00304,0.8008,collaborative,2023-12-29
PRD02363,USR00849,0.9598,hybrid,2025-01-09
PRD00328,USR00710,0.674,pagerank,2025-12-04
PRD02720,USR01121,0.5274,collaborative,2025-08-19
PRD01794,USR00698,0.8424,pagerank,2025-12-24
PRD02467,USR00096,0.7172,content-based,2025-07-02
PRD01897,USR00645,0.8573,content-based,2025-07-04
PRD02511,USR01395,0.5158,content-based,2023-09-25
PRD02435,USR01378,0.9116,collaborative,2023-07-09
PRD02448,USR00886,0.7567,collaborative,2025-08-17
PRD00280,USR00049,0.5938,node-similarity,2024-10-02
PRD00164,USR00891,0.5559,node-similarity,2025-05-29
PRD01859,USR01223,0.7042,content-based,2023-04-15
PRD01495,USR01176,0.7821,content-based,2024-02-20
PRD01322,USR00015,0.7431,collaborative,2025-05-07
PRD02037,USR00678,0.8245,hybrid,2024-01-20
PRD00793,USR01487,0.68,hybrid,2025-08-10
PRD01394,USR00051,0.6205,pagerank,2025-01-22
PRD02123,USR00011,0.9909,content-based,2025-12-08
PRD00587,USR00865,0.6522,pagerank,2024-07-11
PRD00753,USR01288,0.5505,content-based,2023-03-27
PRD02346,USR00944,0.6823,node-similarity,2023-05-24
PRD01342,USR01123,0.5549,pagerank,2024-12-24
PRD01662,USR01082,0.8418,node-similarity,2025-09-15
PRD00003,USR00982,0.66,hybrid,2024-04-27
PRD00251,USR01121,0.8805,hybrid,2024-08-13
PRD00209,USR00918,0.6278,content-based,2025-04-22
PRD00585,USR01188,0.9736,node-similarity,2024-11-11
PRD01572,USR00282,0.8065,content-based,2023-09-21
PRD02796,USR00290,0.7705,collaborative,2024-02-15
PRD01421,USR00001,0.5336,content-based,2023-05-09
PRD01018,USR00755,0.5344,pagerank,2025-01-17
PRD01060,USR00631,0.8637,pagerank,2025-01-12
PRD02020,USR00573,0.535,hybrid,2024-09-08
PRD00621,USR00126,0.8455,collaborative,2025-01-21
PRD01439,USR00831,0.9287,hybrid,2025-09-07
PRD00601,USR00941,0.7478,node-similarity,2023-02-21
PRD02988,USR00660,0.6647,content-based,2023-11-04
PRD00202,USR01221,0.706,content-based,2025-09-06
PRD02383,USR00541,0.5728,content-based,2025-04-16
PRD00829,USR01278,0.9268,content-based,2025-07-29
PRD00939,USR00793,0.6944,collaborative,2024-08-27
PRD00799,USR01118,0.6958,content-based,2023-08-06
PRD00230,USR00514,0.5247,content-based,2025-06-02
PRD02987,USR00579,0.5167,collaborative,2025-04-16
PRD00140,USR00091,0.7352,hybrid,2023-12-13
PRD02434,USR00251,0.9485,content-based,2023-09-21
PRD00713,USR00348,0.5551,collaborative,2024-06-09
PRD01811,USR00161,0.6733,pagerank,2023-11-28
PRD01178,USR00488,0.9424,collaborative,2025-10-01
PRD02701,USR00912,0.6759,pagerank,2023-09-17
PRD01772,USR00950,0.9367,pagerank,2024-01-20
PRD01230,USR00658,0.6806,hybrid,2023-03-29
PRD01961,USR01264,0.5765,collaborative,2024-06-23
PRD01270,USR01371,0.909,hybrid,2024-05-26
PRD00493,USR00909,0.9831,collaborative,2023-03-22
PRD01550,USR00984,0.6509,hybrid,2025-12-18
PRD00812,USR01052,0.6457,hybrid,2023-07-03
PRD02692,USR00901,0.9774,hybrid,2024-08-15
PRD01736,USR00252,0.9091,node-similarity,2023-03-04
PRD00241,USR00614,0.6955,content-based,2023-01-21
PRD00222,USR01268,0.9825,collaborative,2023-03-23
PRD00294,USR00025,0.5653,hybrid,2025-06-21
PRD01091,USR00770,0.6025,pagerank,2023-08-26
PRD00924,USR01040,0.9679,node-similarity,2023-02-13
PRD02100,USR00787,0.85,collaborative,2025-10-03
PRD01527,USR01341,0.9749,pagerank,2024-03-03
PRD00931,USR00175,0.7347,hybrid,2025-05-19
PRD01258,USR00366,0.9512,content-based,2025-04-27
PRD00039,USR00401,0.6542,node-similarity,2023-06-19
PRD00538,USR00592,0.9004,hybrid,2024-12-05
PRD02962,USR01418,0.9481,node-similarity,2023-06-22
PRD00155,USR00504,0.9527,hybrid,2025-02-07
PRD02518,USR00330,0.5173,node-similarity,2024-05-02
PRD02501,USR00887,0.8381,collaborative,2025-12-18
PRD02493,USR00321,0.5466,hybrid,2025-04-08
PRD02389,USR01347,0.7252,pagerank,2024-11-08
PRD02865,USR01085,0.5677,pagerank,2024-08-06
PRD02652,USR00703,0.6106,content-based,2025-07-22
PRD02992,USR00486,0.7185,content-based,2024-12-22
PRD01408,USR00687,0.9495,collaborative,2024-01-13
PRD01509,USR01402,0.8642,node-similarity,2023-04-22
PRD02156,USR01054,0.6595,content-based,2025-10-04
PRD00759,USR00407,0.87,hybrid,2025-05-18
PRD02099,USR01217,0.6282,content-based,2024-02-23
PRD02468,USR00144,0.918,collaborative,2024-05-27
PRD02399,USR01128,0.8056,pagerank,2024-07-16
PRD02402,USR00165,0.7687,content-based,2023-05-03
PRD01680,USR00367,0.5468,pagerank,2024-01-04
PRD01772,USR01338,0.7587,node-similarity,2024-07-15
PRD00196,USR01142,0.9717,hybrid,2024-07-11
PRD02542,USR01173,0.8453,hybrid,2025-10-25
PRD01511,USR00946,0.872,collaborative,2024-09-01
PRD02523,USR00107,0.896,pagerank,2025-06-10
PRD00837,USR00809,0.526,node-similarity,2025-03-20
PRD00725,USR01068,0.6709,collaborative,2023-06-02
PRD00185,USR01381,0.8307,hybrid,2023-10-13
PRD00563,USR00867,0.6474,collaborative,2023-08-09
PRD02460,USR01175,0.7268,node-similarity,2023-10-09
PRD01082,USR01087,0.5819,hybrid,2024-07-12
PRD01390,USR01196,0.9693,content-based,2025-01-20
PRD00058,USR00085,0.6124,content-based,2024-07-11
PRD02748,USR01137,0.864,hybrid,2023-09-27
PRD01358,USR00144,0.9569,pagerank,2023-03-14
PRD02718,USR01103,0.996,content-based,2024-01-07
PRD02432,USR00276,0.8601,node-similarity,2024-09-07
PRD01221,USR01075,0.7092,collaborative,2024-09-15
PRD01097,USR01369,0.7415,pagerank,2023-03-01
PRD00890,USR00736,0.5097,hybrid,2025-11-23
PRD01431,USR00880,0.5805,pagerank,2023-04-09
PRD01483,USR00573,0.6817,hybrid,2025-09-08
PRD01156,USR01020,0.8991,pagerank,2024-09-07
PRD01284,USR01201,0.6682,hybrid,2023-01-11
PRD00649,USR00234,0.6869,pagerank,2023-09-04
PRD02660,USR00102,0.8539,node-similarity,2025-09-29
PRD02101,USR00949,0.721,collaborative,2024-02-26
PRD02474,USR00011,0.786,collaborative,2023-08-02
PRD02611,USR00104,0.7215,content-based,2023-03-28
PRD00262,USR00751,0.8585,pagerank,2024-01-11
PRD01846,USR00959,0.6039,collaborative,2025-05-20
PRD02055,USR01159,0.9315,hybrid,2024-04-06
PRD00781,USR01329,0.5331,collaborative,2023-06-21
PRD02950,USR00660,0.6297,pagerank,2025-08-02
PRD00985,USR00182,0.6162,collaborative,2023-03-04
PRD01936,USR00417,0.7452,content-based,2023-11-16
PRD00834,USR00904,0.8512,node-similarity,2023-08-14
PRD01790,USR00485,0.6922,content-based,2025-05-01
PRD00226,USR01125,0.9417,hybrid,2024-01-31
PRD00684,USR01342,0.6112,node-similarity,2023-10-26
PRD00473,USR00089,0.788,hybrid,2023-04-08
PRD00145,USR00394,0.8164,node-similarity,2024-04-10
PRD02646,USR01109,0.5236,collaborative,2025-08-10
PRD01448,USR01461,0.7803,content-based,2024-06-01
PRD00332,USR00813,0.7634,hybrid,2024-03-07
PRD00261,USR00972,0.6471,node-similarity,2025-07-29
PRD01013,USR00807,0.6507,content-based,2024-07-11
PRD01047,USR01275,0.9295,collaborative,2023-10-08
PRD01509,USR01210,0.9005,collaborative,2023-01-18
PRD00863,USR01253,0.8484,pagerank,2023-10-17
PRD01740,USR00937,0.6022,hybrid,2025-11-14
PRD01848,USR00698,0.8737,hybrid,2024-06-20
PRD00764,USR00474,0.9637,pagerank,2024-09-20
PRD00249,USR00582,0.9305,collaborative,2023-05-26
PRD02800,USR00577,0.6329,collaborative,2025-08-17
PRD02287,USR01038,0.9623,content-based,2023-05-12
PRD00805,USR00237,0.8028,collaborative,2023-05-19
PRD00439,USR00128,0.7615,hybrid,2025-08-04
PRD02397,USR01366,0.7039,collaborative,2025-04-01
PRD02416,USR01305,0.6066,hybrid,2023-08-08
PRD02406,USR00535,0.5411,content-based,2024-12-19
PRD01425,USR01456,0.5938,collaborative,2025-12-24
PRD01753,USR01181,0.8618,collaborative,2023-05-14
PRD00118,USR00308,0.6538,node-similarity,2023-03-05
PRD02319,USR00971,0.7977,collaborative,2025-09-07
PRD02315,USR00087,0.7365,collaborative,2025-05-27
PRD00547,USR00456,0.596,pagerank,2025-04-16
PRD01217,USR00900,0.7979,collaborative,2023-05-04
PRD02933,USR01011,0.6142,hybrid,2023-09-16
PRD00186,USR00912,0.889,content-based,2024-01-30
PRD00376,USR01261,0.7219,node-similarity,2025-03-18
PRD00792,USR00742,0.5923,node-similarity,2025-01-17
PRD01729,USR01143,0.6351,content-based,2023-12-18
PRD01495,USR01225,0.9444,node-similarity,2025-09-27
PRD02657,USR00939,0.5148,node-similarity,2023-07-26
PRD02709,USR00722,0.6127,pagerank,2023-03-13
PRD02247,USR00621,0.9006,node-similarity,2025-06-07
PRD00763,USR00719,0.8571,hybrid,2025-07-28
PRD00844,USR00180,0.6228,collaborative,2025-02-08
PRD02814,USR00432,0.5687,collaborative,2024-08-02
PRD02482,USR00069,0.9077,content-based,2023-01-28
PRD01660,USR01433,0.7363,content-based,2023-02-13
PRD02004,USR01224,0.9466,hybrid,2024-02-05
PRD00595,USR01499,0.61,hybrid,2024-12-14
PRD02726,USR00774,0.9622,node-similarity,2025-08-16
PRD00105,USR01341,0.764,node-similarity,2023-08-21
PRD02732,USR01114,0.9743,content-based,2023-06-21
PRD02642,USR01427,0.7016,node-similarity,2024-05-03
PRD02878,USR00931,0.9769,node-similarity,2025-11-16
PRD02440,USR00219,0.6463,collaborative,2023-04-07
PRD02888,USR01439,0.674,node-similarity,2024-12-13
PRD01215,USR00042,0.6111,hybrid,2024-01-28
PRD00117,USR00340,0.9449,pagerank,2025-04-17
PRD02984,USR00380,0.5099,pagerank,2024-05-02
PRD02569,USR00142,0.8935,node-similarity,2023-09-25
PRD01596,USR00271,0.543,content-based,2024-08-12
PRD00106,USR00957,0.8312,pagerank,2025-08-01
PRD00655,USR01433,0.6113,pagerank,2023-02-25
PRD01301,USR00766,0.6379,collaborative,2024-08-01
PRD00986,USR00421,0.9481,node-similarity,2025-09-02
PRD00198,USR01028,0.8327,content-based,2023-11-29
PRD01075,USR00573,0.7284,pagerank,2023-03-31
PRD02029,USR01291,0.8114,hybrid,2025-10-30
PRD02489,USR01321,0.8405,pagerank,2023-02-20
PRD01662,USR00670,0.7437,pagerank,2023-11-27
PRD02395,USR01171,0.5093,content-based,2024-01-29
PRD02674,USR01350,0.917,hybrid,2024-06-14
PRD00172,USR01145,0.8982,pagerank,2024-08-17
PRD01559,USR00517,0.9128,node-similarity,2025-10-23
PRD00859,USR01465,0.77,pagerank,2025-03-10
PRD02542,USR00349,0.5341,hybrid,2025-09-13
PRD00689,USR00900,0.59,node-similarity,2024-04-30
PRD01030,USR00785,0.8804,hybrid,2024-01-10
PRD00839,USR00011,0.5846,collaborative,2024-05-26
PRD02858,USR00303,0.5836,hybrid,2024-09-21
PRD02763,USR00132,0.6458,hybrid,2025-02-26
PRD00358,USR01168,0.8184,hybrid,2023-11-09
PRD00035,USR00337,0.6715,hybrid,2025-05-10
PRD00294,USR00147,0.6228,node-similarity,2023-09-01
PRD01793,USR00472,0.8371,node-similarity,2024-05-19
PRD01875,USR00131,0.9538,content-based,2025-04-26
PRD00934,USR00290,0.7581,content-based,2023-08-02
PRD01106,USR01415,0.7461,hybrid,2025-02-08
PRD01767,USR01076,0.6014,content-based,2023-08-21
PRD01912,USR01313,0.8491,content-based,2024-04-29
PRD02805,USR01023,0.9374,hybrid,2025-06-22
PRD01085,USR00655,0.6621,content-based,2025-12-31
PRD02842,USR00949,0.5253,pagerank,2025-11-29
PRD01384,USR00190,0.729,content-based,2024-04-16
PRD02779,USR01454,0.8428,collaborative,2023-08-06
PRD02884,USR00757,0.6661,node-similarity,2025-04-08
PRD01194,USR01007,0.6342,node-similarity,2024-02-08
PRD00697,USR01470,0.5037,content-based,2024-07-16
PRD01171,USR00986,0.8589,collaborative,2023-07-11
PRD00837,USR00731,0.7561,content-based,2023-06-29
PRD01884,USR00100,0.6368,collaborative,2025-07-12
PRD01112,USR00595,0.6169,hybrid,2023-07-24
PRD02426,USR00511,0.661,pagerank,2023-12-24
PRD02288,USR00190,0.609,pagerank,2024-01-24
PRD01447,USR01256,0.7584,content-based,2024-03-18
PRD02756,USR00545,0.783,hybrid,2024-02-04
PRD02646,USR00664,0.7114,collaborative,2023-08-24
PRD02538,USR00169,0.5694,content-based,2024-08-16
PRD00414,USR00338,0.5743,hybrid,2024-01-31
PRD02025,USR00704,0.5888,hybrid,2023-05-01
PRD00513,USR00729,0.6926,collaborative,2025-06-13
PRD02561,USR01195,0.8081,pagerank,2025-08-18
PRD01841,USR00775,0.709,content-based,2024-06-27
PRD02369,USR00198,0.9919,node-similarity,2025-04-28
PRD01413,USR00704,0.5895,pagerank,2025-06-06
PRD02881,USR00172,0.9143,node-similarity,2025-01-24
PRD02160,USR00258,0.5209,collaborative,2023-03-30
PRD00402,USR00086,0.936,pagerank,2023-06-13
PRD02179,USR00196,0.6656,node-similarity,2025-01-04
PRD02466,USR01396,0.5819,hybrid,2025-07-04
PRD01141,USR01299,0.9767,hybrid,2024-01-08
PRD01870,USR00371,0.7121,content-based,2025-08-25
PRD00186,USR00180,0.5162,hybrid,2024-02-25
PRD01129,USR01090,0.8129,collaborative,2025-04-18
PRD02999,USR00889,0.8771,node-similarity,2023-06-08
PRD01047,USR01407,0.5131,node-similarity,2024-05-12
PRD02551,USR00452,0.8692,pagerank,2023-03-20
PRD01544,USR00287,0.5057,node-similarity,2025-02-02
PRD01984,USR01092,0.6291,pagerank,2024-01-04
PRD00664,USR00324,0.9727,hybrid,2023-07-19
PRD01017,USR01481,0.6654,collaborative,2025-09-18
PRD01909,USR01098,0.6141,hybrid,2024-08-21
PRD00711,USR01118,0.9144,collaborative,2025-07-14
PRD00958,USR01021,0.8084,pagerank,2024-02-11
PRD01672,USR00454,0.6104,pagerank,2025-02-07
PRD01313,USR00679,0.845,hybrid,2025-12-13
PRD02048,USR01039,0.5485,pagerank,2025-07-16
PRD01590,USR00516,0.8793,content-based,2025-06-18
PRD00280,USR00891,0.9731,node-similarity,2023-05-24
PRD01186,USR00685,0.7614,pagerank,2025-01-28
PRD01792,USR01286,0.9891,content-based,2024-06-17
PRD00356,USR01428,0.8002,content-based,2025-10-25
PRD01503,USR00460,0.8034,hybrid,2023-06-23
PRD01214,USR01168,0.5245,node-similarity,2023-11-29
PRD00243,USR00512,0.6067,content-based,2023-06-29
PRD02520,USR00562,0.5438,pagerank,2025-04-19
PRD00667,USR00918,0.9956,pagerank,2023-10-11
PRD01402,USR01142,0.5177,collaborative,2023-03-06
PRD00573,USR00790,0.916,content-based,2025-08-07
PRD00503,USR00058,0.5927,hybrid,2025-01-16
PRD01429,USR01062,0.7477,content-based,2024-12-24
PRD02900,USR00667,0.9892,pagerank,2025-11-05
PRD00999,USR01138,0.9401,content-based,2023-01-07
PRD02549,USR00492,0.962,collaborative,2025-03-05
PRD00889,USR00624,0.8804,hybrid,2023-12-29
PRD00693,USR00009,0.8648,collaborative,2024-06-10
PRD02927,USR01134,0.7441,content-based,2024-07-06
PRD01674,USR00524,0.7454,pagerank,2023-06-06
PRD02878,USR01466,0.6643,node-similarity,2025-03-22
PRD02501,USR01049,0.8191,node-similarity,2023-03-10
PRD01066,USR01221,0.7396,pagerank,2025-05-28
PRD02997,USR00202,0.9125,pagerank,2025-10-13
PRD01315,USR00057,0.5785,node-similarity,2025-09-23
PRD01671,USR00482,0.5744,node-similarity,2024-06-21
PRD00914,USR00074,0.7099,content-based,2025-12-05
PRD01546,USR01339,0.9764,hybrid,2023-11-18
PRD00138,USR00407,0.5517,node-similarity,2024-02-16
PRD00555,USR01236,0.6842,collaborative,2025-08-09
PRD02230,USR00671,0.6638,collaborative,2023-11-10
PRD02667,USR00082,0.8837,collaborative,2024-04-21
PRD01695,USR00381,0.8997,pagerank,2024-04-04
PRD01346,USR00946,0.6642,node-similarity,2025-09-24
PRD02592,USR01202,0.7782,hybrid,2025-10-31
PRD01954,USR01449,0.6886,pagerank,2025-12-08
PRD02069,USR01078,0.8047,node-similarity,2025-08-14
PRD00109,USR01110,0.8203,pagerank,2024-11-23
PRD00915,USR00531,0.9427,collaborative,2025-10-13
PRD01339,USR01247,0.7224,collaborative,2023-08-06
PRD00829,USR00818,0.519,collaborative,2025-06-17
PRD00716,USR00385,0.6414,collaborative,2023-01-23
PRD02589,USR00554,0.8949,content-based,2024-11-12
PRD01135,USR00863,0.8613,collaborative,2025-07-05
PRD00885,USR00161,0.847,hybrid,2025-05-21
PRD02816,USR00479,0.5369,content-based,2023-08-22
PRD02325,USR00974,0.989,node-similarity,2024-02-07
PRD00604,USR00886,0.7374,hybrid,2024-04-28
PRD01424,USR00180,0.9028,content-based,2025-10-24
PRD02597,USR00172,0.902,hybrid,2023-04-11
PRD01196,USR01309,0.6755,hybrid,2024-06-19
PRD02002,USR00558,0.9643,content-based,2024-11-11
PRD02347,USR00091,0.9157,hybrid,2024-01-15
PRD01430,USR00946,0.6755,collaborative,2024-02-05
PRD02167,USR01064,0.53,content-based,2024-06-19
PRD01038,USR00936,0.6905,node-similarity,2024-05-20
PRD00347,USR01384,0.7289,node-similarity,2023-10-28
PRD02183,USR01092,0.9547,hybrid,2025-01-10
PRD02401,USR01119,0.9501,hybrid,2024-07-11
PRD00683,USR00132,0.9281,content-based,2024-08-23
PRD01670,USR00493,0.7687,pagerank,2023-01-27
PRD02163,USR00611,0.6202,pagerank,2023-12-08
PRD02032,USR00592,0.8726,pagerank,2023-12-08
PRD01629,USR01081,0.7105,collaborative,2024-09-30
PRD02917,USR00132,0.642,pagerank,2024-11-13
PRD00760,USR00362,0.7469,collaborative,2023-08-27
PRD00793,USR01440,0.8113,content-based,2025-10-28
PRD01230,USR01425,0.8907,node-similarity,2025-10-06
PRD01977,USR01164,0.7576,hybrid,2024-08-11
PRD02965,USR00837,0.5366,content-based,2025-03-13
PRD02504,USR01151,0.8568,collaborative,2024-10-14
PRD02278,USR00719,0.8202,content-based,2024-04-22
PRD01448,USR00097,0.5249,collaborative,2024-05-16
PRD02310,USR00850,0.8196,content-based,2023-03-09
PRD02281,USR00725,0.8057,collaborative,2024-02-18
PRD01629,USR01332,0.8275,content-based,2025-10-23
PRD00399,USR01117,0.8614,collaborative,2025-08-21
PRD01803,USR00868,0.7868,content-based,2023-12-15
PRD02911,USR00119,0.5115,hybrid,2025-01-09
PRD01137,USR01016,0.9692,collaborative,2024-07-30
PRD00692,USR00637,0.5285,hybrid,2025-05-16
PRD02881,USR00003,0.7452,hybrid,2025-03-11
PRD00875,USR00224,0.5128,pagerank,2024-10-12
PRD01470,USR00257,0.8223,content-based,2023-08-08
PRD00196,USR00542,0.888,hybrid,2024-08-07
PRD01848,USR00443,0.9466,hybrid,2023-06-04
PRD02458,USR00884,0.6414,pagerank,2024-05-11
PRD02270,USR00527,0.8826,content-based,2023-02-04
PRD02189,USR01427,0.867,collaborative,2024-07-29
PRD00025,USR00529,0.7659,content-based,2024-06-03
PRD00297,USR01473,0.9385,hybrid,2023-10-26
PRD01760,USR01233,0.5878,pagerank,2023-08-19
PRD02889,USR01305,0.5366,node-similarity,2023-06-01
PRD01318,USR01105,0.6977,pagerank,2024-10-24
PRD00340,USR01390,0.9103,hybrid,2023-03-02
PRD00560,USR00808,0.6106,hybrid,2025-05-28
PRD02533,USR00933,0.8815,node-similarity,2025-02-15
PRD02179,USR00215,0.6349,collaborative,2025-02-05
PRD01445,USR00340,0.7605,collaborative,2023-08-21
PRD00518,USR01499,0.7361,content-based,2025-01-04
PRD01739,USR00933,0.7208,node-similarity,2024-10-06
PRD02429,USR01234,0.7336,pagerank,2024-01-07
PRD02088,USR01499,0.809,hybrid,2024-08-09
PRD00685,USR00248,0.9666,hybrid,2023-04-07
PRD01589,USR01285,0.7227,node-similarity,2025-09-06
PRD01743,USR00701,0.6226,node-similarity,2023-10-11
PRD02424,USR00464,0.8433,collaborative,2024-06-18
PRD01145,USR00858,0.693,hybrid,2023-12-10
PRD01948,USR01177,0.9273,collaborative,2023-04-08
PRD01328,USR00836,0.5194,pagerank,2025-12-21
PRD00635,USR01313,0.8113,content-based,2023-08-17
PRD00919,USR01194,0.9716,collaborative,2023-06-21
PRD00727,USR00463,0.7987,pagerank,2023-09-13
PRD00910,USR01024,0.8939,content-based,2023-07-12
PRD01350,USR00870,0.9302,collaborative,2025-11-27
PRD00733,USR00949,0.8866,content-based,2023-07-19
PRD00747,USR01141,0.6164,pagerank,2023-06-25
PRD00420,USR00692,0.5054,pagerank,2025-06-18
PRD00735,USR00612,0.6053,node-similarity,2023-12-05
PRD01291,USR00475,0.5633,pagerank,2025-06-10
PRD00639,USR00892,0.6735,collaborative,2024-12-05
PRD01540,USR00467,0.7485,node-similarity,2025-05-02
PRD01988,USR01193,0.6138,collaborative,2024-06-04
PRD02304,USR00644,0.9401,hybrid,2023-05-19
PRD02590,USR01091,0.9435,hybrid,2024-04-23
PRD02880,USR00907,0.6433,collaborative,2023-07-02
PRD02829,USR00735,0.8317,node-similarity,2023-05-04
PRD02797,USR00503,0.8218,collaborative,2025-01-19
PRD02063,USR01066,0.5818,pagerank,2023-06-20
PRD01166,USR00130,0.6085,hybrid,2023-07-28
PRD00485,USR00443,0.5058,hybrid,2023-03-23
PRD01856,USR00682,0.8657,pagerank,2025-03-04
PRD02438,USR00257,0.974,hybrid,2023-01-09
PRD01365,USR01159,0.8211,collaborative,2023-08-12
PRD00893,USR00080,0.8706,content-based,2023-02-08
PRD00652,USR00448,0.6156,node-similarity,2023-10-10
PRD01635,USR00460,0.754,pagerank,2024-03-22
PRD02997,USR01215,0.7743,content-based,2024-06-26
PRD00817,USR01158,0.5912,node-similarity,2023-03-23
PRD02355,USR00172,0.7561,node-similarity,2025-08-26
PRD00669,USR00164,0.6586,hybrid,2023-04-24
PRD02440,USR01039,0.8611,node-similarity,2023-01-16
PRD00386,USR00384,0.9493,node-similarity,2023-10-12
PRD01911,USR00945,0.7967,hybrid,2025-10-20
PRD02312,USR00474,0.9946,content-based,2025-10-14
PRD02873,USR01227,0.5367,hybrid,2024-12-07
PRD02570,USR01432,0.7858,content-based,2024-03-17
PRD01717,USR01485,0.5447,node-similarity,2023-12-05
PRD02007,USR00741,0.9275,hybrid,2023-01-28
PRD00405,USR01316,0.9173,hybrid,2023-03-19
PRD00616,USR01376,0.5524,collaborative,2023-07-29
PRD01984,USR00803,0.6685,pagerank,2024-06-25
PRD00105,USR00900,0.9257,collaborative,2025-11-25
PRD02328,USR00198,0.9418,content-based,2025-03-09
PRD01082,USR00779,0.7437,node-similarity,2023-05-11
PRD01915,USR00429,0.6956,hybrid,2024-06-15
PRD02379,USR01483,0.5609,hybrid,2025-07-17
PRD00938,USR01060,0.9391,content-based,2023-12-13
PRD00998,USR00458,0.8761,pagerank,2023-01-17
PRD01233,USR00342,0.655,node-similarity,2024-07-16
PRD01778,USR01032,0.5015,collaborative,2023-08-18
PRD01189,USR00513,0.7772,node-similarity,2023-03-03
PRD00758,USR01456,0.7831,collaborative,2023-09-11
PRD01621,USR01006,0.812,node-similarity,2024-02-03
PRD01914,USR00014,0.8114,content-based,2025-07-07
PRD01239,USR00106,0.54,content-based,2023-07-06
PRD02745,USR01328,0.549,collaborative,2025-11-08
PRD02341,USR01339,0.7785,pagerank,2023-08-07
PRD00986,USR00466,0.8988,collaborative,2025-09-20
PRD01930,USR00751,0.5304,node-similarity,2023-08-27
PRD01354,USR00590,0.8033,hybrid,2025-12-31
PRD01716,USR00857,0.7662,node-similarity,2025-06-30
PRD02024,USR00386,0.7159,pagerank,2024-06-28
PRD01718,USR00120,0.5946,collaborative,2023-07-17
PRD00127,USR00639,0.763,node-similarity,2023-01-16
PRD01852,USR01311,0.7227,collaborative,2023-11-11
PRD01389,USR01079,0.7837,collaborative,2024-12-27
PRD02090,USR01354,0.6464,node-similarity,2024-12-16
PRD02399,USR01499,0.7332,node-similarity,2024-08-01
PRD02833,USR00187,0.5505,content-based,2024-01-23
PRD00982,USR00802,0.6114,pagerank,2023-07-24
PRD01620,USR00529,0.5603,collaborative,2023-06-13
PRD01409,USR00491,0.8147,hybrid,2024-12-03
PRD01744,USR00522,0.584,node-similarity,2025-11-05
PRD00021,USR00828,0.9499,hybrid,2023-11-24
PRD00420,USR01227,0.7528,node-similarity,2023-05-27
PRD00230,USR00162,0.7603,collaborative,2024-11-23
PRD02562,USR01347,0.6022,collaborative,2024-10-28
PRD01484,USR01135,0.8651,content-based,2023-01-17
PRD00814,USR00242,0.9386,node-similarity,2024-01-18
PRD02026,USR00761,0.7051,collaborative,2023-07-09
PRD00149,USR00808,0.7008,collaborative,2024-06-25
PRD02776,USR00937,0.6331,content-based,2025-12-27
PRD02554,USR00575,0.7075,node-similarity,2024-11-21
PRD00770,USR01025,0.9401,node-similarity,2025-12-06
PRD00981,USR01213,0.926,hybrid,2023-11-23
PRD00490,USR01418,0.9364,node-similarity,2024-11-30
PRD01612,USR01240,0.8038,pagerank,2025-06-15
PRD01590,USR00147,0.7133,node-similarity,2023-08-14
PRD00611,USR00256,0.5758,node-similarity,2024-03-23
PRD00514,USR00321,0.6854,collaborative,2023-05-18
PRD01966,USR00923,0.8875,collaborative,2024-11-16
PRD01635,USR00671,0.553,content-based,2023-09-19
PRD00657,USR00476,0.5025,content-based,2025-05-17
PRD01661,USR00506,0.9789,pagerank,2023-06-18
PRD02136,USR00931,0.8461,hybrid,2024-02-24
PRD02359,USR00719,0.6041,hybrid,2025-02-18
PRD00583,USR00005,0.6192,pagerank,2025-08-19
PRD02367,USR00592,0.954,pagerank,2023-11-08
PRD00779,USR01426,0.6248,content-based,2024-01-10
PRD01122,USR00945,0.942,hybrid,2023-08-14
PRD02428,USR00360,0.6916,hybrid,2025-08-24
PRD00281,USR01015,0.9945,node-similarity,2024-12-04
PRD00598,USR01090,0.7983,content-based,2025-10-18
PRD01584,USR01214,0.5758,hybrid,2024-09-05
PRD01399,USR00715,0.7027,hybrid,2024-09-22
PRD01920,USR00640,0.6036,content-based,2023-01-27
PRD02929,USR00768,0.7172,node-similarity,2024-11-17
PRD01389,USR01351,0.9604,content-based,2023-06-11
PRD00265,USR00012,0.9462,hybrid,2024-05-30
PRD00568,USR00406,0.5821,content-based,2023-04-02
PRD00939,USR00514,0.9849,pagerank,2023-11-19
PRD01618,USR00592,0.6317,node-similarity,2025-10-14
PRD01866,USR00611,0.5821,content-based,2025-09-19
PRD01174,USR00279,0.7359,content-based,2025-05-20
PRD02563,USR01146,0.916,pagerank,2025-10-13
PRD02850,USR01201,0.7954,hybrid,2023-10-01
PRD00323,USR00460,0.5353,content-based,2023-10-07
PRD00051,USR00604,0.9201,node-similarity,2024-08-06
PRD00484,USR00368,0.6577,hybrid,2023-05-21
PRD00003,USR01036,0.7188,pagerank,2024-03-16
PRD02309,USR00223,0.5586,pagerank,2025-02-23
PRD00706,USR00239,0.7516,pagerank,2025-08-13
PRD02236,USR00870,0.8928,node-similarity,2023-10-30
PRD00326,USR00207,0.8086,collaborative,2023-01-06
PRD01727,USR00868,0.72,hybrid,2025-11-20
PRD01411,USR01069,0.6902,node-similarity,2024-03-23
PRD00156,USR01323,0.7991,hybrid,2023-10-04
PRD02204,USR01068,0.8693,node-similarity,2024-03-02
PRD00086,USR00402,0.6713,pagerank,2025-02-03
PRD00770,USR00866,0.7549,pagerank,2025-03-27
PRD02872,USR00152,0.7085,node-similarity,2025-02-18
PRD02574,USR00547,0.631,collaborative,2024-01-11
PRD02530,USR01275,0.7746,collaborative,2024-10-18
PRD00516,USR00977,0.683,content-based,2023-05-23
PRD02349,USR00696,0.7357,node-similarity,2025-03-28
PRD00926,USR00718,0.6442,hybrid,2024-12-05
PRD00320,USR01119,0.6844,pagerank,2023-04-09
PRD02199,USR00753,0.9762,collaborative,2023-10-11
PRD00611,USR00825,0.9435,hybrid,2025-11-18
PRD01280,USR01386,0.8644,node-similarity,2024-06-06
PRD01934,USR01047,0.6924,content-based,2023-06-24
PRD00243,USR00943,0.8681,node-similarity,2024-08-07
PRD02683,USR00615,0.9129,content-based,2023-10-27
PRD01047,USR00393,0.7559,content-based,2024-04-16
PRD00067,USR00657,0.9573,pagerank,2025-03-05
PRD01134,USR01471,0.8457,hybrid,2025-02-15
PRD02370,USR01280,0.5256,node-similarity,2024-12-28
PRD00743,USR01498,0.7135,pagerank,2023-01-12
PRD01981,USR01349,0.5188,node-similarity,2023-06-24
PRD02769,USR01358,0.7705,pagerank,2025-08-06
PRD01263,USR00215,0.5339,collaborative,2023-03-06
PRD01307,USR00278,0.8992,hybrid,2023-06-10
PRD02743,USR01114,0.6027,pagerank,2024-09-13
PRD02277,USR00485,0.9198,node-similarity,2025-09-20
PRD00449,USR00698,0.7697,node-similarity,2023-02-28
PRD02090,USR01269,0.6162,hybrid,2023-04-23
PRD02007,USR01405,0.744,hybrid,2024-10-20
PRD00424,USR01149,0.7566,hybrid,2025-12-13
PRD00636,USR00693,0.6786,collaborative,2023-02-01
PRD01458,USR00669,0.8291,content-based,2024-09-25
PRD00041,USR00773,0.7642,collaborative,2025-09-06
PRD02023,USR01426,0.6773,collaborative,2025-02-02
PRD01629,USR00553,0.7805,node-similarity,2023-01-22
PRD02677,USR01449,0.5063,collaborative,2024-03-10
PRD01800,USR00411,0.9847,content-based,2024-01-28
PRD00976,USR00018,0.6681,pagerank,2024-02-03
PRD01940,USR01185,0.6448,collaborative,2023-12-24
PRD02656,USR00511,0.674,hybrid,2024-03-26
PRD00903,USR00611,0.5791,collaborative,2025-02-17
PRD01420,USR01345,0.8161,hybrid,2023-12-06
PRD01868,USR01234,0.8789,hybrid,2024-09-13
PRD00826,USR00427,0.8279,content-based,2024-05-05
PRD01980,USR00579,0.7208,pagerank,2024-10-08
PRD00969,USR00687,0.8731,content-based,2025-08-13
PRD01770,USR00622,0.522,content-based,2023-03-09
PRD01194,USR00587,0.9513,content-based,2024-03-24
PRD02041,USR01463,0.6889,node-similarity,2025-10-11
PRD01308,USR00673,0.6504,node-similarity,2023-09-23
PRD01874,USR00802,0.7681,hybrid,2025-06-26
PRD01474,USR00423,0.5235,node-similarity,2023-01-24
PRD01454,USR00634,0.6684,pagerank,2023-11-01
PRD01580,USR01460,0.5466,pagerank,2023-09-26
PRD01193,USR00042,0.512,pagerank,2024-06-22
PRD00542,USR00936,0.8349,content-based,2023-08-04
PRD00049,USR01369,0.5736,hybrid,2023-10-12
PRD00164,USR01170,0.8292,collaborative,2025-04-26
PRD02801,USR01297,0.8312,pagerank,2024-12-08
PRD01732,USR01457,0.9539,node-similarity,2023-10-17
PRD01178,USR01008,0.555,collaborative,2023-09-13
PRD01878,USR00134,0.6629,content-based,2023-05-23
PRD00998,USR00399,0.8526,content-based,2023-03-30
PRD00082,USR00949,0.9557,pagerank,2023-01-22
PRD01812,USR00196,0.5797,hybrid,2024-11-28
PRD01572,USR00706,0.5745,pagerank,2024-07-05
PRD01716,USR01070,0.8432,pagerank,2025-07-28
PRD02050,USR00412,0.6448,pagerank,2025-08-23
PRD02459,USR01052,0.5281,node-similarity,2024-10-05
PRD00322,USR01403,0.6244,collaborative,2025-07-21
PRD01341,USR00915,0.5731,node-similarity,2023-07-04
PRD02093,USR00724,0.5851,pagerank,2025-07-07
PRD00912,USR00273,0.6456,hybrid,2023-03-22
PRD01158,USR00102,0.5125,content-based,2023-02-09
PRD00606,USR00324,0.9484,pagerank,2024-06-08
PRD01706,USR00235,0.9923,collaborative,2024-09-14
PRD02541,USR00514,0.6095,hybrid,2024-03-07
PRD00002,USR00552,0.6955,collaborative,2023-06-28
PRD01346,USR00375,0.7626,hybrid,2024-01-04
PRD01803,USR00828,0.6416,pagerank,2025-03-26
PRD02423,USR00729,0.8165,collaborative,2025-04-19
PRD00352,USR00229,0.6087,hybrid,2025-04-15
PRD01461,USR01029,0.9007,pagerank,2024-06-02
PRD02384,USR00673,0.8815,collaborative,2025-05-11
PRD01876,USR00202,0.6938,content-based,2025-04-23
PRD02244,USR00588,0.8231,node-similarity,2024-05-16
PRD02640,USR00439,0.8227,hybrid,2023-12-18
PRD00470,USR00734,0.6664,hybrid,2025-09-18
PRD02278,USR00028,0.6692,node-similarity,2025-11-27
PRD00366,USR00057,0.9914,content-based,2023-06-20
PRD02717,USR01374,0.7263,content-based,2024-07-05
PRD00156,USR00215,0.9795,hybrid,2025-03-23
PRD02427,USR00753,0.7085,node-similarity,2023-11-05
PRD00652,USR00988,0.927,hybrid,2025-08-07
PRD00507,USR00479,0.6383,content-based,2024-09-08
PRD02397,USR00712,0.7547,collaborative,2023-02-23
PRD02710,USR01204,0.5733,pagerank,2025-07-09
PRD00284,USR01109,0.637,hybrid,2025-04-12
PRD00570,USR01488,0.5781,pagerank,2025-01-05
PRD00407,USR01249,0.571,hybrid,2024-04-24
PRD00760,USR00442,0.614,hybrid,2024-09-19
PRD02764,USR00528,0.7788,hybrid,2024-08-13
PRD02655,USR01134,0.8426,pagerank,2024-10-01
PRD01276,USR00073,0.7591,node-similarity,2023-06-12
PRD01891,USR00287,0.69,content-based,2024-10-23
PRD00703,USR01297,0.7234,collaborative,2023-06-25
PRD02537,USR00831,0.6821,node-similarity,2025-12-01
PRD01263,USR01089,0.9007,content-based,2024-06-22
PRD02047,USR00047,0.7624,node-similarity,2023-01-27
PRD00407,USR00609,0.5364,content-based,2023-01-06
PRD01005,USR01065,0.9165,hybrid,2023-04-12
PRD00673,USR00283,0.7552,hybrid,2023-12-30
PRD01734,USR00648,0.6947,pagerank,2024-04-22
PRD01000,USR00254,0.5505,hybrid,2024-08-25
PRD02309,USR01041,0.5114,node-similarity,2024-02-21
PRD01448,USR01187,0.8653,pagerank,2025-09-03
PRD01516,USR00468,0.6621,content-based,2025-05-19
PRD01256,USR00095,0.8864,hybrid,2025-02-03
PRD00028,USR01058,0.9954,hybrid,2025-07-23
PRD00371,USR00582,0.7302,collaborative,2024-12-29
PRD02697,USR00540,0.502,node-similarity,2023-12-25
PRD02427,USR01490,0.5825,hybrid,2024-09-18
PRD02723,USR01386,0.6604,pagerank,2025-05-11
PRD01154,USR01075,0.9038,pagerank,2024-09-07
PRD00181,USR00287,0.6626,collaborative,2025-12-24
PRD00714,USR00316,0.9746,collaborative,2025-12-26
PRD00088,USR00859,0.7665,node-similarity,2025-07-02
PRD00269,USR00469,0.9045,hybrid,2024-11-01
PRD02443,USR01369,0.5959,content-based,2025-10-22
PRD02863,USR01440,0.8699,collaborative,2024-03-07
PRD01202,USR01162,0.8543,collaborative,2023-06-20
PRD00435,USR01282,0.9216,pagerank,2024-11-11
PRD02740,USR00275,0.9462,hybrid,2023-06-16
PRD01767,USR01456,0.8235,collaborative,2025-03-28
PRD00794,USR01251,0.6179,collaborative,2025-02-22
PRD00753,USR01328,0.8837,collaborative,2024-01-02
PRD00889,USR00643,0.8785,content-based,2023-05-03
PRD00773,USR00971,0.6345,hybrid,2023-11-03
PRD00999,USR00711,0.6892,content-based,2024-08-17
PRD02055,USR01497,0.5158,hybrid,2023-01-07
PRD01438,USR00504,0.8423,hybrid,2025-02-25
PRD01426,USR00119,0.9111,content-based,2025-01-03
PRD00997,USR01319,0.5171,collaborative,2023-02-23
PRD00319,USR00523,0.8734,pagerank,2025-02-23
PRD02505,USR00580,0.9025,collaborative,2025-10-21
PRD02394,USR00542,0.5341,content-based,2023-06-06
PRD02897,USR00984,0.6996,collaborative,2023-03-04
PRD01386,USR00808,0.7852,hybrid,2025-01-08
PRD00030,USR00636,0.5759,node-similarity,2023-08-25
PRD01303,USR01480,0.7245,content-based,2024-06-16
PRD02761,USR00932,0.9651,collaborative,2023-11-28
PRD00012,USR01291,0.6636,node-similarity,2025-07-31
PRD01199,USR01429,0.7978,hybrid,2025-10-08
PRD01565,USR01383,0.7206,hybrid,2025-12-15
PRD01494,USR00063,0.5992,node-similarity,2023-08-15
PRD01367,USR01047,0.6786,pagerank,2024-08-17
PRD02087,USR00417,0.7702,pagerank,2024-05-17
PRD01058,USR00609,0.5813,content-based,2023-06-02
PRD02511,USR00462,0.7761,collaborative,2025-11-18
PRD02390,USR00821,0.8742,node-similarity,2023-02-23
PRD01245,USR00987,0.5385,pagerank,2025-07-27
PRD00731,USR00733,0.9008,pagerank,2025-03-31
PRD01540,USR00274,0.7365,node-similarity,2025-02-21
PRD00791,USR00577,0.8779,node-similarity,2024-04-30
PRD01506,USR00510,0.6495,content-based,2023-03-11
PRD01467,USR01042,0.8745,pagerank,2024-08-15
PRD01981,USR00863,0.8668,hybrid,2023-06-19
PRD02121,USR00464,0.6781,hybrid,2024-03-09
PRD01790,USR01245,0.9847,hybrid,2023-03-25
PRD02035,USR00018,0.8801,collaborative,2025-10-11
PRD01824,USR00864,0.6183,hybrid,2024-01-27
PRD00618,USR00684,0.7982,collaborative,2023-06-19
PRD01223,USR01465,0.6784,collaborative,2025-09-03
PRD02227,USR01450,0.9634,pagerank,2023-04-10
PRD02892,USR00238,0.7045,hybrid,2025-12-24
PRD01331,USR00437,0.6533,content-based,2025-08-27
PRD01394,USR00522,0.7838,pagerank,2025-03-24
PRD01257,USR00984,0.5894,hybrid,2024-11-04
PRD02324,USR00622,0.9423,collaborative,2025-03-12
PRD01428,USR00214,0.994,node-similarity,2024-11-27
PRD00723,USR01070,0.7196,collaborative,2025-11-07
PRD02747,USR00210,0.5278,collaborative,2025-10-06
PRD02990,USR00656,0.6992,collaborative,2023-10-03
PRD00670,USR00758,0.9027,hybrid,2023-01-11
PRD02715,USR00158,0.5159,collaborative,2024-10-04
PRD02905,USR00140,0.6569,collaborative,2025-09-29
PRD02851,USR00278,0.7316,collaborative,2023-04-09
PRD02677,USR00991,0.6337,collaborative,2025-03-19
PRD01348,USR00530,0.6473,hybrid,2024-09-30
PRD02948,USR00882,0.6817,node-similarity,2025-12-05
PRD02745,USR01368,0.7102,content-based,2025-11-12
PRD01230,USR00612,0.699,collaborative,2024-09-09
PRD00254,USR01370,0.8499,content-based,2025-10-01
PRD02756,USR00015,0.8703,content-based,2025-12-06
PRD01664,USR00275,0.993,pagerank,2025-03-23
PRD01636,USR00285,0.5084,content-based,2023-11-05
PRD02427,USR01281,0.9119,collaborative,2024-08-05
PRD00730,USR00108,0.5692,hybrid,2023-07-28
PRD02739,USR01203,0.6696,pagerank,2025-04-30
PRD00917,USR00569,0.5673,hybrid,2024-06-28
PRD02288,USR00434,0.7528,collaborative,2024-04-02
PRD02484,USR00328,0.9015,collaborative,2025-10-08
PRD02735,USR01048,0.6116,node-similarity,2025-04-21
PRD01013,USR00904,0.5301,content-based,2025-01-06
PRD02762,USR01080,0.723,content-based,2023-04-10
PRD01898,USR01245,0.9698,hybrid,2023-11-11
PRD00797,USR01007,0.6845,collaborative,2023-01-07
PRD01262,USR00457,0.5674,hybrid,2023-03-31
PRD02312,USR01239,0.5473,pagerank,2025-08-06
PRD00273,USR00729,0.5904,collaborative,2023-01-03
PRD00942,USR00078,0.9774,node-similarity,2023-10-25
PRD00122,USR00547,0.5588,pagerank,2025-12-10
PRD01473,USR00577,0.6151,hybrid,2024-03-24
PRD00943,USR00680,0.7884,pagerank,2023-11-06
PRD02993,USR01091,0.9756,content-based,2023-01-08
PRD02923,USR00830,0.6803,collaborative,2023-11-04
PRD02643,USR00136,0.6389,collaborative,2023-04-15
PRD02961,USR01186,0.9182,pagerank,2024-02-12
PRD01716,USR00007,0.6771,collaborative,2023-04-04
PRD00951,USR00292,0.8369,pagerank,2023-06-22
PRD00030,USR01209,0.8205,node-similarity,2023-06-16
PRD02024,USR01452,0.7252,node-similarity,2025-05-29
PRD02703,USR01143,0.7156,content-based,2024-01-06
PRD02791,USR00429,0.9909,collaborative,2023-09-16
PRD00487,USR00310,0.5254,node-similarity,2025-11-03
PRD01222,USR00759,0.5711,pagerank,2025-05-30
PRD02032,USR01279,0.9191,pagerank,2024-06-11
PRD00441,USR00323,0.8537,collaborative,2025-02-25
PRD02131,USR01236,0.9227,content-based,2023-10-20
PRD00068,USR00518,0.5185,pagerank,2025-11-21
PRD00116,USR00249,0.7032,hybrid,2024-09-26
PRD00357,USR01323,0.5252,content-based,2023-05-22
PRD00757,USR00251,0.6711,node-similarity,2025-09-02
PRD02024,USR01097,0.5719,hybrid,2023-01-21
PRD02636,USR00380,0.7167,content-based,2025-11-15
PRD02371,USR01294,0.8334,hybrid,2023-10-07
PRD00334,USR00789,0.511,content-based,2025-12-16
PRD01286,USR00236,0.6421,collaborative,2024-05-13
PRD01497,USR01451,0.5013,pagerank,2025-07-23
PRD01469,USR00366,0.5594,node-similarity,2023-11-20
PRD02487,USR00550,0.5281,node-similarity,2023-06-10
PRD02141,USR00833,0.8017,content-based,2023-07-19
PRD00605,USR00972,0.9375,content-based,2025-09-18
PRD00482,USR00922,0.6929,collaborative,2025-09-24
PRD01831,USR01088,0.9293,collaborative,2025-05-22
PRD01638,USR01209,0.8613,pagerank,2024-08-26
PRD02538,USR00467,0.6566,content-based,2025-02-03
PRD00417,USR00652,0.9915,node-similarity,2024-01-15
PRD01793,USR01147,0.51,collaborative,2025-11-14
PRD01609,USR00141,0.8726,hybrid,2025-07-15
PRD01830,USR01234,0.6191,collaborative,2024-10-22
PRD02180,USR00980,0.6772,collaborative,2025-08-25
PRD01437,USR01119,0.8437,hybrid,2025-08-24
PRD01577,USR00423,0.5834,node-similarity,2024-05-09
PRD01098,USR00565,0.8335,hybrid,2024-06-30
PRD02762,USR01349,0.686,content-based,2024-07-21
PRD01723,USR00943,0.803,node-similarity,2025-09-24
PRD00559,USR00183,0.6586,hybrid,2024-02-17
PRD00109,USR01007,0.9814,pagerank,2023-07-19
PRD00683,USR00710,0.6552,pagerank,2023-09-26
PRD02130,USR00843,0.8186,collaborative,2023-03-16
PRD02554,USR00112,0.7811,collaborative,2023-01-26
PRD01696,USR00817,0.8522,collaborative,2025-08-29
PRD01443,USR00989,0.682,hybrid,2024-03-30
PRD02030,USR00141,0.8736,collaborative,2023-04-04
PRD00658,USR00421,0.997,content-based,2023-09-12
PRD02298,USR00484,0.5072,node-similarity,2023-03-14
PRD00532,USR00286,0.8082,node-similarity,2023-04-15
PRD02476,USR00493,0.6781,content-based,2024-09-19
PRD00043,USR01113,0.7344,node-similarity,2024-11-18
PRD00459,USR00180,0.8021,hybrid,2024-08-05
PRD00496,USR00660,0.5782,hybrid,2025-07-11
PRD02736,USR01072,0.7367,pagerank,2024-06-01
PRD01444,USR00461,0.9818,pagerank,2023-10-15
PRD02027,USR00365,0.971,collaborative,2023-02-13
PRD00684,USR01071,0.8136,node-similarity,2025-07-02
PRD02149,USR00390,0.7405,content-based,2024-07-09
PRD02495,USR00756,0.6765,pagerank,2023-01-24
PRD01731,USR01081,0.5487,hybrid,2023-04-12
PRD02991,USR00498,0.6212,node-similarity,2023-09-30
PRD00908,USR00727,0.5576,node-similarity,2025-04-22
PRD00382,USR00087,0.9361,collaborative,2023-04-21
PRD02522,USR00590,0.8451,node-similarity,2025-05-05
PRD02239,USR00029,0.9629,content-based,2023-09-20
PRD01999,USR00604,0.7729,node-similarity,2023-03-15
PRD00045,USR01250,0.5732,hybrid,2023-06-15
PRD01486,USR00437,0.714,pagerank,2024-04-10
PRD02429,USR01187,0.8804,pagerank,2024-05-13
PRD02601,USR00715,0.8475,node-similarity,2024-10-24
PRD01464,USR00042,0.9394,pagerank,2025-05-16
PRD00201,USR00501,0.9479,content-based,2024-04-09
PRD00998,USR00725,0.653,node-similarity,2023-10-10
PRD00513,USR00482,0.5267,hybrid,2025-02-07
PRD01550,USR00940,0.7932,content-based,2023-07-01
PRD02263,USR00686,0.6317,hybrid,2024-10-25
PRD02658,USR00518,0.7247,collaborative,2024-03-08
PRD01701,USR00012,0.6793,collaborative,2025-03-25
PRD01088,USR01467,0.9139,content-based,2023-09-03
PRD01376,USR00109,0.775,node-similarity,2023-01-10
PRD01378,USR00867,0.6881,node-similarity,2024-10-07
PRD00383,USR00816,0.8831,collaborative,2024-03-31
PRD02890,USR01113,0.8034,collaborative,2023-09-14
PRD01770,USR01149,0.9745,pagerank,2025-07-31
PRD02382,USR00706,0.6064,node-similarity,2023-01-03
PRD00553,USR00992,0.9952,pagerank,2025-08-05
PRD01747,USR00441,0.5446,node-similarity,2023-08-21
PRD02946,USR01308,0.7063,hybrid,2023-04-02
PRD01327,USR00464,0.614,pagerank,2025-03-03
PRD02378,USR00432,0.7434,content-based,2023-07-10
PRD01257,USR01403,0.827,content-based,2023-05-27
PRD00781,USR01315,0.9948,content-based,2023-11-18
PRD02358,USR01085,0.647,collaborative,2023-11-28
PRD01580,USR00208,0.7601,collaborative,2024-05-12
PRD02857,USR00510,0.995,collaborative,2025-12-17
PRD00829,USR00591,0.6025,collaborative,2024-10-12
PRD01824,USR01072,0.7786,collaborative,2023-03-16
PRD01524,USR01035,0.6771,pagerank,2024-12-02
PRD01516,USR00272,0.9537,hybrid,2024-06-24
PRD01776,USR00584,0.5912,pagerank,2024-04-23
PRD00538,USR00567,0.8358,hybrid,2023-04-01
PRD01993,USR00484,0.7932,pagerank,2024-11-07
PRD02672,USR01363,0.9662,hybrid,2023-10-27
PRD01499,USR00598,0.8962,content-based,2024-04-04
PRD02128,USR00292,0.5272,pagerank,2025-09-05
PRD01629,USR00315,0.6771,content-based,2024-12-13
PRD01014,USR01435,0.8737,content-based,2025-01-30
PRD02064,USR01041,0.5834,collaborative,2025-04-02
PRD01884,USR00058,0.9776,content-based,2023-10-23
PRD00864,USR00459,0.5188,node-similarity,2025-10-04
PRD02107,USR01086,0.707,pagerank,2025-12-24
PRD00293,USR01312,0.7784,content-based,2024-04-19
PRD01601,USR00188,0.8088,collaborative,2024-05-19
PRD02134,USR01489,0.6197,collaborative,2023-04-12
PRD02879,USR00946,0.6725,hybrid,2024-09-13
PRD02322,USR00282,0.9813,hybrid,2025-01-29
PRD02569,USR00947,0.5884,content-based,2023-11-04
PRD01049,USR00230,0.6534,content-based,2023-04-22
PRD01931,USR00024,0.9098,hybrid,2023-11-17
PRD02075,USR01119,0.7062,collaborative,2024-08-12
PRD01298,USR00220,0.9782,content-based,2025-05-06
PRD02739,USR01356,0.8422,hybrid,2024-04-04
PRD00175,USR00771,0.6584,collaborative,2024-06-11
PRD01412,USR00622,0.9828,collaborative,2024-07-29
PRD01990,USR00299,0.9658,node-similarity,2023-04-27
PRD01259,USR01215,0.8434,collaborative,2024-01-09
PRD02509,USR00748,0.9301,hybrid,2025-05-31
PRD01817,USR00127,0.9164,hybrid,2025-05-15
PRD01977,USR00820,0.906,content-based,2023-08-28
PRD01273,USR00993,0.9717,hybrid,2023-02-28
PRD02229,USR00628,0.5455,content-based,2024-01-30
PRD01072,USR01247,0.6982,content-based,2025-01-06
PRD02574,USR00439,0.8678,collaborative,2025-01-07
PRD02897,USR00066,0.6771,node-similarity,2025-04-23
PRD00577,USR00548,0.9205,hybrid,2023-07-26
PRD02592,USR00558,0.887,collaborative,2023-07-23
PRD01480,USR01007,0.5408,content-based,2023-11-17
PRD01466,USR01456,0.6736,hybrid,2023-07-21
PRD02947,USR01118,0.5164,content-based,2023-06-18
PRD00281,USR01024,0.6662,content-based,2023-05-01
PRD02425,USR01290,0.5244,pagerank,2023-08-24
PRD02064,USR00206,0.6739,node-similarity,2025-07-15
PRD02213,USR00307,0.9136,collaborative,2025-07-26
PRD01386,USR00908,0.6293,node-similarity,2025-09-02
PRD00144,USR00019,0.941,node-similarity,2023-04-08
PRD01519,USR00809,0.5756,pagerank,2023-05-09
PRD02337,USR01042,0.5147,pagerank,2025-05-07
PRD02703,USR01012,0.8885,collaborative,2024-12-19
PRD01605,USR00694,0.5408,collaborative,2025-02-13
PRD01401,USR00543,0.9122,hybrid,2023-11-23
PRD01928,USR00662,0.5464,pagerank,2023-11-17
PRD01549,USR01374,0.5441,content-based,2024-07-04
PRD02540,USR01026,0.708,hybrid,2025-05-20
PRD00944,USR00156,0.8439,collaborative,2025-10-07
PRD01680,USR01470,0.847,content-based,2024-01-22
PRD01945,USR00005,0.5593,node-similarity,2023-06-30
PRD01573,USR00714,0.7337,content-based,2024-12-01
PRD01567,USR01336,0.5472,node-similarity,2024-01-11
PRD02603,USR00693,0.5622,node-similarity,2025-07-21
PRD02756,USR00096,0.8775,pagerank,2023-10-27
PRD00502,USR01439,0.949,pagerank,2023-04-04
PRD01591,USR00958,0.8373,content-based,2025-10-04
PRD00300,USR00496,0.88,pagerank,2025-04-09
PRD01732,USR01371,0.6692,content-based,2023-04-19
PRD02222,USR01029,0.6033,content-based,2024-01-31
PRD01565,USR00471,0.9972,pagerank,2024-07-22
PRD02266,USR00642,0.861,collaborative,2024-12-08
PRD02472,USR01192,0.9122,content-based,2025-04-22
PRD00780,USR00651,0.9408,hybrid,2024-04-07
PRD00522,USR00813,0.6051,collaborative,2023-04-29
PRD01179,USR00510,0.513,hybrid,2023-09-05
PRD01950,USR00596,0.6618,collaborative,2024-06-04
PRD01792,USR00032,0.6354,content-based,2025-03-22
PRD01768,USR00380,0.666,pagerank,2025-03-11
PRD01016,USR00002,0.504,hybrid,2023-02-18
PRD02269,USR00622,0.7604,collaborative,2024-08-28
PRD00271,USR00432,0.5255,content-based,2025-03-28
PRD02728,USR01148,0.7286,collaborative,2025-05-29
PRD00273,USR01246,0.8129,hybrid,2023-07-29
PRD00403,USR01133,0.5318,content-based,2023-06-29
PRD02771,USR01251,0.5031,node-similarity,2023-05-24
PRD01345,USR00264,0.5995,pagerank,2024-08-24
PRD01382,USR01145,0.9706,collaborative,2025-08-05
PRD00282,USR01411,0.6004,node-similarity,2023-08-16
PRD01010,USR00760,0.7657,node-similarity,2025-08-07
PRD02073,USR00301,0.7266,collaborative,2023-07-27
PRD01771,USR00756,0.7458,content-based,2024-10-15
PRD01943,USR00926,0.7572,content-based,2023-11-04
PRD00409,USR00512,0.5647,node-similarity,2023-11-14
PRD01326,USR00682,0.9942,pagerank,2025-10-30
PRD01448,USR01166,0.8923,content-based,2024-09-02
PRD00493,USR01101,0.8197,collaborative,2025-06-15
PRD00670,USR00285,0.5168,hybrid,2025-06-05
PRD01126,USR00570,0.9856,content-based,2024-07-11
PRD02388,USR01365,0.7477,node-similarity,2025-02-24
PRD00966,USR01403,0.8763,hybrid,2023-08-08
PRD00052,USR01448,0.5368,node-similarity,2024-04-28
PRD00193,USR00701,0.5096,node-similarity,2023-12-13
PRD02015,USR00717,0.9535,hybrid,2023-05-03
PRD00822,USR00801,0.9726,hybrid,2024-05-03
PRD01711,USR01286,0.5175,content-based,2023-04-05
PRD01882,USR01032,0.6145,pagerank,2024-04-14
PRD01376,USR00508,0.9195,node-similarity,2023-09-07
PRD01743,USR00582,0.8085,hybrid,2024-10-19
PRD00093,USR00533,0.928,node-similarity,2023-08-17
PRD01542,USR00572,0.7151,content-based,2024-04-30
PRD00442,USR00261,0.9556,collaborative,2023-07-22
PRD02965,USR00440,0.5399,content-based,2025-06-20
PRD00158,USR01108,0.8398,hybrid,2023-04-13
PRD02259,USR01105,0.6613,node-similarity,2024-05-16
PRD01737,USR01023,0.6739,pagerank,2023-09-07
PRD00195,USR01352,0.742,collaborative,2024-05-05
PRD02670,USR01278,0.6116,hybrid,2023-08-13
PRD02614,USR01344,0.7469,pagerank,2024-04-22
PRD02437,USR01337,0.9244,node-similarity,2023-08-19
PRD01882,USR01081,0.6899,collaborative,2023-05-16
PRD01679,USR00080,0.5869,content-based,2025-08-26
PRD01709,USR01422,0.6552,hybrid,2025-11-04
PRD02327,USR01387,0.6002,content-based,2023-11-15
PRD02869,USR00447,0.5353,hybrid,2025-01-03
PRD00700,USR00370,0.7685,collaborative,2024-03-24
PRD01420,USR01110,0.9714,pagerank,2024-06-16
PRD02557,USR01469,0.7146,content-based,2024-06-01
PRD00705,USR01355,0.767,hybrid,2023-03-04
PRD01606,USR00054,0.753,pagerank,2025-02-21
PRD02150,USR00172,0.644,pagerank,2024-04-15
PRD01064,USR01348,0.7904,node-similarity,2024-12-03
PRD02836,USR01067,0.8371,content-based,2024-07-09
PRD02149,USR01014,0.615,collaborative,2025-11-06
PRD00347,USR01044,0.6015,content-based,2025-08-23
PRD02472,USR01462,0.5576,pagerank,2023-03-20
PRD01991,USR01471,0.6399,content-based,2023-10-20
PRD01762,USR00514,0.8725,pagerank,2025-07-27
PRD01012,USR01328,0.9049,collaborative,2025-10-25
PRD01753,USR00939,0.7795,content-based,2025-01-04
PRD00274,USR00164,0.837,node-similarity,2023-07-13
PRD01583,USR00914,0.6216,collaborative,2024-08-04
PRD01124,USR01088,0.902,hybrid,2023-03-04
PRD02066,USR00872,0.8671,hybrid,2025-05-17
PRD01846,USR00707,0.8278,collaborative,2024-12-02
PRD02044,USR01402,0.7754,pagerank,2024-09-28
PRD01975,USR00298,0.936,hybrid,2023-04-30
PRD00630,USR00994,0.7367,pagerank,2024-06-25
PRD01251,USR00714,0.7606,hybrid,2024-02-25
PRD01691,USR00921,0.901,node-similarity,2023-04-18
PRD01821,USR00395,0.5668,hybrid,2023-11-02
PRD02032,USR00584,0.8121,pagerank,2023-08-14
PRD01349,USR00660,0.9888,content-based,2025-05-26
PRD00205,USR00576,0.7092,hybrid,2024-08-20
PRD02190,USR00164,0.7443,pagerank,2025-08-30
PRD00009,USR00605,0.8811,pagerank,2023-01-03
PRD02205,USR00275,0.9434,node-similarity,2025-05-14
PRD02370,USR01078,0.7811,hybrid,2023-10-22
PRD02773,USR01153,0.9833,collaborative,2024-06-01
PRD01384,USR01018,0.7168,node-similarity,2025-01-08
PRD02558,USR01349,0.7268,content-based,2024-02-10
PRD02782,USR01069,0.5383,node-similarity,2023-12-26
PRD00739,USR00551,0.9617,node-similarity,2023-03-06
PRD00818,USR00039,0.913,content-based,2024-11-14
PRD02857,USR00750,0.6972,content-based,2023-12-05
PRD02717,USR00513,0.5067,content-based,2025-02-01
PRD00326,USR01428,0.9943,content-based,2023-12-09
PRD01730,USR00603,0.5991,collaborative,2024-07-08
PRD02404,USR01094,0.9843,content-based,2024-07-03
PRD02021,USR00118,0.5674,hybrid,2023-10-22
PRD02286,USR01097,0.8019,hybrid,2025-04-07
PRD02567,USR00992,0.7351,collaborative,2024-09-25
PRD02425,USR00083,0.7971,pagerank,2024-06-18
PRD01022,USR00649,0.5467,node-similarity,2025-08-05
PRD00532,USR00478,0.8518,content-based,2024-10-18
PRD00958,USR01463,0.7927,content-based,2023-08-08
PRD01079,USR00406,0.5934,node-similarity,2025-12-06
PRD00955,USR00079,0.7755,pagerank,2024-07-21
PRD02169,USR00049,0.9536,pagerank,2023-07-13
PRD00711,USR01109,0.6793,hybrid,2024-07-02
PRD01022,USR01240,0.8005,collaborative,2023-03-26
PRD01499,USR01392,0.8747,content-based,2025-03-12
PRD02931,USR00806,0.9313,collaborative,2024-03-13
PRD02349,USR00048,0.6568,collaborative,2023-06-14
PRD01867,USR01151,0.6368,hybrid,2025-05-27
PRD01877,USR00086,0.705,node-similarity,2023-05-22
PRD00280,USR00843,0.9975,hybrid,2025-06-11
PRD01633,USR01158,0.898,hybrid,2025-01-27
PRD00681,USR01203,0.7911,pagerank,2023-12-08
PRD00356,USR01069,0.9666,collaborative,2023-05-31
PRD02130,USR00868,0.6046,hybrid,2025-07-11
PRD01669,USR00637,0.6015,collaborative,2023-08-09
PRD00259,USR00506,0.9721,hybrid,2024-10-28
PRD01715,USR00730,0.8206,content-based,2023-07-18
PRD00452,USR00169,0.6551,hybrid,2024-03-07
PRD01497,USR00424,0.5213,hybrid,2024-03-17
PRD02788,USR01074,0.9993,pagerank,2024-04-02
PRD02177,USR01297,0.989,hybrid,2025-08-29
PRD01149,USR00849,0.8124,content-based,2024-08-30
PRD02536,USR00778,0.783,hybrid,2023-07-06
PRD02992,USR00007,0.7726,content-based,2023-02-02
PRD00042,USR01486,0.7971,content-based,2023-11-19
PRD01400,USR01165,0.6111,node-similarity,2025-05-13
PRD02076,USR01417,0.5831,node-similarity,2023-06-03
PRD02949,USR01319,0.9567,pagerank,2025-12-10
PRD00156,USR01401,0.8639,node-similarity,2025-08-02
PRD01173,USR01248,0.9814,node-similarity,2023-09-14
PRD02731,USR00780,0.7606,pagerank,2025-09-17
PRD00835,USR00566,0.6768,pagerank,2025-03-09
PRD01842,USR00132,0.9508,hybrid,2023-01-11
PRD01429,USR00609,0.9669,collaborative,2024-12-20
PRD00812,USR00150,0.8593,content-based,2025-09-19
PRD01426,USR01022,0.902,hybrid,2023-11-12
PRD00626,USR00695,0.8638,collaborative,2024-01-24
PRD00310,USR01137,0.7736,node-similarity,2024-12-08
PRD00741,USR01215,0.9281,pagerank,2025-08-06
PRD00260,USR00138,0.5309,node-similarity,2024-11-30
PRD00280,USR00729,0.8315,collaborative,2023-08-29
PRD01335,USR00527,0.6096,content-based,2024-10-12
PRD02108,USR01079,0.5001,node-similarity,2024-06-30
PRD02859,USR00299,0.6933,collaborative,2025-01-25
PRD01057,USR00377,0.596,hybrid,2023-10-01
PRD02578,USR00718,0.5901,content-based,2025-12-23
PRD00539,USR00244,0.6846,collaborative,2024-08-13
PRD00378,USR00064,0.9544,node-similarity,2023-01-26
PRD01838,USR01085,0.7005,collaborative,2023-08-29
PRD01978,USR00834,0.7032,pagerank,2025-05-22
PRD02861,USR00577,0.764,node-similarity,2023-06-19
PRD01578,USR00319,0.6996,collaborative,2024-09-30
PRD02867,USR00671,0.7549,collaborative,2024-05-28
PRD01372,USR01267,0.5977,hybrid,2024-11-08
PRD00989,USR00460,0.6116,node-similarity,2023-10-24
PRD02176,USR00204,0.9736,pagerank,2025-01-28
PRD02681,USR00637,0.7118,content-based,2024-05-17
PRD01193,USR00236,0.6518,content-based,2024-06-21
PRD02839,USR01230,0.671,pagerank,2024-06-09
PRD01322,USR00113,0.8092,hybrid,2023-09-24
PRD00862,USR00009,0.9516,collaborative,2023-09-30
PRD01826,USR00623,0.5788,collaborative,2024-05-23
PRD00978,USR01055,0.5487,collaborative,2024-01-28
PRD00227,USR00783,0.5115,content-based,2024-02-16
PRD00647,USR00444,0.6099,node-similarity,2023-03-27
PRD01608,USR00271,0.9368,content-based,2025-12-01
PRD00782,USR00194,0.8929,collaborative,2025-08-26
PRD00540,USR00495,0.5316,hybrid,2024-07-25
PRD01692,USR01339,0.7444,hybrid,2025-10-02
PRD02855,USR00794,0.6718,content-based,2024-11-27
PRD00706,USR01274,0.6213,hybrid,2025-12-13
PRD00575,USR01277,0.5306,content-based,2023-03-26
PRD02621,USR01452,0.6917,pagerank,2024-07-12
PRD01555,USR01211,0.9603,hybrid,2025-01-19
PRD00739,USR01405,0.8518,hybrid,2025-04-08
PRD00744,USR00805,0.8553,node-similarity,2025-06-04
PRD00063,USR00125,0.5447,content-based,2025-06-22
PRD01207,USR00686,0.7608,collaborative,2023-08-22
PRD00775,USR00818,0.8537,node-similarity,2024-04-09
PRD01724,USR01133,0.9867,collaborative,2023-09-15
PRD01365,USR00280,0.6563,pagerank,2025-08-19
PRD00582,USR00660,0.5887,pagerank,2025-07-24
PRD02434,USR00759,0.6218,node-similarity,2025-03-02
PRD01455,USR00722,0.7988,collaborative,2025-01-02
PRD00880,USR00427,0.5416,node-similarity,2023-01-07
PRD02127,USR01392,0.8302,node-similarity,2023-04-18
PRD00936,USR00892,0.9199,collaborative,2025-10-15
PRD02305,USR00601,0.61,collaborative,2025-12-24
PRD00396,USR00179,0.8144,hybrid,2023-05-05
PRD01298,USR00951,0.6973,node-similarity,2024-08-09
PRD01363,USR00921,0.6989,content-based,2024-07-05
PRD02450,USR00722,0.7336,node-similarity,2024-08-23
PRD01041,USR00143,0.8088,collaborative,2023-01-19
PRD01595,USR00687,0.6169,pagerank,2023-07-09
PRD01699,USR01166,0.9218,hybrid,2023-09-17
PRD01020,USR00778,0.6065,node-similarity,2023-07-30
PRD00105,USR00235,0.9465,pagerank,2025-11-24
PRD02603,USR00884,0.6795,node-similarity,2025-12-22
PRD00942,USR01021,0.9951,collaborative,2025-05-15
PRD02625,USR00063,0.7771,node-similarity,2024-10-30
PRD01678,USR01496,0.5087,hybrid,2024-03-23
PRD02982,USR00908,0.6901,content-based,2025-04-01
PRD00265,USR01118,0.888,pagerank,2023-07-03
PRD02309,USR00933,0.6428,collaborative,2025-07-22
PRD01395,USR00239,0.5432,hybrid,2023-02-19
PRD00965,USR00623,0.5075,content-based,2025-06-18
PRD01057,USR00892,0.6116,hybrid,2024-03-24
PRD00823,USR00902,0.7065,pagerank,2023-10-01
PRD02118,USR00103,0.749,content-based,2025-03-14
PRD01197,USR01045,0.8971,collaborative,2023-08-30
PRD01150,USR00368,0.988,hybrid,2025-10-28
PRD01062,USR00381,0.7806,node-similarity,2025-03-10
PRD02940,USR00180,0.908,collaborative,2024-02-19
PRD01802,USR00731,0.7015,hybrid,2025-06-30
PRD00598,USR00010,0.5268,pagerank,2025-04-26
PRD01376,USR00641,0.6649,collaborative,2024-03-11
PRD01665,USR01280,0.6916,collaborative,2023-01-20
PRD02074,USR00001,0.6711,node-similarity,2025-05-20
PRD02133,USR00068,0.5246,pagerank,2023-09-03
PRD02168,USR00388,0.9277,pagerank,2025-01-20
PRD00254,USR00710,0.6253,pagerank,2025-12-25
PRD02539,USR01031,0.6987,node-similarity,2025-09-17
PRD01973,USR00886,0.8526,content-based,2025-02-27
PRD02233,USR00764,0.8706,content-based,2024-12-08
PRD01866,USR01114,0.6994,hybrid,2025-10-22
PRD00498,USR01304,0.5086,node-similarity,2023-05-21
PRD00942,USR00044,0.6776,node-similarity,2023-08-21
PRD01883,USR01011,0.6023,content-based,2023-10-07
PRD00302,USR00441,0.7283,collaborative,2024-09-25
PRD00041,USR00554,0.9134,content-based,2024-02-26
PRD01235,USR01018,0.691,content-based,2024-03-11
PRD02088,USR01333,0.9583,collaborative,2024-05-26
PRD00084,USR00531,0.8296,hybrid,2025-10-11
PRD02375,USR00421,0.5924,node-similarity,2025-08-24
PRD01197,USR00665,0.834,node-similarity,2024-10-03
PRD02594,USR01141,0.8922,pagerank,2025-06-13
PRD02781,USR00232,0.7207,node-similarity,2023-10-14
PRD00827,USR00461,0.6814,pagerank,2025-02-10
PRD02328,USR00121,0.959,pagerank,2023-09-28
PRD01293,USR00919,0.5999,collaborative,2024-01-06
PRD02245,USR01328,0.7713,content-based,2024-11-22
PRD01232,USR00110,0.6059,content-based,2023-09-15
PRD01627,USR00282,0.8986,collaborative,2025-07-14
PRD02366,USR00979,0.6964,pagerank,2025-02-23
PRD02887,USR00884,0.7252,node-similarity,2024-11-12
PRD01921,USR01237,0.8744,collaborative,2023-12-24
PRD01036,USR00692,0.8993,collaborative,2025-01-12
PRD01962,USR00924,0.5811,pagerank,2023-01-04
PRD02485,USR01247,0.9627,collaborative,2025-05-25
PRD02800,USR00379,0.8691,hybrid,2023-04-16
PRD00668,USR00245,0.8118,hybrid,2023-07-02
PRD01733,USR01407,0.5154,hybrid,2023-12-14
PRD00946,USR00817,0.645,content-based,2023-03-22
PRD00663,USR00977,0.8211,pagerank,2024-07-12
PRD01873,USR00277,0.8956,hybrid,2023-11-03
PRD02048,USR00589,0.8304,hybrid,2025-10-10
PRD01750,USR00847,0.7644,hybrid,2025-07-01
PRD02361,USR00166,0.673,collaborative,2024-09-09
PRD01226,USR00362,0.6607,hybrid,2023-06-14
PRD02894,USR01253,0.9223,content-based,2023-06-07
PRD01845,USR00258,0.8699,collaborative,2024-04-29
PRD01141,USR01061,0.6672,hybrid,2024-01-20
PRD00813,USR00743,0.8638,collaborative,2024-12-26
PRD01150,USR00532,0.7716,collaborative,2024-05-08
PRD00134,USR00535,0.9834,pagerank,2024-05-26
PRD02787,USR00396,0.9912,node-similarity,2025-06-27
PRD02974,USR00815,0.6163,hybrid,2023-06-19
PRD02589,USR00536,0.5708,hybrid,2023-09-12
PRD01899,USR00666,0.9403,hybrid,2025-10-10
PRD02610,USR01499,0.9679,content-based,2023-10-29
PRD00954,USR01402,0.7483,collaborative,2023-04-25
PRD02784,USR00865,0.9622,hybrid,2023-03-26
PRD02074,USR00093,0.7367,node-similarity,2024-01-14
PRD00618,USR00903,0.7362,collaborative,2023-11-29
PRD01068,USR01265,0.6163,node-similarity,2023-01-30
PRD00408,USR01271,0.8502,node-similarity,2024-02-07
PRD02395,USR01311,0.6499,hybrid,2023-09-07
PRD02532,USR00193,0.5201,hybrid,2023-10-08
PRD01635,USR00669,0.5111,hybrid,2023-08-14
PRD00588,USR01026,0.7482,collaborative,2024-10-02
PRD01665,USR00717,0.8291,hybrid,2023-10-04
PRD01009,USR01230,0.7737,collaborative,2025-01-24
PRD01217,USR00402,0.9202,content-based,2024-12-07
PRD02002,USR00334,0.9986,content-based,2023-04-06
PRD02901,USR01491,0.8203,content-based,2025-01-25
PRD02826,USR01094,0.7593,content-based,2025-12-28
PRD00211,USR00453,0.8718,node-similarity,2025-01-27
PRD02536,USR00283,0.8513,collaborative,2025-01-08
PRD01455,USR00869,0.6623,collaborative,2024-07-28
PRD01555,USR00092,0.9122,hybrid,2023-07-17
PRD00217,USR01049,0.873,content-based,2024-04-18
PRD00953,USR00815,0.8964,collaborative,2024-05-05
PRD01662,USR00215,0.8812,collaborative,2024-08-26
PRD00852,USR01201,0.6217,hybrid,2024-01-19
PRD00860,USR00109,0.6999,node-similarity,2025-01-22
PRD02348,USR00632,0.9568,node-similarity,2025-05-24
PRD02777,USR00602,0.6716,collaborative,2025-01-28
PRD02018,USR00804,0.897,hybrid,2024-06-09
PRD00455,USR01164,0.6209,content-based,2024-12-03
PRD01823,USR00968,0.9647,content-based,2025-10-01
PRD00686,USR00644,0.8492,node-similarity,2024-02-16
PRD02485,USR00250,0.855,pagerank,2024-01-10
PRD00502,USR01038,0.7506,content-based,2024-05-15
PRD01320,USR01377,0.7082,pagerank,2024-09-17
PRD00322,USR01470,0.7197,content-based,2023-01-18
PRD01795,USR00193,0.8742,hybrid,2024-02-27
PRD02264,USR00031,0.884,node-similarity,2025-01-01
PRD00803,USR00157,0.8131,collaborative,2025-01-08
PRD01813,USR00273,0.5118,collaborative,2023-03-14
PRD02635,USR00918,0.5267,pagerank,2024-01-28
PRD01830,USR00547,0.5713,node-similarity,2023-05-02
PRD00850,USR00760,0.545,hybrid,2023-08-22
PRD00639,USR01065,0.5844,content-based,2025-05-12
PRD00769,USR00626,0.6707,content-based,2025-09-13
PRD01302,USR00394,0.9956,pagerank,2025-08-06
PRD02970,USR00839,0.9347,pagerank,2024-04-05
PRD02361,USR00213,0.9594,content-based,2025-02-17
PRD00104,USR00311,0.6995,pagerank,2023-12-06
PRD00420,USR00699,0.9867,content-based,2025-04-18
PRD00339,USR00551,0.7664,hybrid,2025-03-14
PRD01299,USR00383,0.8509,pagerank,2025-06-22
PRD00549,USR00213,0.658,collaborative,2024-12-12
PRD01325,USR01204,0.8408,collaborative,2025-02-13
PRD01931,USR00903,0.9282,content-based,2024-05-24
PRD01401,USR00431,0.6623,hybrid,2024-08-17
PRD00463,USR00418,0.7377,collaborative,2024-10-07
PRD01105,USR00453,0.9768,content-based,2024-08-21
PRD02993,USR00872,0.8413,content-based,2023-05-26
PRD01162,USR01141,0.5442,collaborative,2024-11-09
PRD02146,USR00609,0.7438,content-based,2024-03-03
PRD00072,USR00665,0.8978,hybrid,2025-07-14
PRD02759,USR00385,0.9907,content-based,2023-03-19
PRD01447,USR00095,0.5554,collaborative,2024-02-04
PRD02022,USR01229,0.6165,collaborative,2023-01-05
PRD01250,USR00337,0.6641,node-similarity,2024-05-19
PRD01115,USR00976,0.9964,collaborative,2024-04-02
PRD01954,USR01305,0.5273,pagerank,2025-11-11
PRD00700,USR00707,0.5738,collaborative,2023-04-14
PRD00728,USR01471,0.6114,hybrid,2023-12-09
PRD01477,USR01134,0.6843,collaborative,2023-02-16
PRD00885,USR00741,0.8332,collaborative,2025-11-19
PRD02297,USR00808,0.9634,pagerank,2025-03-14
PRD01275,USR00123,0.8249,pagerank,2025-04-12
PRD02368,USR01123,0.618,pagerank,2023-10-29
PRD01826,USR01194,0.6313,node-similarity,2023-09-21
PRD01779,USR00241,0.8025,hybrid,2025-03-06
PRD02718,USR00011,0.9174,node-similarity,2023-03-26
PRD02594,USR01249,0.9361,node-similarity,2023-04-19
PRD01785,USR00520,0.6013,node-similarity,2024-10-02
PRD00945,USR01443,0.8518,node-similarity,2024-04-12
PRD02746,USR01449,0.6027,hybrid,2025-06-06
PRD02062,USR00762,0.6755,collaborative,2024-07-31
PRD00048,USR00257,0.9224,hybrid,2023-03-26
PRD02735,USR00847,0.6114,pagerank,2023-03-28
PRD00503,USR01000,0.8157,pagerank,2023-08-22
PRD02045,USR00441,0.8258,content-based,2025-05-23
PRD01504,USR00092,0.6272,hybrid,2025-04-28
PRD01355,USR00430,0.6939,pagerank,2024-04-13
PRD02740,USR00502,0.9351,node-similarity,2024-11-19
PRD00231,USR00836,0.7061,hybrid,2024-01-20
PRD01665,USR01485,0.7858,content-based,2023-07-31
PRD00271,USR01173,0.8671,collaborative,2023-02-13
PRD02227,USR01379,0.9917,collaborative,2023-11-08
PRD01536,USR00090,0.7624,hybrid,2025-01-05
PRD01731,USR01406,0.6481,pagerank,2023-06-26
PRD01573,USR00764,0.7434,pagerank,2024-09-03
PRD01466,USR01332,0.8413,collaborative,2025-07-07
PRD01694,USR01055,0.5673,content-based,2025-08-09
PRD00362,USR00013,0.5525,hybrid,2024-12-18
PRD02695,USR00655,0.5823,pagerank,2023-02-13
PRD00974,USR01218,0.7204,node-similarity,2023-11-04
PRD01621,USR01452,0.9295,content-based,2024-01-24
PRD01488,USR00419,0.8202,hybrid,2025-10-14
PRD01709,USR00101,0.5117,collaborative,2023-12-08
PRD01105,USR00099,0.661,pagerank,2025-07-16
PRD00366,USR01029,0.9299,content-based,2024-07-17
PRD01613,USR00424,0.9444,node-similarity,2025-09-08
PRD02288,USR01488,0.5301,collaborative,2024-04-24
PRD01051,USR00532,0.7334,content-based,2025-06-01
PRD01683,USR00978,0.6582,content-based,2025-06-05
PRD02502,USR01205,0.9494,hybrid,2025-07-26
PRD02704,USR00985,0.9447,node-similarity,2024-08-09
PRD00131,USR01192,0.7132,collaborative,2025-03-20
PRD01343,USR01315,0.5995,hybrid,2025-05-25
PRD02605,USR00279,0.646,pagerank,2023-06-21
PRD01553,USR00064,0.8581,node-similarity,2025-02-27
PRD01410,USR01452,0.8087,node-similarity,2024-08-23
PRD00711,USR00330,0.7461,collaborative,2024-12-10
PRD01563,USR00987,0.7141,hybrid,2025-04-05
PRD00396,USR00840,0.9932,node-similarity,2024-04-14
PRD01393,USR00330,0.8609,content-based,2024-12-16
PRD02044,USR00566,0.6195,hybrid,2023-04-18
PRD00487,USR00435,0.699,pagerank,2024-05-13
PRD01299,USR01081,0.7413,collaborative,2023-02-23
PRD01260,USR00552,0.9278,content-based,2023-09-03
PRD00338,USR00143,0.5701,node-similarity,2023-04-02
PRD01808,USR00656,0.5502,node-similarity,2024-11-20
PRD00928,USR00535,0.7075,pagerank,2025-12-11
PRD01238,USR00780,0.982,hybrid,2024-05-10
PRD02493,USR01089,0.9613,collaborative,2023-10-27
PRD02168,USR00411,0.962,content-based,2023-03-07
PRD01575,USR00263,0.9404,hybrid,2024-02-13
PRD02212,USR00033,0.5199,hybrid,2025-07-16
PRD00889,USR00981,0.8185,content-based,2023-04-19
PRD01336,USR01469,0.8636,pagerank,2023-06-26
PRD01069,USR00589,0.7258,hybrid,2024-08-02
PRD02165,USR00125,0.7679,pagerank,2023-12-30
PRD01167,USR00232,0.7393,hybrid,2025-09-05
PRD01715,USR01333,0.8476,node-similarity,2023-05-30
PRD02756,USR00366,0.5795,pagerank,2025-12-28
PRD02115,USR00244,0.9744,content-based,2023-03-01
PRD00491,USR00254,0.7087,collaborative,2023-06-07
PRD00240,USR00878,0.8155,hybrid,2024-08-28
PRD01857,USR00758,0.6623,collaborative,2023-03-29
PRD00952,USR00068,0.955,node-similarity,2023-05-06
PRD02961,USR00481,0.7086,hybrid,2025-04-27
PRD00028,USR00991,0.8908,pagerank,2024-07-19
PRD00713,USR00185,0.9078,content-based,2023-06-01
PRD01729,USR01074,0.668,content-based,2024-07-05
PRD02677,USR00468,0.7292,hybrid,2025-05-19
PRD00118,USR00136,0.5019,node-similarity,2024-06-20
PRD00171,USR00538,0.8018,hybrid,2024-06-18
PRD00070,USR00229,0.5512,node-similarity,2024-04-03
PRD01535,USR00115,0.754,node-similarity,2024-10-22
PRD02351,USR01034,0.8124,hybrid,2023-08-24
PRD00354,USR00614,0.8331,node-similarity,2024-07-29
PRD00538,USR00859,0.7732,node-similarity,2023-03-10
PRD00821,USR00516,0.7242,pagerank,2024-04-01
PRD01430,USR00037,0.5479,hybrid,2023-11-25
PRD01052,USR00603,0.5663,pagerank,2024-07-07
PRD02524,USR00446,0.8291,hybrid,2023-09-28
PRD00485,USR01040,0.8666,collaborative,2024-07-21
PRD01219,USR00754,0.6073,node-similarity,2023-01-24
PRD00301,USR00801,0.5703,node-similarity,2024-11-24
PRD01438,USR00893,0.7829,hybrid,2025-12-15
PRD01745,USR00245,0.9553,collaborative,2023-08-21
PRD01349,USR00621,0.5024,node-similarity,2025-05-14
PRD00848,USR00273,0.8406,collaborative,2025-05-14
PRD01862,USR01260,0.7898,node-similarity,2024-05-01
PRD01741,USR01333,0.8541,pagerank,2025-05-23
PRD00803,USR00193,0.8349,collaborative,2023-10-21
PRD00089,USR00758,0.8946,node-similarity,2025-04-16
PRD00948,USR00600,0.7662,collaborative,2025-01-25
PRD02699,USR00257,0.6962,hybrid,2024-05-26
PRD01481,USR01478,0.7113,content-based,2023-02-26
PRD01889,USR00222,0.8032,pagerank,2023-11-26
PRD01026,USR00615,0.5446,pagerank,2025-05-15
PRD02990,USR00930,0.6631,hybrid,2024-10-23
PRD00815,USR01354,0.5445,pagerank,2025-10-07
PRD02049,USR00281,0.7954,collaborative,2025-11-06
PRD02165,USR00351,0.853,hybrid,2024-04-13
PRD00228,USR00030,0.7097,content-based,2024-04-11
PRD00592,USR00552,0.6747,node-similarity,2023-06-25
PRD01671,USR00405,0.7406,content-based,2023-07-08
PRD02757,USR00378,0.6414,collaborative,2023-05-19
PRD00059,USR00034,0.5918,content-based,2025-03-14
PRD00969,USR00724,0.845,collaborative,2025-09-23
PRD02063,USR01142,0.5152,content-based,2023-08-01
PRD00435,USR00855,0.9597,collaborative,2023-09-25
PRD00058,USR00968,0.5983,pagerank,2024-05-14
PRD01362,USR01451,0.8859,pagerank,2023-06-05
PRD02117,USR00271,0.5073,collaborative,2023-10-27
PRD01824,USR00016,0.7386,node-similarity,2023-10-23
PRD00901,USR00688,0.9808,hybrid,2025-05-29
PRD00107,USR00692,0.8722,node-similarity,2023-09-11
PRD00819,USR00064,0.7005,node-similarity,2023-01-10
PRD02065,USR01144,0.5904,hybrid,2024-12-16
PRD01552,USR00208,0.5576,content-based,2023-12-24
PRD00181,USR00432,0.5275,hybrid,2023-04-05
PRD02698,USR00041,0.9242,content-based,2023-12-25
PRD01720,USR00008,0.5647,pagerank,2023-09-26
PRD00077,USR00571,0.7519,node-similarity,2023-03-11
PRD01543,USR01003,0.6977,pagerank,2024-12-03
PRD01214,USR01344,0.5745,content-based,2023-10-19
PRD00343,USR00385,0.8842,content-based,2023-10-21
PRD02630,USR00552,0.9346,content-based,2024-12-01
PRD02742,USR01116,0.8962,content-based,2023-11-29
PRD02846,USR00959,0.7537,hybrid,2025-07-26
PRD02344,USR00591,0.7901,collaborative,2023-01-31
PRD01839,USR01223,0.5507,node-similarity,2024-07-10
PRD02759,USR00790,0.5553,collaborative,2024-07-31
PRD00596,USR00143,0.6165,content-based,2023-09-28
PRD01368,USR00750,0.9967,node-similarity,2024-03-08
PRD00520,USR01491,0.9881,collaborative,2024-08-26
PRD00605,USR00349,0.7867,hybrid,2025-08-17
PRD02994,USR01498,0.8776,hybrid,2023-09-26
PRD00431,USR00871,0.8598,pagerank,2025-01-15
PRD02156,USR00894,0.5866,content-based,2025-04-15
PRD00115,USR01053,0.6625,pagerank,2023-05-26
PRD01109,USR01092,0.7554,node-similarity,2025-03-21
PRD02992,USR00725,0.5174,node-similarity,2023-08-13
PRD02737,USR00855,0.9286,collaborative,2025-11-14
PRD00153,USR01363,0.9243,hybrid,2024-12-31
PRD01110,USR00804,0.7325,node-similarity,2024-12-01
PRD00848,USR00899,0.6548,hybrid,2023-04-06
PRD00077,USR00626,0.919,collaborative,2023-04-05
PRD01858,USR01165,0.5316,node-similarity,2023-01-24
PRD00751,USR00033,0.6669,collaborative,2025-03-14
PRD02278,USR00896,0.6297,hybrid,2025-07-25
PRD02798,USR01084,0.8381,pagerank,2024-11-15
PRD00285,USR01057,0.8619,collaborative,2024-08-02
PRD01341,USR01360,0.7658,node-similarity,2024-02-05
PRD01868,USR00143,0.8318,content-based,2025-05-03
PRD00675,USR00709,0.5217,collaborative,2024-12-08
PRD01004,USR00720,0.5007,hybrid,2025-04-16
PRD02024,USR00129,0.853,hybrid,2024-09-11
PRD01095,USR00399,0.5835,pagerank,2025-03-25
PRD01078,USR01172,0.7592,pagerank,2023-04-28
PRD02972,USR01266,0.8242,node-similarity,2023-04-14
PRD02875,USR01059,0.9774,node-similarity,2024-03-17
PRD01852,USR00291,0.7571,collaborative,2023-05-23
PRD02574,USR00256,0.8822,node-similarity,2025-04-01
PRD01966,USR01180,0.6771,content-based,2023-05-07
PRD00948,USR00604,0.5064,node-similarity,2023-12-02
PRD02625,USR01075,0.8487,pagerank,2023-12-29
PRD01285,USR00192,0.9673,pagerank,2024-04-14
PRD02116,USR01347,0.9613,content-based,2023-06-29
PRD00471,USR00261,0.7384,content-based,2025-01-05
PRD02750,USR00681,0.7308,content-based,2023-04-24
PRD02002,USR00182,0.8565,collaborative,2025-01-02
PRD01373,USR01438,0.7849,hybrid,2024-03-28
PRD01704,USR00024,0.9649,hybrid,2024-11-27
PRD00039,USR00750,0.7418,pagerank,2024-04-21
PRD02427,USR00216,0.6024,pagerank,2024-11-12
PRD00323,USR00546,0.8242,content-based,2025-01-30
PRD00116,USR01083,0.7284,node-similarity,2023-10-20
PRD02005,USR00776,0.5173,collaborative,2025-05-29
PRD02712,USR00206,0.7936,pagerank,2024-01-06
PRD02949,USR00539,0.5807,collaborative,2025-05-22
PRD01440,USR00218,0.6626,content-based,2023-09-08
PRD01799,USR00219,0.8093,hybrid,2025-11-21
PRD01899,USR00079,0.7607,pagerank,2024-02-01
PRD00161,USR01107,0.8261,content-based,2024-07-19
PRD01195,USR00814,0.8726,collaborative,2024-02-04
PRD00438,USR01439,0.7643,hybrid,2023-08-20
PRD00669,USR00426,0.9754,pagerank,2025-04-19
PRD00801,USR00921,0.6473,collaborative,2025-06-29
PRD01296,USR01078,0.6368,collaborative,2023-09-18
PRD01862,USR00322,0.5958,node-similarity,2024-07-26
PRD02243,USR00098,0.5298,pagerank,2023-12-13
PRD02308,USR01260,0.6947,node-similarity,2024-10-15
PRD02146,USR00482,0.5812,pagerank,2025-11-07
PRD01378,USR00097,0.9365,content-based,2025-10-30
PRD02075,USR01410,0.9269,node-similarity,2023-03-30
PRD00484,USR00596,0.9029,collaborative,2024-03-10
PRD01651,USR00508,0.5858,content-based,2024-12-26
PRD00301,USR00088,0.8942,pagerank,2024-06-01
PRD02141,USR01052,0.5228,hybrid,2023-02-07
PRD00824,USR01463,0.6008,collaborative,2025-08-28
PRD00068,USR00920,0.6723,content-based,2023-02-12
PRD02088,USR00338,0.718,pagerank,2023-12-07
PRD02135,USR00767,0.9166,hybrid,2024-07-04
PRD02271,USR00290,0.8996,content-based,2024-12-05
PRD00697,USR00115,0.612,pagerank,2025-04-18
PRD00737,USR00562,0.6362,node-similarity,2025-01-05
PRD00800,USR01461,0.9349,hybrid,2023-08-05
PRD01078,USR00396,0.8268,node-similarity,2023-04-12
PRD02346,USR01485,0.5458,collaborative,2024-07-18
PRD00607,USR01348,0.8433,content-based,2024-04-09
PRD02662,USR00968,0.6782,pagerank,2024-07-07
PRD00007,USR00961,0.801,collaborative,2025-08-01
PRD02949,USR01017,0.9398,node-similarity,2023-03-13
PRD01943,USR00863,0.8086,hybrid,2024-03-27
PRD00292,USR00190,0.5084,content-based,2025-04-11
PRD00973,USR00225,0.5685,collaborative,2023-03-05
PRD00673,USR01121,0.6469,content-based,2023-01-14
PRD02739,USR01019,0.6179,node-similarity,2023-03-26
PRD01705,USR00797,0.5286,collaborative,2024-01-26
PRD00203,USR00259,0.536,content-based,2024-08-12
PRD02380,USR00784,0.5182,hybrid,2024-10-29
PRD02220,USR00066,0.6692,content-based,2025-09-30
PRD00434,USR00393,0.8399,hybrid,2023-07-06
PRD00094,USR00875,0.9761,pagerank,2025-05-12
PRD02502,USR01299,0.6284,pagerank,2025-03-06
PRD01071,USR00150,0.9209,content-based,2023-12-28
PRD02736,USR00314,0.5691,pagerank,2024-05-02
PRD01903,USR00149,0.9775,node-similarity,2025-07-23
PRD02901,USR01454,0.9913,pagerank,2024-08-18
PRD00834,USR01412,0.9206,pagerank,2025-03-06
PRD00182,USR00239,0.9712,hybrid,2025-03-25
PRD01015,USR01333,0.6391,pagerank,2023-07-11
PRD01425,USR00474,0.771,collaborative,2024-02-07
PRD02042,USR01378,0.8103,hybrid,2024-03-24
PRD02479,USR00489,0.8585,collaborative,2025-08-13
PRD00065,USR01296,0.9422,node-similarity,2025-04-28
PRD01600,USR00154,0.8738,node-similarity,2023-06-19
PRD01677,USR00910,0.8535,hybrid,2025-08-17
PRD01291,USR00213,0.7377,hybrid,2024-04-07
PRD00768,USR00228,0.8444,hybrid,2025-12-03
PRD00673,USR00254,0.812,content-based,2023-11-17
PRD00958,USR01402,0.5375,collaborative,2023-10-19
PRD01487,USR00872,0.6374,node-similarity,2023-03-28
PRD02829,USR00293,0.7492,pagerank,2025-08-11
PRD00608,USR01041,0.6113,pagerank,2025-05-08
PRD00053,USR00478,0.9559,collaborative,2023-09-26
PRD00936,USR00441,0.8476,pagerank,2023-01-08
PRD02713,USR01147,0.8779,content-based,2023-12-22
PRD01615,USR00280,0.6174,pagerank,2024-08-20
PRD02557,USR01145,0.983,pagerank,2025-04-24
PRD02278,USR00750,0.5891,node-similarity,2025-01-21
PRD01737,USR01235,0.594,hybrid,2025-02-08
PRD00703,USR00362,0.737,pagerank,2024-07-31
PRD00937,USR00184,0.5768,collaborative,2023-11-11
PRD01485,USR00727,0.5772,pagerank,2025-04-16
PRD00481,USR00146,0.8721,collaborative,2025-12-13
PRD01323,USR00720,0.866,collaborative,2025-05-28
PRD01854,USR00450,0.9984,content-based,2023-12-06
PRD02205,USR00741,0.7075,pagerank,2025-02-23
PRD00135,USR01305,0.9133,hybrid,2025-02-14
PRD00115,USR00510,0.6206,hybrid,2023-06-05
PRD00805,USR00046,0.8392,node-similarity,2023-09-11
PRD00695,USR00881,0.5292,content-based,2023-12-08
PRD01327,USR01443,0.6027,hybrid,2025-08-26
PRD01669,USR00405,0.8919,collaborative,2023-04-14
PRD00028,USR01244,0.9833,collaborative,2023-02-14
PRD00769,USR00022,0.9495,collaborative,2025-11-16
PRD02521,USR00790,0.8574,hybrid,2024-08-17
PRD01348,USR01157,0.9632,pagerank,2023-05-22
PRD00187,USR00594,0.6038,node-similarity,2025-02-03
PRD00491,USR01384,0.8433,collaborative,2023-03-03
PRD02336,USR00621,0.9307,content-based,2024-09-15
PRD00902,USR00785,0.7523,content-based,2024-06-10
PRD02989,USR01357,0.797,hybrid,2025-11-19
PRD01192,USR01377,0.9178,content-based,2024-07-06
PRD01739,USR00505,0.9334,content-based,2023-01-12
PRD02281,USR00011,0.572,pagerank,2023-06-08
PRD01735,USR00804,0.9916,hybrid,2023-10-21
PRD02748,USR00966,0.6467,collaborative,2024-05-07
PRD01718,USR01305,0.6729,content-based,2025-08-14
PRD02357,USR00251,0.682,node-similarity,2024-09-02
PRD00648,USR00298,0.5309,hybrid,2023-02-15
PRD01805,USR00599,0.9216,pagerank,2023-01-18
PRD02105,USR00752,0.7402,hybrid,2025-12-30
PRD01442,USR01007,0.6437,content-based,2024-02-04
PRD02272,USR00053,0.6841,pagerank,2023-05-08
PRD01910,USR01173,0.7831,node-similarity,2023-04-09
PRD02760,USR01238,0.5242,pagerank,2025-10-30
PRD02369,USR01179,0.8751,collaborative,2024-07-18
PRD02570,USR00330,0.5695,pagerank,2023-05-21
PRD01208,USR00850,0.5074,hybrid,2023-06-24
PRD00041,USR00844,0.507,hybrid,2023-08-25
PRD02833,USR00947,0.964,content-based,2025-05-27
PRD01601,USR00854,0.9283,pagerank,2023-11-08
PRD00413,USR00357,0.8985,node-similarity,2024-07-25
PRD01293,USR00891,0.6178,collaborative,2024-10-13
PRD02246,USR00992,0.7162,collaborative,2025-09-24
PRD00266,USR00091,0.8531,node-similarity,2024-04-29
PRD02638,USR00562,0.8628,node-similarity,2023-12-10
PRD01583,USR00993,0.5855,pagerank,2025-06-15
PRD01147,USR00881,0.6612,collaborative,2023-06-11
PRD02449,USR00033,0.9693,collaborative,2024-03-06
PRD00784,USR00436,0.8468,hybrid,2024-03-24
PRD00215,USR01302,0.7217,pagerank,2025-07-20
PRD01345,USR01243,0.9783,node-similarity,2023-05-09
PRD00532,USR00016,0.6354,node-similarity,2023-06-20
PRD00479,USR00345,0.7104,hybrid,2025-04-03
PRD02417,USR00332,0.9994,node-similarity,2024-08-06
PRD01471,USR00373,0.6953,content-based,2025-04-18
PRD00037,USR00074,0.6686,collaborative,2025-09-26
PRD02287,USR00905,0.9081,hybrid,2024-02-25
PRD00804,USR00013,0.9786,hybrid,2023-09-30
PRD02760,USR00469,0.8425,node-similarity,2024-02-25
PRD02520,USR01342,0.5024,hybrid,2023-02-06
PRD02155,USR01101,0.7792,hybrid,2023-10-08
PRD02455,USR00493,0.6122,node-similarity,2023-04-20
PRD00147,USR01273,0.9393,content-based,2024-05-14
PRD00092,USR01073,0.8893,hybrid,2024-10-07
PRD00929,USR00781,0.6866,node-similarity,2023-11-18
PRD00785,USR00705,0.8929,node-similarity,2024-03-19
PRD01413,USR00420,0.9242,collaborative,2023-05-15
PRD00280,USR00252,0.7496,hybrid,2025-02-26
PRD01570,USR00373,0.91,content-based,2023-11-20
PRD02802,USR01464,0.5911,node-similarity,2024-03-04
PRD00891,USR01298,0.7855,node-similarity,2024-04-10
PRD02343,USR00149,0.9637,collaborative,2025-01-27
PRD02102,USR01207,0.7439,hybrid,2025-03-19
PRD01238,USR00359,0.5721,collaborative,2025-03-19
PRD02203,USR01007,0.6008,node-similarity,2024-05-31
PRD00383,USR00968,0.7633,content-based,2025-09-29
PRD01547,USR00381,0.6096,hybrid,2023-06-06
PRD01037,USR01449,0.6539,node-similarity,2024-05-14
PRD02409,USR01094,0.7353,node-similarity,2025-07-09
PRD01185,USR00528,0.7162,content-based,2025-08-26
PRD00035,USR00379,0.5524,hybrid,2024-09-02
PRD00403,USR00267,0.7151,content-based,2024-07-31
PRD02171,USR00567,0.8249,node-similarity,2023-09-12
PRD00759,USR01219,0.8081,pagerank,2025-06-30
PRD01096,USR00744,0.652,pagerank,2024-07-24
PRD02459,USR00622,0.642,collaborative,2025-04-10
PRD00762,USR00945,0.9052,content-based,2024-01-02
PRD02077,USR00503,0.5091,pagerank,2023-09-14
PRD02476,USR01009,0.9937,node-similarity,2023-11-09
PRD00252,USR00544,0.8583,node-similarity,2025-06-25
PRD01846,USR00715,0.6224,node-similarity,2024-12-02
PRD01007,USR00154,0.9068,collaborative,2024-06-08
PRD01719,USR00811,0.6013,hybrid,2025-01-28
PRD00082,USR00729,0.7571,node-similarity,2024-09-26
PRD00630,USR00748,0.5818,node-similarity,2024-12-25
PRD01838,USR00127,0.6701,content-based,2023-09-08
PRD00820,USR00374,0.8295,content-based,2023-11-02
PRD00130,USR00798,0.6528,collaborative,2023-02-20
PRD00348,USR00959,0.7692,node-similarity,2023-11-19
PRD02474,USR00134,0.5141,content-based,2023-07-08
PRD01596,USR00186,0.8373,pagerank,2024-07-02
PRD00271,USR00496,0.8393,node-similarity,2023-11-19
PRD01313,USR00071,0.543,hybrid,2025-11-10
PRD00385,USR00405,0.7811,pagerank,2023-07-27
PRD01316,USR01423,0.6406,collaborative,2025-03-02
PRD01707,USR00023,0.9965,pagerank,2025-12-08
PRD00187,USR01107,0.7442,node-similarity,2023-11-25
PRD00661,USR00504,0.5983,pagerank,2024-08-09
PRD00070,USR01055,0.5534,content-based,2024-07-23
PRD01854,USR01038,0.5365,hybrid,2025-02-20
PRD02132,USR00499,0.8315,collaborative,2023-06-15
PRD00266,USR00653,0.9895,pagerank,2025-04-07
PRD00906,USR01002,0.9073,collaborative,2025-05-13
PRD00654,USR01079,0.5597,node-similarity,2024-09-08
PRD00337,USR01341,0.8024,content-based,2025-11-13
PRD02804,USR00180,0.9128,node-similarity,2024-02-15
PRD02493,USR01218,0.8148,collaborative,2023-02-03
PRD01232,USR00602,0.8099,pagerank,2023-09-23
PRD00419,USR00201,0.506,content-based,2025-01-01
PRD00038,USR00956,0.7128,content-based,2023-08-11
PRD01177,USR00103,0.6637,pagerank,2024-02-29
PRD02649,USR01245,0.6567,content-based,2024-08-18
PRD02198,USR00866,0.7412,hybrid,2024-07-24
PRD00970,USR00709,0.5099,pagerank,2023-02-26
PRD01035,USR00917,0.653,node-similarity,2024-01-27
PRD01376,USR00295,0.5605,collaborative,2025-05-27
PRD00548,USR00529,0.7091,collaborative,2024-01-30
PRD01209,USR00090,0.9031,hybrid,2024-11-04
PRD02826,USR00011,0.9284,collaborative,2024-04-09
PRD02030,USR00186,0.7015,hybrid,2025-03-19
PRD02496,USR00935,0.7257,pagerank,2024-08-13
PRD01087,USR01306,0.516,content-based,2023-11-29
PRD00898,USR00750,0.9069,content-based,2025-05-28
PRD02742,USR01134,0.7759,hybrid,2025-11-16
PRD01414,USR00070,0.6273,node-similarity,2023-03-18
PRD01765,USR00349,0.6519,content-based,2024-08-21
PRD00669,USR01139,0.6771,content-based,2023-08-21
PRD02742,USR00098,0.6555,collaborative,2023-03-29
PRD02705,USR00808,0.7888,pagerank,2024-12-14
PRD02543,USR00558,0.7409,node-similarity,2025-09-23
PRD02614,USR01183,0.8651,collaborative,2023-12-10
PRD02086,USR00330,0.7909,collaborative,2024-08-08
PRD02393,USR00724,0.9258,collaborative,2024-08-02
PRD00880,USR00771,0.8795,collaborative,2023-04-17
PRD01447,USR00821,0.9697,hybrid,2024-09-23
PRD01834,USR01087,0.9666,node-similarity,2025-10-16
PRD02592,USR01226,0.6391,collaborative,2025-05-13
PRD01107,USR00913,0.9585,content-based,2023-08-19
PRD02257,USR00056,0.5166,pagerank,2025-08-14
PRD01041,USR01307,0.6714,pagerank,2025-12-13
PRD01450,USR00134,0.6838,node-similarity,2024-11-20
PRD01864,USR00964,0.7759,collaborative,2023-05-15
PRD00060,USR00777,0.8881,hybrid,2023-05-17
PRD01848,USR01027,0.6869,content-based,2025-08-15
PRD00551,USR01248,0.8982,node-similarity,2023-03-16
PRD02459,USR01036,0.914,pagerank,2023-03-07
PRD01266,USR00100,0.7216,node-similarity,2024-01-19
PRD00408,USR00094,0.9417,hybrid,2024-04-08
PRD01837,USR00625,0.7999,pagerank,2024-04-13
PRD02515,USR00209,0.9494,node-similarity,2024-02-14
PRD01334,USR01281,0.5476,hybrid,2025-11-01
PRD01154,USR00781,0.6959,pagerank,2025-07-09
PRD00868,USR00447,0.6446,node-similarity,2024-11-23
PRD01491,USR00474,0.613,content-based,2025-04-22
PRD02970,USR00182,0.9165,pagerank,2025-08-20
PRD00763,USR00017,0.5621,collaborative,2024-05-03
PRD00511,USR00111,0.8557,hybrid,2023-05-16
PRD00024,USR00403,0.9887,collaborative,2025-06-22
PRD00760,USR00417,0.6777,collaborative,2024-09-23
PRD00537,USR01194,0.6205,node-similarity,2024-05-10
PRD01910,USR00896,0.8178,node-similarity,2025-05-18
PRD00383,USR01150,0.5124,collaborative,2023-03-21
PRD02354,USR00891,0.9926,collaborative,2024-11-06
PRD01760,USR00065,0.5615,content-based,2023-12-12
PRD01288,USR00762,0.8492,hybrid,2024-07-14
PRD00488,USR00748,0.7967,pagerank,2023-12-20
PRD02410,USR00628,0.919,node-similarity,2023-04-15
PRD02076,USR00499,0.8987,hybrid,2024-04-30
PRD02739,USR01459,0.9734,content-based,2025-08-20
PRD02856,USR01027,0.8179,hybrid,2024-11-26
PRD02402,USR01459,0.5535,content-based,2025-09-23
PRD00178,USR00581,0.935,pagerank,2023-04-19
PRD02212,USR00855,0.8647,hybrid,2023-03-27
PRD00076,USR01417,0.5266,pagerank,2023-09-05
PRD01309,USR00984,0.9841,node-similarity,2025-10-02
PRD00814,USR01160,0.7819,collaborative,2025-03-24
PRD02740,USR00713,0.9269,hybrid,2025-01-04
PRD01714,USR00348,0.5299,node-similarity,2024-01-09
PRD00173,USR00588,0.5508,node-similarity,2025-12-31
PRD02231,USR01443,0.7626,hybrid,2023-12-30
PRD02794,USR01162,0.9107,pagerank,2023-04-08
PRD01997,USR00136,0.5961,node-similarity,2023-12-02
PRD00780,USR01137,0.6328,pagerank,2023-10-29
PRD01013,USR00242,0.5687,collaborative,2024-10-01
PRD00328,USR00347,0.6896,hybrid,2023-02-11
PRD02435,USR00588,0.5741,content-based,2023-02-02
PRD01878,USR01303,0.6395,pagerank,2024-09-07
PRD01280,USR00791,0.5065,pagerank,2024-01-08
PRD02128,USR00392,0.9598,node-similarity,2024-08-07
PRD01554,USR00425,0.821,node-similarity,2025-05-31
PRD01524,USR00381,0.8744,hybrid,2024-04-04
PRD01333,USR01148,0.747,pagerank,2025-12-15
PRD02945,USR00533,0.7006,hybrid,2024-07-06
PRD00553,USR00755,0.6225,hybrid,2025-08-24
PRD02628,USR01208,0.5332,pagerank,2025-12-24
PRD01628,USR00421,0.5924,node-similarity,2023-10-17
PRD01722,USR00076,0.8353,collaborative,2025-07-22
PRD02926,USR00321,0.5261,pagerank,2023-11-11
PRD00919,USR00109,0.9634,pagerank,2023-04-07
PRD02680,USR00585,0.691,hybrid,2024-06-28
PRD00423,USR01295,0.6027,content-based,2025-08-22
PRD00497,USR00591,0.8939,content-based,2023-02-19
PRD01073,USR00823,0.6571,pagerank,2024-10-09
PRD02726,USR00534,0.7825,content-based,2024-07-12
PRD01206,USR01496,0.5433,pagerank,2024-02-26
PRD01453,USR00145,0.848,collaborative,2023-07-15
PRD00628,USR00287,0.6174,hybrid,2023-11-04
PRD00571,USR00136,0.5935,collaborative,2024-08-08
PRD02697,USR01042,0.8576,pagerank,2023-02-12
PRD01167,USR01286,0.5686,node-similarity,2023-10-16
PRD01057,USR00334,0.6756,pagerank,2025-08-15
PRD00343,USR01272,0.975,hybrid,2024-06-27
PRD00673,USR00131,0.7452,hybrid,2024-01-21
PRD02247,USR00402,0.9763,content-based,2024-04-05
PRD02418,USR00567,0.7673,pagerank,2023-07-30
PRD02556,USR01003,0.8305,hybrid,2023-10-27
PRD02877,USR01336,0.8575,pagerank,2025-12-19
PRD01473,USR00533,0.934,pagerank,2023-11-30
PRD02418,USR01246,0.7317,collaborative,2023-04-26
PRD01094,USR00727,0.5121,hybrid,2025-01-17
PRD02695,USR00777,0.9917,node-similarity,2023-10-11
PRD02194,USR01386,0.8477,pagerank,2025-07-08
PRD02215,USR01182,0.633,content-based,2025-05-21
PRD01422,USR00781,0.8308,content-based,2023-09-19
PRD02800,USR00740,0.9129,hybrid,2023-09-05
PRD02767,USR00412,0.5581,content-based,2023-09-17
PRD01573,USR00341,0.5162,content-based,2023-11-09
PRD02051,USR00626,0.812,node-similarity,2024-01-31
PRD01576,USR01298,0.9091,content-based,2024-10-07
PRD01810,USR01161,0.8312,node-similarity,2025-09-28
PRD02983,USR00220,0.6914,node-similarity,2023-10-21
PRD00091,USR00663,0.7294,content-based,2025-06-27
PRD00359,USR00825,0.6176,pagerank,2024-08-27
PRD02619,USR00773,0.6751,node-similarity,2024-08-13
PRD01485,USR00613,0.7135,node-similarity,2023-07-09
PRD01168,USR00833,0.591,pagerank,2024-07-09
PRD00731,USR00689,0.9075,node-similarity,2025-09-26
PRD00673,USR00242,0.6625,hybrid,2024-01-08
PRD02497,USR00470,0.902,pagerank,2025-03-26
PRD02286,USR00450,0.9345,hybrid,2025-07-25
PRD02209,USR01252,0.6588,node-similarity,2024-07-12
PRD00270,USR01157,0.7673,collaborative,2024-10-12
PRD00882,USR00954,0.8568,content-based,2025-07-18
PRD00365,USR00863,0.5956,collaborative,2025-09-05
PRD01722,USR00047,0.6601,hybrid,2024-01-18
PRD02992,USR00665,0.5709,pagerank,2025-08-13
PRD02755,USR00118,0.6394,hybrid,2024-04-08
PRD02267,USR01110,0.5169,hybrid,2025-02-25
PRD01631,USR00193,0.6411,pagerank,2023-12-16
PRD00598,USR00990,0.5189,content-based,2023-01-13
PRD01951,USR01353,0.8051,collaborative,2024-06-02
PRD02690,USR00488,0.8606,content-based,2025-08-30
PRD01622,USR00248,0.7873,content-based,2023-04-02
PRD00657,USR00573,0.9153,node-similarity,2024-01-21
PRD02554,USR00364,0.7422,node-similarity,2024-06-27
PRD01347,USR00561,0.9747,hybrid,2025-12-28
PRD00227,USR00984,0.8262,hybrid,2023-07-18
PRD01145,USR00846,0.5388,pagerank,2024-07-17
PRD00205,USR01013,0.7065,pagerank,2024-04-20
PRD02719,USR00343,0.6822,pagerank,2025-02-09
PRD02942,USR00951,0.6908,content-based,2025-11-04
PRD00093,USR01288,0.5731,pagerank,2025-01-08
PRD00779,USR00295,0.6958,node-similarity,2024-12-26
PRD02218,USR00463,0.5866,collaborative,2025-07-31
PRD00628,USR00708,0.5755,content-based,2023-12-08
PRD02735,USR00299,0.5005,pagerank,2024-07-16
PRD01156,USR00043,0.6953,node-similarity,2025-01-05
PRD00214,USR00154,0.561,collaborative,2024-11-19
PRD00651,USR00274,0.5832,content-based,2024-06-06
PRD02697,USR00040,0.6882,content-based,2025-01-06
PRD02658,USR01104,0.7574,content-based,2024-10-27
PRD00443,USR00920,0.5923,node-similarity,2025-06-04
PRD00073,USR00510,0.6468,hybrid,2023-05-27
PRD02515,USR01472,0.8014,pagerank,2025-11-27
PRD01652,USR00924,0.9508,content-based,2024-06-12
PRD01369,USR01186,0.9204,node-similarity,2023-03-18
PRD02063,USR01242,0.7145,node-similarity,2024-04-10
PRD00877,USR00390,0.7308,collaborative,2024-10-28
PRD01872,USR00823,0.7688,node-similarity,2024-01-29
PRD01959,USR01327,0.5923,node-similarity,2023-09-23
PRD02089,USR00726,0.5371,hybrid,2025-03-17
PRD02821,USR00494,0.8237,node-similarity,2024-01-19
PRD01128,USR00088,0.7569,collaborative,2023-08-02
PRD01089,USR00930,0.7256,hybrid,2023-12-10
PRD01719,USR00224,0.9738,pagerank,2023-11-01
PRD02058,USR00188,0.8852,collaborative,2023-01-31
PRD00835,USR00344,0.7475,pagerank,2025-12-12
PRD01602,USR01056,0.5139,hybrid,2023-07-06
PRD01661,USR00805,0.8066,collaborative,2024-11-11
PRD01877,USR00353,0.7469,node-similarity,2023-02-16
PRD00649,USR00680,0.5015,hybrid,2025-10-22
PRD01494,USR01033,0.5844,content-based,2024-05-14
PRD02139,USR01173,0.8326,node-similarity,2024-06-16
PRD00075,USR01213,0.9721,pagerank,2023-11-03
PRD02290,USR01104,0.9793,hybrid,2024-09-30
PRD00106,USR00471,0.6676,hybrid,2024-01-20
PRD00040,USR00631,0.922,pagerank,2025-01-16
PRD01764,USR00521,0.7885,pagerank,2025-12-22
PRD00827,USR00270,0.5382,collaborative,2023-06-23
PRD00750,USR00630,0.922,collaborative,2025-06-11
PRD00252,USR00195,0.5728,pagerank,2023-04-16
PRD01597,USR01029,0.643,collaborative,2023-07-11
PRD00721,USR00976,0.7812,hybrid,2023-10-25
PRD01519,USR00331,0.6448,content-based,2024-01-14
PRD00001,USR00714,0.5253,node-similarity,2025-03-10
PRD00977,USR00515,0.9167,node-similarity,2023-10-26
PRD00751,USR01113,0.6108,collaborative,2023-11-01
PRD01628,USR00008,0.9985,content-based,2025-01-28
PRD01467,USR00784,0.7051,pagerank,2024-05-22
PRD02861,USR01054,0.8204,pagerank,2023-10-26
PRD00739,USR00242,0.8198,collaborative,2024-03-07
PRD01671,USR01106,0.6468,node-similarity,2023-08-28
PRD01632,USR00548,0.8811,hybrid,2023-03-05
PRD00966,USR01226,0.9323,node-similarity,2024-12-20
PRD00019,USR00316,0.504,content-based,2024-09-21
PRD02578,USR01316,0.9082,hybrid,2025-04-30
PRD02350,USR01092,0.5257,hybrid,2025-05-23
PRD02232,USR00200,0.904,node-similarity,2024-09-20
PRD02453,USR00576,0.6307,collaborative,2023-01-15
PRD00690,USR01480,0.7937,pagerank,2024-04-30
PRD00211,USR00265,0.8778,hybrid,2023-01-03
PRD01635,USR00641,0.6085,pagerank,2023-10-15
PRD02239,USR00190,0.6192,pagerank,2024-06-15
PRD00158,USR00911,0.9488,collaborative,2023-03-30
PRD00815,USR00544,0.9632,pagerank,2023-12-08
PRD00549,USR01389,0.5227,pagerank,2025-02-05
PRD00486,USR01051,0.8042,content-based,2024-10-07
PRD01694,USR01188,0.8172,pagerank,2023-10-28
PRD00745,USR01073,0.9135,pagerank,2023-02-24
PRD02551,USR01484,0.9394,pagerank,2025-01-05
PRD00468,USR00342,0.8494,node-similarity,2023-05-20
PRD00068,USR01332,0.8856,node-similarity,2025-09-08
PRD02227,USR00295,0.7922,node-similarity,2024-04-10
PRD02981,USR01320,0.7296,content-based,2024-12-10
PRD01923,USR01482,0.7856,content-based,2024-11-10
PRD02303,USR00738,0.6932,node-similarity,2025-01-31
PRD00927,USR00847,0.8667,hybrid,2023-05-15
PRD00217,USR00975,0.937,pagerank,2023-03-30
PRD02874,USR00241,0.7048,content-based,2024-11-04
PRD00599,USR01231,0.9919,hybrid,2023-05-07
PRD02667,USR01135,0.5613,hybrid,2025-09-30
PRD00037,USR01138,0.6584,hybrid,2023-01-11
PRD01059,USR00932,0.9034,node-similarity,2025-10-21
PRD02974,USR01084,0.8136,collaborative,2025-12-23
PRD00483,USR00148,0.5557,hybrid,2023-07-17
PRD02495,USR00734,0.8195,hybrid,2025-04-17
PRD00381,USR01249,0.73,node-similarity,2024-01-02
PRD00431,USR00083,0.8539,pagerank,2025-05-30
PRD02143,USR00473,0.9037,content-based,2024-05-24
PRD01440,USR01434,0.501,hybrid,2023-02-03
PRD02061,USR01461,0.7326,node-similarity,2023-10-22
PRD01156,USR00450,0.8208,node-similarity,2024-02-17
PRD00197,USR00176,0.9235,pagerank,2025-06-20
PRD01875,USR00531,0.7656,node-similarity,2023-04-15
PRD00626,USR00490,0.8794,pagerank,2023-12-25
PRD01620,USR01039,0.878,hybrid,2023-10-22
PRD02769,USR00434,0.7051,content-based,2024-11-30
PRD00690,USR00133,0.7035,pagerank,2025-10-24
PRD00990,USR01378,0.6453,node-similarity,2024-10-19
PRD00314,USR00070,0.7325,collaborative,2023-07-04
PRD00749,USR00014,0.8514,pagerank,2024-10-13
PRD01189,USR01177,0.7584,content-based,2025-09-23
PRD01837,USR00966,0.5966,node-similarity,2023-12-01
PRD01747,USR00631,0.524,collaborative,2024-07-13
PRD02940,USR00539,0.7964,node-similarity,2023-06-27
PRD02376,USR01190,0.8394,pagerank,2024-11-19
PRD00521,USR00151,0.7902,content-based,2023-01-30
PRD00075,USR00141,0.5771,hybrid,2024-09-18
PRD00690,USR00747,0.8693,content-based,2023-08-03
PRD00262,USR01381,0.9063,content-based,2024-07-06
PRD02878,USR01460,0.6687,content-based,2025-11-22
PRD02498,USR00286,0.9563,pagerank,2023-09-01
PRD00313,USR01345,0.6692,pagerank,2025-08-27
PRD00627,USR00248,0.5327,content-based,2024-05-18
PRD01288,USR00276,0.994,pagerank,2023-11-10
PRD02473,USR00083,0.756,pagerank,2025-09-02
PRD00193,USR01327,0.9093,node-similarity,2025-08-04
PRD00088,USR00271,0.6542,pagerank,2024-05-09
PRD02565,USR00025,0.7056,node-similarity,2023-10-13
PRD00677,USR01008,0.9297,content-based,2023-10-10
PRD01171,USR00396,0.5588,content-based,2024-04-08
PRD00554,USR01450,0.5966,pagerank,2025-10-17
PRD00537,USR00491,0.8008,node-similarity,2023-06-29
PRD01298,USR00650,0.7699,collaborative,2025-08-23
PRD01275,USR00258,0.8947,content-based,2024-02-04
PRD01971,USR01076,0.816,node-similarity,2023-03-26
PRD01658,USR01153,0.5305,content-based,2023-08-05
PRD02277,USR01050,0.7452,collaborative,2023-02-27
PRD01539,USR00471,0.5394,collaborative,2024-03-08
PRD00997,USR00749,0.5183,hybrid,2025-07-25
PRD01262,USR01029,0.8885,collaborative,2025-05-29
PRD00762,USR01295,0.5282,collaborative,2023-07-08
PRD00638,USR00739,0.9239,hybrid,2025-01-11
PRD00976,USR00465,0.6815,hybrid,2025-09-14
PRD01411,USR00597,0.9764,pagerank,2025-08-24
PRD02718,USR00575,0.9642,collaborative,2025-03-22
PRD02527,USR00438,0.5231,content-based,2025-02-02
PRD00081,USR00062,0.5769,pagerank,2023-09-12
PRD00722,USR00637,0.8181,content-based,2024-10-04
PRD01731,USR00979,0.8943,node-similarity,2024-06-05
PRD02587,USR01200,0.5008,pagerank,2023-01-31
PRD00427,USR00890,0.8079,node-similarity,2025-08-13
PRD02048,USR00470,0.8837,content-based,2024-08-01
PRD01664,USR00216,0.9341,node-similarity,2024-05-28
PRD00806,USR00667,0.5884,collaborative,2023-10-24
PRD01469,USR00947,0.6226,collaborative,2025-04-13
PRD02344,USR01344,0.593,node-similarity,2023-08-30
PRD00462,USR00697,0.8387,hybrid,2025-03-09
PRD01153,USR00428,0.872,hybrid,2024-06-08
PRD01550,USR00843,0.5236,collaborative,2024-07-19
PRD00759,USR00930,0.804,collaborative,2024-07-07
PRD02261,USR00051,0.8392,pagerank,2023-03-19
PRD02981,USR00916,0.7851,hybrid,2023-12-23
PRD01758,USR00024,0.9589,collaborative,2025-07-23
PRD01499,USR00751,0.8947,collaborative,2024-06-23
PRD01954,USR01359,0.9281,content-based,2025-05-26
PRD00313,USR00506,0.7636,content-based,2024-01-03
PRD01410,USR00539,0.9731,pagerank,2024-02-27
PRD02715,USR00900,0.7782,collaborative,2025-02-11
PRD01600,USR01429,0.9041,pagerank,2023-11-29
PRD01404,USR00692,0.9525,collaborative,2024-01-13
PRD00474,USR01426,0.5419,node-similarity,2023-10-13
PRD00248,USR00137,0.5177,node-similarity,2024-07-29
PRD00949,USR00020,0.5308,hybrid,2023-07-19
PRD01721,USR00615,0.7004,collaborative,2023-03-28
PRD01253,USR01107,0.6651,hybrid,2024-02-11
PRD01922,USR00188,0.7511,node-similarity,2023-07-31
PRD01271,USR00993,0.6704,hybrid,2024-05-09
PRD01127,USR00322,0.8906,node-similarity,2025-09-20
PRD01239,USR00013,0.967,node-similarity,2024-10-16
PRD01050,USR00091,0.6949,collaborative,2024-04-28
PRD01382,USR00194,0.5245,node-similarity,2024-04-01
PRD01464,USR00576,0.501,hybrid,2023-02-10
PRD01062,USR00290,0.9161,node-similarity,2023-10-29
PRD01074,USR01108,0.6097,pagerank,2025-05-07
PRD00226,USR00664,0.5848,node-similarity,2025-03-01
PRD01317,USR00588,0.7465,content-based,2025-02-22
PRD01288,USR00832,0.6022,pagerank,2023-02-17
PRD01801,USR01354,0.6184,node-similarity,2025-07-19
PRD02369,USR01157,0.6139,hybrid,2023-01-08
PRD02888,USR00656,0.7331,collaborative,2025-03-27
PRD02745,USR01169,0.5978,content-based,2024-04-09
PRD00231,USR00371,0.6017,content-based,2025-03-07
PRD00164,USR01452,0.8928,collaborative,2023-10-25
PRD01430,USR00343,0.5246,node-similarity,2025-01-12
PRD01690,USR00002,0.68,node-similarity,2025-02-13
PRD01910,USR00942,0.8691,node-similarity,2024-02-25
PRD02239,USR01353,0.8996,node-similarity,2025-01-15
PRD02084,USR00124,0.6268,hybrid,2025-12-29
PRD01889,USR00527,0.5997,collaborative,2024-02-15
PRD02424,USR01034,0.8633,content-based,2025-10-21
PRD00010,USR00108,0.8587,node-similarity,2023-03-31
PRD01253,USR00816,0.6066,pagerank,2023-03-31
PRD01149,USR00431,0.6029,node-similarity,2025-03-27
PRD00476,USR00728,0.686,hybrid,2023-10-02
PRD00566,USR00324,0.8851,collaborative,2024-05-06
PRD00415,USR00647,0.5873,hybrid,2023-01-10
PRD01527,USR00171,0.9923,hybrid,2023-08-30
PRD01222,USR00608,0.7127,content-based,2025-06-26
PRD01074,USR00489,0.5288,hybrid,2023-02-17
PRD00630,USR00285,0.566,hybrid,2023-03-05
PRD00813,USR00764,0.7891,hybrid,2024-12-04
PRD00780,USR00777,0.9936,node-similarity,2024-05-30
PRD01185,USR01460,0.9251,collaborative,2023-05-24
PRD02898,USR00533,0.9176,collaborative,2023-01-21
PRD01653,USR01053,0.8437,node-similarity,2023-01-20
PRD00962,USR00271,0.6886,pagerank,2025-05-18
PRD01254,USR01413,0.6535,collaborative,2025-05-25
PRD00337,USR01046,0.8452,node-similarity,2024-03-16
PRD01739,USR01323,0.8489,hybrid,2023-05-13
PRD02906,USR00378,0.8846,pagerank,2025-12-30
PRD00232,USR00795,0.7399,pagerank,2024-02-17
PRD01936,USR01450,0.6613,node-similarity,2023-05-02
PRD00714,USR00070,0.8471,content-based,2023-04-05
PRD01028,USR00488,0.9863,node-similarity,2023-10-19
PRD00934,USR01097,0.9471,collaborative,2025-09-02
PRD00432,USR00816,0.9993,hybrid,2025-10-06
PRD00982,USR00859,0.5659,hybrid,2023-01-11
PRD02983,USR00911,0.6264,collaborative,2024-03-19
PRD01178,USR01219,0.5834,content-based,2025-09-12
PRD01503,USR01073,0.8574,hybrid,2024-05-20
PRD01657,USR01129,0.6301,node-similarity,2024-11-05
PRD01666,USR00589,0.5722,hybrid,2025-08-10
PRD02316,USR00413,0.6893,content-based,2025-05-10
PRD01578,USR00397,0.9921,hybrid,2025-05-19
