userId,productId,viewedAt,duration,source
USR00001,PRD02647,2021-07-03,105,recommendation
USR00001,PRD00322,2023-04-19,227,recommendation
USR00001,PRD01373,2025-06-28,357,email
USR00001,PRD02064,2023-12-11,283,search
USR00001,PRD01156,2022-12-12,472,recommendation
USR00001,PRD01963,2022-05-11,357,recommendation
USR00001,PRD02297,2023-07-25,546,direct
USR00002,PRD02043,2023-03-02,495,ad
USR00002,PRD00320,2023-03-03,235,recommendation
USR00002,PRD01093,2023-10-21,475,social
USR00002,PRD02269,2023-07-05,245,homepage
USR00002,PRD00338,2025-04-25,89,social
USR00002,PRD01803,2025-12-13,358,email
USR00003,PRD01021,2021-05-08,305,ad
USR00003,PRD01333,2022-02-14,482,ad
USR00003,PRD00215,2025-09-10,515,recommendation
USR00003,PRD02750,2023-10-16,105,homepage
USR00003,PRD00311,2022-06-04,227,social
USR00003,PRD01687,2024-03-09,159,ad
USR00004,PRD00347,2024-03-08,135,social
USR00004,PRD00694,2024-10-24,481,direct
USR00004,PRD02472,2025-12-12,242,search
USR00004,PRD01811,2024-09-28,384,search
USR00004,PRD01071,2023-06-23,346,email
USR00004,PRD02965,2021-05-03,583,direct
USR00004,PRD01797,2022-09-17,130,recommendation
USR00005,PRD02029,2022-09-23,337,search
USR00005,PRD00400,2024-10-11,105,direct
USR00006,PRD02458,2023-01-02,258,search
USR00006,PRD02251,2023-01-31,499,ad
USR00006,PRD02842,2021-05-30,459,recommendation
USR00006,PRD00355,2023-04-03,278,recommendation
USR00006,PRD01832,2023-12-25,339,ad
USR00006,PRD02242,2024-03-18,315,direct
USR00007,PRD00805,2024-06-08,478,ad
USR00007,PRD01552,2021-11-17,90,direct
USR00007,PRD02936,2021-02-14,531,social
USR00007,PRD02855,2025-05-31,504,recommendation
USR00007,PRD02266,2025-04-23,368,direct
USR00008,PRD00686,2021-04-01,517,direct
USR00008,PRD01221,2025-02-08,579,direct
USR00008,PRD00489,2022-04-25,591,direct
USR00008,PRD02680,2025-03-25,346,search
USR00008,PRD02482,2021-01-26,292,email
USR00009,PRD00504,2023-11-13,448,direct
USR00009,PRD01945,2022-04-10,9,social
USR00009,PRD01469,2025-03-06,400,homepage
USR00009,PRD01551,2022-01-02,235,social
USR00009,PRD02617,2022-01-04,278,search
USR00009,PRD01457,2021-07-01,252,ad
USR00009,PRD01161,2024-10-05,47,search
USR00009,PRD01896,2022-07-16,478,search
USR00010,PRD02613,2024-12-06,448,recommendation
USR00010,PRD00317,2021-09-20,333,direct
USR00010,PRD01101,2021-08-30,537,social
USR00010,PRD01399,2021-02-07,540,search
USR00011,PRD01108,2024-02-06,496,direct
USR00011,PRD01940,2022-02-18,492,direct
USR00011,PRD02300,2025-05-24,394,recommendation
USR00011,PRD00418,2023-07-12,593,homepage
USR00011,PRD02292,2024-08-13,367,ad
USR00011,PRD02856,2021-10-12,376,homepage
USR00011,PRD02787,2023-08-01,305,direct
USR00012,PRD00044,2022-07-29,393,recommendation
USR00012,PRD01850,2021-07-05,473,homepage
USR00012,PRD02610,2023-06-23,473,direct
USR00012,PRD02775,2021-05-18,373,ad
USR00012,PRD01858,2025-04-08,552,direct
USR00012,PRD01813,2022-01-01,588,direct
USR00012,PRD00951,2021-01-05,405,search
USR00012,PRD02208,2025-06-19,589,direct
USR00013,PRD02515,2021-12-30,22,social
USR00013,PRD00777,2023-11-02,178,social
USR00014,PRD00852,2025-07-31,388,recommendation
USR00014,PRD02878,2025-12-10,242,homepage
USR00014,PRD01365,2023-10-27,501,social
USR00014,PRD02140,2023-10-15,20,direct
USR00014,PRD00564,2021-10-01,73,homepage
USR00014,PRD02596,2022-06-27,266,ad
USR00014,PRD01690,2025-10-04,323,search
USR00015,PRD00455,2024-09-09,394,email
USR00015,PRD02539,2024-09-05,279,recommendation
USR00015,PRD02329,2022-10-02,523,homepage
USR00015,PRD02974,2021-03-02,493,recommendation
USR00015,PRD00364,2022-03-18,125,direct
USR00015,PRD01209,2024-11-08,367,recommendation
USR00015,PRD02849,2025-04-09,137,homepage
USR00016,PRD01088,2022-03-08,268,email
USR00016,PRD01642,2021-11-12,440,search
USR00016,PRD00295,2025-04-05,455,search
USR00016,PRD02996,2022-05-02,405,search
USR00016,PRD02269,2022-02-02,534,social
USR00016,PRD00521,2021-05-21,450,email
USR00016,PRD02988,2021-11-13,137,direct
USR00016,PRD01139,2021-05-29,395,recommendation
USR00017,PRD01945,2022-02-10,525,direct
USR00017,PRD02800,2023-05-29,571,direct
USR00017,PRD00049,2022-10-31,451,search
USR00017,PRD00034,2023-02-20,173,search
USR00017,PRD01887,2024-11-04,342,email
USR00017,PRD00761,2023-05-25,155,homepage
USR00017,PRD00915,2025-05-10,577,homepage
USR00018,PRD00269,2021-10-31,318,ad
USR00018,PRD01714,2025-02-01,499,email
USR00018,PRD02043,2023-10-16,203,ad
USR00018,PRD01795,2024-03-24,555,social
USR00019,PRD00011,2024-09-24,520,recommendation
USR00020,PRD02103,2022-07-25,579,recommendation
USR00020,PRD00482,2023-01-25,391,social
USR00020,PRD02259,2021-07-30,220,ad
USR00020,PRD00539,2021-12-08,70,homepage
USR00021,PRD02332,2023-01-10,285,homepage
USR00021,PRD02755,2021-12-06,586,search
USR00021,PRD00769,2021-11-09,347,homepage
USR00021,PRD01724,2021-08-09,324,recommendation
USR00021,PRD00912,2025-09-20,540,direct
USR00022,PRD01411,2021-05-26,334,social
USR00023,PRD02739,2025-02-15,191,email
USR00023,PRD01973,2023-11-24,230,ad
USR00023,PRD01197,2021-05-07,299,ad
USR00023,PRD02865,2023-04-19,433,recommendation
USR00023,PRD00231,2022-08-10,449,ad
USR00023,PRD02687,2025-02-19,256,social
USR00024,PRD02877,2023-12-22,187,homepage
USR00024,PRD00691,2023-04-26,430,social
USR00024,PRD00159,2024-01-28,392,email
USR00025,PRD02836,2021-06-18,370,homepage
USR00025,PRD02624,2023-09-23,105,ad
USR00025,PRD01817,2023-06-25,427,email
USR00025,PRD01180,2023-06-06,404,homepage
USR00026,PRD00787,2022-11-20,425,direct
USR00027,PRD00253,2024-03-02,275,recommendation
USR00027,PRD01568,2024-06-07,508,social
USR00027,PRD02383,2023-01-28,361,search
USR00027,PRD00205,2022-06-08,492,social
USR00027,PRD01692,2025-11-11,160,email
USR00027,PRD00547,2023-01-18,464,social
USR00027,PRD02525,2023-09-24,421,search
USR00028,PRD02644,2024-02-14,154,social
USR00028,PRD01662,2024-02-23,575,ad
USR00028,PRD00315,2024-03-01,149,social
USR00028,PRD00274,2021-01-07,523,email
USR00028,PRD00440,2023-09-27,411,direct
USR00028,PRD02228,2021-11-12,123,recommendation
USR00028,PRD01621,2025-08-13,333,social
USR00029,PRD02255,2021-02-11,165,homepage
USR00029,PRD01739,2022-04-13,291,email
USR00029,PRD00434,2022-07-16,121,direct
USR00029,PRD00333,2024-09-11,244,email
USR00029,PRD00993,2021-06-13,509,email
USR00029,PRD01772,2022-01-05,401,search
USR00029,PRD00394,2023-12-03,240,recommendation
USR00030,PRD02298,2022-07-20,132,ad
USR00030,PRD01880,2021-02-02,556,email
USR00030,PRD00255,2021-05-22,270,recommendation
USR00030,PRD00035,2025-11-04,424,ad
USR00030,PRD01473,2024-02-17,10,recommendation
USR00030,PRD01618,2025-08-27,583,recommendation
USR00030,PRD01939,2022-11-05,381,recommendation
USR00030,PRD00734,2023-02-16,452,email
USR00031,PRD01043,2024-11-26,74,recommendation
USR00031,PRD01472,2023-07-27,20,ad
USR00031,PRD02435,2024-06-26,76,social
USR00031,PRD00212,2025-09-06,474,ad
USR00031,PRD02487,2024-02-23,291,recommendation
USR00031,PRD02606,2021-06-08,478,recommendation
USR00031,PRD02740,2022-03-05,540,social
USR00032,PRD02153,2024-11-21,36,recommendation
USR00032,PRD02898,2021-04-01,17,social
USR00033,PRD01637,2025-05-18,215,direct
USR00033,PRD02569,2024-02-28,309,ad
USR00033,PRD01073,2024-12-27,344,homepage
USR00033,PRD00616,2024-08-30,166,ad
USR00033,PRD00355,2023-10-08,540,recommendation
USR00033,PRD00365,2022-11-29,93,direct
USR00034,PRD01686,2025-11-21,101,ad
USR00034,PRD02001,2025-09-10,376,social
USR00034,PRD01761,2022-01-20,92,direct
USR00034,PRD00843,2023-04-19,286,homepage
USR00034,PRD02847,2024-09-07,598,email
USR00034,PRD02949,2022-01-15,113,direct
USR00034,PRD02484,2023-10-06,393,recommendation
USR00035,PRD00797,2024-05-23,241,homepage
USR00036,PRD02836,2021-09-15,456,direct
USR00036,PRD02603,2023-02-06,72,recommendation
USR00036,PRD02951,2025-01-16,155,search
USR00036,PRD01043,2022-11-05,298,email
USR00036,PRD02136,2021-05-12,440,social
USR00036,PRD02427,2025-02-13,416,direct
USR00036,PRD01458,2022-12-18,155,search
USR00036,PRD02202,2023-03-18,187,search
USR00037,PRD01558,2023-06-07,593,ad
USR00037,PRD01104,2021-10-03,79,email
USR00037,PRD00123,2021-01-24,58,search
USR00037,PRD02229,2025-06-02,547,ad
USR00037,PRD02318,2022-07-16,477,direct
USR00037,PRD01416,2023-07-12,579,email
USR00037,PRD00666,2021-05-10,523,ad
USR00037,PRD02687,2021-02-19,546,search
USR00038,PRD00978,2025-03-30,407,search
USR00038,PRD00702,2021-01-14,592,direct
USR00038,PRD01677,2021-09-14,567,email
USR00038,PRD02269,2024-10-04,443,search
USR00038,PRD01051,2025-08-15,285,search
USR00038,PRD02956,2025-05-09,513,recommendation
USR00038,PRD01847,2025-12-07,68,email
USR00039,PRD02295,2023-02-07,103,email
USR00039,PRD02091,2023-10-25,433,homepage
USR00040,PRD01262,2022-03-12,468,social
USR00041,PRD02703,2025-06-30,329,social
USR00041,PRD00386,2022-08-28,71,search
USR00042,PRD01592,2025-03-22,333,homepage
USR00042,PRD01483,2023-07-02,372,direct
USR00042,PRD02952,2023-05-17,41,email
USR00043,PRD00813,2024-03-13,276,recommendation
USR00043,PRD02943,2025-10-07,547,direct
USR00043,PRD00195,2024-07-23,267,social
USR00044,PRD00868,2022-07-13,16,recommendation
USR00044,PRD01867,2021-05-18,481,social
USR00044,PRD02903,2023-12-09,354,email
USR00044,PRD01401,2025-02-08,213,ad
USR00044,PRD02414,2025-11-29,271,email
USR00044,PRD00819,2022-08-11,205,search
USR00044,PRD01512,2022-01-03,15,ad
USR00044,PRD02248,2024-08-11,195,recommendation
USR00045,PRD02630,2021-09-27,572,homepage
USR00046,PRD00360,2025-05-06,434,direct
USR00046,PRD00688,2024-01-01,89,ad
USR00046,PRD01616,2023-07-22,195,direct
USR00046,PRD02747,2023-07-01,390,ad
USR00046,PRD01634,2025-05-15,286,search
USR00046,PRD00023,2025-09-08,55,search
USR00047,PRD02076,2022-04-23,276,recommendation
USR00047,PRD02533,2021-12-05,68,direct
USR00047,PRD01993,2024-07-11,244,ad
USR00048,PRD00096,2023-11-09,227,direct
USR00048,PRD01987,2025-10-17,25,direct
USR00049,PRD01388,2022-03-02,512,email
USR00050,PRD00266,2024-06-03,409,recommendation
USR00050,PRD00625,2024-01-11,306,recommendation
USR00050,PRD01357,2022-08-14,67,email
USR00050,PRD01123,2024-11-30,505,email
USR00050,PRD01786,2024-01-14,486,social
USR00050,PRD02337,2025-12-08,64,homepage
USR00051,PRD02977,2022-03-27,543,recommendation
USR00051,PRD02291,2021-08-24,597,recommendation
USR00051,PRD00061,2021-02-08,14,search
USR00052,PRD02859,2024-08-13,587,direct
USR00052,PRD02845,2023-03-06,217,direct
USR00052,PRD01448,2022-07-03,90,social
USR00052,PRD02075,2024-03-16,219,homepage
USR00052,PRD00172,2025-12-22,575,social
USR00052,PRD02437,2022-05-22,441,ad
USR00053,PRD02422,2022-11-02,328,homepage
USR00053,PRD00959,2023-02-09,436,homepage
USR00053,PRD01667,2024-12-30,270,homepage
USR00053,PRD01837,2025-10-27,468,ad
USR00053,PRD00303,2022-10-11,471,direct
USR00053,PRD02194,2024-04-20,588,homepage
USR00054,PRD02853,2021-04-05,204,ad
USR00054,PRD02167,2023-09-05,148,ad
USR00054,PRD01602,2021-10-02,131,email
USR00054,PRD02066,2023-12-02,176,social
USR00054,PRD00847,2024-10-10,81,ad
USR00054,PRD01104,2022-09-24,577,email
USR00054,PRD02946,2024-11-24,324,email
USR00054,PRD01600,2024-05-13,250,ad
USR00055,PRD01352,2025-02-22,486,homepage
USR00055,PRD01551,2021-04-11,294,recommendation
USR00055,PRD02500,2025-08-26,36,social
USR00056,PRD01441,2024-10-12,158,ad
USR00056,PRD02660,2021-09-17,545,search
USR00056,PRD00939,2024-04-14,40,social
USR00057,PRD00637,2022-12-02,245,recommendation
USR00058,PRD01021,2022-09-24,571,ad
USR00058,PRD01168,2023-06-26,105,homepage
USR00058,PRD01068,2022-09-11,600,email
USR00059,PRD02210,2023-10-16,185,email
USR00059,PRD02102,2023-01-04,425,recommendation
USR00059,PRD01495,2025-08-13,19,recommendation
USR00059,PRD02821,2021-10-01,536,recommendation
USR00059,PRD00971,2021-01-20,311,recommendation
USR00059,PRD01000,2024-08-29,314,homepage
USR00059,PRD01128,2023-05-08,276,ad
USR00059,PRD01474,2021-11-22,166,search
USR00060,PRD02509,2022-08-14,579,search
USR00060,PRD01447,2022-05-25,257,search
USR00060,PRD02668,2025-06-05,553,recommendation
USR00060,PRD01206,2022-05-13,507,social
USR00061,PRD02615,2023-05-21,180,recommendation
USR00061,PRD02659,2024-03-02,312,ad
USR00061,PRD01404,2023-12-27,199,social
USR00062,PRD00761,2021-07-01,307,social
USR00062,PRD01433,2023-07-25,346,email
USR00062,PRD01611,2023-10-08,413,search
USR00062,PRD00709,2025-04-26,295,recommendation
USR00062,PRD00207,2025-10-10,83,search
USR00062,PRD01183,2022-02-02,188,ad
USR00063,PRD01301,2025-02-11,282,social
USR00064,PRD00917,2023-09-05,173,search
USR00065,PRD02273,2023-12-04,453,social
USR00065,PRD01275,2022-09-01,83,direct
USR00065,PRD01438,2025-08-06,53,recommendation
USR00065,PRD01645,2024-02-17,146,social
USR00065,PRD01602,2025-01-28,58,email
USR00065,PRD01030,2023-12-30,344,ad
USR00065,PRD00768,2024-03-06,527,email
USR00065,PRD01887,2025-04-25,380,recommendation
USR00066,PRD00578,2021-11-22,559,homepage
USR00066,PRD02322,2021-12-16,321,email
USR00066,PRD00757,2025-08-29,26,direct
USR00066,PRD02181,2021-07-06,483,homepage
USR00066,PRD02032,2025-10-05,380,direct
USR00067,PRD00556,2023-02-07,523,social
USR00067,PRD00913,2024-04-25,322,homepage
USR00067,PRD01408,2024-03-14,400,homepage
USR00067,PRD00940,2023-07-05,305,search
USR00067,PRD02819,2021-06-23,112,ad
USR00067,PRD00741,2021-08-11,258,social
USR00068,PRD00480,2021-08-12,415,email
USR00068,PRD00826,2023-06-25,272,direct
USR00068,PRD02475,2023-10-13,446,ad
USR00068,PRD00723,2025-10-06,180,search
USR00068,PRD00718,2021-07-14,345,recommendation
USR00068,PRD01252,2021-09-22,253,social
USR00069,PRD02630,2022-07-01,459,recommendation
USR00069,PRD02210,2022-07-10,215,email
USR00069,PRD01145,2021-01-07,133,direct
USR00069,PRD01998,2024-09-02,562,ad
USR00070,PRD01556,2024-07-27,134,direct
USR00071,PRD02460,2025-06-15,149,homepage
USR00072,PRD01380,2021-07-26,375,social
USR00072,PRD02553,2022-11-23,372,homepage
USR00072,PRD00895,2021-04-20,269,recommendation
USR00072,PRD02768,2024-09-04,116,direct
USR00072,PRD01031,2021-11-27,311,email
USR00072,PRD02344,2023-06-12,218,email
USR00072,PRD00394,2021-03-18,598,ad
USR00072,PRD02397,2024-06-02,415,recommendation
USR00073,PRD00687,2022-06-10,378,email
USR00073,PRD02208,2024-01-05,80,social
USR00074,PRD00504,2021-08-07,148,social
USR00074,PRD00317,2024-04-25,465,ad
USR00075,PRD00595,2023-05-28,281,search
USR00075,PRD00290,2025-05-05,95,email
USR00075,PRD02816,2021-10-07,217,ad
USR00075,PRD01040,2024-09-03,438,email
USR00075,PRD00067,2022-04-23,538,search
USR00076,PRD00502,2022-04-26,107,email
USR00077,PRD02140,2023-09-07,97,social
USR00077,PRD00229,2022-04-19,430,ad
USR00078,PRD00305,2022-04-06,276,email
USR00078,PRD02485,2021-11-10,113,ad
USR00078,PRD02344,2021-03-30,231,direct
USR00078,PRD00595,2025-03-11,534,direct
USR00079,PRD02590,2021-08-20,497,ad
USR00079,PRD00329,2023-11-15,325,email
USR00079,PRD00137,2023-02-18,487,search
USR00079,PRD01125,2023-12-27,541,search
USR00079,PRD01495,2024-12-12,243,homepage
USR00079,PRD00131,2024-12-05,109,search
USR00079,PRD02867,2023-08-19,239,ad
USR00079,PRD02762,2023-01-13,370,social
USR00080,PRD00316,2025-07-23,29,email
USR00080,PRD00616,2025-12-14,92,homepage
USR00080,PRD02101,2025-07-31,518,social
USR00080,PRD02725,2021-08-19,427,ad
USR00081,PRD00149,2022-05-31,589,email
USR00081,PRD00985,2025-03-04,428,recommendation
USR00081,PRD02960,2021-02-17,558,direct
USR00081,PRD02052,2025-08-13,166,social
USR00081,PRD00027,2022-02-28,105,search
USR00082,PRD00038,2025-12-27,68,social
USR00082,PRD02669,2021-08-19,418,email
USR00082,PRD01582,2023-06-07,354,direct
USR00082,PRD02627,2021-04-24,576,recommendation
USR00082,PRD01657,2025-12-08,150,recommendation
USR00082,PRD01342,2022-11-20,349,homepage
USR00082,PRD02120,2025-12-26,94,direct
USR00083,PRD02524,2021-03-16,278,homepage
USR00084,PRD01628,2022-10-09,567,recommendation
USR00084,PRD00387,2022-05-16,489,ad
USR00084,PRD02523,2023-09-20,169,email
USR00084,PRD01328,2025-09-11,264,ad
USR00084,PRD01454,2023-12-11,87,recommendation
USR00084,PRD00942,2021-01-13,154,homepage
USR00085,PRD01430,2024-05-31,587,ad
USR00085,PRD00638,2023-09-21,284,ad
USR00085,PRD01645,2024-09-24,437,homepage
USR00085,PRD02736,2021-08-02,424,ad
USR00085,PRD02849,2023-09-02,551,recommendation
USR00086,PRD01350,2025-04-03,462,ad
USR00086,PRD01711,2021-01-12,342,social
USR00086,PRD01939,2024-02-07,123,email
USR00086,PRD01590,2022-03-13,13,homepage
USR00086,PRD02475,2023-03-11,286,search
USR00086,PRD02111,2021-09-16,101,social
USR00087,PRD02347,2023-01-27,552,ad
USR00087,PRD02685,2021-03-18,418,recommendation
USR00087,PRD01370,2024-05-07,443,homepage
USR00087,PRD00381,2023-12-30,542,email
USR00087,PRD02617,2021-08-23,548,email
USR00088,PRD00782,2025-12-26,360,search
USR00088,PRD02411,2023-06-14,25,ad
USR00088,PRD02332,2023-01-30,523,email
USR00089,PRD01364,2025-11-18,22,recommendation
USR00090,PRD02067,2021-07-14,311,direct
USR00090,PRD01871,2024-03-30,111,homepage
USR00090,PRD00754,2023-01-27,122,recommendation
USR00090,PRD01955,2022-11-29,227,social
USR00090,PRD00170,2024-04-12,123,recommendation
USR00090,PRD02211,2024-11-16,531,recommendation
USR00091,PRD00543,2023-12-17,102,direct
USR00092,PRD01053,2021-07-24,116,ad
USR00093,PRD02454,2023-08-11,179,social
USR00094,PRD02780,2023-03-17,167,recommendation
USR00094,PRD02293,2022-09-06,37,direct
USR00094,PRD01197,2021-02-05,599,homepage
USR00094,PRD01018,2025-10-14,455,homepage
USR00095,PRD01570,2021-03-10,574,ad
USR00095,PRD02965,2021-01-22,525,homepage
USR00095,PRD02194,2023-06-24,190,ad
USR00096,PRD02196,2024-02-14,382,email
USR00096,PRD02790,2024-11-12,342,email
USR00096,PRD01719,2023-01-24,308,direct
USR00096,PRD02173,2023-05-19,146,search
USR00097,PRD02841,2024-09-06,393,homepage
USR00097,PRD01556,2025-03-22,349,social
USR00097,PRD00161,2021-01-25,17,direct
USR00098,PRD02255,2024-09-16,98,email
USR00098,PRD02286,2025-10-05,369,social
USR00098,PRD02747,2024-12-05,321,search
USR00098,PRD01703,2022-12-12,123,search
USR00098,PRD01776,2025-11-02,205,social
USR00099,PRD00417,2024-02-29,480,homepage
USR00099,PRD00928,2021-04-09,523,email
USR00099,PRD02087,2024-06-18,252,social
USR00099,PRD01978,2023-10-07,457,direct
USR00100,PRD01229,2025-08-05,196,recommendation
USR00101,PRD02328,2024-04-19,355,homepage
USR00101,PRD02393,2021-04-19,248,search
USR00102,PRD02487,2023-01-18,436,social
USR00102,PRD01216,2024-11-30,382,social
USR00102,PRD02021,2022-09-17,121,recommendation
USR00102,PRD01326,2021-08-05,547,email
USR00102,PRD00895,2023-03-21,377,search
USR00102,PRD01530,2025-11-04,530,recommendation
USR00102,PRD01163,2022-05-04,303,recommendation
USR00103,PRD00055,2021-11-12,113,homepage
USR00103,PRD01201,2025-12-01,575,homepage
USR00103,PRD00226,2021-12-21,292,email
USR00104,PRD00810,2023-10-23,248,homepage
USR00104,PRD02104,2021-04-30,192,social
USR00104,PRD02579,2023-08-16,222,recommendation
USR00104,PRD00951,2024-09-05,267,search
USR00105,PRD01812,2022-04-27,455,ad
USR00105,PRD00302,2023-08-03,562,recommendation
USR00106,PRD02135,2023-10-01,356,social
USR00106,PRD01571,2024-08-23,186,ad
USR00106,PRD02278,2022-11-03,490,recommendation
USR00106,PRD00799,2022-03-08,102,ad
USR00106,PRD00453,2023-04-30,291,email
USR00106,PRD02194,2024-04-28,413,search
USR00107,PRD01370,2022-01-20,441,ad
USR00108,PRD02003,2022-08-05,199,homepage
USR00109,PRD02531,2021-01-12,483,recommendation
USR00110,PRD01226,2025-05-07,248,direct
USR00111,PRD00397,2023-01-20,586,ad
USR00111,PRD02350,2024-06-30,568,ad
USR00111,PRD02667,2023-10-22,491,search
USR00111,PRD01090,2023-04-12,135,social
USR00112,PRD01351,2024-05-20,260,homepage
USR00112,PRD01548,2023-10-31,520,direct
USR00113,PRD00187,2021-08-23,115,direct
USR00113,PRD02998,2023-04-21,12,email
USR00113,PRD01146,2021-06-20,398,ad
USR00113,PRD01585,2023-11-11,88,direct
USR00114,PRD01408,2025-01-28,505,direct
USR00114,PRD01754,2022-05-05,78,search
USR00114,PRD02327,2025-05-06,455,ad
USR00114,PRD02413,2021-12-15,127,social
USR00115,PRD00353,2024-11-27,421,search
USR00115,PRD02081,2024-01-05,482,recommendation
USR00115,PRD01473,2025-07-15,252,recommendation
USR00115,PRD00341,2023-12-07,466,social
USR00116,PRD00878,2023-11-30,351,social
USR00116,PRD01171,2025-04-08,471,email
USR00116,PRD02905,2021-10-12,416,email
USR00116,PRD02379,2022-12-08,50,homepage
USR00116,PRD01314,2022-12-08,530,social
USR00116,PRD02543,2021-03-27,350,homepage
USR00116,PRD00799,2021-11-29,331,recommendation
USR00117,PRD01424,2024-06-01,496,direct
USR00117,PRD01277,2025-04-07,564,ad
USR00117,PRD02734,2025-08-19,562,email
USR00117,PRD01608,2024-05-15,459,search
USR00117,PRD01254,2022-01-11,188,ad
USR00117,PRD00164,2021-11-25,315,recommendation
USR00117,PRD01371,2024-09-19,540,social
USR00117,PRD00223,2021-12-17,230,direct
USR00118,PRD00139,2024-12-19,138,recommendation
USR00118,PRD00125,2021-10-25,270,direct
USR00118,PRD00461,2025-10-24,525,email
USR00118,PRD02349,2024-01-08,500,social
USR00118,PRD01332,2024-04-21,160,social
USR00118,PRD02862,2025-02-02,404,social
USR00118,PRD01780,2023-10-08,122,recommendation
USR00118,PRD02354,2021-06-10,446,social
USR00119,PRD02282,2024-11-30,20,search
USR00119,PRD01492,2024-09-03,593,social
USR00119,PRD02288,2022-10-31,107,search
USR00119,PRD00289,2024-07-24,109,social
USR00119,PRD01112,2024-10-10,157,recommendation
USR00119,PRD02577,2022-01-14,439,recommendation
USR00119,PRD00080,2022-10-07,79,email
USR00120,PRD02123,2024-02-28,143,search
USR00120,PRD02500,2021-07-27,490,recommendation
USR00120,PRD02371,2023-01-04,156,search
USR00120,PRD01154,2023-03-14,159,ad
USR00120,PRD00211,2024-05-29,514,ad
USR00120,PRD01406,2024-07-17,109,ad
USR00121,PRD01952,2023-04-17,435,recommendation
USR00121,PRD02822,2021-03-19,58,email
USR00121,PRD00534,2021-03-05,219,homepage
USR00121,PRD02886,2025-04-04,161,recommendation
USR00121,PRD02208,2025-10-16,384,ad
USR00121,PRD01829,2021-11-12,549,homepage
USR00121,PRD02107,2022-10-18,502,search
USR00121,PRD00578,2021-08-24,350,email
USR00122,PRD01523,2021-04-15,317,social
USR00122,PRD01615,2024-01-30,58,recommendation
USR00122,PRD02525,2024-01-22,470,ad
USR00122,PRD02885,2022-11-29,29,social
USR00122,PRD01191,2021-09-27,115,email
USR00122,PRD02836,2024-03-31,182,search
USR00123,PRD01933,2023-03-01,468,ad
USR00123,PRD02469,2023-06-21,507,search
USR00123,PRD01981,2022-11-05,247,search
USR00123,PRD02772,2021-02-26,396,search
USR00123,PRD02606,2023-07-23,514,social
USR00123,PRD02647,2024-06-02,292,recommendation
USR00123,PRD01046,2023-01-26,94,direct
USR00123,PRD02637,2023-09-14,42,homepage
USR00124,PRD00830,2023-03-11,527,email
USR00125,PRD01003,2025-07-26,82,search
USR00125,PRD01362,2024-02-11,263,homepage
USR00125,PRD02908,2021-03-31,121,homepage
USR00125,PRD00258,2022-05-15,291,social
USR00126,PRD01169,2022-01-05,138,email
USR00126,PRD01116,2025-04-18,225,recommendation
USR00126,PRD00595,2022-09-09,124,recommendation
USR00126,PRD00933,2024-04-21,541,ad
USR00126,PRD01109,2021-02-09,124,search
USR00126,PRD01250,2024-10-14,577,social
USR00126,PRD00042,2023-07-16,317,recommendation
USR00126,PRD02172,2023-10-22,61,search
USR00127,PRD01886,2023-05-16,242,email
USR00127,PRD02898,2024-07-13,519,email
USR00127,PRD00708,2025-12-28,571,ad
USR00128,PRD01300,2021-03-01,310,homepage
USR00128,PRD01112,2025-01-30,76,recommendation
USR00128,PRD01456,2022-01-08,588,social
USR00129,PRD01044,2022-01-20,12,ad
USR00129,PRD00248,2022-07-06,36,email
USR00130,PRD02139,2025-01-11,564,email
USR00130,PRD02678,2024-04-24,522,recommendation
USR00130,PRD01808,2022-10-19,594,recommendation
USR00130,PRD00358,2023-11-15,408,recommendation
USR00131,PRD00450,2022-06-01,27,ad
USR00131,PRD00774,2025-04-30,339,recommendation
USR00131,PRD02662,2022-06-23,30,ad
USR00131,PRD01658,2025-11-09,33,search
USR00131,PRD01380,2022-03-12,193,recommendation
USR00131,PRD02284,2025-04-13,486,ad
USR00131,PRD01215,2024-01-04,414,social
USR00132,PRD00281,2021-11-28,79,search
USR00132,PRD01712,2024-06-30,546,ad
USR00132,PRD00863,2023-01-26,481,email
USR00132,PRD01003,2024-04-19,453,social
USR00132,PRD02575,2022-06-16,91,homepage
USR00132,PRD02585,2023-06-30,58,social
USR00132,PRD02580,2022-05-12,304,recommendation
USR00133,PRD00869,2021-01-15,463,search
USR00133,PRD00428,2021-04-30,165,recommendation
USR00133,PRD02868,2025-12-28,153,direct
USR00133,PRD02452,2023-03-11,356,email
USR00133,PRD02748,2022-03-25,579,email
USR00133,PRD00956,2024-10-12,205,recommendation
USR00133,PRD00297,2025-06-20,464,direct
USR00133,PRD02802,2021-11-15,14,recommendation
USR00134,PRD01044,2025-01-20,394,recommendation
USR00135,PRD02238,2022-07-14,400,email
USR00135,PRD01551,2021-10-22,456,search
USR00135,PRD00839,2021-05-11,143,direct
USR00135,PRD01154,2021-04-08,115,homepage
USR00135,PRD02991,2022-01-10,411,recommendation
USR00135,PRD01005,2023-07-02,246,homepage
USR00135,PRD02316,2025-10-23,465,social
USR00135,PRD01505,2021-04-15,259,email
USR00136,PRD00740,2022-05-10,254,recommendation
USR00136,PRD01522,2025-07-03,273,social
USR00136,PRD02499,2024-09-12,193,search
USR00136,PRD02103,2023-02-18,479,direct
USR00136,PRD01343,2021-03-13,125,social
USR00136,PRD00978,2022-02-05,315,recommendation
USR00137,PRD02756,2023-06-01,384,direct
USR00137,PRD02305,2021-08-17,337,homepage
USR00137,PRD00642,2023-10-15,436,ad
USR00137,PRD00834,2024-07-19,333,email
USR00138,PRD00318,2022-07-13,142,homepage
USR00138,PRD01977,2025-05-17,59,recommendation
USR00138,PRD02061,2022-11-26,383,search
USR00138,PRD00781,2021-07-31,232,social
USR00138,PRD01049,2022-03-30,423,email
USR00138,PRD00302,2025-11-05,82,homepage
USR00139,PRD02832,2023-11-10,562,social
USR00139,PRD01121,2023-01-04,510,email
USR00139,PRD02700,2024-10-08,332,search
USR00139,PRD00678,2024-07-13,469,ad
USR00139,PRD01440,2024-09-30,563,ad
USR00139,PRD02468,2021-01-16,68,search
USR00140,PRD00301,2024-01-04,110,social
USR00140,PRD01371,2025-09-27,34,recommendation
USR00141,PRD02218,2022-11-19,577,social
USR00141,PRD00938,2025-01-18,49,social
USR00141,PRD00640,2021-07-27,16,email
USR00142,PRD02804,2021-03-24,523,email
USR00142,PRD02023,2024-04-18,571,search
USR00143,PRD01218,2022-11-21,422,homepage
USR00143,PRD01126,2023-08-19,249,email
USR00143,PRD00686,2025-02-21,569,homepage
USR00143,PRD00250,2021-03-17,591,homepage
USR00143,PRD00155,2023-05-09,225,homepage
USR00143,PRD02285,2023-02-08,111,email
USR00143,PRD00211,2021-11-13,162,homepage
USR00143,PRD01846,2025-05-18,283,direct
USR00144,PRD02865,2025-07-01,95,email
USR00144,PRD02268,2024-09-25,192,direct
USR00144,PRD01918,2023-06-24,79,ad
USR00145,PRD01458,2024-11-24,31,ad
USR00146,PRD02885,2024-09-22,574,ad
USR00146,PRD00946,2021-12-13,367,direct
USR00147,PRD00372,2021-11-08,88,homepage
USR00147,PRD02944,2024-10-21,563,homepage
USR00147,PRD00196,2023-11-06,259,homepage
USR00147,PRD02547,2025-12-26,203,homepage
USR00147,PRD01172,2023-06-04,152,homepage
USR00147,PRD01675,2025-11-17,262,homepage
USR00148,PRD00044,2025-07-24,39,ad
USR00148,PRD02854,2021-08-04,500,recommendation
USR00148,PRD00694,2023-01-12,107,recommendation
USR00148,PRD02831,2022-06-21,496,homepage
USR00148,PRD02250,2022-02-15,232,ad
USR00149,PRD01638,2023-09-02,46,email
USR00149,PRD01747,2021-11-29,534,search
USR00149,PRD02794,2025-11-25,598,recommendation
USR00149,PRD01670,2021-02-08,354,homepage
USR00150,PRD02598,2022-10-02,15,social
USR00150,PRD02589,2022-08-28,514,ad
USR00150,PRD01816,2025-05-04,116,search
USR00150,PRD00152,2021-10-21,460,recommendation
USR00150,PRD02029,2024-02-17,553,email
USR00151,PRD02768,2023-10-15,563,search
USR00151,PRD00494,2023-06-08,292,social
USR00151,PRD00204,2021-09-15,317,ad
USR00151,PRD02220,2022-01-31,526,social
USR00151,PRD01786,2025-11-21,393,recommendation
USR00151,PRD00788,2024-08-12,409,direct
USR00151,PRD01935,2025-12-02,414,homepage
USR00152,PRD00674,2025-01-02,560,email
USR00152,PRD00530,2023-08-12,368,ad
USR00152,PRD01864,2024-07-24,226,search
USR00152,PRD02281,2025-11-08,187,direct
USR00152,PRD02533,2021-08-08,208,search
USR00152,PRD00918,2022-05-27,576,email
USR00152,PRD00245,2023-07-09,587,homepage
USR00152,PRD01999,2022-08-04,418,direct
USR00153,PRD00652,2021-12-03,143,recommendation
USR00153,PRD01106,2022-09-10,389,ad
USR00153,PRD02664,2025-08-09,257,social
USR00154,PRD02691,2022-02-05,144,email
USR00154,PRD01685,2024-03-03,110,social
USR00154,PRD01976,2023-03-04,587,email
USR00154,PRD00807,2022-02-06,8,homepage
USR00154,PRD01180,2021-07-08,326,ad
USR00154,PRD02854,2024-06-25,579,recommendation
USR00154,PRD01107,2024-04-21,447,email
USR00155,PRD02189,2024-09-16,323,email
USR00155,PRD00437,2025-12-31,416,email
USR00155,PRD01524,2025-03-12,401,social
USR00155,PRD02722,2022-08-11,527,recommendation
USR00155,PRD02615,2023-05-23,318,direct
USR00156,PRD02984,2021-02-09,523,social
USR00156,PRD02458,2025-03-21,60,social
USR00156,PRD00334,2022-10-31,331,search
USR00156,PRD02722,2023-02-17,305,search
USR00157,PRD00882,2024-09-14,368,direct
USR00157,PRD01572,2024-10-28,172,email
USR00157,PRD01155,2024-10-21,53,social
USR00157,PRD01445,2024-12-10,588,recommendation
USR00158,PRD00371,2022-09-05,380,email
USR00158,PRD00567,2024-08-02,167,social
USR00158,PRD00411,2023-02-15,40,direct
USR00158,PRD01330,2024-06-25,434,search
USR00158,PRD01329,2021-10-13,398,email
USR00158,PRD00326,2025-12-16,431,social
USR00159,PRD01877,2024-02-05,77,social
USR00159,PRD02036,2023-03-10,471,direct
USR00159,PRD02791,2025-03-28,230,search
USR00159,PRD01248,2024-01-29,99,homepage
USR00159,PRD01085,2025-06-06,505,ad
USR00159,PRD02421,2023-02-03,441,search
USR00159,PRD01329,2024-10-05,23,direct
USR00159,PRD00634,2025-09-23,52,email
USR00160,PRD00259,2022-10-08,468,homepage
USR00160,PRD00103,2022-01-04,262,direct
USR00160,PRD02767,2021-08-20,32,recommendation
USR00160,PRD00880,2023-02-13,159,email
USR00160,PRD00832,2024-04-29,403,homepage
USR00160,PRD02285,2022-10-29,445,social
USR00161,PRD01485,2024-08-13,221,email
USR00162,PRD01416,2023-04-27,411,recommendation
USR00162,PRD01153,2023-12-05,112,social
USR00162,PRD00223,2021-08-12,115,email
USR00163,PRD01939,2023-12-26,133,direct
USR00164,PRD00439,2023-09-05,435,recommendation
USR00164,PRD00985,2024-09-19,449,search
USR00165,PRD01919,2023-01-02,147,recommendation
USR00165,PRD01903,2024-11-17,375,search
USR00165,PRD01969,2025-06-05,76,homepage
USR00165,PRD02528,2023-07-03,176,recommendation
USR00165,PRD02228,2025-02-19,564,email
USR00165,PRD00439,2022-05-12,144,direct
USR00165,PRD00713,2025-06-01,531,email
USR00166,PRD01025,2021-11-05,533,social
USR00166,PRD00109,2021-02-16,384,email
USR00166,PRD01920,2022-09-13,75,ad
USR00166,PRD02127,2021-10-20,581,recommendation
USR00166,PRD02721,2022-02-28,45,recommendation
USR00166,PRD00153,2022-07-25,282,social
USR00167,PRD02319,2021-05-14,487,homepage
USR00167,PRD00183,2021-02-14,578,email
USR00167,PRD02961,2022-10-26,499,social
USR00167,PRD01901,2024-03-28,508,ad
USR00168,PRD01145,2021-07-18,328,email
USR00169,PRD00544,2024-07-01,594,recommendation
USR00169,PRD00841,2021-10-30,82,recommendation
USR00169,PRD02934,2025-09-05,436,email
USR00169,PRD02624,2024-01-05,154,social
USR00169,PRD00749,2025-03-17,500,homepage
USR00170,PRD02584,2025-11-28,499,homepage
USR00171,PRD01837,2021-03-06,500,homepage
USR00171,PRD01156,2024-02-20,336,ad
USR00171,PRD01713,2023-09-16,344,social
USR00171,PRD01260,2024-08-24,585,social
USR00172,PRD02617,2021-04-26,494,recommendation
USR00173,PRD01808,2022-12-09,463,ad
USR00173,PRD02315,2021-11-16,508,search
USR00173,PRD02920,2023-11-02,387,recommendation
USR00173,PRD00782,2025-02-18,82,email
USR00174,PRD01426,2021-04-26,303,homepage
USR00174,PRD01221,2025-09-20,281,social
USR00174,PRD01191,2023-04-01,451,direct
USR00174,PRD00454,2024-07-20,114,email
USR00174,PRD01889,2021-07-02,422,homepage
USR00174,PRD00970,2021-04-25,192,ad
USR00174,PRD01152,2023-11-12,163,social
USR00175,PRD00868,2024-11-12,192,search
USR00175,PRD00526,2025-01-06,510,homepage
USR00176,PRD01967,2022-11-20,174,homepage
USR00176,PRD01673,2021-12-29,325,recommendation
USR00176,PRD01211,2023-12-24,233,search
USR00176,PRD01297,2025-12-19,182,direct
USR00176,PRD00573,2024-03-11,225,search
USR00176,PRD00452,2021-07-16,505,social
USR00177,PRD02195,2025-04-26,375,search
USR00177,PRD01226,2022-12-17,66,direct
USR00177,PRD02242,2023-01-02,275,social
USR00177,PRD02665,2021-06-09,148,ad
USR00177,PRD01188,2025-02-28,565,email
USR00177,PRD01774,2024-02-22,59,direct
USR00177,PRD00239,2021-08-12,352,email
USR00178,PRD00473,2022-07-02,221,email
USR00178,PRD01892,2021-02-07,110,recommendation
USR00178,PRD00886,2023-11-17,167,direct
USR00178,PRD00060,2025-01-12,315,ad
USR00179,PRD01653,2022-02-20,331,social
USR00179,PRD01365,2021-09-19,98,ad
USR00179,PRD00368,2021-04-17,130,email
USR00179,PRD02464,2024-12-19,177,search
USR00179,PRD01881,2023-09-08,44,recommendation
USR00180,PRD01959,2025-01-28,156,social
USR00180,PRD01923,2023-02-06,201,homepage
USR00180,PRD00881,2025-06-28,344,email
USR00180,PRD01495,2023-07-14,204,ad
USR00180,PRD00625,2024-04-19,317,email
USR00180,PRD00118,2021-09-06,158,direct
USR00180,PRD02101,2025-08-24,552,direct
USR00180,PRD01067,2022-12-02,194,ad
USR00181,PRD02872,2024-04-06,241,homepage
USR00181,PRD02051,2024-06-10,273,email
USR00181,PRD02992,2022-01-04,441,social
USR00181,PRD01962,2021-04-12,490,ad
USR00181,PRD02914,2022-01-08,474,social
USR00181,PRD00044,2024-01-24,501,homepage
USR00181,PRD00841,2024-09-05,197,social
USR00182,PRD02927,2023-02-10,493,direct
USR00182,PRD01464,2021-05-03,463,social
USR00183,PRD02837,2023-11-19,544,email
USR00183,PRD01414,2022-12-14,578,social
USR00183,PRD02546,2025-03-30,122,direct
USR00183,PRD00841,2025-09-22,340,recommendation
USR00184,PRD02894,2023-04-07,357,homepage
USR00184,PRD00570,2023-12-01,586,email
USR00184,PRD01401,2022-04-04,258,social
USR00184,PRD02721,2025-05-18,418,social
USR00184,PRD02277,2023-05-19,68,search
USR00184,PRD00193,2021-12-02,352,email
USR00184,PRD02762,2024-08-25,543,homepage
USR00185,PRD02833,2023-05-18,590,social
USR00185,PRD01818,2025-05-06,96,recommendation
USR00185,PRD01777,2023-11-25,592,social
USR00185,PRD02500,2023-03-20,206,homepage
USR00185,PRD01912,2023-08-06,350,recommendation
USR00185,PRD00067,2025-11-14,341,recommendation
USR00185,PRD01469,2021-03-23,562,direct
USR00185,PRD00794,2025-03-24,273,social
USR00186,PRD00012,2022-03-02,410,ad
USR00186,PRD00521,2024-02-08,337,recommendation
USR00186,PRD01157,2022-09-29,271,email
USR00186,PRD02318,2025-08-30,133,social
USR00186,PRD02968,2024-05-10,498,search
USR00187,PRD01654,2023-12-06,585,social
USR00187,PRD00511,2021-10-20,97,search
USR00187,PRD02924,2024-01-11,329,social
USR00188,PRD00897,2025-08-02,215,social
USR00188,PRD02599,2024-11-17,172,ad
USR00188,PRD02433,2023-01-28,453,direct
USR00188,PRD02217,2025-03-01,400,ad
USR00188,PRD02901,2022-12-12,23,ad
USR00188,PRD02460,2022-12-08,139,recommendation
USR00189,PRD00872,2021-05-04,546,search
USR00189,PRD00203,2021-03-14,42,homepage
USR00189,PRD02829,2024-01-26,117,search
USR00189,PRD01854,2022-07-13,117,homepage
USR00189,PRD01776,2024-08-28,54,search
USR00189,PRD02534,2021-07-03,59,homepage
USR00189,PRD00302,2021-10-12,544,search
USR00190,PRD02735,2024-07-07,150,social
USR00190,PRD02898,2025-07-01,315,ad
USR00190,PRD02673,2025-02-02,293,ad
USR00190,PRD01850,2022-06-06,396,ad
USR00190,PRD00662,2021-12-30,420,ad
USR00190,PRD02544,2023-03-04,296,search
USR00190,PRD02042,2023-03-01,253,social
USR00190,PRD01596,2022-04-02,94,social
USR00191,PRD00932,2022-06-07,348,direct
USR00191,PRD01492,2022-10-06,315,ad
USR00191,PRD01932,2021-01-25,430,search
USR00191,PRD02589,2023-10-10,517,search
USR00191,PRD01500,2022-09-29,9,email
USR00191,PRD00462,2021-12-12,540,social
USR00191,PRD02433,2025-04-22,503,social
USR00192,PRD00448,2021-06-15,507,direct
USR00193,PRD00589,2021-06-17,348,social
USR00193,PRD02105,2023-08-19,243,search
USR00193,PRD01131,2022-10-19,46,direct
USR00193,PRD00949,2025-02-27,259,search
USR00193,PRD01518,2021-10-03,220,recommendation
USR00193,PRD00694,2024-10-25,336,homepage
USR00193,PRD00744,2021-10-31,40,social
USR00194,PRD00759,2024-10-30,514,ad
USR00194,PRD01278,2024-05-26,251,social
USR00195,PRD02461,2021-04-17,12,direct
USR00195,PRD00397,2021-07-10,138,social
USR00196,PRD00222,2025-05-15,105,ad
USR00196,PRD02965,2023-10-12,148,ad
USR00196,PRD00911,2022-06-18,271,email
USR00196,PRD02967,2023-10-19,503,direct
USR00196,PRD02865,2024-07-10,592,direct
USR00197,PRD00671,2025-04-15,412,social
USR00197,PRD02410,2025-11-25,49,social
USR00197,PRD00642,2025-12-22,418,ad
USR00197,PRD02096,2021-06-24,330,recommendation
USR00197,PRD00623,2022-05-02,560,homepage
USR00197,PRD02386,2021-06-13,431,social
USR00198,PRD02864,2022-07-28,596,ad
USR00199,PRD02441,2024-01-29,73,email
USR00199,PRD00015,2024-08-23,22,search
USR00200,PRD02479,2021-08-22,593,direct
USR00200,PRD01907,2023-07-07,13,ad
USR00200,PRD01846,2022-09-03,282,homepage
USR00200,PRD02579,2024-09-29,270,email
USR00200,PRD02572,2025-02-13,524,ad
USR00200,PRD00584,2021-06-27,482,direct
USR00201,PRD02278,2025-06-10,584,search
USR00201,PRD01162,2023-01-14,379,search
USR00201,PRD01447,2023-04-22,322,direct
USR00201,PRD02804,2024-10-01,168,search
USR00202,PRD01146,2022-07-04,436,recommendation
USR00202,PRD00633,2023-12-08,355,social
USR00202,PRD01515,2021-10-23,353,homepage
USR00203,PRD01173,2021-10-07,58,ad
USR00203,PRD02622,2024-03-04,16,recommendation
USR00203,PRD00628,2024-09-20,361,social
USR00204,PRD00955,2021-12-27,589,search
USR00204,PRD00769,2025-01-17,494,ad
USR00204,PRD02273,2021-03-18,496,email
USR00204,PRD00552,2021-11-15,286,recommendation
USR00204,PRD00448,2022-07-27,413,homepage
USR00205,PRD00751,2023-08-09,536,social
USR00205,PRD02886,2025-02-21,294,recommendation
USR00205,PRD02558,2022-03-25,30,recommendation
USR00205,PRD00034,2023-06-14,572,email
USR00206,PRD02169,2025-01-08,328,homepage
USR00206,PRD01428,2023-09-28,176,recommendation
USR00206,PRD02438,2021-11-15,385,social
USR00206,PRD02065,2023-08-20,432,recommendation
USR00206,PRD00081,2025-04-06,49,ad
USR00206,PRD02876,2023-03-20,591,email
USR00207,PRD01788,2024-06-11,30,search
USR00207,PRD01675,2022-08-26,287,direct
USR00207,PRD00561,2025-01-13,245,ad
USR00207,PRD02953,2023-07-17,14,search
USR00207,PRD02655,2022-08-19,76,recommendation
USR00208,PRD00270,2025-02-13,50,ad
USR00208,PRD01425,2025-05-19,118,email
USR00208,PRD01998,2022-11-04,486,ad
USR00208,PRD02110,2025-09-12,391,search
USR00208,PRD02658,2021-11-09,248,ad
USR00208,PRD01526,2025-08-30,517,ad
USR00209,PRD01552,2023-02-23,167,email
USR00209,PRD02510,2021-04-13,92,search
USR00209,PRD02513,2023-06-03,251,ad
USR00209,PRD00673,2022-04-23,402,ad
USR00209,PRD00650,2023-02-05,197,email
USR00209,PRD02148,2023-06-09,222,search
USR00209,PRD01853,2021-05-05,127,direct
USR00209,PRD02564,2022-03-08,131,direct
USR00210,PRD02283,2024-02-08,461,social
USR00210,PRD00208,2025-12-25,255,homepage
USR00210,PRD02713,2025-01-10,142,homepage
USR00210,PRD00405,2023-05-19,318,social
USR00210,PRD01378,2023-12-30,416,recommendation
USR00210,PRD02352,2021-06-09,510,search
USR00210,PRD01319,2024-01-30,20,homepage
USR00211,PRD01979,2025-06-12,101,direct
USR00212,PRD01713,2021-03-25,120,search
USR00212,PRD02538,2024-06-11,360,social
USR00212,PRD01940,2021-12-10,278,recommendation
USR00212,PRD00259,2025-04-25,94,direct
USR00212,PRD00326,2025-04-12,253,social
USR00213,PRD02945,2022-04-21,16,ad
USR00213,PRD00868,2025-07-29,84,ad
USR00213,PRD00256,2023-01-27,104,ad
USR00213,PRD02363,2023-03-01,551,search
USR00213,PRD01273,2025-02-14,444,ad
USR00213,PRD02392,2024-11-20,121,search
USR00213,PRD01821,2025-01-03,397,recommendation
USR00213,PRD00972,2025-07-16,156,email
USR00214,PRD00432,2022-08-04,195,recommendation
USR00214,PRD00901,2024-01-08,151,direct
USR00214,PRD00609,2022-06-12,287,ad
USR00214,PRD00768,2024-03-21,348,search
USR00215,PRD00985,2024-01-24,309,search
USR00215,PRD00172,2025-05-17,185,recommendation
USR00215,PRD00123,2024-05-16,497,recommendation
USR00215,PRD00753,2025-01-18,409,search
USR00215,PRD02825,2023-03-25,425,recommendation
USR00215,PRD02832,2022-07-06,226,search
USR00216,PRD00914,2024-08-02,7,social
USR00216,PRD01680,2022-05-05,456,email
USR00217,PRD00256,2025-04-25,89,social
USR00217,PRD01082,2021-12-20,169,social
USR00217,PRD01467,2021-09-25,183,search
USR00217,PRD01276,2025-05-28,210,homepage
USR00217,PRD02900,2021-01-18,10,email
USR00218,PRD00950,2021-05-03,330,search
USR00218,PRD01104,2023-06-20,560,homepage
USR00218,PRD01924,2023-09-30,205,recommendation
USR00219,PRD01898,2024-12-10,210,direct
USR00219,PRD02598,2022-08-04,439,direct
USR00219,PRD01296,2021-10-27,448,email
USR00219,PRD02673,2024-10-07,324,social
USR00219,PRD02452,2024-02-06,534,homepage
USR00219,PRD01386,2025-01-22,97,social
USR00220,PRD01844,2023-06-25,257,email
USR00220,PRD01766,2023-04-11,19,email
USR00221,PRD01512,2024-05-07,214,ad
USR00221,PRD01878,2023-10-04,168,recommendation
USR00221,PRD01306,2023-07-10,293,recommendation
USR00222,PRD01433,2022-03-07,389,email
USR00222,PRD00136,2023-12-16,424,search
USR00223,PRD02092,2024-05-08,594,recommendation
USR00223,PRD00022,2024-07-28,83,social
USR00223,PRD01502,2021-06-30,305,ad
USR00223,PRD02371,2023-05-22,564,email
USR00223,PRD00797,2023-03-17,561,ad
USR00224,PRD01297,2023-02-22,93,social
USR00224,PRD02482,2024-10-01,70,direct
USR00224,PRD00962,2022-08-08,207,direct
USR00224,PRD00379,2025-01-21,396,ad
USR00224,PRD01930,2023-01-26,336,direct
USR00225,PRD02628,2022-03-03,114,search
USR00226,PRD02169,2025-05-06,562,social
USR00226,PRD00749,2024-06-20,377,email
USR00226,PRD00785,2023-07-22,489,homepage
USR00226,PRD01635,2025-03-26,501,social
USR00227,PRD00396,2024-04-14,425,homepage
USR00228,PRD00834,2021-07-14,274,homepage
USR00228,PRD00422,2021-07-23,186,recommendation
USR00228,PRD00991,2022-07-09,15,recommendation
USR00229,PRD01110,2024-07-18,305,search
USR00229,PRD01876,2025-12-20,137,ad
USR00229,PRD00364,2025-09-27,79,ad
USR00229,PRD00506,2021-12-26,332,social
USR00229,PRD01550,2025-05-23,411,ad
USR00230,PRD02352,2025-05-12,366,email
USR00230,PRD00402,2021-09-11,221,social
USR00230,PRD00783,2025-01-03,364,homepage
USR00230,PRD00179,2021-05-25,226,ad
USR00230,PRD01649,2022-03-20,224,social
USR00230,PRD01367,2024-04-26,503,ad
USR00230,PRD01491,2023-09-03,490,social
USR00230,PRD02462,2025-03-17,500,ad
USR00231,PRD02943,2025-11-25,400,search
USR00231,PRD00690,2023-06-16,434,recommendation
USR00231,PRD00463,2025-05-01,267,direct
USR00231,PRD02440,2021-11-24,323,direct
USR00231,PRD00443,2021-01-15,66,ad
USR00231,PRD02358,2023-04-20,41,search
USR00231,PRD01115,2021-06-23,529,search
USR00231,PRD02589,2022-05-09,427,email
USR00232,PRD00145,2023-04-19,400,ad
USR00232,PRD01747,2021-06-28,12,ad
USR00232,PRD00693,2025-03-31,45,search
USR00233,PRD02872,2023-07-13,284,recommendation
USR00233,PRD00465,2024-10-11,522,direct
USR00234,PRD01081,2023-07-04,474,homepage
USR00234,PRD00289,2021-04-29,113,search
USR00234,PRD02986,2021-03-05,420,search
USR00234,PRD00012,2022-04-19,11,direct
USR00235,PRD02394,2023-08-28,234,email
USR00235,PRD00180,2023-03-08,122,homepage
USR00235,PRD01141,2022-11-02,381,recommendation
USR00235,PRD00476,2024-04-01,380,search
USR00235,PRD00911,2025-05-30,135,homepage
USR00235,PRD02646,2021-09-30,436,email
USR00236,PRD00176,2024-05-17,558,search
USR00236,PRD00497,2023-09-07,59,ad
USR00236,PRD02565,2024-11-12,368,email
USR00236,PRD02331,2025-03-14,307,social
USR00236,PRD02968,2025-02-05,42,recommendation
USR00236,PRD01335,2023-06-25,564,ad
USR00237,PRD02015,2021-08-31,269,direct
USR00237,PRD00861,2022-12-26,79,homepage
USR00237,PRD00055,2021-04-06,290,ad
USR00237,PRD02924,2022-12-07,131,recommendation
USR00237,PRD02084,2021-12-28,565,recommendation
USR00238,PRD01606,2022-11-07,449,social
USR00238,PRD02967,2023-01-28,566,ad
USR00238,PRD01592,2024-06-22,499,ad
USR00238,PRD02575,2022-06-10,276,ad
USR00239,PRD00121,2021-11-04,467,social
USR00239,PRD02523,2021-07-18,84,email
USR00239,PRD02974,2022-09-23,345,ad
USR00239,PRD01789,2021-08-10,535,recommendation
USR00240,PRD00675,2021-02-16,387,recommendation
USR00240,PRD00154,2022-07-04,525,homepage
USR00241,PRD01434,2024-08-03,479,email
USR00241,PRD02205,2021-09-28,356,recommendation
USR00241,PRD00277,2022-04-03,178,search
USR00241,PRD01163,2024-10-29,443,search
USR00241,PRD01957,2023-09-01,580,ad
USR00242,PRD02297,2025-09-19,296,homepage
USR00242,PRD02470,2024-11-15,236,social
USR00243,PRD02652,2023-06-22,565,ad
USR00243,PRD01061,2023-06-25,424,ad
USR00243,PRD01430,2021-01-05,353,recommendation
USR00243,PRD02048,2023-02-09,512,recommendation
USR00243,PRD01093,2024-08-28,349,homepage
USR00243,PRD00336,2022-05-19,517,ad
USR00244,PRD01966,2023-12-02,134,homepage
USR00244,PRD01750,2021-12-31,511,direct
USR00244,PRD02644,2024-02-25,283,direct
USR00244,PRD00605,2024-07-21,212,ad
USR00244,PRD01949,2024-09-17,308,search
USR00244,PRD01283,2024-07-14,97,email
USR00244,PRD02889,2021-05-27,454,recommendation
USR00245,PRD02673,2025-10-12,243,homepage
USR00245,PRD00600,2024-02-09,202,email
USR00245,PRD00451,2022-02-09,538,search
USR00245,PRD01264,2022-01-09,21,direct
USR00245,PRD00220,2021-09-26,564,email
USR00245,PRD02691,2022-05-13,296,direct
USR00245,PRD00022,2022-02-19,423,homepage
USR00245,PRD01981,2024-07-08,348,email
USR00246,PRD02372,2022-12-09,159,homepage
USR00246,PRD02989,2025-09-08,306,homepage
USR00246,PRD02448,2022-03-31,153,email
USR00247,PRD01057,2024-12-13,343,ad
USR00247,PRD00626,2025-10-06,57,social
USR00247,PRD00546,2023-05-17,31,email
USR00247,PRD01426,2024-05-01,531,direct
USR00247,PRD00434,2023-07-03,228,search
USR00247,PRD00404,2023-06-14,31,search
USR00247,PRD02913,2025-09-19,135,recommendation
USR00247,PRD02957,2021-01-30,199,email
USR00248,PRD00805,2023-05-10,13,social
USR00249,PRD01927,2023-11-26,118,recommendation
USR00249,PRD02911,2023-06-29,371,direct
USR00249,PRD02148,2022-07-22,580,email
USR00250,PRD02940,2022-12-28,168,social
USR00250,PRD00284,2025-06-28,50,direct
USR00250,PRD02913,2024-04-10,220,search
USR00250,PRD02519,2024-05-21,236,social
USR00250,PRD02364,2023-04-03,236,recommendation
USR00250,PRD01524,2022-01-17,241,search
USR00251,PRD00988,2025-11-11,344,social
USR00251,PRD02953,2023-05-09,185,email
USR00251,PRD02077,2025-08-13,359,search
USR00251,PRD00959,2025-09-15,555,recommendation
USR00252,PRD01152,2022-07-06,573,email
USR00253,PRD00435,2021-04-08,85,email
USR00254,PRD00606,2024-06-29,64,search
USR00254,PRD00197,2022-09-30,173,search
USR00254,PRD02518,2024-04-16,554,direct
USR00254,PRD02331,2022-03-23,401,direct
USR00255,PRD02009,2022-02-01,199,search
USR00256,PRD01507,2023-05-09,406,search
USR00256,PRD01084,2025-12-17,160,search
USR00256,PRD01574,2021-09-17,120,recommendation
USR00257,PRD00633,2022-07-04,595,social
USR00258,PRD02670,2022-08-22,133,search
USR00258,PRD02030,2025-08-21,121,direct
USR00258,PRD00487,2022-10-19,134,homepage
USR00258,PRD00808,2021-09-10,192,social
USR00259,PRD00370,2025-06-26,379,direct
USR00259,PRD00752,2023-07-31,495,email
USR00259,PRD01462,2025-01-22,372,ad
USR00259,PRD02335,2025-07-23,190,recommendation
USR00259,PRD01018,2025-03-29,163,ad
USR00260,PRD00674,2022-10-12,278,direct
USR00260,PRD01821,2023-01-02,589,recommendation
USR00260,PRD01933,2023-03-08,182,recommendation
USR00260,PRD02372,2021-12-30,561,social
USR00260,PRD01726,2024-09-10,113,social
USR00261,PRD01344,2021-12-08,536,social
USR00261,PRD02756,2025-12-08,189,social
USR00261,PRD00506,2023-07-01,45,homepage
USR00261,PRD01749,2021-09-28,280,recommendation
USR00261,PRD02225,2023-01-03,136,homepage
USR00261,PRD01208,2025-08-14,236,search
USR00261,PRD01772,2025-11-25,463,homepage
USR00261,PRD00214,2024-01-30,240,direct
USR00262,PRD02824,2024-09-07,444,search
USR00262,PRD02726,2021-02-11,538,email
USR00262,PRD00701,2025-12-12,192,email
USR00262,PRD02682,2025-09-05,333,social
USR00262,PRD00325,2024-05-12,293,search
USR00263,PRD01789,2024-07-03,268,homepage
USR00263,PRD01338,2021-03-06,381,recommendation
USR00263,PRD01557,2024-09-09,160,social
USR00263,PRD01837,2022-11-22,385,social
USR00263,PRD00936,2022-02-20,572,recommendation
USR00263,PRD00474,2024-04-01,450,homepage
USR00263,PRD00466,2024-05-30,528,recommendation
USR00264,PRD01392,2023-02-03,198,social
USR00264,PRD02104,2022-08-14,447,social
USR00265,PRD01430,2025-08-21,249,social
USR00265,PRD01202,2023-08-09,228,email
USR00265,PRD01397,2024-03-12,180,email
USR00265,PRD01763,2023-06-02,70,search
USR00265,PRD02831,2022-02-17,109,direct
USR00265,PRD01961,2023-03-02,129,ad
USR00265,PRD01350,2025-02-28,518,direct
USR00265,PRD01711,2023-01-20,7,recommendation
USR00266,PRD00235,2025-11-13,574,email
USR00266,PRD00665,2023-12-08,297,search
USR00266,PRD00499,2021-01-25,452,email
USR00266,PRD02989,2024-12-12,406,recommendation
USR00266,PRD02578,2024-09-28,364,direct
USR00266,PRD01125,2021-03-10,371,email
USR00266,PRD00182,2021-12-03,64,direct
USR00266,PRD02738,2021-05-10,541,email
USR00267,PRD00627,2024-01-08,346,direct
USR00267,PRD01629,2022-11-01,575,direct
USR00267,PRD00256,2024-08-04,61,recommendation
USR00267,PRD02573,2022-04-30,530,search
USR00268,PRD02754,2022-03-31,280,email
USR00268,PRD01359,2021-02-28,212,homepage
USR00268,PRD01199,2024-12-26,29,ad
USR00268,PRD00847,2021-02-22,491,search
USR00268,PRD02877,2022-04-08,49,social
USR00268,PRD02051,2025-07-03,351,direct
USR00269,PRD02624,2022-01-15,243,ad
USR00269,PRD02604,2022-09-27,535,social
USR00269,PRD02156,2022-03-17,487,direct
USR00269,PRD01691,2025-04-06,247,social
USR00269,PRD02410,2022-11-04,432,search
USR00270,PRD02573,2025-01-05,197,direct
USR00270,PRD02709,2025-04-16,411,recommendation
USR00270,PRD01197,2023-09-28,456,recommendation
USR00270,PRD01694,2025-03-10,65,search
USR00270,PRD02725,2021-06-22,38,social
USR00270,PRD01095,2025-11-29,198,social
USR00270,PRD02898,2024-04-08,59,ad
USR00270,PRD00347,2023-05-16,259,recommendation
USR00271,PRD01444,2021-08-02,267,email
USR00271,PRD00083,2021-04-22,148,recommendation
USR00271,PRD00830,2021-02-09,17,social
USR00271,PRD01480,2025-09-20,532,direct
USR00271,PRD01161,2021-03-23,251,direct
USR00271,PRD02948,2022-07-02,318,social
USR00271,PRD02365,2025-01-23,74,direct
USR00271,PRD02335,2023-01-17,268,search
USR00272,PRD01849,2023-08-03,305,social
USR00272,PRD01469,2021-02-10,201,recommendation
USR00273,PRD01042,2024-06-05,133,recommendation
USR00273,PRD00916,2025-01-17,59,recommendation
USR00273,PRD02130,2025-02-16,100,homepage
USR00273,PRD01332,2023-01-25,118,homepage
USR00273,PRD02692,2023-04-29,287,search
USR00274,PRD02297,2024-05-07,211,social
USR00275,PRD01438,2022-10-22,565,direct
USR00275,PRD01632,2024-01-16,67,email
USR00275,PRD02788,2023-04-12,439,ad
USR00275,PRD01130,2022-02-07,35,email
USR00275,PRD01842,2022-02-02,533,email
USR00275,PRD01286,2021-03-24,157,email
USR00275,PRD02238,2023-06-19,202,ad
USR00275,PRD01595,2021-12-01,102,social
USR00276,PRD02089,2021-05-26,464,email
USR00276,PRD01054,2022-11-13,330,ad
USR00276,PRD02162,2022-08-19,577,direct
USR00276,PRD02410,2021-09-01,89,email
USR00276,PRD01552,2021-08-03,500,homepage
USR00277,PRD02872,2025-03-18,509,recommendation
USR00277,PRD00730,2022-01-16,80,social
USR00277,PRD02467,2021-05-24,300,homepage
USR00277,PRD00402,2023-01-05,6,direct
USR00277,PRD02338,2023-06-20,52,email
USR00278,PRD02607,2025-03-05,50,homepage
USR00278,PRD02616,2021-03-22,164,direct
USR00279,PRD01166,2024-05-28,187,recommendation
USR00279,PRD00167,2024-06-06,417,search
USR00279,PRD02249,2022-04-12,23,homepage
USR00279,PRD02089,2023-04-29,182,social
USR00280,PRD02300,2024-06-12,241,homepage
USR00280,PRD02230,2022-06-10,48,ad
USR00281,PRD01897,2023-11-16,147,email
USR00282,PRD00306,2024-10-23,226,homepage
USR00282,PRD01058,2025-05-26,112,social
USR00282,PRD00400,2021-05-02,57,direct
USR00282,PRD00727,2021-09-20,358,social
USR00283,PRD01705,2022-04-05,221,ad
USR00283,PRD02865,2022-06-17,349,homepage
USR00284,PRD00751,2024-08-04,117,search
USR00284,PRD01532,2023-01-27,559,direct
USR00284,PRD02460,2025-11-12,116,search
USR00284,PRD02504,2023-12-26,244,search
USR00284,PRD00179,2025-11-29,237,search
USR00285,PRD00611,2025-05-19,468,search
USR00285,PRD00830,2022-06-01,266,direct
USR00285,PRD00287,2024-01-01,285,recommendation
USR00285,PRD00233,2024-12-21,312,homepage
USR00285,PRD02091,2024-12-12,12,email
USR00285,PRD01454,2023-01-06,284,direct
USR00286,PRD01363,2025-04-12,375,direct
USR00287,PRD02281,2023-02-08,316,recommendation
USR00287,PRD01296,2021-10-22,415,recommendation
USR00287,PRD01604,2023-01-18,29,email
USR00287,PRD00675,2025-04-01,216,search
USR00287,PRD02739,2022-05-27,284,search
USR00287,PRD02509,2021-07-21,450,homepage
USR00288,PRD01123,2024-01-07,230,recommendation
USR00288,PRD02003,2025-03-28,349,homepage
USR00288,PRD02854,2021-05-15,311,social
USR00288,PRD00019,2023-12-13,105,search
USR00288,PRD00656,2025-06-05,415,homepage
USR00289,PRD02623,2022-04-17,217,homepage
USR00289,PRD02534,2025-09-23,423,search
USR00289,PRD02431,2025-02-26,254,search
USR00289,PRD00037,2021-09-27,48,email
USR00290,PRD01589,2025-10-03,305,email
USR00291,PRD02475,2025-02-12,331,direct
USR00291,PRD02167,2021-03-15,28,direct
USR00291,PRD02229,2025-03-09,106,direct
USR00291,PRD01945,2022-06-26,317,search
USR00292,PRD01911,2021-03-27,482,homepage
USR00292,PRD02949,2022-05-09,29,direct
USR00293,PRD01651,2023-04-11,452,homepage
USR00293,PRD02541,2023-11-18,79,social
USR00293,PRD02433,2023-08-03,528,social
USR00293,PRD00775,2022-12-10,527,direct
USR00293,PRD01125,2022-01-28,287,direct
USR00294,PRD01924,2023-06-06,356,search
USR00294,PRD01006,2023-05-31,21,homepage
USR00295,PRD02472,2022-03-18,26,recommendation
USR00295,PRD02763,2021-09-05,163,email
USR00296,PRD02465,2023-12-22,84,search
USR00296,PRD02398,2025-05-01,532,ad
USR00297,PRD01084,2025-06-21,421,recommendation
USR00297,PRD00554,2022-09-15,546,social
USR00297,PRD00541,2023-05-24,367,homepage
USR00297,PRD00822,2022-07-28,223,search
USR00297,PRD01256,2021-03-29,399,ad
USR00298,PRD00522,2022-12-14,153,social
USR00298,PRD01519,2023-02-27,92,search
USR00298,PRD00803,2023-01-26,168,recommendation
USR00298,PRD02960,2024-09-27,110,recommendation
USR00299,PRD01206,2023-07-18,593,recommendation
USR00299,PRD02133,2021-05-26,560,recommendation
USR00299,PRD02848,2021-01-13,122,homepage
USR00299,PRD00081,2023-12-11,215,social
USR00299,PRD02362,2021-12-17,105,search
USR00300,PRD00800,2022-07-02,511,search
USR00300,PRD00485,2025-09-30,413,ad
USR00300,PRD01494,2022-05-30,128,social
USR00300,PRD00977,2024-10-09,532,recommendation
USR00300,PRD00542,2024-06-08,221,direct
USR00300,PRD01713,2025-07-11,223,search
USR00300,PRD01943,2024-09-19,421,direct
USR00301,PRD02327,2023-09-02,227,search
USR00301,PRD00457,2022-09-17,76,search
USR00302,PRD00186,2025-07-29,306,direct
USR00302,PRD02437,2023-10-26,591,social
USR00303,PRD02732,2022-11-08,426,email
USR00304,PRD02066,2025-12-08,425,recommendation
USR00304,PRD02813,2024-05-25,65,email
USR00304,PRD02536,2023-03-11,126,social
USR00304,PRD01265,2025-04-18,58,recommendation
USR00304,PRD00762,2024-08-18,106,ad
USR00304,PRD00378,2023-05-06,219,homepage
USR00305,PRD02711,2021-05-01,130,email
USR00305,PRD01633,2022-05-24,226,search
USR00305,PRD00942,2024-05-11,218,homepage
USR00305,PRD01945,2022-02-02,416,search
USR00305,PRD02029,2024-03-25,564,recommendation
USR00306,PRD02621,2023-12-28,599,social
USR00306,PRD02061,2025-07-21,212,recommendation
USR00306,PRD02222,2023-09-30,320,direct
USR00306,PRD01101,2023-12-15,353,homepage
USR00306,PRD00495,2025-10-24,147,recommendation
USR00307,PRD02038,2025-11-02,388,social
USR00307,PRD00439,2025-06-27,432,recommendation
USR00308,PRD02617,2021-02-19,295,email
USR00308,PRD02864,2025-05-07,316,direct
USR00308,PRD00076,2025-07-23,60,search
USR00308,PRD01130,2024-04-22,85,homepage
USR00308,PRD01022,2023-09-27,56,social
USR00308,PRD02605,2022-07-04,482,ad
USR00308,PRD00680,2023-03-22,147,search
USR00308,PRD01588,2025-08-19,246,search
USR00309,PRD01920,2023-08-04,436,search
USR00309,PRD01443,2023-08-05,300,ad
USR00309,PRD00911,2022-12-18,340,direct
USR00309,PRD00443,2022-04-05,395,recommendation
USR00309,PRD02453,2022-05-06,21,search
USR00309,PRD01574,2025-06-29,294,direct
USR00310,PRD00575,2024-03-05,445,email
USR00310,PRD02653,2021-11-30,321,direct
USR00310,PRD00971,2022-08-17,507,ad
USR00310,PRD00129,2021-06-16,321,social
USR00310,PRD00703,2023-07-11,591,search
USR00310,PRD00207,2025-05-27,171,direct
USR00311,PRD02527,2025-09-28,516,ad
USR00311,PRD01275,2025-12-08,156,social
USR00311,PRD02532,2025-08-30,28,email
USR00311,PRD01628,2024-03-09,38,recommendation
USR00311,PRD01687,2022-05-07,449,recommendation
USR00311,PRD00851,2021-05-06,268,recommendation
USR00311,PRD02988,2024-06-15,483,ad
USR00312,PRD02672,2024-06-30,515,email
USR00312,PRD02647,2025-08-06,101,ad
USR00312,PRD01295,2023-06-23,400,search
USR00312,PRD01671,2023-09-27,11,search
USR00312,PRD00372,2021-12-23,567,search
USR00312,PRD00090,2021-10-21,311,homepage
USR00312,PRD00284,2025-10-16,574,ad
USR00313,PRD00150,2021-02-01,523,homepage
USR00313,PRD02983,2024-08-07,378,direct
USR00314,PRD00876,2022-10-02,230,email
USR00314,PRD01388,2025-11-17,298,email
USR00314,PRD00051,2022-01-01,580,search
USR00314,PRD02634,2023-04-13,193,direct
USR00315,PRD01572,2022-11-11,586,direct
USR00315,PRD01367,2023-05-21,478,direct
USR00315,PRD02558,2024-03-20,494,search
USR00315,PRD01142,2024-12-22,450,social
USR00316,PRD01841,2022-07-04,595,recommendation
USR00316,PRD01381,2021-12-02,535,social
USR00316,PRD02620,2021-11-21,332,ad
USR00316,PRD00195,2025-12-29,563,ad
USR00316,PRD00905,2025-11-03,213,direct
USR00316,PRD02958,2023-03-25,481,social
USR00317,PRD02708,2024-03-07,163,homepage
USR00318,PRD00785,2023-01-14,357,social
USR00318,PRD01861,2024-04-06,487,email
USR00318,PRD00600,2024-06-22,532,ad
USR00318,PRD02527,2023-10-28,459,homepage
USR00318,PRD01388,2023-04-24,198,ad
USR00318,PRD02743,2024-12-10,497,recommendation
USR00318,PRD01695,2024-01-10,391,homepage
USR00318,PRD02376,2025-10-05,519,recommendation
USR00319,PRD01488,2022-10-09,220,email
USR00320,PRD02064,2023-02-02,544,homepage
USR00320,PRD02328,2022-05-06,80,homepage
USR00320,PRD01250,2025-07-14,5,homepage
USR00321,PRD00186,2023-08-29,209,direct
USR00321,PRD01994,2023-08-03,86,recommendation
USR00321,PRD00196,2023-03-08,80,homepage
USR00321,PRD02656,2023-12-19,56,ad
USR00321,PRD01570,2022-07-08,50,search
USR00321,PRD00749,2023-11-15,541,direct
USR00321,PRD00005,2023-10-07,207,homepage
USR00322,PRD02901,2021-04-18,293,search
USR00322,PRD01192,2023-10-07,316,direct
USR00322,PRD00362,2023-05-15,118,homepage
USR00322,PRD00930,2023-04-15,385,homepage
USR00323,PRD02511,2022-02-02,238,ad
USR00323,PRD02736,2022-10-30,509,recommendation
USR00323,PRD01837,2022-06-07,305,recommendation
USR00323,PRD02210,2021-11-27,365,direct
USR00324,PRD01099,2021-12-18,233,email
USR00324,PRD01850,2022-01-09,36,recommendation
USR00324,PRD00961,2024-03-13,227,recommendation
USR00324,PRD01351,2022-03-04,21,homepage
USR00324,PRD02519,2024-07-21,383,search
USR00324,PRD02368,2022-07-24,404,social
USR00324,PRD01937,2023-12-09,479,direct
USR00324,PRD00464,2022-05-08,363,search
USR00325,PRD02778,2025-12-05,539,recommendation
USR00325,PRD01098,2022-03-10,205,email
USR00325,PRD01611,2022-12-27,534,direct
USR00325,PRD02970,2021-05-28,257,homepage
USR00326,PRD02476,2023-03-10,447,email
USR00327,PRD00407,2023-05-21,179,recommendation
USR00327,PRD02783,2023-05-31,570,recommendation
USR00327,PRD01831,2024-01-06,552,recommendation
USR00328,PRD01224,2023-07-26,341,social
USR00328,PRD01448,2021-01-16,566,search
USR00328,PRD02085,2024-09-04,444,search
USR00328,PRD00159,2022-10-03,482,homepage
USR00329,PRD02680,2024-11-27,339,ad
USR00329,PRD00597,2023-10-29,267,email
USR00329,PRD02902,2021-06-13,337,social
USR00329,PRD01621,2022-10-19,312,homepage
USR00329,PRD02354,2021-09-03,26,recommendation
USR00329,PRD00337,2021-01-06,444,recommendation
USR00329,PRD01707,2025-11-09,533,social
USR00330,PRD02580,2023-06-19,256,social
USR00330,PRD02596,2021-10-10,176,email
USR00330,PRD01365,2022-12-31,583,social
USR00330,PRD02719,2025-01-03,220,homepage
USR00330,PRD00433,2025-09-14,141,social
USR00330,PRD02651,2024-06-30,257,search
USR00330,PRD01457,2022-01-01,255,ad
USR00331,PRD02700,2021-02-14,349,search
USR00332,PRD01681,2024-07-20,367,homepage
USR00332,PRD00855,2022-08-30,243,search
USR00332,PRD02335,2022-07-18,391,recommendation
USR00332,PRD01865,2022-08-22,534,search
USR00332,PRD01719,2025-08-05,303,direct
USR00332,PRD02082,2022-09-15,409,homepage
USR00332,PRD01103,2025-03-06,229,direct
USR00333,PRD01205,2025-12-08,209,recommendation
USR00333,PRD01782,2021-01-29,250,recommendation
USR00334,PRD00287,2022-07-16,444,homepage
USR00334,PRD01444,2025-11-25,592,ad
USR00335,PRD01142,2021-07-28,157,ad
USR00335,PRD02053,2021-02-24,287,ad
USR00335,PRD02506,2022-02-07,13,recommendation
USR00335,PRD02769,2025-03-23,332,homepage
USR00335,PRD01132,2021-05-06,35,social
USR00335,PRD01251,2023-04-24,469,recommendation
USR00336,PRD01125,2021-08-06,95,recommendation
USR00337,PRD01871,2023-01-25,222,homepage
USR00337,PRD02427,2022-11-07,71,recommendation
USR00337,PRD02626,2023-07-21,281,ad
USR00337,PRD01753,2021-02-03,430,ad
USR00337,PRD01901,2025-12-22,519,search
USR00337,PRD02219,2022-01-26,100,homepage
USR00338,PRD01780,2025-08-28,371,homepage
USR00338,PRD00014,2023-09-24,162,direct
USR00338,PRD00716,2024-04-16,589,recommendation
USR00338,PRD01375,2021-10-27,75,recommendation
USR00338,PRD01827,2021-12-18,243,search
USR00339,PRD02286,2024-02-02,599,email
USR00339,PRD02582,2022-11-22,378,ad
USR00339,PRD01500,2024-03-12,430,social
USR00339,PRD01068,2021-08-30,198,social
USR00339,PRD02327,2025-01-09,137,ad
USR00340,PRD01375,2023-02-28,20,social
USR00340,PRD01285,2025-05-03,406,social
USR00340,PRD00523,2021-04-14,162,social
USR00340,PRD02614,2025-04-14,203,recommendation
USR00340,PRD00548,2025-04-17,524,email
USR00340,PRD01545,2025-07-29,497,ad
USR00340,PRD01348,2023-02-20,447,email
USR00340,PRD00888,2024-08-20,108,recommendation
USR00341,PRD00512,2023-08-13,107,ad
USR00341,PRD01124,2025-06-22,480,social
USR00341,PRD01562,2024-02-16,333,search
USR00341,PRD02449,2025-12-19,12,email
USR00341,PRD01630,2024-12-28,374,search
USR00342,PRD00582,2021-02-22,222,recommendation
USR00342,PRD00134,2023-11-06,230,ad
USR00342,PRD01615,2023-12-14,424,search
USR00342,PRD01779,2023-08-27,544,recommendation
USR00342,PRD01271,2024-04-18,431,recommendation
USR00342,PRD00351,2021-09-09,248,recommendation
USR00343,PRD02690,2023-09-17,11,search
USR00343,PRD02644,2023-02-18,577,ad
USR00343,PRD00616,2021-06-27,164,social
USR00344,PRD00623,2022-08-07,329,search
USR00345,PRD01564,2022-01-04,303,social
USR00345,PRD01654,2022-07-09,274,social
USR00345,PRD02793,2024-04-26,558,search
USR00345,PRD01422,2024-04-16,354,search
USR00345,PRD02609,2025-10-07,473,email
USR00345,PRD01105,2022-05-19,297,search
USR00345,PRD00582,2021-06-12,509,ad
USR00345,PRD00255,2025-12-08,178,search
USR00346,PRD00903,2022-07-03,534,homepage
USR00346,PRD00693,2022-04-02,318,ad
USR00346,PRD02099,2023-05-18,204,recommendation
USR00346,PRD00354,2023-01-20,171,search
USR00346,PRD00860,2024-02-17,436,email
USR00346,PRD02611,2022-10-02,102,direct
USR00346,PRD01803,2025-10-23,121,recommendation
USR00347,PRD02111,2022-12-23,13,ad
USR00347,PRD01906,2021-05-17,255,social
USR00347,PRD01025,2022-11-14,407,social
USR00347,PRD01152,2023-01-10,572,email
USR00347,PRD00364,2023-05-31,168,recommendation
USR00348,PRD00899,2025-06-13,569,social
USR00348,PRD02545,2025-05-02,227,direct
USR00348,PRD00951,2024-11-22,47,direct
USR00348,PRD02925,2025-10-13,262,recommendation
USR00348,PRD02314,2025-03-03,564,search
USR00349,PRD02117,2021-08-19,150,homepage
USR00349,PRD02609,2023-11-12,406,email
USR00349,PRD00899,2024-04-30,478,social
USR00349,PRD01580,2021-02-25,32,social
USR00349,PRD01712,2025-01-18,5,direct
USR00349,PRD01994,2023-12-10,38,recommendation
USR00350,PRD00896,2022-03-03,171,direct
USR00351,PRD00804,2021-07-30,187,ad
USR00351,PRD02739,2025-04-07,345,direct
USR00351,PRD00423,2025-05-15,484,email
USR00351,PRD01741,2024-05-07,548,homepage
USR00351,PRD02746,2023-04-13,490,direct
USR00351,PRD00493,2025-12-26,250,social
USR00351,PRD00078,2024-02-07,573,recommendation
USR00352,PRD02132,2022-10-30,268,homepage
USR00353,PRD00176,2021-09-03,156,ad
USR00353,PRD02069,2021-12-20,498,homepage
USR00353,PRD00356,2023-01-24,304,homepage
USR00353,PRD00359,2025-09-24,139,recommendation
USR00353,PRD02111,2023-12-25,483,search
USR00354,PRD01325,2023-08-06,58,homepage
USR00354,PRD02753,2022-06-17,278,direct
USR00354,PRD01501,2021-11-04,62,social
USR00354,PRD02162,2021-09-11,307,social
USR00354,PRD00480,2024-02-06,386,recommendation
USR00354,PRD02200,2021-04-11,379,direct
USR00354,PRD00047,2021-04-07,535,recommendation
USR00355,PRD01768,2023-10-26,387,search
USR00355,PRD01304,2021-10-11,590,homepage
USR00356,PRD01046,2021-09-13,27,email
USR00356,PRD00916,2023-07-04,158,search
USR00356,PRD02165,2025-08-28,526,homepage
USR00356,PRD00745,2022-12-30,462,recommendation
USR00356,PRD01596,2022-10-04,289,direct
USR00356,PRD01037,2023-12-11,45,email
USR00357,PRD02684,2025-06-21,274,ad
USR00357,PRD01212,2025-03-02,409,social
USR00357,PRD00165,2021-11-30,248,recommendation
USR00357,PRD00103,2023-09-28,28,homepage
USR00358,PRD02650,2023-06-17,143,ad
USR00358,PRD02690,2023-05-30,47,search
USR00358,PRD02061,2025-11-02,552,ad
USR00358,PRD00038,2025-08-27,245,social
USR00358,PRD00478,2022-08-19,328,social
USR00358,PRD00053,2025-11-23,510,search
USR00358,PRD01885,2024-07-13,543,homepage
USR00359,PRD02259,2024-11-17,88,recommendation
USR00359,PRD02337,2022-08-23,294,search
USR00359,PRD00299,2021-08-30,412,ad
USR00359,PRD02894,2022-06-21,583,ad
USR00359,PRD01694,2022-05-28,292,direct
USR00360,PRD02747,2021-03-26,431,direct
USR00360,PRD01243,2024-03-25,393,recommendation
USR00360,PRD01064,2023-02-04,60,search
USR00360,PRD00087,2024-08-25,523,search
USR00360,PRD02004,2022-05-12,381,search
USR00360,PRD00378,2022-11-08,228,recommendation
USR00360,PRD02164,2022-08-05,148,social
USR00360,PRD02795,2024-09-14,576,search
USR00361,PRD02301,2024-04-07,513,social
USR00361,PRD00926,2025-08-17,31,social
USR00361,PRD00013,2024-04-06,33,email
USR00361,PRD00468,2023-07-13,39,homepage
USR00361,PRD02463,2021-02-21,186,direct
USR00362,PRD02780,2021-08-23,234,ad
USR00363,PRD00547,2023-09-04,538,search
USR00363,PRD02493,2021-08-23,94,social
USR00363,PRD00447,2025-10-13,310,social
USR00363,PRD02270,2022-01-22,479,email
USR00364,PRD01429,2025-09-30,439,direct
USR00364,PRD02037,2021-05-25,306,social
USR00364,PRD02663,2022-11-27,350,email
USR00364,PRD02252,2022-01-10,86,direct
USR00365,PRD01688,2024-06-01,58,social
USR00366,PRD00108,2022-02-11,562,email
USR00366,PRD01308,2022-03-03,376,ad
USR00366,PRD02337,2023-02-15,391,homepage
USR00366,PRD00801,2024-10-22,328,recommendation
USR00366,PRD01587,2023-07-02,369,ad
USR00367,PRD02213,2022-02-22,456,email
USR00367,PRD02433,2021-09-24,585,recommendation
USR00367,PRD01940,2022-08-12,42,ad
USR00367,PRD01342,2023-07-07,200,email
USR00368,PRD00022,2025-06-24,156,social
USR00368,PRD02222,2023-02-05,381,direct
USR00368,PRD00577,2024-04-21,528,search
USR00368,PRD00165,2021-09-18,266,ad
USR00368,PRD01615,2021-05-13,301,search
USR00368,PRD00600,2021-09-19,352,social
USR00368,PRD00032,2022-06-06,525,recommendation
USR00369,PRD00466,2021-08-23,8,recommendation
USR00369,PRD01493,2024-04-08,408,ad
USR00369,PRD01995,2025-03-06,141,direct
USR00369,PRD02126,2023-09-07,552,recommendation
USR00369,PRD00319,2025-06-10,547,recommendation
USR00369,PRD01593,2023-08-05,548,social
USR00370,PRD02964,2022-03-17,183,direct
USR00370,PRD00439,2023-03-05,176,homepage
USR00370,PRD02398,2021-10-07,435,recommendation
USR00370,PRD02640,2025-10-28,507,ad
USR00370,PRD00757,2025-04-09,263,ad
USR00370,PRD01050,2022-06-12,199,social
USR00370,PRD00220,2023-06-25,460,ad
USR00371,PRD01069,2022-01-06,90,recommendation
USR00371,PRD02447,2022-11-13,50,recommendation
USR00371,PRD02757,2023-07-13,270,ad
USR00371,PRD02905,2025-06-21,482,direct
USR00371,PRD01676,2022-07-31,320,direct
USR00372,PRD01416,2025-08-24,60,direct
USR00372,PRD01987,2024-06-18,342,social
USR00373,PRD00803,2021-10-23,451,email
USR00373,PRD00532,2022-12-17,181,ad
USR00373,PRD02278,2023-08-22,99,email
USR00373,PRD02470,2024-11-11,301,recommendation
USR00373,PRD01050,2021-12-06,268,social
USR00373,PRD02279,2023-09-17,592,email
USR00374,PRD01358,2023-09-20,534,recommendation
USR00374,PRD01572,2021-05-11,109,ad
USR00374,PRD00814,2023-12-22,271,recommendation
USR00374,PRD00362,2024-12-24,198,ad
USR00375,PRD00546,2024-05-21,594,search
USR00376,PRD00100,2022-02-23,493,homepage
USR00376,PRD00108,2024-06-01,378,email
USR00376,PRD00642,2022-12-13,35,ad
USR00376,PRD01440,2023-10-17,379,direct
USR00377,PRD00472,2022-06-19,586,email
USR00377,PRD01060,2025-08-30,144,search
USR00377,PRD00194,2023-05-16,441,recommendation
USR00378,PRD01915,2023-05-30,244,email
USR00378,PRD01621,2021-03-13,484,email
USR00378,PRD00068,2023-06-07,304,homepage
USR00378,PRD00254,2024-11-18,141,homepage
USR00378,PRD00752,2024-08-25,358,ad
USR00378,PRD02205,2023-12-13,382,homepage
USR00378,PRD02562,2022-04-19,574,recommendation
USR00379,PRD01542,2024-12-26,298,social
USR00379,PRD01837,2024-03-24,569,direct
USR00380,PRD01967,2024-07-23,267,search
USR00380,PRD00469,2024-02-17,67,email
USR00380,PRD01675,2023-12-03,122,homepage
USR00380,PRD00080,2024-11-20,75,ad
USR00380,PRD00018,2022-04-24,339,email
USR00381,PRD01078,2024-05-12,264,direct
USR00381,PRD02467,2021-12-09,199,email
USR00382,PRD00497,2025-07-03,440,email
USR00382,PRD01989,2025-05-27,271,email
USR00383,PRD00855,2021-05-25,232,direct
USR00383,PRD00879,2022-07-03,101,search
USR00383,PRD01973,2025-06-14,51,homepage
USR00383,PRD01914,2021-10-03,583,direct
USR00383,PRD01023,2022-11-13,363,social
USR00383,PRD01938,2022-05-12,163,ad
USR00383,PRD02816,2023-11-04,411,social
USR00383,PRD01982,2021-05-13,488,direct
USR00384,PRD01284,2025-04-09,63,homepage
USR00384,PRD01098,2023-11-02,203,social
USR00384,PRD02413,2021-08-25,149,search
USR00384,PRD01638,2024-10-05,83,direct
USR00384,PRD01383,2022-11-27,534,social
USR00384,PRD00767,2023-12-12,220,email
USR00384,PRD01911,2025-10-29,368,homepage
USR00384,PRD02961,2021-11-03,202,ad
USR00385,PRD01548,2023-01-02,360,search
USR00385,PRD01295,2025-05-17,130,social
USR00385,PRD00582,2023-10-12,342,ad
USR00385,PRD02841,2022-07-30,101,ad
USR00385,PRD00009,2023-05-14,501,recommendation
USR00385,PRD02106,2022-12-27,535,ad
USR00386,PRD01125,2023-02-18,156,recommendation
USR00386,PRD02840,2023-12-27,57,recommendation
USR00386,PRD00463,2024-04-10,78,search
USR00386,PRD00459,2025-04-17,416,social
USR00387,PRD00748,2025-04-30,519,search
USR00388,PRD01346,2024-04-13,367,recommendation
USR00388,PRD00699,2023-01-07,56,recommendation
USR00388,PRD02570,2022-05-17,312,recommendation
USR00389,PRD01739,2024-10-02,133,search
USR00389,PRD01117,2023-10-09,97,direct
USR00389,PRD01183,2025-10-25,555,social
USR00390,PRD02081,2021-04-02,267,ad
USR00391,PRD01868,2024-04-18,378,homepage
USR00391,PRD01218,2022-04-25,247,search
USR00391,PRD01544,2023-03-17,437,email
USR00391,PRD00166,2022-07-22,352,ad
USR00391,PRD00619,2025-03-22,241,email
USR00392,PRD00895,2023-12-27,170,ad
USR00392,PRD00674,2021-03-17,385,search
USR00392,PRD00749,2022-12-24,553,search
USR00393,PRD02287,2025-04-27,273,email
USR00393,PRD02250,2022-02-03,36,ad
USR00393,PRD01371,2022-04-19,491,ad
USR00394,PRD00073,2024-04-20,543,ad
USR00394,PRD01731,2023-05-15,521,search
USR00394,PRD02477,2024-01-01,402,recommendation
USR00394,PRD02841,2023-12-07,442,ad
USR00394,PRD01144,2024-09-21,447,email
USR00395,PRD02329,2025-04-30,209,recommendation
USR00395,PRD00658,2022-05-24,539,recommendation
USR00395,PRD01976,2025-01-03,107,ad
USR00395,PRD00668,2021-09-08,164,homepage
USR00395,PRD02732,2023-09-21,10,search
USR00395,PRD00411,2024-03-14,146,direct
USR00396,PRD01390,2023-07-01,248,email
USR00396,PRD02691,2025-01-04,220,social
USR00396,PRD00951,2022-01-18,384,ad
USR00396,PRD02787,2021-03-21,80,ad
USR00397,PRD00646,2023-09-01,102,social
USR00397,PRD01757,2025-03-11,487,ad
USR00397,PRD02648,2025-01-20,18,homepage
USR00398,PRD00051,2022-10-31,211,direct
USR00398,PRD02025,2021-08-30,546,search
USR00399,PRD00085,2025-11-27,326,ad
USR00399,PRD01015,2024-09-07,203,email
USR00399,PRD02770,2025-12-26,510,recommendation
USR00400,PRD00315,2021-11-15,545,recommendation
USR00400,PRD01831,2025-02-15,263,homepage
USR00400,PRD00906,2021-06-19,378,direct
USR00400,PRD02561,2021-10-18,87,email
USR00401,PRD01054,2024-11-07,264,direct
USR00401,PRD01171,2025-09-18,351,direct
USR00401,PRD00047,2024-07-30,482,direct
USR00401,PRD00766,2025-11-18,82,email
USR00401,PRD02117,2023-10-19,536,direct
USR00401,PRD00930,2021-02-26,55,recommendation
USR00402,PRD01457,2021-12-17,348,email
USR00402,PRD01507,2024-11-02,529,homepage
USR00402,PRD01557,2022-08-05,142,social
USR00402,PRD02931,2024-05-24,411,ad
USR00402,PRD01650,2025-12-01,576,search
USR00402,PRD00034,2025-10-12,448,direct
USR00402,PRD00938,2021-01-17,22,email
USR00402,PRD02786,2021-12-03,104,social
USR00403,PRD01617,2024-11-13,357,homepage
USR00403,PRD02962,2025-08-23,348,ad
USR00403,PRD00933,2024-01-17,170,search
USR00404,PRD00116,2024-01-19,580,email
USR00404,PRD01174,2021-10-06,284,direct
USR00405,PRD00715,2021-06-11,275,email
USR00405,PRD01196,2024-03-30,238,direct
USR00405,PRD01341,2022-06-05,592,recommendation
USR00405,PRD00476,2021-01-09,512,direct
USR00406,PRD02115,2023-08-19,504,direct
USR00406,PRD02829,2023-06-10,543,email
USR00406,PRD02349,2023-03-22,26,social
USR00406,PRD01831,2021-05-02,214,recommendation
USR00406,PRD01100,2024-12-05,170,email
USR00406,PRD01738,2021-09-17,221,search
USR00407,PRD02596,2023-08-19,41,email
USR00407,PRD01831,2021-09-24,252,direct
USR00407,PRD00143,2024-10-01,444,email
USR00407,PRD02379,2022-08-25,114,email
USR00407,PRD00762,2021-03-17,260,search
USR00407,PRD01449,2025-10-18,599,search
USR00407,PRD01349,2025-09-30,482,homepage
USR00407,PRD00432,2022-10-02,197,search
USR00408,PRD02485,2023-03-23,122,email
USR00408,PRD00078,2025-12-25,376,search
USR00408,PRD01481,2024-10-28,32,homepage
USR00408,PRD01361,2021-07-09,534,ad
USR00408,PRD00833,2023-11-12,415,search
USR00408,PRD01186,2024-10-03,23,search
USR00409,PRD02333,2025-03-25,574,homepage
USR00409,PRD00674,2024-09-05,150,social
USR00410,PRD00595,2025-08-15,573,direct
USR00410,PRD02587,2024-09-28,20,search
USR00410,PRD01657,2022-10-08,364,email
USR00410,PRD01232,2021-12-09,285,recommendation
USR00411,PRD02445,2023-07-17,168,ad
USR00411,PRD00967,2024-03-01,413,search
USR00412,PRD01191,2021-12-08,136,direct
USR00412,PRD02946,2021-12-25,452,search
USR00412,PRD01638,2023-06-17,247,homepage
USR00413,PRD01684,2021-03-31,381,homepage
USR00413,PRD02136,2025-04-21,292,recommendation
USR00413,PRD01298,2021-12-07,306,social
USR00413,PRD02678,2021-02-04,335,ad
USR00413,PRD01198,2025-01-13,74,homepage
USR00413,PRD00660,2022-02-22,465,search
USR00413,PRD01461,2022-05-11,381,ad
USR00414,PRD02440,2022-11-26,240,social
USR00414,PRD02852,2022-09-04,350,direct
USR00414,PRD01496,2024-05-22,134,social
USR00414,PRD02561,2021-08-11,334,direct
USR00414,PRD02562,2025-03-09,110,ad
USR00414,PRD01305,2022-09-29,488,ad
USR00414,PRD00985,2023-02-21,379,homepage
USR00414,PRD00362,2024-03-17,247,homepage
USR00415,PRD01552,2022-11-27,152,direct
USR00415,PRD00006,2022-05-06,331,ad
USR00415,PRD01118,2023-04-12,94,homepage
USR00415,PRD02109,2021-01-22,372,direct
USR00415,PRD01252,2025-09-09,245,social
USR00415,PRD02893,2021-07-25,215,ad
USR00415,PRD00552,2021-11-18,383,direct
USR00416,PRD01736,2025-04-07,36,search
USR00416,PRD00418,2021-05-01,120,recommendation
USR00416,PRD02796,2022-11-30,318,email
USR00416,PRD02287,2022-05-03,443,recommendation
USR00416,PRD00912,2023-08-04,271,social
USR00416,PRD00578,2024-10-09,417,homepage
USR00417,PRD00599,2025-06-23,587,direct
USR00417,PRD02278,2023-04-20,104,social
USR00417,PRD02062,2024-06-13,73,social
USR00417,PRD01615,2022-02-09,365,ad
USR00418,PRD00584,2025-07-11,274,email
USR00418,PRD00024,2022-07-23,201,search
USR00419,PRD01053,2025-07-08,37,homepage
USR00419,PRD02613,2021-05-30,297,search
USR00419,PRD02541,2024-04-07,104,direct
USR00420,PRD02408,2024-12-15,161,search
USR00420,PRD01082,2021-07-08,453,search
USR00420,PRD00095,2024-12-22,86,social
USR00420,PRD00374,2025-06-05,331,recommendation
USR00420,PRD00223,2021-12-03,161,ad
USR00421,PRD02229,2025-02-03,67,email
USR00421,PRD01030,2021-12-22,16,recommendation
USR00421,PRD02819,2024-02-14,570,direct
USR00421,PRD01746,2022-02-03,218,direct
USR00421,PRD00700,2021-02-11,68,direct
USR00422,PRD01780,2023-11-17,228,social
USR00422,PRD01893,2025-11-23,62,search
USR00422,PRD01888,2022-01-25,280,social
USR00423,PRD00786,2024-01-04,121,search
USR00423,PRD00480,2022-05-14,439,search
USR00423,PRD00350,2025-08-23,364,search
USR00423,PRD01650,2022-09-28,459,ad
USR00423,PRD01454,2023-02-18,410,search
USR00423,PRD00796,2024-06-04,431,search
USR00424,PRD00220,2023-09-11,410,ad
USR00424,PRD02589,2025-05-07,274,email
USR00425,PRD01193,2021-03-07,250,email
USR00425,PRD00416,2025-06-27,542,recommendation
USR00425,PRD00145,2023-04-02,101,recommendation
USR00425,PRD02998,2025-05-14,550,direct
USR00426,PRD01113,2023-06-10,38,ad
USR00426,PRD00207,2023-11-18,107,search
USR00426,PRD02069,2022-08-16,415,ad
USR00426,PRD01299,2021-01-15,214,homepage
USR00426,PRD00097,2025-03-17,467,email
USR00426,PRD00735,2023-04-12,97,recommendation
USR00427,PRD02237,2022-07-03,239,direct
USR00427,PRD00998,2021-08-16,295,email
USR00427,PRD01657,2023-12-10,291,ad
USR00427,PRD01654,2022-04-10,561,social
USR00427,PRD00941,2022-08-20,564,email
USR00427,PRD02686,2025-11-12,218,direct
USR00427,PRD00116,2021-05-28,541,social
USR00428,PRD01277,2022-11-13,6,direct
USR00428,PRD00661,2023-01-20,162,social
USR00428,PRD01099,2022-03-30,120,homepage
USR00428,PRD02315,2023-01-31,283,homepage
USR00428,PRD00495,2022-04-10,43,homepage
USR00429,PRD00734,2025-05-04,323,email
USR00429,PRD00705,2024-07-30,208,social
USR00429,PRD00077,2021-01-21,389,email
USR00429,PRD00757,2023-11-16,166,recommendation
USR00429,PRD00693,2025-09-18,299,ad
USR00429,PRD01053,2022-01-09,216,homepage
USR00430,PRD02663,2021-06-26,217,homepage
USR00430,PRD01855,2023-09-17,220,recommendation
USR00431,PRD00495,2023-06-19,450,direct
USR00431,PRD02369,2023-07-22,583,email
USR00431,PRD00210,2025-11-11,574,direct
USR00432,PRD01494,2021-12-06,148,search
USR00432,PRD01345,2024-03-19,496,ad
USR00432,PRD02455,2023-12-17,549,recommendation
USR00432,PRD02745,2025-02-18,380,recommendation
USR00432,PRD01245,2021-11-28,492,direct
USR00433,PRD00016,2022-12-12,534,search
USR00433,PRD01684,2022-04-22,14,social
USR00433,PRD00310,2024-07-29,538,ad
USR00433,PRD00936,2021-12-31,540,search
USR00434,PRD02345,2022-10-29,474,homepage
USR00434,PRD01769,2023-07-05,444,direct
USR00434,PRD02117,2023-09-11,587,social
USR00434,PRD01904,2023-04-05,41,recommendation
USR00434,PRD02476,2021-07-06,143,direct
USR00434,PRD01850,2024-03-05,511,ad
USR00435,PRD02051,2024-02-01,152,recommendation
USR00435,PRD01757,2022-02-13,360,social
USR00435,PRD02724,2022-12-08,228,homepage
USR00436,PRD00242,2024-06-27,574,recommendation
USR00436,PRD01438,2023-03-05,335,ad
USR00437,PRD01592,2024-01-23,16,search
USR00437,PRD02037,2023-12-27,148,ad
USR00437,PRD02450,2024-08-03,180,email
USR00437,PRD02076,2024-01-19,538,recommendation
USR00437,PRD00337,2022-12-27,358,direct
USR00437,PRD00414,2024-04-18,406,recommendation
USR00437,PRD01797,2024-09-19,576,search
USR00437,PRD01677,2024-08-15,119,ad
USR00438,PRD00618,2025-11-12,204,search
USR00438,PRD01025,2024-12-05,31,recommendation
USR00438,PRD00504,2022-11-08,257,recommendation
USR00438,PRD01246,2025-12-13,536,search
USR00438,PRD00770,2023-08-21,49,homepage
USR00438,PRD01756,2025-05-31,531,ad
USR00438,PRD02383,2025-02-27,188,search
USR00438,PRD00071,2025-11-08,352,social
USR00439,PRD00207,2024-06-07,252,ad
USR00439,PRD01413,2023-07-12,303,recommendation
USR00439,PRD00268,2023-12-18,112,recommendation
USR00440,PRD02425,2024-09-19,356,direct
USR00440,PRD02611,2021-04-04,492,direct
USR00440,PRD00265,2024-12-26,312,search
USR00440,PRD01529,2025-03-29,519,search
USR00440,PRD02936,2022-06-08,432,recommendation
USR00440,PRD01865,2021-09-26,84,search
USR00440,PRD02262,2023-07-05,156,social
USR00441,PRD00839,2025-08-15,344,social
USR00441,PRD01914,2024-06-22,53,homepage
USR00441,PRD01536,2023-02-22,358,search
USR00441,PRD00287,2023-05-10,518,email
USR00441,PRD00016,2023-10-07,511,direct
USR00442,PRD00118,2022-04-10,117,direct
USR00442,PRD00125,2023-02-05,347,direct
USR00442,PRD00998,2022-01-01,375,direct
USR00442,PRD00051,2023-11-05,373,social
USR00442,PRD00112,2022-06-23,148,email
USR00443,PRD00578,2023-06-03,430,email
USR00443,PRD02297,2021-10-05,310,ad
USR00443,PRD02426,2025-07-27,287,ad
USR00443,PRD01872,2022-07-06,390,social
USR00443,PRD00754,2022-10-31,453,email
USR00443,PRD02321,2021-09-20,261,email
USR00443,PRD02662,2022-10-29,546,recommendation
USR00443,PRD00241,2022-03-06,344,homepage
USR00444,PRD00575,2021-05-29,179,search
USR00444,PRD01183,2021-01-25,489,social
USR00444,PRD01256,2022-07-01,251,email
USR00444,PRD00458,2021-04-07,33,ad
USR00444,PRD00946,2021-07-11,332,homepage
USR00444,PRD02510,2021-07-04,159,search
USR00444,PRD01068,2021-03-10,566,search
USR00445,PRD00819,2025-05-25,464,email
USR00445,PRD00906,2021-05-25,349,social
USR00445,PRD01703,2025-06-02,27,recommendation
USR00445,PRD01484,2021-06-18,249,homepage
USR00445,PRD02556,2022-03-10,126,search
USR00445,PRD01002,2025-08-03,470,search
USR00445,PRD02287,2024-10-30,253,recommendation
USR00446,PRD00147,2023-11-13,394,direct
USR00446,PRD00989,2023-09-05,67,search
USR00446,PRD00629,2025-12-06,445,email
USR00446,PRD02977,2024-07-05,503,search
USR00447,PRD02465,2022-07-03,69,recommendation
USR00447,PRD00527,2023-12-05,188,recommendation
USR00447,PRD02192,2024-01-01,252,search
USR00447,PRD01264,2022-07-16,442,social
USR00447,PRD00753,2024-11-07,65,recommendation
USR00447,PRD00080,2021-06-16,563,search
USR00447,PRD02698,2023-10-04,291,social
USR00447,PRD02088,2021-01-20,19,direct
USR00448,PRD01436,2024-06-22,388,homepage
USR00448,PRD01036,2025-04-19,485,social
USR00448,PRD01430,2024-11-16,499,email
USR00448,PRD01339,2021-05-27,225,social
USR00448,PRD01792,2021-04-15,103,homepage
USR00448,PRD00387,2022-04-07,136,search
USR00448,PRD00120,2023-09-23,17,direct
USR00449,PRD00699,2022-08-02,476,homepage
USR00449,PRD01863,2024-11-18,124,ad
USR00449,PRD00602,2024-08-02,136,recommendation
USR00449,PRD01648,2025-06-06,239,ad
USR00450,PRD02161,2022-06-22,92,social
USR00450,PRD01204,2024-03-03,521,email
USR00450,PRD02549,2025-10-12,236,recommendation
USR00450,PRD00021,2021-10-26,551,ad
USR00450,PRD02775,2023-01-22,9,search
USR00451,PRD01786,2023-12-12,472,email
USR00451,PRD00889,2022-12-21,213,direct
USR00451,PRD01706,2025-11-14,532,email
USR00451,PRD02810,2023-02-18,446,ad
USR00451,PRD02970,2024-05-16,430,search
USR00452,PRD02572,2021-03-23,191,email
USR00452,PRD01916,2025-04-28,362,direct
USR00452,PRD02340,2021-06-08,94,search
USR00452,PRD01849,2024-11-09,175,ad
USR00452,PRD01052,2025-06-07,543,homepage
USR00452,PRD01293,2021-08-06,430,email
USR00452,PRD00022,2021-08-04,31,homepage
USR00452,PRD02783,2023-10-08,484,recommendation
USR00453,PRD01509,2023-12-24,446,direct
USR00453,PRD02558,2024-12-28,332,social
USR00453,PRD02975,2022-07-16,415,email
USR00453,PRD02849,2025-08-05,219,social
USR00453,PRD02644,2025-01-12,354,homepage
USR00453,PRD00711,2021-08-06,598,email
USR00453,PRD01737,2023-04-01,286,ad
USR00454,PRD02284,2025-10-12,59,email
USR00454,PRD00355,2024-05-14,67,email
USR00454,PRD01148,2022-11-16,478,direct
USR00454,PRD00221,2021-03-23,164,recommendation
USR00454,PRD01625,2021-11-10,380,direct
USR00454,PRD02918,2023-02-21,393,social
USR00455,PRD01474,2021-05-29,75,ad
USR00456,PRD01868,2021-11-03,330,direct
USR00456,PRD02430,2025-02-26,301,social
USR00456,PRD01817,2025-07-08,499,direct
USR00456,PRD01579,2021-09-01,176,email
USR00456,PRD02749,2023-11-18,354,homepage
USR00457,PRD01159,2024-11-13,8,direct
USR00457,PRD00013,2021-03-06,189,homepage
USR00458,PRD01753,2023-09-04,223,email
USR00458,PRD00118,2023-01-25,92,email
USR00458,PRD00279,2022-04-25,402,recommendation
USR00458,PRD01134,2022-11-22,187,homepage
USR00458,PRD01740,2022-06-12,584,social
USR00458,PRD01999,2025-01-27,557,recommendation
USR00458,PRD00332,2021-09-14,309,email
USR00458,PRD00281,2024-12-31,173,direct
USR00459,PRD01420,2024-05-18,329,direct
USR00459,PRD01702,2024-05-05,195,ad
USR00459,PRD01010,2021-05-19,538,ad
USR00459,PRD00929,2025-09-02,120,direct
USR00459,PRD01100,2025-07-12,184,ad
USR00459,PRD01532,2023-02-24,43,homepage
USR00460,PRD00398,2025-02-08,580,homepage
USR00460,PRD01934,2025-06-02,213,homepage
USR00460,PRD02538,2021-08-01,518,recommendation
USR00460,PRD02665,2025-12-05,544,email
USR00460,PRD00089,2023-06-03,74,direct
USR00460,PRD01346,2024-08-10,22,recommendation
USR00461,PRD01260,2023-11-17,495,recommendation
USR00461,PRD00854,2024-04-22,45,search
USR00461,PRD00664,2025-02-20,65,social
USR00461,PRD02830,2024-05-23,114,recommendation
USR00461,PRD00236,2025-02-11,432,recommendation
USR00461,PRD01651,2023-02-11,288,homepage
USR00462,PRD02306,2022-08-04,78,social
USR00462,PRD00696,2025-10-14,492,recommendation
USR00462,PRD01211,2024-11-11,227,search
USR00462,PRD01909,2025-01-05,118,recommendation
USR00462,PRD02580,2021-06-18,463,recommendation
USR00463,PRD02597,2021-08-06,379,email
USR00463,PRD01126,2024-04-16,413,direct
USR00463,PRD01085,2023-07-31,173,homepage
USR00463,PRD01779,2023-03-14,89,direct
USR00463,PRD00310,2023-07-31,416,search
USR00463,PRD01113,2023-10-09,20,homepage
USR00463,PRD01827,2024-06-02,270,direct
USR00463,PRD00255,2022-06-06,542,direct
USR00464,PRD00294,2021-07-21,111,email
USR00464,PRD00690,2022-07-01,465,direct
USR00464,PRD02931,2025-05-30,569,social
USR00464,PRD00497,2022-06-08,432,recommendation
USR00464,PRD00983,2025-02-18,285,email
USR00464,PRD00334,2025-09-23,181,recommendation
USR00464,PRD00142,2021-01-06,98,direct
USR00465,PRD00203,2021-11-13,597,social
USR00465,PRD02399,2024-07-26,363,recommendation
USR00465,PRD02927,2022-09-24,542,ad
USR00466,PRD01886,2021-12-26,419,email
USR00466,PRD02825,2022-04-10,77,direct
USR00467,PRD02344,2022-02-27,295,search
USR00467,PRD01038,2023-07-22,173,search
USR00467,PRD00298,2023-08-19,263,recommendation
USR00468,PRD00247,2021-10-24,429,ad
USR00468,PRD01935,2025-09-30,73,recommendation
USR00468,PRD00144,2023-04-02,158,search
USR00468,PRD02958,2025-10-08,399,direct
USR00468,PRD00831,2021-05-10,457,direct
USR00468,PRD02272,2023-02-19,264,social
USR00468,PRD02463,2025-11-03,466,search
USR00469,PRD01024,2024-05-13,450,email
USR00469,PRD02579,2024-08-06,44,direct
USR00469,PRD00010,2024-03-27,531,email
USR00469,PRD01848,2024-01-05,5,direct
USR00469,PRD00082,2021-03-02,72,ad
USR00470,PRD00825,2021-03-22,200,recommendation
USR00470,PRD02515,2021-01-29,187,recommendation
USR00470,PRD01969,2022-11-20,94,search
USR00470,PRD02913,2024-02-20,87,social
USR00471,PRD02491,2021-04-16,131,direct
USR00471,PRD01415,2022-09-20,28,recommendation
USR00471,PRD01632,2021-12-14,423,social
USR00471,PRD02720,2022-11-02,387,search
USR00472,PRD01342,2022-02-25,559,social
USR00472,PRD01430,2022-08-25,465,email
USR00472,PRD02460,2024-08-05,14,social
USR00472,PRD01096,2021-07-09,350,social
USR00472,PRD01574,2022-04-03,112,social
USR00472,PRD01509,2025-09-08,590,search
USR00472,PRD01006,2022-12-01,513,ad
USR00472,PRD02820,2024-04-07,65,email
USR00473,PRD02716,2021-11-20,278,social
USR00473,PRD00320,2022-05-03,594,direct
USR00473,PRD00546,2024-04-15,271,homepage
USR00474,PRD00523,2025-12-19,508,email
USR00474,PRD01317,2021-05-22,126,direct
USR00474,PRD01231,2021-03-13,169,ad
USR00474,PRD00173,2025-06-23,23,direct
USR00474,PRD02041,2024-09-05,197,search
USR00474,PRD02586,2021-02-18,396,direct
USR00474,PRD01494,2021-12-03,391,email
USR00474,PRD02003,2023-04-08,474,email
USR00475,PRD02353,2025-06-11,123,email
USR00475,PRD00297,2021-02-28,301,direct
USR00475,PRD01010,2022-06-02,71,search
USR00475,PRD02905,2023-03-27,139,social
USR00476,PRD02856,2022-05-30,515,direct
USR00476,PRD02476,2022-01-01,210,search
USR00476,PRD01961,2024-12-28,398,search
USR00476,PRD02777,2021-07-21,276,email
USR00476,PRD02996,2025-09-20,535,social
USR00476,PRD00529,2022-09-17,268,social
USR00476,PRD00413,2025-09-08,339,ad
USR00477,PRD01142,2021-09-28,413,recommendation
USR00477,PRD00812,2024-06-16,441,social
USR00477,PRD01112,2022-12-26,116,recommendation
USR00477,PRD00465,2024-10-01,80,email
USR00477,PRD00353,2022-05-17,109,ad
USR00477,PRD01192,2025-01-11,531,ad
USR00477,PRD02540,2023-06-20,80,direct
USR00478,PRD01367,2021-08-17,275,email
USR00478,PRD00737,2022-05-21,23,direct
USR00478,PRD00473,2025-05-05,227,email
USR00478,PRD00465,2025-09-12,572,ad
USR00478,PRD02437,2025-07-02,201,homepage
USR00478,PRD01914,2023-03-25,440,recommendation
USR00479,PRD02946,2023-04-23,520,recommendation
USR00479,PRD01015,2021-01-29,460,ad
USR00479,PRD01211,2025-01-25,320,search
USR00480,PRD02832,2022-07-15,199,email
USR00480,PRD01733,2024-09-25,264,ad
USR00481,PRD02994,2023-05-30,588,search
USR00481,PRD00664,2022-07-16,443,email
USR00481,PRD01718,2025-03-21,290,direct
USR00481,PRD01455,2021-04-06,133,social
USR00481,PRD02307,2023-07-28,82,direct
USR00482,PRD01023,2021-09-13,271,email
USR00482,PRD02676,2025-04-29,133,homepage
USR00482,PRD01362,2021-12-04,268,social
USR00482,PRD02166,2025-01-07,52,email
USR00483,PRD02507,2024-10-17,417,homepage
USR00483,PRD00381,2022-09-15,151,social
USR00484,PRD02171,2022-11-16,81,email
USR00484,PRD02097,2023-02-28,163,search
USR00485,PRD01237,2022-04-14,587,search
USR00485,PRD02599,2023-12-06,123,recommendation
USR00485,PRD02484,2024-10-05,483,direct
USR00486,PRD00620,2022-07-04,577,direct
USR00486,PRD02847,2024-08-05,197,direct
USR00486,PRD00459,2024-06-02,90,recommendation
USR00486,PRD02424,2025-11-09,270,homepage
USR00487,PRD02237,2024-05-04,295,recommendation
USR00487,PRD02029,2021-09-19,529,ad
USR00487,PRD01813,2021-12-12,419,search
USR00487,PRD02003,2021-08-10,535,email
USR00487,PRD00086,2025-07-13,458,ad
USR00487,PRD01408,2021-10-05,570,recommendation
USR00487,PRD00266,2024-11-19,206,homepage
USR00488,PRD02307,2025-01-07,480,search
USR00489,PRD01808,2025-03-13,221,social
USR00489,PRD02230,2022-07-28,331,social
USR00489,PRD00779,2024-10-30,268,homepage
USR00489,PRD01316,2024-02-19,308,social
USR00490,PRD02719,2024-12-03,184,direct
USR00490,PRD02964,2023-09-19,481,social
USR00490,PRD00375,2022-03-11,324,recommendation
USR00490,PRD00205,2024-03-29,294,ad
USR00490,PRD02292,2022-05-18,152,email
USR00490,PRD00313,2023-03-20,494,email
USR00490,PRD01086,2022-11-20,423,social
USR00490,PRD01963,2025-03-22,317,email
USR00491,PRD01810,2023-03-08,481,ad
USR00491,PRD02867,2023-11-12,409,direct
USR00491,PRD02969,2022-05-18,277,search
USR00491,PRD01445,2023-12-25,152,ad
USR00491,PRD02822,2024-06-07,41,social
USR00491,PRD02676,2025-06-25,484,search
USR00492,PRD02613,2023-05-16,537,homepage
USR00492,PRD00741,2021-11-08,478,homepage
USR00492,PRD02789,2025-03-29,373,social
USR00492,PRD01167,2023-10-12,91,recommendation
USR00492,PRD02715,2023-01-04,350,homepage
USR00493,PRD02714,2021-03-06,117,search
USR00493,PRD02355,2024-03-25,575,direct
USR00493,PRD01615,2025-01-03,430,direct
USR00493,PRD02949,2025-03-09,270,email
USR00493,PRD02341,2024-05-28,17,ad
USR00494,PRD02914,2022-01-28,485,search
USR00494,PRD02844,2025-04-20,459,direct
USR00494,PRD02803,2022-07-11,209,recommendation
USR00494,PRD02056,2023-06-27,359,direct
USR00494,PRD00162,2021-02-13,188,social
USR00494,PRD02097,2021-04-17,426,recommendation
USR00494,PRD01386,2024-03-10,39,recommendation
USR00494,PRD00724,2025-01-18,71,direct
USR00495,PRD02101,2022-10-31,90,ad
USR00495,PRD01776,2022-02-08,362,email
USR00495,PRD02036,2021-11-15,11,social
USR00495,PRD02377,2023-08-06,112,direct
USR00495,PRD02077,2024-01-12,253,email
USR00495,PRD00328,2023-06-05,315,recommendation
USR00495,PRD02748,2023-03-15,234,social
USR00496,PRD00292,2023-03-20,91,search
USR00496,PRD02452,2024-03-27,352,social
USR00496,PRD02926,2023-11-26,170,recommendation
USR00497,PRD02855,2024-09-23,456,direct
USR00497,PRD02181,2025-02-23,73,ad
USR00497,PRD00140,2024-01-05,257,search
USR00498,PRD00123,2023-09-07,373,homepage
USR00499,PRD00359,2025-08-02,295,homepage
USR00499,PRD00668,2023-08-25,415,social
USR00499,PRD00189,2025-02-05,253,email
USR00499,PRD00686,2023-03-12,285,recommendation
USR00499,PRD00909,2022-04-16,137,ad
USR00499,PRD01867,2024-01-19,539,recommendation
USR00499,PRD01463,2023-09-19,266,direct
USR00499,PRD02404,2021-09-21,395,ad
USR00500,PRD01990,2023-07-28,463,homepage
USR00500,PRD00074,2024-10-19,142,homepage
USR00500,PRD01754,2021-04-03,250,search
USR00501,PRD01474,2021-03-18,531,ad
USR00501,PRD01844,2025-11-28,385,recommendation
USR00501,PRD00316,2023-10-15,229,ad
USR00501,PRD02364,2024-05-23,141,direct
USR00501,PRD00148,2025-03-24,326,ad
USR00501,PRD00294,2024-10-09,501,direct
USR00501,PRD01914,2021-06-25,527,social
USR00502,PRD01031,2024-05-02,266,recommendation
USR00502,PRD02933,2021-12-29,226,search
USR00502,PRD02114,2021-09-06,73,recommendation
USR00502,PRD00231,2024-08-27,500,homepage
USR00502,PRD00398,2025-08-02,107,direct
USR00502,PRD02823,2024-10-08,457,recommendation
USR00502,PRD01701,2025-03-02,543,homepage
USR00502,PRD00719,2023-04-04,496,search
USR00503,PRD01412,2025-03-06,450,social
USR00503,PRD02296,2023-07-09,435,homepage
USR00503,PRD01212,2023-11-26,409,recommendation
USR00503,PRD01029,2023-08-06,139,homepage
USR00503,PRD00853,2021-04-20,201,search
USR00504,PRD02505,2022-04-04,566,social
USR00504,PRD02041,2021-03-16,372,email
USR00504,PRD01989,2023-06-02,531,search
USR00504,PRD00641,2025-07-21,24,homepage
USR00504,PRD01056,2023-06-28,184,ad
USR00504,PRD00998,2022-05-16,95,homepage
USR00505,PRD01797,2025-12-12,566,search
USR00505,PRD02099,2025-12-07,88,search
USR00505,PRD02295,2024-02-26,522,ad
USR00506,PRD02901,2021-05-06,209,recommendation
USR00506,PRD01130,2022-09-29,538,direct
USR00506,PRD00162,2025-01-27,480,email
USR00506,PRD00798,2025-04-07,518,direct
USR00506,PRD00927,2025-08-31,302,recommendation
USR00506,PRD00774,2023-03-14,337,homepage
USR00506,PRD01293,2024-04-27,419,social
USR00506,PRD02984,2022-10-12,412,direct
USR00507,PRD02226,2025-09-13,593,search
USR00507,PRD01426,2021-03-31,332,homepage
USR00507,PRD01633,2025-03-27,525,email
USR00507,PRD01681,2025-06-09,503,email
USR00508,PRD01680,2022-07-06,29,email
USR00508,PRD00029,2021-01-23,585,homepage
USR00508,PRD00114,2022-05-19,484,recommendation
USR00508,PRD00180,2025-02-17,35,direct
USR00508,PRD02996,2025-03-23,449,direct
USR00508,PRD00916,2024-06-10,146,recommendation
USR00509,PRD02255,2024-12-02,278,search
USR00509,PRD00958,2021-07-24,239,direct
USR00509,PRD01009,2023-12-03,198,email
USR00509,PRD02709,2025-07-04,483,recommendation
USR00509,PRD00684,2024-02-04,279,homepage
USR00510,PRD00357,2023-06-19,511,recommendation
USR00510,PRD01756,2022-11-05,412,ad
USR00510,PRD01358,2024-01-07,534,direct
USR00510,PRD01035,2023-04-20,132,social
USR00510,PRD00339,2023-03-07,342,recommendation
USR00510,PRD01778,2022-04-27,391,social
USR00511,PRD01462,2021-12-03,267,recommendation
USR00512,PRD02493,2025-12-08,351,search
USR00512,PRD01797,2021-04-04,389,direct
USR00512,PRD01179,2024-03-27,376,homepage
USR00512,PRD02666,2023-10-14,392,search
USR00512,PRD01578,2022-12-18,363,homepage
USR00512,PRD00571,2025-02-17,190,direct
USR00512,PRD02698,2023-04-08,452,recommendation
USR00512,PRD00717,2023-05-22,344,search
USR00513,PRD01766,2021-10-12,101,ad
USR00513,PRD02907,2025-03-03,138,email
USR00513,PRD01701,2022-05-06,326,search
USR00513,PRD01309,2025-05-31,494,search
USR00513,PRD01357,2024-03-29,112,direct
USR00513,PRD01947,2023-10-29,504,email
USR00513,PRD01669,2024-07-05,223,recommendation
USR00513,PRD00741,2024-01-27,235,homepage
USR00514,PRD00852,2025-02-14,527,homepage
USR00514,PRD01462,2023-06-14,170,email
USR00514,PRD02905,2022-03-09,485,search
USR00515,PRD02331,2021-06-19,525,direct
USR00515,PRD00629,2025-10-28,10,direct
USR00516,PRD00012,2022-08-31,366,recommendation
USR00516,PRD00122,2024-05-21,448,ad
USR00516,PRD02575,2025-09-27,525,homepage
USR00516,PRD00839,2024-08-27,68,search
USR00516,PRD00324,2022-03-02,295,social
USR00516,PRD00702,2023-05-14,382,direct
USR00516,PRD01361,2021-06-22,144,social
USR00517,PRD02268,2025-04-27,202,ad
USR00517,PRD01137,2023-11-08,77,direct
USR00517,PRD02355,2022-11-24,493,search
USR00517,PRD01277,2025-06-30,414,homepage
USR00517,PRD02492,2023-09-03,33,social
USR00517,PRD00054,2022-02-05,344,ad
USR00517,PRD02762,2022-12-15,176,direct
USR00517,PRD02330,2023-07-18,59,social
USR00518,PRD01354,2021-03-01,90,email
USR00518,PRD01929,2021-11-05,502,homepage
USR00518,PRD00871,2023-12-17,214,homepage
USR00518,PRD02385,2024-12-20,491,direct
USR00518,PRD01713,2025-10-23,101,search
USR00518,PRD00997,2021-07-12,541,ad
USR00518,PRD02208,2022-05-20,238,email
USR00519,PRD02915,2024-02-09,288,ad
USR00519,PRD00631,2025-10-26,465,social
USR00519,PRD00964,2024-02-17,85,email
USR00519,PRD01240,2022-12-30,237,email
USR00519,PRD01636,2023-06-11,117,recommendation
USR00519,PRD00445,2024-02-17,61,search
USR00520,PRD02005,2022-09-12,194,recommendation
USR00520,PRD02193,2023-10-20,86,search
USR00520,PRD01690,2025-12-04,513,search
USR00520,PRD01251,2024-12-26,138,homepage
USR00521,PRD01502,2022-09-06,103,search
USR00521,PRD02399,2022-10-13,467,recommendation
USR00521,PRD01678,2023-10-30,347,direct
USR00521,PRD01218,2021-10-27,30,email
USR00521,PRD01541,2023-06-25,115,homepage
USR00521,PRD01099,2024-06-12,282,recommendation
USR00521,PRD00960,2022-09-15,525,ad
USR00521,PRD01322,2025-10-27,275,homepage
USR00522,PRD02932,2025-04-29,583,social
USR00523,PRD00070,2025-07-22,590,email
USR00523,PRD02067,2022-06-11,525,homepage
USR00523,PRD02150,2024-03-01,205,social
USR00523,PRD00758,2024-11-14,316,homepage
USR00523,PRD02705,2024-09-03,532,search
USR00523,PRD00357,2021-10-05,197,direct
USR00523,PRD01707,2021-11-21,226,social
USR00524,PRD02074,2023-12-23,469,email
USR00524,PRD02000,2024-01-12,513,homepage
USR00524,PRD00508,2022-04-07,327,search
USR00525,PRD01425,2023-09-04,269,homepage
USR00525,PRD01000,2024-03-30,355,search
USR00525,PRD02662,2022-01-25,456,social
USR00525,PRD02092,2023-04-11,236,search
USR00526,PRD00112,2023-08-06,302,search
USR00526,PRD02435,2023-10-29,517,social
USR00526,PRD02148,2025-12-21,410,email
USR00526,PRD00978,2021-07-26,545,homepage
USR00526,PRD01604,2023-09-01,304,email
USR00527,PRD00994,2024-10-05,58,homepage
USR00527,PRD01200,2025-11-25,282,email
USR00527,PRD01896,2025-04-27,47,homepage
USR00527,PRD02697,2023-09-28,391,social
USR00528,PRD02619,2023-05-01,485,search
USR00529,PRD02291,2021-04-09,205,social
USR00529,PRD00851,2022-08-21,198,ad
USR00529,PRD00056,2023-06-08,36,ad
USR00529,PRD01015,2022-10-11,368,email
USR00529,PRD01094,2025-01-12,83,email
USR00530,PRD00759,2021-04-16,13,email
USR00530,PRD02308,2021-09-01,156,homepage
USR00530,PRD00422,2024-02-22,542,search
USR00530,PRD00873,2024-09-16,152,email
USR00530,PRD00892,2021-05-11,19,search
USR00530,PRD01021,2025-07-06,526,social
USR00530,PRD00202,2024-02-22,423,homepage
USR00530,PRD02468,2024-08-06,391,direct
USR00531,PRD00703,2024-05-27,157,homepage
USR00531,PRD00481,2024-03-15,112,direct
USR00531,PRD00673,2022-01-01,416,email
USR00531,PRD01811,2022-12-25,387,recommendation
USR00531,PRD00909,2024-01-14,204,email
USR00531,PRD02682,2022-03-02,334,email
USR00531,PRD02445,2025-04-02,524,email
USR00532,PRD01226,2025-12-03,412,social
USR00532,PRD02903,2024-06-29,249,social
USR00532,PRD00401,2024-02-05,354,ad
USR00532,PRD00565,2021-08-21,266,ad
USR00533,PRD02319,2025-05-30,326,social
USR00533,PRD02368,2022-02-09,565,email
USR00533,PRD02411,2022-03-11,572,homepage
USR00533,PRD02769,2021-03-15,255,ad
USR00533,PRD02278,2023-01-26,272,email
USR00533,PRD02978,2021-11-13,534,social
USR00533,PRD01534,2024-06-13,262,ad
USR00533,PRD00567,2021-08-30,132,ad
USR00534,PRD01408,2025-03-18,531,recommendation
USR00534,PRD01547,2021-09-03,582,email
USR00534,PRD02092,2021-02-24,305,ad
USR00534,PRD02289,2025-03-06,106,ad
USR00534,PRD02059,2024-04-21,15,homepage
USR00535,PRD00397,2023-12-14,87,social
USR00536,PRD01042,2021-03-15,474,direct
USR00536,PRD00559,2024-03-08,279,social
USR00537,PRD00271,2023-12-10,71,search
USR00537,PRD00148,2025-12-19,505,direct
USR00537,PRD00104,2025-12-07,373,direct
USR00537,PRD02005,2022-05-23,512,email
USR00538,PRD00825,2024-03-18,519,ad
USR00538,PRD01826,2021-07-23,291,ad
USR00538,PRD00165,2024-04-29,409,search
USR00538,PRD02416,2023-12-14,299,homepage
USR00539,PRD00718,2025-10-21,34,homepage
USR00539,PRD00658,2023-01-17,309,recommendation
USR00539,PRD00157,2024-01-17,128,homepage
USR00540,PRD00679,2024-12-23,501,direct
USR00540,PRD01934,2023-06-15,257,search
USR00540,PRD00394,2024-10-31,329,search
USR00540,PRD01019,2023-04-15,408,recommendation
USR00540,PRD00427,2025-05-22,247,search
USR00540,PRD01774,2023-08-27,87,ad
USR00540,PRD00855,2022-04-11,575,recommendation
USR00540,PRD00933,2024-12-21,295,direct
USR00541,PRD00925,2024-09-17,77,social
USR00541,PRD01171,2023-06-27,403,search
USR00541,PRD00678,2022-09-27,38,email
USR00541,PRD02802,2021-10-28,213,email
USR00541,PRD02071,2024-04-16,342,direct
USR00541,PRD01207,2021-04-17,281,email
USR00541,PRD02697,2025-11-15,508,email
USR00542,PRD00698,2025-12-14,62,social
USR00542,PRD00541,2024-01-18,316,search
USR00542,PRD02130,2024-07-20,576,social
USR00542,PRD01136,2025-12-04,428,social
USR00543,PRD02242,2025-12-26,279,email
USR00543,PRD00503,2022-02-25,418,direct
USR00543,PRD02119,2023-05-13,268,ad
USR00543,PRD02613,2022-01-26,427,social
USR00543,PRD00467,2021-10-29,533,search
USR00543,PRD00334,2023-09-17,227,direct
USR00544,PRD00011,2022-10-14,172,direct
USR00544,PRD00328,2022-11-06,428,homepage
USR00545,PRD02285,2025-02-23,217,search
USR00545,PRD00515,2022-04-10,287,homepage
USR00545,PRD02516,2024-10-30,173,email
USR00545,PRD01044,2025-11-19,495,email
USR00545,PRD02657,2024-05-28,429,recommendation
USR00545,PRD00210,2022-05-18,17,search
USR00545,PRD02155,2022-11-22,23,email
USR00545,PRD02611,2023-09-22,198,search
USR00546,PRD01397,2024-09-29,509,email
USR00546,PRD02571,2021-08-23,275,homepage
USR00546,PRD02575,2025-06-23,448,social
USR00546,PRD00393,2023-06-30,73,recommendation
USR00546,PRD02493,2024-10-06,92,ad
USR00546,PRD00534,2021-04-27,293,email
USR00547,PRD01208,2022-08-26,419,homepage
USR00547,PRD01925,2022-06-24,74,homepage
USR00547,PRD02765,2024-05-26,502,recommendation
USR00547,PRD01713,2023-04-12,586,ad
USR00547,PRD00945,2022-09-15,448,ad
USR00548,PRD02441,2021-05-01,369,direct
USR00548,PRD01892,2022-10-06,171,search
USR00548,PRD01859,2021-12-19,322,social
USR00548,PRD02661,2023-05-01,209,search
USR00548,PRD02713,2021-05-20,249,recommendation
USR00549,PRD00908,2025-09-14,579,search
USR00549,PRD00773,2021-11-09,16,direct
USR00549,PRD00437,2023-06-01,28,email
USR00549,PRD01567,2021-10-28,399,recommendation
USR00550,PRD01748,2022-10-02,33,homepage
USR00551,PRD02216,2022-09-02,5,direct
USR00551,PRD01658,2025-06-21,465,homepage
USR00551,PRD00646,2022-12-31,478,homepage
USR00551,PRD01006,2024-08-05,74,homepage
USR00551,PRD00444,2021-03-17,466,homepage
USR00551,PRD01549,2025-04-25,318,homepage
USR00551,PRD02007,2022-01-17,335,search
USR00552,PRD00157,2025-04-28,435,recommendation
USR00552,PRD01889,2023-09-28,91,email
USR00552,PRD01342,2022-03-05,362,recommendation
USR00552,PRD00981,2025-06-26,262,email
USR00552,PRD02440,2024-05-24,319,direct
USR00552,PRD02141,2021-02-01,338,email
USR00552,PRD00257,2025-12-17,531,search
USR00553,PRD02140,2021-06-16,500,email
USR00553,PRD00144,2024-05-23,499,email
USR00553,PRD00789,2022-01-17,157,homepage
USR00553,PRD01824,2022-01-28,141,ad
USR00553,PRD00842,2022-12-17,123,recommendation
USR00553,PRD00639,2025-02-20,239,direct
USR00553,PRD02898,2025-01-11,333,ad
USR00553,PRD01226,2022-08-27,255,homepage
USR00554,PRD00046,2023-12-05,412,homepage
USR00554,PRD00562,2023-11-24,210,search
USR00554,PRD01780,2024-01-26,164,direct
USR00554,PRD01568,2024-01-29,548,direct
USR00554,PRD00720,2023-08-28,7,ad
USR00555,PRD02727,2025-08-01,379,search
USR00555,PRD02990,2021-11-30,74,direct
USR00555,PRD02959,2022-03-26,437,search
USR00555,PRD02055,2021-03-26,402,search
USR00555,PRD02301,2025-12-10,233,ad
USR00555,PRD02601,2021-06-10,491,recommendation
USR00555,PRD02608,2024-10-19,145,ad
USR00556,PRD01062,2022-08-07,547,ad
USR00556,PRD02432,2024-05-02,568,social
USR00556,PRD00488,2023-02-20,577,direct
USR00556,PRD02259,2022-04-28,317,social
USR00556,PRD02919,2022-08-23,177,email
USR00556,PRD00746,2025-02-13,386,direct
USR00556,PRD00084,2022-08-23,83,search
USR00556,PRD02296,2022-10-26,376,email
USR00557,PRD01957,2023-05-27,108,search
USR00557,PRD02265,2021-11-29,538,ad
USR00557,PRD02119,2022-04-28,270,email
USR00557,PRD02332,2021-04-13,5,email
USR00557,PRD02478,2022-12-08,339,recommendation
USR00557,PRD01459,2024-09-06,398,direct
USR00558,PRD00795,2022-10-18,161,recommendation
USR00558,PRD00747,2023-05-12,82,recommendation
USR00558,PRD02365,2024-01-28,195,email
USR00558,PRD02105,2021-07-16,58,recommendation
USR00559,PRD00549,2022-11-29,50,email
USR00559,PRD01541,2024-01-28,47,homepage
USR00559,PRD02585,2023-03-03,57,homepage
USR00559,PRD01677,2022-10-11,132,direct
USR00559,PRD01566,2022-04-14,329,direct
USR00559,PRD00847,2023-09-09,201,direct
USR00559,PRD00542,2022-03-08,304,homepage
USR00560,PRD00074,2021-01-06,265,email
USR00561,PRD01638,2024-06-13,266,recommendation
USR00561,PRD02467,2025-06-15,165,email
USR00561,PRD02063,2021-02-23,561,ad
USR00561,PRD01903,2025-09-18,239,search
USR00561,PRD02948,2024-03-14,52,social
USR00561,PRD02570,2022-10-31,173,homepage
USR00561,PRD00900,2023-02-22,198,ad
USR00562,PRD01044,2022-11-19,282,direct
USR00562,PRD01691,2021-06-24,376,homepage
USR00563,PRD02900,2022-12-11,387,ad
USR00563,PRD01322,2021-07-29,600,direct
USR00563,PRD01606,2023-10-16,327,email
USR00564,PRD01760,2021-06-16,452,recommendation
USR00564,PRD02965,2025-04-13,517,search
USR00564,PRD01127,2021-11-30,123,ad
USR00564,PRD00044,2021-02-08,13,email
USR00564,PRD00514,2021-09-11,566,homepage
USR00564,PRD00863,2025-05-07,382,social
USR00564,PRD01744,2022-02-22,410,homepage
USR00564,PRD02232,2023-06-30,570,social
USR00565,PRD00354,2024-08-11,279,direct
USR00565,PRD02134,2025-07-15,66,recommendation
USR00565,PRD01144,2024-03-06,352,homepage
USR00565,PRD01683,2023-02-15,404,ad
USR00566,PRD01503,2023-08-16,63,direct
USR00566,PRD00621,2025-12-26,423,direct
USR00566,PRD02470,2021-09-02,323,social
USR00566,PRD02792,2021-01-22,268,search
USR00566,PRD01524,2022-06-23,109,homepage
USR00567,PRD00911,2022-03-02,298,recommendation
USR00567,PRD00194,2025-01-01,376,email
USR00567,PRD02873,2022-01-21,374,homepage
USR00567,PRD02650,2023-12-22,307,ad
USR00567,PRD01954,2025-12-02,430,homepage
USR00567,PRD00873,2023-03-13,149,homepage
USR00567,PRD02135,2023-11-17,160,direct
USR00567,PRD02531,2023-02-11,63,email
USR00568,PRD00945,2022-10-14,488,social
USR00568,PRD02696,2025-10-05,396,email
USR00569,PRD01008,2022-10-28,406,social
USR00569,PRD01465,2025-12-17,108,ad
USR00569,PRD00939,2024-04-13,310,email
USR00569,PRD01317,2024-05-02,317,homepage
USR00569,PRD01114,2024-06-06,400,email
USR00570,PRD02301,2023-08-26,237,email
USR00570,PRD00276,2024-09-25,377,homepage
USR00570,PRD02898,2023-10-21,206,homepage
USR00570,PRD00232,2024-08-27,57,ad
USR00570,PRD01754,2021-10-11,494,email
USR00570,PRD00584,2024-07-23,476,search
USR00570,PRD00261,2024-07-15,256,recommendation
USR00570,PRD02608,2023-03-30,288,ad
USR00571,PRD02867,2025-02-02,73,homepage
USR00571,PRD01775,2023-09-21,234,email
USR00571,PRD01369,2021-04-23,486,direct
USR00571,PRD00852,2025-12-11,253,search
USR00571,PRD02773,2022-06-02,33,email
USR00571,PRD01053,2024-05-24,13,search
USR00571,PRD01746,2023-11-01,260,direct
USR00571,PRD00666,2023-06-13,153,search
USR00572,PRD02716,2021-08-10,176,homepage
USR00572,PRD00093,2024-04-07,17,social
USR00572,PRD01747,2021-08-15,167,search
USR00573,PRD02299,2022-03-09,68,email
USR00573,PRD01349,2023-03-18,247,homepage
USR00573,PRD02849,2025-10-03,379,homepage
USR00573,PRD01562,2023-12-18,379,direct
USR00573,PRD00816,2021-03-28,144,direct
USR00573,PRD01064,2021-06-07,556,email
USR00574,PRD02015,2021-10-12,229,email
USR00574,PRD01201,2025-09-03,8,homepage
USR00574,PRD00098,2025-01-23,398,email
USR00574,PRD01316,2021-05-03,103,social
USR00574,PRD02862,2023-07-16,344,ad
USR00574,PRD01305,2022-10-13,322,direct
USR00575,PRD01200,2023-09-29,397,ad
USR00576,PRD00897,2024-04-24,49,recommendation
USR00576,PRD02826,2023-06-10,362,homepage
USR00576,PRD02378,2022-11-13,187,email
USR00576,PRD00800,2023-01-30,57,recommendation
USR00576,PRD00823,2022-07-15,140,search
USR00576,PRD01902,2022-12-16,460,email
USR00576,PRD01613,2023-03-09,79,homepage
USR00577,PRD00923,2021-02-05,421,direct
USR00578,PRD00435,2024-04-27,330,email
USR00579,PRD02016,2022-02-01,99,ad
USR00579,PRD02183,2024-02-02,290,homepage
USR00579,PRD00586,2022-06-30,510,social
USR00579,PRD02456,2022-02-09,68,email
USR00579,PRD02305,2024-10-14,153,social
USR00579,PRD00096,2025-01-10,356,direct
USR00579,PRD01535,2022-08-25,212,social
USR00579,PRD00290,2021-11-18,579,direct
USR00580,PRD02851,2024-01-16,194,social
USR00580,PRD01105,2022-03-09,557,search
USR00580,PRD00057,2022-01-12,322,search
USR00580,PRD02906,2021-12-14,419,direct
USR00580,PRD00136,2022-03-04,346,recommendation
USR00580,PRD00742,2022-10-22,577,recommendation
USR00581,PRD02096,2025-06-14,44,ad
USR00581,PRD00291,2022-01-22,133,email
USR00581,PRD01118,2022-09-04,501,homepage
USR00581,PRD02398,2024-01-31,267,email
USR00581,PRD00128,2024-07-03,486,direct
USR00581,PRD01169,2023-12-20,425,direct
USR00582,PRD00868,2025-12-31,103,homepage
USR00582,PRD02845,2024-09-13,570,direct
USR00582,PRD01512,2023-02-05,180,email
USR00582,PRD02457,2025-08-21,208,email
USR00582,PRD01616,2022-01-06,358,recommendation
USR00582,PRD02064,2024-08-19,10,search
USR00583,PRD00932,2025-03-03,91,email
USR00584,PRD02683,2023-10-27,506,search
USR00584,PRD01165,2021-07-11,544,direct
USR00584,PRD01904,2025-02-10,455,social
USR00584,PRD01562,2022-05-19,23,email
USR00584,PRD02049,2021-05-13,541,search
USR00585,PRD01408,2024-04-15,471,homepage
USR00585,PRD00894,2024-07-10,547,ad
USR00585,PRD00373,2022-09-09,249,recommendation
USR00585,PRD02695,2025-01-26,466,homepage
USR00585,PRD02854,2024-12-31,214,recommendation
USR00585,PRD00335,2021-06-14,355,recommendation
USR00585,PRD00607,2022-06-05,95,recommendation
USR00586,PRD01825,2024-05-07,177,direct
USR00586,PRD01347,2024-01-16,329,homepage
USR00586,PRD00104,2024-03-20,150,homepage
USR00586,PRD01787,2025-12-09,393,recommendation
USR00586,PRD02626,2023-11-28,138,direct
USR00586,PRD02592,2024-08-23,246,direct
USR00586,PRD02063,2021-08-20,279,recommendation
USR00586,PRD02441,2022-01-26,193,social
USR00587,PRD01390,2023-07-12,121,social
USR00587,PRD02761,2021-04-26,342,homepage
USR00587,PRD00839,2023-08-26,579,ad
USR00587,PRD01289,2024-08-20,122,ad
USR00587,PRD00688,2021-11-09,181,direct
USR00587,PRD02344,2023-01-19,227,ad
USR00588,PRD02658,2023-06-02,283,email
USR00588,PRD00251,2021-01-28,373,email
USR00588,PRD00465,2022-08-22,95,ad
USR00588,PRD00192,2025-07-08,278,ad
USR00588,PRD02289,2023-10-30,394,social
USR00588,PRD02375,2023-03-30,356,email
USR00589,PRD02805,2022-06-24,434,social
USR00589,PRD01127,2025-01-12,508,homepage
USR00590,PRD00915,2021-01-03,562,search
USR00590,PRD00527,2025-03-08,88,social
USR00590,PRD01774,2023-07-12,253,direct
USR00590,PRD02485,2023-09-16,130,ad
USR00590,PRD00595,2025-07-12,394,homepage
USR00590,PRD01968,2024-10-14,454,homepage
USR00590,PRD01967,2022-02-17,16,ad
USR00591,PRD01198,2021-03-05,538,recommendation
USR00591,PRD00117,2024-08-20,513,search
USR00592,PRD00339,2023-07-23,418,email
USR00592,PRD01393,2024-12-03,86,direct
USR00592,PRD02734,2023-03-30,84,search
USR00592,PRD00523,2023-09-20,456,social
USR00592,PRD02293,2025-09-27,525,ad
USR00592,PRD01395,2022-05-11,230,direct
USR00593,PRD00372,2024-06-04,210,direct
USR00593,PRD02106,2021-06-24,49,email
USR00593,PRD02251,2025-02-06,151,ad
USR00593,PRD02099,2022-05-13,427,email
USR00593,PRD02478,2023-05-06,119,ad
USR00593,PRD00570,2025-02-05,14,ad
USR00593,PRD02724,2023-10-04,592,recommendation
USR00594,PRD00068,2024-06-30,203,homepage
USR00594,PRD00430,2022-07-08,120,social
USR00594,PRD00345,2024-10-14,559,recommendation
USR00594,PRD00938,2025-05-21,486,direct
USR00594,PRD02548,2021-04-15,101,email
USR00594,PRD02929,2022-08-05,27,homepage
USR00594,PRD02556,2025-11-08,458,homepage
USR00594,PRD00762,2022-05-20,289,homepage
USR00595,PRD01308,2022-09-09,227,social
USR00595,PRD00137,2021-02-07,472,homepage
USR00596,PRD00859,2023-05-13,363,direct
USR00596,PRD01821,2025-05-03,543,social
USR00596,PRD00425,2022-08-04,448,social
USR00597,PRD01774,2025-01-27,267,social
USR00597,PRD00758,2021-11-12,442,ad
USR00597,PRD00252,2022-05-31,183,search
USR00597,PRD01975,2021-11-09,375,direct
USR00597,PRD01133,2025-02-17,42,search
USR00597,PRD01044,2024-02-19,448,search
USR00598,PRD01801,2021-07-12,245,direct
USR00598,PRD02938,2025-05-26,30,recommendation
USR00598,PRD00796,2023-04-26,137,email
USR00599,PRD01795,2023-10-18,89,direct
USR00599,PRD00949,2022-11-02,215,social
USR00600,PRD02326,2023-03-08,365,social
USR00601,PRD02638,2025-10-16,405,social
USR00601,PRD01597,2021-11-06,586,homepage
USR00601,PRD01234,2021-01-17,336,social
USR00601,PRD02714,2025-12-29,57,direct
USR00601,PRD01815,2022-05-09,437,ad
USR00602,PRD01609,2021-06-13,89,social
USR00602,PRD02637,2025-10-09,468,direct
USR00602,PRD01059,2021-04-14,495,direct
USR00602,PRD01064,2024-06-06,79,ad
USR00602,PRD00488,2025-10-06,375,ad
USR00602,PRD01470,2022-02-10,34,search
USR00603,PRD02364,2024-07-02,454,homepage
USR00603,PRD01639,2025-10-27,302,homepage
USR00603,PRD01338,2025-03-15,33,direct
USR00603,PRD01923,2021-04-06,121,direct
USR00603,PRD02541,2021-11-20,600,recommendation
USR00603,PRD00012,2024-08-03,367,ad
USR00604,PRD02126,2023-05-13,404,search
USR00605,PRD02490,2021-08-07,447,recommendation
USR00606,PRD01164,2024-07-16,205,social
USR00607,PRD01423,2021-01-14,314,ad
USR00608,PRD00684,2021-06-28,541,recommendation
USR00608,PRD00478,2021-09-15,60,homepage
USR00608,PRD02628,2023-03-03,154,email
USR00608,PRD01373,2025-03-20,229,homepage
USR00608,PRD01543,2022-11-12,438,recommendation
USR00609,PRD01765,2024-03-06,261,direct
USR00609,PRD00731,2021-01-06,462,recommendation
USR00609,PRD01154,2021-10-23,334,recommendation
USR00609,PRD00680,2022-05-16,309,direct
USR00610,PRD02907,2025-02-22,140,ad
USR00610,PRD01149,2021-06-18,337,direct
USR00610,PRD01604,2023-10-29,569,search
USR00610,PRD02704,2025-01-13,469,homepage
USR00611,PRD01775,2021-01-16,34,email
USR00611,PRD00898,2024-01-22,549,social
USR00611,PRD01326,2021-02-05,126,social
USR00611,PRD00025,2024-10-06,344,search
USR00611,PRD00038,2025-04-03,384,search
USR00611,PRD02849,2025-08-04,86,social
USR00612,PRD00347,2025-03-20,296,recommendation
USR00612,PRD00061,2022-09-30,120,search
USR00612,PRD02578,2023-01-20,522,direct
USR00612,PRD00523,2021-10-09,544,homepage
USR00613,PRD02067,2023-01-05,482,direct
USR00613,PRD01835,2025-09-24,13,homepage
USR00613,PRD02305,2024-02-15,44,email
USR00613,PRD02898,2025-08-19,124,social
USR00613,PRD02622,2023-01-24,436,search
USR00613,PRD01409,2021-09-28,527,ad
USR00614,PRD02639,2024-12-15,390,homepage
USR00614,PRD01396,2022-10-30,535,search
USR00614,PRD02859,2025-03-19,253,direct
USR00614,PRD01708,2023-02-17,423,search
USR00614,PRD02183,2024-02-11,38,search
USR00614,PRD02526,2024-09-03,473,homepage
USR00615,PRD01512,2025-10-21,386,recommendation
USR00615,PRD00596,2021-07-13,145,ad
USR00615,PRD00555,2021-08-03,341,recommendation
USR00615,PRD01660,2024-10-28,201,search
USR00615,PRD02751,2022-07-23,272,direct
USR00616,PRD01100,2022-10-25,451,social
USR00617,PRD01987,2025-12-12,471,recommendation
USR00617,PRD01791,2021-11-27,394,social
USR00617,PRD00480,2022-08-13,184,direct
USR00617,PRD00664,2024-08-14,600,homepage
USR00617,PRD01870,2021-08-06,9,email
USR00618,PRD01663,2025-07-02,462,recommendation
USR00618,PRD02999,2025-08-05,349,direct
USR00618,PRD02123,2022-05-23,103,search
USR00618,PRD00231,2023-12-27,112,homepage
USR00618,PRD00788,2022-07-03,554,social
USR00618,PRD01015,2025-08-09,195,homepage
USR00618,PRD01597,2022-08-20,347,search
USR00618,PRD02756,2021-08-28,563,email
USR00619,PRD02510,2023-12-08,93,email
USR00619,PRD01766,2021-01-11,571,direct
USR00619,PRD02722,2021-04-08,490,social
USR00619,PRD01162,2025-09-07,418,email
USR00619,PRD02917,2021-08-13,236,search
USR00619,PRD00826,2021-02-18,247,ad
USR00620,PRD01569,2021-10-26,185,search
USR00620,PRD00777,2022-11-26,18,email
USR00620,PRD01080,2023-08-22,141,direct
USR00620,PRD00101,2024-09-12,388,social
USR00620,PRD01921,2023-04-08,17,direct
USR00620,PRD00283,2024-12-02,169,direct
USR00621,PRD00970,2024-11-10,232,search
USR00621,PRD01389,2023-08-15,94,ad
USR00622,PRD00437,2024-05-13,375,social
USR00622,PRD00911,2022-02-15,495,homepage
USR00622,PRD01508,2021-06-15,218,ad
USR00622,PRD00927,2023-12-30,448,ad
USR00622,PRD00877,2024-03-25,466,recommendation
USR00622,PRD01184,2023-06-09,564,homepage
USR00623,PRD02075,2022-11-26,490,homepage
USR00623,PRD00496,2021-09-22,382,email
USR00623,PRD00881,2022-04-02,283,search
USR00623,PRD01285,2022-01-29,260,social
USR00624,PRD02714,2021-12-16,436,recommendation
USR00625,PRD01782,2023-04-03,344,search
USR00625,PRD02319,2022-04-29,499,homepage
USR00625,PRD00184,2021-04-26,106,email
USR00626,PRD02263,2024-01-19,77,email
USR00626,PRD02003,2021-09-26,160,search
USR00626,PRD00358,2021-01-22,198,ad
USR00626,PRD00710,2023-11-22,230,search
USR00627,PRD00272,2021-01-12,197,social
USR00627,PRD01893,2022-08-23,490,homepage
USR00628,PRD01783,2024-12-07,300,email
USR00628,PRD02683,2024-03-21,308,email
USR00628,PRD02870,2025-12-29,80,homepage
USR00628,PRD02860,2021-03-29,472,ad
USR00628,PRD00588,2021-02-08,436,search
USR00628,PRD00028,2022-01-07,521,ad
USR00629,PRD01130,2024-03-18,444,direct
USR00629,PRD00007,2025-06-13,418,direct
USR00629,PRD02689,2021-08-09,402,direct
USR00629,PRD01134,2024-12-03,571,homepage
USR00630,PRD00763,2022-02-17,37,email
USR00630,PRD02081,2021-06-02,182,recommendation
USR00631,PRD02160,2025-10-09,120,direct
USR00631,PRD02583,2021-06-23,67,ad
USR00631,PRD00536,2022-12-05,186,email
USR00631,PRD00169,2025-12-24,441,ad
USR00631,PRD02616,2021-07-21,148,homepage
USR00631,PRD01600,2025-09-04,41,direct
USR00631,PRD01715,2024-11-19,102,recommendation
USR00631,PRD02999,2021-12-21,261,recommendation
USR00632,PRD01116,2021-06-17,308,recommendation
USR00632,PRD02095,2022-01-11,236,search
USR00632,PRD00822,2025-11-28,555,ad
USR00632,PRD01235,2021-12-04,578,email
USR00632,PRD00814,2022-04-16,210,search
USR00632,PRD01804,2023-07-02,213,email
USR00632,PRD01513,2022-03-13,322,email
USR00633,PRD01908,2022-07-23,393,recommendation
USR00633,PRD00048,2021-11-05,202,search
USR00633,PRD01451,2025-08-19,368,direct
USR00633,PRD01259,2024-11-22,87,homepage
USR00633,PRD00469,2021-11-18,320,homepage
USR00634,PRD01365,2025-04-03,265,email
USR00634,PRD00276,2021-05-02,427,search
USR00634,PRD02562,2021-09-01,292,search
USR00634,PRD00991,2022-04-19,399,email
USR00635,PRD02427,2024-12-27,119,homepage
USR00635,PRD00909,2022-12-20,462,social
USR00635,PRD00432,2025-07-02,34,search
USR00635,PRD02603,2022-01-20,205,search
USR00635,PRD01628,2023-07-16,385,direct
USR00635,PRD02499,2021-01-19,409,homepage
USR00635,PRD00139,2023-10-03,13,social
USR00636,PRD01842,2025-07-04,593,recommendation
USR00636,PRD00352,2022-08-31,211,direct
USR00636,PRD00257,2023-04-04,387,direct
USR00636,PRD02062,2023-01-10,329,direct
USR00636,PRD02021,2025-08-11,458,recommendation
USR00636,PRD01248,2025-06-16,286,social
USR00636,PRD00499,2024-07-18,390,search
USR00637,PRD00357,2023-10-03,174,direct
USR00637,PRD00328,2022-12-28,422,email
USR00637,PRD00792,2024-04-20,443,homepage
USR00637,PRD01866,2024-05-03,374,recommendation
USR00637,PRD02687,2024-07-02,209,search
USR00637,PRD01201,2021-04-21,444,direct
USR00637,PRD01172,2024-02-20,463,search
USR00637,PRD00046,2021-10-20,488,direct
USR00638,PRD01103,2024-06-08,217,direct
USR00639,PRD02759,2022-07-13,109,search
USR00639,PRD01931,2023-09-03,269,recommendation
USR00639,PRD02512,2022-07-29,41,search
USR00639,PRD00985,2023-02-19,92,email
USR00639,PRD00168,2023-08-01,329,social
USR00639,PRD02535,2021-08-28,107,ad
USR00639,PRD00117,2025-08-14,62,direct
USR00640,PRD00270,2025-06-19,152,direct
USR00641,PRD02660,2023-06-20,44,homepage
USR00641,PRD01431,2025-01-29,422,homepage
USR00641,PRD00132,2021-10-20,553,ad
USR00641,PRD00950,2025-07-21,377,email
USR00642,PRD02595,2021-04-22,310,homepage
USR00642,PRD02908,2023-11-01,600,direct
USR00642,PRD01419,2021-04-19,63,recommendation
USR00643,PRD00281,2022-03-25,74,email
USR00643,PRD01301,2023-12-14,480,ad
USR00643,PRD00487,2021-11-06,52,recommendation
USR00643,PRD00220,2021-08-13,138,homepage
USR00643,PRD02717,2022-02-23,143,email
USR00644,PRD02983,2022-04-10,160,search
USR00644,PRD02455,2021-05-06,322,ad
USR00645,PRD01578,2024-11-09,126,homepage
USR00645,PRD02533,2023-04-01,253,search
USR00645,PRD00294,2023-01-19,408,social
USR00645,PRD01945,2021-07-26,487,direct
USR00645,PRD00290,2023-05-01,137,email
USR00645,PRD02045,2024-02-17,138,ad
USR00645,PRD00322,2022-07-10,368,direct
USR00646,PRD01911,2025-02-14,293,direct
USR00646,PRD01849,2025-11-18,340,search
USR00646,PRD00692,2023-04-11,130,direct
USR00646,PRD01468,2023-12-04,432,search
USR00646,PRD02264,2024-07-06,391,search
USR00646,PRD00977,2022-09-18,464,search
USR00646,PRD02038,2023-04-03,100,direct
USR00647,PRD01855,2024-03-24,565,ad
USR00647,PRD02221,2025-05-19,429,ad
USR00647,PRD01904,2025-09-03,306,recommendation
USR00647,PRD02397,2025-05-03,370,social
USR00648,PRD00892,2023-06-24,574,email
USR00648,PRD02701,2021-12-11,420,recommendation
USR00648,PRD02829,2024-04-27,128,ad
USR00648,PRD00503,2023-09-08,404,homepage
USR00648,PRD02328,2021-06-18,75,email
USR00648,PRD02446,2021-12-20,228,direct
USR00648,PRD02216,2023-10-23,525,homepage
USR00648,PRD01123,2021-02-06,191,direct
USR00649,PRD02068,2023-03-02,172,email
USR00649,PRD00866,2023-12-25,34,social
USR00649,PRD01558,2024-05-31,173,email
USR00649,PRD00972,2021-09-19,121,search
USR00649,PRD02775,2025-03-22,543,email
USR00649,PRD00976,2023-08-30,466,ad
USR00650,PRD00709,2024-08-07,305,recommendation
USR00650,PRD01002,2025-07-20,331,email
USR00650,PRD01225,2023-11-22,7,email
USR00650,PRD02060,2024-03-16,265,search
USR00650,PRD01614,2021-09-28,453,social
USR00651,PRD00184,2025-08-26,349,email
USR00651,PRD02445,2025-07-14,404,recommendation
USR00651,PRD00953,2024-01-30,569,email
USR00651,PRD00786,2022-03-02,296,direct
USR00652,PRD00659,2021-12-02,296,direct
USR00652,PRD01648,2022-07-27,282,homepage
USR00652,PRD02200,2023-07-21,173,homepage
USR00652,PRD00910,2021-07-24,197,search
USR00652,PRD01130,2021-01-04,11,direct
USR00652,PRD01371,2021-05-13,171,direct
USR00652,PRD02518,2022-06-13,546,email
USR00653,PRD01349,2025-06-13,25,recommendation
USR00653,PRD02489,2023-01-05,205,email
USR00653,PRD02658,2022-08-09,55,homepage
USR00653,PRD01442,2021-11-23,454,search
USR00654,PRD02758,2024-07-19,177,search
USR00654,PRD00819,2023-05-10,83,homepage
USR00654,PRD01561,2025-09-07,148,email
USR00654,PRD00910,2024-03-24,559,homepage
USR00655,PRD02835,2022-01-17,306,social
USR00655,PRD00340,2021-11-03,66,search
USR00655,PRD02304,2024-05-24,363,recommendation
USR00655,PRD00361,2022-04-05,385,ad
USR00655,PRD00577,2023-04-27,133,ad
USR00656,PRD02085,2024-03-26,528,search
USR00656,PRD00072,2024-01-28,366,search
USR00656,PRD00143,2021-03-07,105,direct
USR00657,PRD01602,2022-11-19,484,social
USR00657,PRD01216,2021-08-29,57,ad
USR00657,PRD01492,2021-03-18,197,search
USR00657,PRD02406,2023-10-08,89,ad
USR00657,PRD00336,2021-08-27,472,direct
USR00657,PRD00027,2024-01-03,504,social
USR00657,PRD00580,2021-11-10,244,social
USR00657,PRD01362,2022-11-15,308,ad
USR00658,PRD01685,2024-09-05,523,recommendation
USR00658,PRD01901,2023-02-17,497,recommendation
USR00658,PRD00135,2024-11-15,402,homepage
USR00658,PRD01147,2022-06-02,483,search
USR00658,PRD02393,2022-07-11,299,recommendation
USR00658,PRD00731,2023-10-10,273,search
USR00658,PRD01961,2023-04-12,436,recommendation
USR00658,PRD01220,2022-08-13,124,search
USR00659,PRD00499,2024-03-20,175,search
USR00659,PRD02101,2025-05-20,324,ad
USR00659,PRD00281,2024-12-14,146,homepage
USR00659,PRD00606,2021-03-16,247,direct
USR00659,PRD02215,2023-10-09,448,email
USR00659,PRD00851,2024-10-26,552,direct
USR00659,PRD01239,2021-10-09,72,social
USR00660,PRD01559,2025-04-12,102,homepage
USR00660,PRD00567,2022-05-12,597,search
USR00660,PRD02063,2021-10-05,311,direct
USR00660,PRD01495,2024-10-05,104,direct
USR00660,PRD01170,2025-02-17,39,direct
USR00661,PRD01510,2022-04-26,307,search
USR00661,PRD00678,2024-06-22,190,email
USR00661,PRD01581,2023-10-14,227,search
USR00661,PRD01733,2023-07-16,550,ad
USR00661,PRD02611,2022-12-11,33,recommendation
USR00661,PRD00773,2023-10-11,275,recommendation
USR00661,PRD00979,2021-05-21,461,direct
USR00662,PRD01061,2021-10-06,234,social
USR00662,PRD01859,2021-11-16,530,search
USR00662,PRD00432,2025-01-05,577,email
USR00662,PRD00094,2025-08-06,352,direct
USR00662,PRD00705,2023-11-14,265,recommendation
USR00662,PRD00959,2024-09-12,99,search
USR00663,PRD02168,2023-07-20,48,email
USR00663,PRD02457,2021-06-11,273,social
USR00663,PRD02872,2021-08-05,198,social
USR00663,PRD02123,2025-09-04,172,social
USR00663,PRD02105,2025-10-14,81,direct
USR00663,PRD00027,2025-02-06,532,email
USR00664,PRD01242,2022-07-05,106,recommendation
USR00665,PRD02162,2022-11-04,59,ad
USR00665,PRD02423,2024-01-07,77,social
USR00665,PRD00277,2022-07-29,391,direct
USR00665,PRD02323,2023-05-01,282,direct
USR00666,PRD00868,2022-05-08,471,search
USR00666,PRD02990,2022-10-13,486,direct
USR00666,PRD01075,2025-06-18,240,homepage
USR00666,PRD00780,2022-09-03,217,ad
USR00666,PRD01117,2021-05-26,132,ad
USR00666,PRD02566,2023-11-01,187,direct
USR00667,PRD02639,2021-07-30,291,social
USR00667,PRD01637,2025-02-21,261,search
USR00667,PRD00585,2021-12-09,273,direct
USR00667,PRD02056,2022-05-06,65,direct
USR00667,PRD00615,2024-08-10,150,search
USR00667,PRD01240,2023-11-28,453,homepage
USR00668,PRD01263,2024-09-25,235,direct
USR00668,PRD02522,2022-08-01,199,direct
USR00668,PRD01435,2024-02-17,404,ad
USR00668,PRD00553,2021-08-30,249,direct
USR00668,PRD00498,2023-12-29,281,search
USR00668,PRD02943,2024-02-22,45,direct
USR00668,PRD01958,2021-08-28,460,social
USR00668,PRD00207,2024-03-01,573,social
USR00669,PRD01534,2024-03-27,536,recommendation
USR00669,PRD01234,2021-05-25,509,ad
USR00669,PRD00846,2021-12-31,203,recommendation
USR00669,PRD02650,2021-11-20,346,search
USR00669,PRD00810,2023-10-31,452,search
USR00669,PRD01799,2022-10-16,329,email
USR00669,PRD01338,2021-05-13,476,homepage
USR00670,PRD00692,2023-04-02,160,direct
USR00670,PRD00131,2024-08-13,438,ad
USR00670,PRD00418,2024-03-14,305,ad
USR00670,PRD00901,2022-06-24,535,recommendation
USR00670,PRD00674,2021-02-25,370,social
USR00671,PRD01866,2025-02-02,5,social
USR00671,PRD01406,2022-08-12,79,direct
USR00671,PRD00529,2022-08-11,284,email
USR00671,PRD02139,2024-02-12,300,homepage
USR00671,PRD00222,2021-02-07,350,direct
USR00672,PRD01903,2024-08-03,201,recommendation
USR00673,PRD01344,2022-01-27,188,recommendation
USR00673,PRD01265,2022-05-31,159,social
USR00673,PRD02787,2025-02-12,353,direct
USR00673,PRD01924,2025-07-01,475,social
USR00674,PRD02610,2021-08-21,141,social
USR00674,PRD01661,2021-01-16,61,homepage
USR00674,PRD01044,2021-10-10,176,ad
USR00674,PRD02679,2021-12-08,382,email
USR00674,PRD00533,2025-08-16,286,email
USR00674,PRD02924,2025-01-25,511,email
USR00674,PRD01321,2021-06-09,410,email
USR00675,PRD00932,2021-01-04,253,search
USR00675,PRD02030,2024-09-14,158,search
USR00675,PRD00413,2023-05-22,172,direct
USR00675,PRD01243,2025-02-09,290,homepage
USR00675,PRD00274,2023-05-01,591,email
USR00675,PRD00275,2024-10-19,458,email
USR00675,PRD00165,2021-01-06,12,direct
USR00676,PRD00234,2024-12-06,551,direct
USR00676,PRD00769,2025-04-28,586,homepage
USR00676,PRD01774,2024-10-21,409,direct
USR00676,PRD01667,2023-03-01,410,ad
USR00676,PRD00546,2023-03-14,37,social
USR00677,PRD02841,2022-11-07,567,social
USR00677,PRD02878,2022-02-12,489,ad
USR00677,PRD00486,2025-11-27,51,homepage
USR00677,PRD01354,2024-07-12,341,social
USR00677,PRD01114,2023-01-03,218,email
USR00677,PRD02033,2024-07-13,587,email
USR00678,PRD01171,2021-09-01,481,recommendation
USR00678,PRD00041,2022-06-01,513,search
USR00678,PRD01437,2024-05-03,146,social
USR00678,PRD00461,2021-10-13,128,homepage
USR00679,PRD02063,2024-01-01,509,search
USR00679,PRD01037,2022-02-26,150,ad
USR00679,PRD00148,2024-01-15,24,direct
USR00679,PRD01087,2025-08-02,435,social
USR00679,PRD02962,2024-03-10,68,search
USR00679,PRD02374,2025-11-11,518,social
USR00680,PRD01334,2023-06-03,495,ad
USR00680,PRD00806,2022-02-06,282,direct
USR00680,PRD01520,2024-04-16,518,direct
USR00680,PRD01028,2021-03-29,499,search
USR00680,PRD02874,2023-08-06,340,direct
USR00680,PRD00704,2022-08-29,462,direct
USR00680,PRD01748,2024-05-08,243,ad
USR00681,PRD00067,2021-11-06,12,search
USR00681,PRD01325,2022-01-14,353,email
USR00681,PRD01136,2021-11-18,405,direct
USR00681,PRD00657,2022-08-28,351,social
USR00681,PRD01781,2021-08-28,197,recommendation
USR00681,PRD01880,2023-02-19,81,ad
USR00682,PRD01205,2021-01-14,6,search
USR00682,PRD00767,2023-10-23,530,search
USR00682,PRD00378,2022-08-19,250,recommendation
USR00682,PRD00499,2023-12-31,182,recommendation
USR00682,PRD01467,2022-01-20,571,social
USR00682,PRD00004,2023-04-07,478,ad
USR00683,PRD00626,2021-11-20,310,homepage
USR00683,PRD00955,2024-03-23,17,email
USR00683,PRD02319,2022-10-09,317,direct
USR00683,PRD00649,2021-12-06,234,search
USR00683,PRD00081,2025-07-04,93,homepage
USR00683,PRD01286,2021-05-11,133,social
USR00683,PRD00900,2022-03-27,491,ad
USR00683,PRD00072,2024-12-11,455,social
USR00684,PRD00141,2022-03-06,67,homepage
USR00685,PRD01139,2024-07-16,174,ad
USR00685,PRD01893,2024-03-05,223,search
USR00685,PRD01617,2023-03-19,246,direct
USR00686,PRD01139,2021-06-24,519,search
USR00686,PRD02106,2021-07-01,286,email
USR00686,PRD02767,2025-03-10,578,ad
USR00687,PRD00263,2022-12-31,146,homepage
USR00687,PRD01467,2023-11-04,566,homepage
USR00687,PRD02969,2023-10-24,10,direct
USR00687,PRD02860,2025-09-04,207,search
USR00687,PRD00532,2025-02-22,268,ad
USR00688,PRD02168,2023-08-24,61,search
USR00688,PRD01828,2023-03-24,215,search
USR00688,PRD01169,2021-03-05,157,email
USR00688,PRD02197,2022-05-29,87,social
USR00689,PRD02427,2022-01-25,223,email
USR00689,PRD00691,2025-05-04,462,recommendation
USR00689,PRD01456,2024-10-20,239,recommendation
USR00690,PRD00068,2024-12-17,445,homepage
USR00690,PRD02423,2022-09-02,140,ad
USR00690,PRD00146,2022-07-02,507,email
USR00690,PRD00849,2022-04-24,13,ad
USR00690,PRD00366,2025-06-01,80,homepage
USR00690,PRD00101,2022-10-11,131,recommendation
USR00691,PRD02889,2024-10-06,596,social
USR00691,PRD01141,2021-09-27,481,email
USR00691,PRD02253,2024-02-26,387,email
USR00691,PRD00293,2021-03-02,125,homepage
USR00691,PRD01848,2025-04-08,226,social
USR00692,PRD02187,2025-05-16,426,recommendation
USR00692,PRD01349,2025-09-09,128,email
USR00692,PRD01989,2024-02-02,538,recommendation
USR00692,PRD00078,2023-01-27,123,social
USR00692,PRD00001,2025-12-07,457,search
USR00692,PRD00352,2022-03-25,86,recommendation
USR00692,PRD00119,2024-09-28,559,ad
USR00692,PRD00143,2023-05-22,170,direct
USR00693,PRD00698,2024-03-21,490,recommendation
USR00693,PRD00299,2021-11-25,497,ad
USR00693,PRD02851,2023-12-11,160,homepage
USR00693,PRD00689,2022-01-31,298,homepage
USR00693,PRD00941,2021-12-06,151,direct
USR00693,PRD00842,2021-03-14,476,direct
USR00693,PRD00230,2024-12-03,98,direct
USR00693,PRD00747,2023-03-02,567,ad
USR00694,PRD00417,2022-04-27,210,recommendation
USR00694,PRD00525,2025-08-22,202,email
USR00694,PRD01035,2024-12-19,234,ad
USR00695,PRD02948,2025-08-05,156,ad
USR00695,PRD00557,2022-02-06,542,homepage
USR00695,PRD01980,2021-04-26,23,email
USR00695,PRD01743,2021-10-21,287,homepage
USR00695,PRD02344,2023-09-14,177,recommendation
USR00695,PRD00750,2023-06-18,589,homepage
USR00696,PRD02985,2023-05-22,166,direct
USR00696,PRD02551,2021-03-22,491,recommendation
USR00696,PRD00628,2021-12-10,455,email
USR00696,PRD01402,2023-12-20,525,ad
USR00696,PRD02173,2023-07-14,129,recommendation
USR00697,PRD02818,2023-03-26,350,homepage
USR00697,PRD02764,2024-04-02,208,recommendation
USR00697,PRD01897,2024-05-17,485,search
USR00697,PRD00823,2021-09-14,539,social
USR00698,PRD00200,2022-07-04,301,email
USR00698,PRD01475,2023-06-06,354,social
USR00698,PRD02866,2022-10-02,559,direct
USR00698,PRD00991,2025-11-22,404,direct
USR00698,PRD01961,2024-04-13,139,ad
USR00699,PRD02231,2024-06-29,306,recommendation
USR00700,PRD00438,2024-11-14,160,direct
USR00700,PRD00495,2021-02-14,490,recommendation
USR00700,PRD01963,2025-07-13,589,search
USR00700,PRD02590,2024-02-13,558,homepage
USR00700,PRD01737,2023-05-23,128,email
USR00700,PRD00255,2021-07-02,234,ad
USR00700,PRD01721,2022-04-26,360,homepage
USR00701,PRD00008,2022-06-13,447,recommendation
USR00702,PRD00648,2025-05-03,461,social
USR00702,PRD00706,2024-02-17,28,email
USR00702,PRD01289,2022-04-18,368,ad
USR00703,PRD02090,2021-12-11,516,search
USR00703,PRD02638,2023-02-19,573,ad
USR00703,PRD00519,2021-05-10,240,homepage
USR00703,PRD02245,2022-12-28,102,email
USR00703,PRD01776,2022-02-10,118,social
USR00704,PRD02368,2024-02-11,240,recommendation
USR00704,PRD00500,2022-02-01,309,recommendation
USR00704,PRD01972,2025-09-14,56,social
USR00704,PRD00417,2025-11-13,511,email
USR00704,PRD01295,2024-10-24,228,recommendation
USR00705,PRD00902,2023-08-28,295,email
USR00705,PRD02549,2024-09-23,597,ad
USR00705,PRD01142,2025-03-17,331,recommendation
USR00705,PRD00916,2021-02-24,383,homepage
USR00706,PRD01707,2021-07-29,251,social
USR00706,PRD00009,2025-08-14,68,direct
USR00706,PRD01530,2023-04-18,248,recommendation
USR00706,PRD01854,2022-07-19,248,social
USR00706,PRD00629,2024-02-16,517,homepage
USR00706,PRD01365,2024-03-11,488,social
USR00706,PRD01499,2022-09-15,365,ad
USR00706,PRD01420,2022-10-12,23,recommendation
USR00707,PRD01290,2024-01-27,502,direct
USR00707,PRD02462,2025-06-05,33,ad
USR00708,PRD02069,2025-07-07,58,email
USR00708,PRD00163,2025-05-09,414,email
USR00708,PRD02690,2024-05-04,188,recommendation
USR00708,PRD02903,2022-06-19,237,social
USR00708,PRD00527,2022-01-31,94,social
USR00709,PRD00030,2022-11-06,58,recommendation
USR00709,PRD01632,2024-01-22,308,ad
USR00709,PRD00182,2025-05-24,523,direct
USR00710,PRD00009,2024-06-21,269,homepage
USR00710,PRD01085,2023-10-09,278,ad
USR00710,PRD02002,2024-06-29,501,social
USR00710,PRD01985,2023-11-23,159,email
USR00710,PRD02090,2025-11-10,440,homepage
USR00711,PRD01326,2025-11-12,536,homepage
USR00711,PRD00296,2024-11-02,308,search
USR00711,PRD02366,2021-08-28,457,search
USR00711,PRD01106,2023-09-17,184,email
USR00711,PRD00142,2022-04-29,207,social
USR00712,PRD01089,2024-07-09,574,direct
USR00712,PRD00995,2022-10-19,211,homepage
USR00712,PRD01673,2021-10-15,157,social
USR00712,PRD01762,2023-10-01,482,recommendation
USR00712,PRD00222,2023-06-14,207,direct
USR00712,PRD01964,2024-09-04,226,ad
USR00713,PRD02905,2024-08-18,356,recommendation
USR00713,PRD01078,2024-03-23,52,recommendation
USR00713,PRD00449,2025-01-05,562,recommendation
USR00714,PRD02077,2025-03-10,413,homepage
USR00714,PRD00819,2024-03-07,83,homepage
USR00714,PRD02541,2023-03-08,510,email
USR00714,PRD01259,2022-05-13,267,direct
USR00714,PRD02563,2021-08-04,279,email
USR00714,PRD01806,2021-05-27,514,direct
USR00715,PRD00280,2023-06-14,310,recommendation
USR00716,PRD01978,2022-03-07,362,homepage
USR00716,PRD02590,2025-04-01,20,search
USR00716,PRD00921,2022-03-01,305,direct
USR00717,PRD02969,2023-02-28,310,email
USR00717,PRD01183,2022-12-07,586,recommendation
USR00717,PRD01054,2023-01-16,57,search
USR00717,PRD01234,2021-03-03,115,email
USR00718,PRD02835,2023-05-01,474,ad
USR00718,PRD01532,2021-10-12,37,search
USR00718,PRD00957,2022-09-22,596,social
USR00718,PRD01085,2024-11-04,72,ad
USR00718,PRD00457,2022-10-07,135,social
USR00718,PRD02344,2021-11-25,417,recommendation
USR00718,PRD01257,2021-04-14,575,direct
USR00718,PRD01026,2021-07-15,23,direct
USR00719,PRD01936,2021-11-13,298,search
USR00719,PRD02735,2022-03-24,23,recommendation
USR00719,PRD02832,2024-09-15,263,email
USR00719,PRD01480,2025-12-09,566,direct
USR00719,PRD02033,2025-12-05,543,email
USR00719,PRD01207,2024-08-10,457,email
USR00719,PRD02049,2022-10-03,92,social
USR00720,PRD02958,2021-10-29,568,ad
USR00720,PRD01784,2022-01-25,195,email
USR00720,PRD00896,2021-06-09,119,direct
USR00720,PRD00643,2024-05-19,576,homepage
USR00721,PRD02086,2021-01-12,286,search
USR00721,PRD01667,2024-05-21,213,email
USR00721,PRD01696,2025-03-14,457,search
USR00721,PRD02070,2023-06-03,242,homepage
USR00722,PRD01610,2025-02-25,513,recommendation
USR00722,PRD02276,2022-06-29,600,homepage
USR00722,PRD00506,2025-08-18,508,direct
USR00722,PRD01158,2022-05-23,397,homepage
USR00722,PRD02041,2025-06-20,105,ad
USR00722,PRD01053,2025-07-05,128,direct
USR00723,PRD00713,2021-10-27,158,social
USR00723,PRD00992,2021-02-09,313,social
USR00723,PRD01720,2025-10-30,475,ad
USR00723,PRD02169,2021-10-24,541,social
USR00723,PRD01373,2022-03-04,500,direct
USR00723,PRD02272,2025-12-14,258,social
USR00723,PRD02598,2025-03-19,113,ad
USR00723,PRD01222,2024-04-06,415,homepage
USR00724,PRD02564,2022-08-28,14,direct
USR00724,PRD00647,2021-06-04,393,recommendation
USR00724,PRD02903,2023-05-06,439,direct
USR00724,PRD01847,2021-07-27,260,recommendation
USR00725,PRD02476,2023-12-26,431,homepage
USR00725,PRD01237,2023-12-27,140,social
USR00725,PRD02756,2022-01-06,193,social
USR00726,PRD00928,2021-09-28,171,direct
USR00726,PRD01891,2025-04-10,116,search
USR00726,PRD01306,2021-09-21,217,direct
USR00726,PRD01422,2025-01-27,507,social
USR00726,PRD00290,2022-08-07,570,search
USR00727,PRD00737,2025-06-12,42,recommendation
USR00728,PRD00051,2022-11-19,532,homepage
USR00728,PRD02028,2024-10-11,73,recommendation
USR00728,PRD00056,2022-06-19,121,direct
USR00728,PRD02271,2024-11-08,428,direct
USR00728,PRD02403,2021-04-29,361,email
USR00729,PRD02055,2021-02-03,308,search
USR00729,PRD00074,2022-09-18,377,recommendation
USR00729,PRD00743,2025-08-29,388,homepage
USR00729,PRD01678,2022-10-04,289,email
USR00730,PRD01653,2023-09-30,187,email
USR00731,PRD01020,2022-08-29,387,social
USR00731,PRD00038,2024-03-19,448,direct
USR00731,PRD02526,2023-04-22,251,search
USR00731,PRD02352,2022-10-09,415,ad
USR00732,PRD01483,2022-10-20,58,direct
USR00732,PRD00824,2023-06-26,415,direct
USR00732,PRD01241,2025-02-21,501,social
USR00732,PRD02378,2021-08-22,238,homepage
USR00732,PRD02511,2021-01-31,12,email
USR00732,PRD01231,2023-06-11,171,social
USR00732,PRD01649,2024-03-15,112,search
USR00732,PRD00226,2025-12-12,344,ad
USR00733,PRD01706,2024-08-12,554,homepage
USR00734,PRD02052,2024-11-16,493,email
USR00734,PRD01576,2023-03-22,203,search
USR00734,PRD01788,2021-06-01,570,direct
USR00734,PRD01792,2025-12-23,262,direct
USR00734,PRD00210,2023-02-02,259,email
USR00734,PRD01727,2023-06-25,39,direct
USR00735,PRD00339,2022-10-18,122,search
USR00735,PRD01633,2021-07-02,186,ad
USR00735,PRD02676,2024-11-07,348,homepage
USR00735,PRD00254,2023-04-08,68,recommendation
USR00735,PRD01839,2024-05-05,233,recommendation
USR00736,PRD02843,2021-12-29,70,direct
USR00736,PRD01201,2023-10-27,558,recommendation
USR00737,PRD01108,2022-11-27,505,direct
USR00737,PRD02332,2025-12-10,337,email
USR00738,PRD01413,2023-05-12,38,email
USR00739,PRD01912,2023-06-19,90,ad
USR00739,PRD00491,2023-11-04,557,homepage
USR00739,PRD02648,2022-06-01,171,search
USR00739,PRD01305,2025-07-10,130,homepage
USR00740,PRD02899,2022-04-28,171,homepage
USR00740,PRD00036,2023-04-01,120,social
USR00740,PRD01034,2024-10-28,113,email
USR00740,PRD00951,2023-09-03,111,recommendation
USR00740,PRD02669,2022-06-08,194,search
USR00740,PRD01183,2025-09-03,28,homepage
USR00741,PRD02435,2021-12-14,70,direct
USR00742,PRD02990,2021-09-23,518,homepage
USR00743,PRD02102,2023-05-12,197,direct
USR00743,PRD02805,2023-02-02,330,email
USR00743,PRD02786,2025-05-18,509,direct
USR00743,PRD01288,2022-06-17,197,direct
USR00743,PRD01859,2025-11-13,188,social
USR00744,PRD01185,2021-05-12,174,ad
USR00744,PRD01325,2025-01-14,184,search
USR00744,PRD00330,2025-02-16,126,ad
USR00744,PRD02848,2023-03-22,455,direct
USR00744,PRD00778,2025-10-28,410,email
USR00744,PRD01517,2022-07-12,8,direct
USR00745,PRD00176,2022-07-25,206,social
USR00746,PRD01353,2022-01-11,422,ad
USR00746,PRD02141,2022-08-09,91,social
USR00746,PRD01761,2025-01-18,33,recommendation
USR00746,PRD00825,2024-06-17,45,ad
USR00746,PRD00186,2024-06-29,6,ad
USR00746,PRD01477,2024-02-26,288,social
USR00746,PRD00379,2022-05-16,427,direct
USR00747,PRD01713,2025-04-23,329,email
USR00747,PRD01407,2023-04-19,410,email
USR00747,PRD00981,2022-02-11,51,direct
USR00747,PRD02264,2021-01-20,172,recommendation
USR00747,PRD01046,2022-03-16,484,homepage
USR00747,PRD00418,2025-10-28,405,email
USR00748,PRD02499,2023-10-24,477,recommendation
USR00748,PRD00512,2025-02-23,322,direct
USR00748,PRD01629,2022-06-22,410,search
USR00748,PRD02861,2025-10-10,409,homepage
USR00748,PRD01292,2024-12-31,77,search
USR00748,PRD01101,2024-01-25,184,ad
USR00748,PRD02066,2021-04-19,80,direct
USR00749,PRD01175,2022-12-14,316,email
USR00749,PRD02467,2023-04-01,417,homepage
USR00749,PRD01740,2022-08-25,554,social
USR00749,PRD02606,2023-09-10,209,direct
USR00749,PRD00023,2021-08-03,194,homepage
USR00749,PRD00261,2025-08-21,585,recommendation
USR00749,PRD02564,2025-11-19,409,email
USR00749,PRD00662,2023-03-26,590,email
USR00750,PRD01468,2022-02-27,404,ad
USR00750,PRD00085,2023-04-19,292,social
USR00750,PRD01611,2024-08-20,146,search
USR00750,PRD02316,2023-09-16,445,recommendation
USR00750,PRD02982,2025-10-11,521,social
USR00750,PRD01636,2024-09-08,32,direct
USR00751,PRD02954,2025-10-03,177,recommendation
USR00751,PRD00496,2024-08-04,89,homepage
USR00752,PRD02535,2023-12-02,516,email
USR00752,PRD00709,2025-03-24,512,search
USR00752,PRD02351,2025-12-18,276,search
USR00752,PRD01557,2024-02-10,320,search
USR00753,PRD02775,2021-05-25,378,email
USR00753,PRD02796,2022-01-27,439,homepage
USR00753,PRD01471,2023-04-26,85,ad
USR00753,PRD02469,2025-03-23,47,email
USR00753,PRD00587,2024-08-06,558,homepage
USR00753,PRD01584,2021-01-29,39,email
USR00753,PRD01302,2021-08-19,116,email
USR00754,PRD02955,2022-03-29,101,recommendation
USR00755,PRD00967,2024-08-16,482,recommendation
USR00755,PRD02633,2024-04-15,155,email
USR00756,PRD02637,2025-02-09,163,email
USR00756,PRD01077,2021-05-04,275,search
USR00757,PRD02386,2024-01-27,176,direct
USR00757,PRD00103,2024-07-18,439,homepage
USR00757,PRD01009,2021-07-15,341,direct
USR00757,PRD00244,2023-04-22,499,social
USR00757,PRD00698,2023-05-06,283,homepage
USR00757,PRD00048,2024-10-26,463,search
USR00757,PRD00716,2021-06-02,106,homepage
USR00757,PRD02565,2025-10-14,535,email
USR00758,PRD00655,2025-08-25,466,search
USR00758,PRD02140,2022-04-24,474,direct
USR00759,PRD02943,2024-07-29,345,ad
USR00759,PRD00805,2025-04-16,313,social
USR00760,PRD00392,2022-02-17,320,ad
USR00760,PRD02588,2021-03-15,550,ad
USR00760,PRD00798,2024-03-08,483,recommendation
USR00760,PRD02686,2023-07-25,92,homepage
USR00760,PRD02939,2022-08-13,388,recommendation
USR00760,PRD00580,2021-11-09,385,ad
USR00760,PRD02039,2023-06-09,339,search
USR00760,PRD00168,2025-10-19,480,recommendation
USR00761,PRD02495,2021-07-20,297,homepage
USR00761,PRD00760,2022-04-11,291,email
USR00761,PRD00348,2025-12-01,61,recommendation
USR00761,PRD01894,2025-08-17,264,search
USR00761,PRD01827,2024-06-23,217,direct
USR00762,PRD00349,2024-08-20,359,recommendation
USR00762,PRD01233,2021-03-27,573,email
USR00762,PRD01059,2025-05-18,120,social
USR00763,PRD01669,2021-08-23,526,social
USR00763,PRD00023,2022-11-21,153,email
USR00763,PRD02350,2025-09-15,580,direct
USR00764,PRD01175,2024-01-29,533,email
USR00764,PRD00312,2021-01-23,426,social
USR00765,PRD02907,2025-08-28,404,homepage
USR00765,PRD01330,2025-09-14,83,recommendation
USR00765,PRD01618,2022-12-13,547,social
USR00765,PRD02885,2022-01-15,407,ad
USR00765,PRD02544,2025-06-12,407,homepage
USR00765,PRD00309,2023-06-16,494,email
USR00766,PRD02138,2021-06-27,243,search
USR00766,PRD01541,2021-09-10,169,search
USR00767,PRD01682,2023-11-02,249,recommendation
USR00767,PRD00658,2022-03-17,117,social
USR00767,PRD01786,2023-05-22,48,search
USR00768,PRD02748,2023-11-10,502,ad
USR00768,PRD02750,2022-09-09,319,ad
USR00768,PRD01459,2022-05-12,105,search
USR00768,PRD00118,2021-11-13,10,homepage
USR00768,PRD01647,2023-03-18,519,recommendation
USR00768,PRD00025,2025-07-04,497,recommendation
USR00769,PRD02529,2025-02-25,579,homepage
USR00769,PRD02091,2025-07-27,456,ad
USR00770,PRD01003,2021-09-10,548,email
USR00770,PRD02306,2024-01-19,454,social
USR00770,PRD00282,2021-06-04,112,ad
USR00770,PRD00886,2022-01-15,454,ad
USR00770,PRD02265,2025-09-19,365,direct
USR00770,PRD02259,2024-10-11,195,search
USR00770,PRD00134,2023-05-19,168,email
USR00770,PRD00335,2025-07-08,136,email
USR00771,PRD01157,2021-02-11,517,direct
USR00771,PRD02560,2025-09-13,178,direct
USR00771,PRD01554,2025-08-13,35,homepage
USR00772,PRD02753,2025-03-12,171,recommendation
USR00772,PRD02520,2025-10-29,562,ad
USR00772,PRD02040,2025-08-07,148,recommendation
USR00772,PRD02413,2022-10-12,520,search
USR00772,PRD01762,2024-05-30,375,homepage
USR00772,PRD00046,2021-10-17,53,direct
USR00772,PRD00885,2022-03-03,71,direct
USR00773,PRD01239,2021-08-30,242,social
USR00773,PRD00823,2023-11-17,368,search
USR00773,PRD00878,2023-07-30,586,email
USR00773,PRD00044,2022-01-26,334,recommendation
USR00773,PRD02395,2021-08-06,375,direct
USR00773,PRD02034,2022-10-22,120,recommendation
USR00774,PRD01120,2022-06-05,315,ad
USR00775,PRD02611,2022-02-27,508,email
USR00775,PRD00249,2025-05-28,67,email
USR00775,PRD01941,2023-07-26,250,homepage
USR00775,PRD00025,2023-03-06,417,recommendation
USR00775,PRD01410,2023-05-12,191,search
USR00775,PRD00578,2023-02-19,103,homepage
USR00776,PRD00343,2023-03-21,314,search
USR00776,PRD01014,2021-11-16,279,social
USR00776,PRD01861,2024-07-04,207,recommendation
USR00776,PRD01891,2021-02-22,47,ad
USR00776,PRD00151,2025-05-30,480,search
USR00776,PRD00386,2025-11-30,445,direct
USR00776,PRD02368,2025-11-04,90,email
USR00776,PRD01142,2021-07-24,579,email
USR00777,PRD00375,2024-08-08,291,social
USR00777,PRD01793,2025-02-06,213,search
USR00777,PRD01162,2024-09-10,441,ad
USR00777,PRD00023,2021-08-30,55,recommendation
USR00777,PRD01820,2023-01-17,504,ad
USR00777,PRD01494,2022-02-02,81,ad
USR00777,PRD01280,2024-08-08,246,search
USR00778,PRD01924,2025-04-05,70,search
USR00778,PRD00164,2023-03-15,345,social
USR00779,PRD02166,2022-12-20,147,email
USR00779,PRD01875,2024-09-28,151,social
USR00779,PRD00754,2023-11-22,586,email
USR00779,PRD01394,2023-10-25,381,ad
USR00780,PRD00391,2025-01-31,142,direct
USR00780,PRD02992,2021-12-02,277,recommendation
USR00780,PRD02494,2022-07-24,540,direct
USR00780,PRD02072,2023-10-02,64,direct
USR00780,PRD02869,2024-04-24,223,recommendation
USR00780,PRD01656,2023-07-16,306,direct
USR00781,PRD02077,2022-08-03,451,social
USR00781,PRD00028,2024-05-04,208,direct
USR00781,PRD01549,2024-09-23,254,email
USR00781,PRD01647,2021-12-20,68,recommendation
USR00781,PRD01845,2025-02-15,22,ad
USR00782,PRD00684,2023-07-15,564,email
USR00782,PRD01819,2025-04-09,125,direct
USR00782,PRD00263,2022-01-19,478,social
USR00782,PRD00286,2023-02-18,124,homepage
USR00782,PRD00422,2023-03-01,519,social
USR00783,PRD00880,2024-05-05,582,search
USR00783,PRD00472,2024-11-05,458,social
USR00784,PRD01331,2023-05-18,397,recommendation
USR00784,PRD01867,2021-11-17,42,search
USR00784,PRD01846,2024-12-17,94,direct
USR00784,PRD00649,2025-03-30,52,social
USR00784,PRD00287,2022-04-15,257,direct
USR00784,PRD00715,2022-08-04,121,ad
USR00785,PRD01312,2022-08-07,584,email
USR00785,PRD00019,2021-07-15,216,homepage
USR00785,PRD01263,2024-01-03,379,ad
USR00786,PRD01601,2023-12-12,107,social
USR00786,PRD00236,2024-04-09,554,email
USR00786,PRD01875,2025-08-11,441,email
USR00786,PRD01181,2024-03-08,427,email
USR00787,PRD02323,2025-01-09,271,ad
USR00787,PRD02035,2025-09-05,98,homepage
USR00788,PRD00171,2024-11-20,591,homepage
USR00788,PRD01935,2021-05-04,44,social
USR00788,PRD00436,2021-06-17,122,email
USR00788,PRD02990,2022-10-09,207,ad
USR00788,PRD01950,2023-09-07,341,recommendation
USR00788,PRD01717,2025-12-19,182,social
USR00789,PRD00162,2023-03-21,112,email
USR00789,PRD02706,2022-02-25,193,direct
USR00789,PRD02061,2025-12-14,216,social
USR00789,PRD01695,2023-10-02,460,recommendation
USR00789,PRD02809,2025-08-08,513,homepage
USR00790,PRD01042,2021-02-02,480,direct
USR00790,PRD00453,2022-09-03,592,direct
USR00790,PRD02407,2025-02-13,86,social
USR00790,PRD02485,2024-10-18,107,email
USR00790,PRD00650,2021-07-11,377,homepage
USR00790,PRD02464,2025-05-25,247,social
USR00791,PRD00923,2025-06-09,107,recommendation
USR00791,PRD00263,2025-02-07,9,recommendation
USR00791,PRD02645,2023-03-09,559,email
USR00792,PRD01435,2025-04-19,430,search
USR00792,PRD00588,2022-01-17,11,ad
USR00793,PRD01759,2025-01-09,464,search
USR00793,PRD01315,2023-01-23,385,email
USR00793,PRD01393,2021-01-30,271,direct
USR00793,PRD01569,2023-06-25,397,recommendation
USR00793,PRD01392,2021-03-16,358,ad
USR00793,PRD01791,2021-04-18,356,direct
USR00793,PRD01895,2021-10-01,227,email
USR00794,PRD01959,2022-09-19,573,homepage
USR00794,PRD00006,2024-06-09,134,social
USR00794,PRD00045,2023-09-12,437,email
USR00794,PRD00331,2024-12-04,311,direct
USR00794,PRD02917,2023-06-15,166,homepage
USR00795,PRD00436,2021-08-24,529,homepage
USR00795,PRD02687,2024-11-28,176,homepage
USR00795,PRD01107,2025-11-12,564,social
USR00795,PRD01271,2025-06-07,355,social
USR00795,PRD00485,2024-05-02,331,direct
USR00795,PRD00739,2025-12-02,459,email
USR00796,PRD00311,2025-11-03,245,search
USR00796,PRD01423,2021-09-07,464,email
USR00797,PRD02051,2024-01-26,157,homepage
USR00797,PRD01464,2023-01-08,84,homepage
USR00797,PRD01457,2022-02-12,186,email
USR00797,PRD01442,2024-04-23,147,homepage
USR00797,PRD01438,2021-06-12,296,search
USR00797,PRD00914,2023-10-29,68,social
USR00797,PRD02933,2025-01-12,490,ad
USR00797,PRD02284,2025-12-10,479,social
USR00798,PRD00258,2024-09-09,311,direct
USR00798,PRD01487,2022-05-21,518,ad
USR00798,PRD02284,2022-10-03,188,social
USR00798,PRD00884,2023-12-20,394,ad
USR00798,PRD01553,2022-05-29,478,search
USR00798,PRD02612,2024-04-13,525,ad
USR00799,PRD00986,2023-05-14,477,social
USR00799,PRD01042,2022-03-23,197,social
USR00799,PRD01315,2024-08-31,585,recommendation
USR00799,PRD02983,2023-02-20,286,homepage
USR00799,PRD00577,2022-04-12,81,recommendation
USR00799,PRD01198,2024-04-04,47,social
USR00799,PRD00267,2023-08-07,188,homepage
USR00800,PRD02113,2021-05-01,199,direct
USR00800,PRD02376,2024-12-31,507,homepage
USR00800,PRD01961,2023-10-25,117,social
USR00800,PRD01666,2025-12-31,191,homepage
USR00800,PRD02795,2023-04-17,307,social
USR00800,PRD01381,2023-03-07,97,email
USR00801,PRD01983,2025-09-26,521,recommendation
USR00801,PRD02862,2021-03-14,89,homepage
USR00801,PRD01583,2023-05-27,141,homepage
USR00801,PRD00230,2025-05-22,441,ad
USR00801,PRD02927,2025-01-16,221,homepage
USR00801,PRD01648,2025-06-23,34,email
USR00802,PRD00152,2022-01-11,490,recommendation
USR00802,PRD02464,2022-07-30,358,recommendation
USR00802,PRD00577,2022-12-21,242,direct
USR00802,PRD01010,2024-08-02,516,social
USR00802,PRD02297,2021-02-22,332,ad
USR00802,PRD00149,2025-12-15,566,direct
USR00803,PRD01784,2024-05-11,325,email
USR00803,PRD02586,2024-01-27,463,homepage
USR00804,PRD00096,2023-07-28,299,recommendation
USR00804,PRD01403,2024-09-06,518,homepage
USR00804,PRD00195,2024-11-09,364,search
USR00804,PRD02787,2021-10-06,190,search
USR00805,PRD00776,2023-12-30,453,search
USR00805,PRD01853,2024-09-15,554,search
USR00805,PRD01421,2025-11-06,196,search
USR00805,PRD02154,2021-08-31,390,social
USR00805,PRD01922,2025-06-26,498,recommendation
USR00805,PRD00551,2025-11-28,388,direct
USR00805,PRD01825,2022-07-31,412,ad
USR00806,PRD00351,2023-01-05,483,recommendation
USR00806,PRD02212,2021-01-27,517,email
USR00806,PRD01569,2022-02-01,90,email
USR00806,PRD02939,2022-08-10,546,direct
USR00806,PRD02467,2024-09-27,378,social
USR00807,PRD01395,2022-04-19,422,search
USR00807,PRD00240,2022-05-20,549,email
USR00807,PRD01237,2024-02-02,466,search
USR00807,PRD01600,2022-06-12,310,recommendation
USR00808,PRD02775,2024-06-11,34,ad
USR00808,PRD00577,2025-10-29,62,search
USR00808,PRD01349,2022-03-02,255,search
USR00808,PRD01730,2022-08-04,16,direct
USR00808,PRD00212,2025-08-14,483,ad
USR00808,PRD02340,2024-12-21,400,recommendation
USR00808,PRD02105,2024-02-28,72,recommendation
USR00809,PRD01605,2023-01-16,86,social
USR00809,PRD00003,2025-01-02,107,email
USR00809,PRD01124,2024-03-22,229,ad
USR00809,PRD02113,2022-01-20,478,social
USR00809,PRD01834,2023-10-28,357,email
USR00809,PRD02799,2021-02-26,517,recommendation
USR00809,PRD01970,2021-04-24,453,social
USR00809,PRD01825,2023-07-11,63,search
USR00810,PRD00594,2025-07-08,365,direct
USR00810,PRD00636,2023-08-09,396,social
USR00810,PRD01532,2024-04-08,336,homepage
USR00810,PRD01193,2024-08-29,131,search
USR00810,PRD01914,2025-05-03,293,recommendation
USR00811,PRD00221,2022-02-03,181,search
USR00811,PRD02257,2021-08-21,272,search
USR00811,PRD00348,2023-11-23,291,search
USR00811,PRD02276,2023-04-03,314,homepage
USR00812,PRD00817,2023-01-25,442,search
USR00812,PRD01411,2022-02-27,581,email
USR00812,PRD02825,2025-08-04,168,recommendation
USR00813,PRD01323,2022-08-10,532,homepage
USR00813,PRD02528,2022-08-16,535,ad
USR00813,PRD01803,2021-08-20,161,email
USR00813,PRD00988,2025-05-29,293,homepage
USR00813,PRD01713,2023-07-28,156,recommendation
USR00813,PRD00876,2023-09-05,99,direct
USR00813,PRD01193,2021-03-05,527,homepage
USR00813,PRD02277,2024-12-20,421,email
USR00814,PRD02792,2021-07-09,570,ad
USR00814,PRD02428,2021-11-27,9,search
USR00814,PRD01325,2025-05-12,261,recommendation
USR00814,PRD00123,2021-05-23,311,search
USR00815,PRD01357,2021-10-15,340,direct
USR00815,PRD00241,2022-03-14,48,ad
USR00816,PRD02975,2023-03-27,276,ad
USR00817,PRD01033,2024-11-30,107,email
USR00817,PRD01017,2025-06-13,102,direct
USR00817,PRD00821,2022-12-03,558,search
USR00817,PRD02450,2024-06-05,298,direct
USR00817,PRD02828,2022-12-05,402,email
USR00817,PRD02605,2021-12-02,394,social
USR00817,PRD00340,2021-05-16,106,search
USR00818,PRD00296,2022-06-03,354,direct
USR00818,PRD00319,2023-07-14,317,social
USR00818,PRD00244,2023-04-25,273,ad
USR00818,PRD02706,2023-06-10,210,recommendation
USR00818,PRD02998,2021-06-23,90,recommendation
USR00819,PRD00392,2024-05-13,57,social
USR00820,PRD02302,2022-12-27,224,social
USR00820,PRD00997,2021-05-12,226,direct
USR00820,PRD02293,2024-04-02,328,recommendation
USR00820,PRD01801,2021-06-13,483,direct
USR00820,PRD02448,2024-11-25,316,homepage
USR00821,PRD01386,2022-11-01,231,homepage
USR00821,PRD01001,2021-11-02,459,homepage
USR00821,PRD00799,2023-07-26,128,social
USR00821,PRD00046,2022-01-08,355,ad
USR00821,PRD00183,2024-07-12,139,direct
USR00821,PRD02731,2021-11-11,443,email
USR00821,PRD01495,2021-10-17,557,direct
USR00822,PRD01649,2022-08-08,564,search
USR00822,PRD01021,2024-09-10,126,homepage
USR00822,PRD00606,2022-06-08,227,search
USR00823,PRD02368,2024-12-05,396,social
USR00823,PRD01282,2023-06-05,309,direct
USR00823,PRD01154,2024-10-04,92,direct
USR00823,PRD00770,2021-09-25,183,direct
USR00823,PRD00234,2025-12-20,499,search
USR00824,PRD02221,2025-04-21,264,homepage
USR00825,PRD01557,2023-01-03,578,social
USR00825,PRD00634,2024-01-19,294,ad
USR00825,PRD02060,2025-10-30,536,direct
USR00825,PRD00474,2025-09-26,366,social
USR00825,PRD00251,2025-08-27,451,direct
USR00825,PRD00258,2024-03-31,138,social
USR00826,PRD00708,2021-06-01,269,homepage
USR00826,PRD01628,2022-09-22,536,recommendation
USR00826,PRD02835,2023-08-03,433,recommendation
USR00827,PRD01908,2025-10-28,246,search
USR00827,PRD01111,2021-07-19,66,social
USR00828,PRD02208,2022-04-01,318,email
USR00828,PRD00402,2024-02-08,525,recommendation
USR00828,PRD01437,2022-01-10,262,homepage
USR00828,PRD01184,2024-10-30,327,ad
USR00828,PRD00590,2022-09-01,238,ad
USR00828,PRD01642,2023-11-11,10,search
USR00828,PRD02001,2021-04-23,569,homepage
USR00828,PRD02211,2023-08-05,598,email
USR00829,PRD00157,2025-06-22,284,direct
USR00830,PRD02226,2022-11-14,204,homepage
USR00831,PRD01951,2022-12-29,478,recommendation
USR00831,PRD00286,2022-08-11,418,social
USR00832,PRD01134,2023-02-20,18,email
USR00832,PRD01654,2024-08-28,550,homepage
USR00832,PRD00804,2021-08-04,303,ad
USR00832,PRD01502,2023-07-03,450,search
USR00832,PRD00461,2021-04-20,160,homepage
USR00832,PRD01454,2021-06-23,307,recommendation
USR00833,PRD01144,2024-01-14,309,ad
USR00833,PRD00356,2022-04-07,176,email
USR00833,PRD02473,2023-07-16,69,email
USR00833,PRD02696,2024-09-29,245,homepage
USR00833,PRD02206,2025-04-22,382,social
USR00833,PRD01662,2022-07-14,189,email
USR00833,PRD00275,2024-08-21,340,ad
USR00834,PRD00149,2021-08-15,393,direct
USR00834,PRD00989,2024-05-23,306,homepage
USR00834,PRD01609,2023-04-12,330,search
USR00834,PRD00327,2021-09-17,133,email
USR00834,PRD01252,2023-07-08,215,search
USR00834,PRD02473,2023-12-17,499,recommendation
USR00834,PRD00097,2023-03-30,146,search
USR00834,PRD01431,2021-09-30,514,homepage
USR00835,PRD02218,2025-10-23,375,recommendation
USR00835,PRD01652,2024-02-29,347,ad
USR00836,PRD01520,2023-07-10,106,ad
USR00836,PRD02041,2023-01-08,178,email
USR00836,PRD00382,2025-10-19,283,ad
USR00836,PRD00644,2022-01-09,46,email
USR00836,PRD02454,2023-10-26,181,email
USR00837,PRD00137,2023-08-03,160,homepage
USR00837,PRD02933,2021-03-18,472,search
USR00837,PRD01462,2022-02-14,263,ad
USR00837,PRD00713,2021-01-12,163,email
USR00838,PRD01156,2024-07-18,392,ad
USR00838,PRD00172,2023-09-29,28,ad
USR00838,PRD02808,2023-11-28,341,search
USR00838,PRD02411,2022-09-02,87,homepage
USR00839,PRD00158,2025-05-08,235,search
USR00839,PRD01289,2022-10-21,218,social
USR00840,PRD00453,2023-02-12,125,recommendation
USR00840,PRD00988,2025-04-22,586,ad
USR00840,PRD00167,2023-11-29,211,search
USR00840,PRD00666,2025-07-14,169,homepage
USR00841,PRD02817,2023-09-08,424,recommendation
USR00841,PRD01090,2025-06-01,212,social
USR00841,PRD02788,2024-07-15,99,homepage
USR00841,PRD00025,2025-01-19,134,homepage
USR00841,PRD02754,2023-07-10,119,email
USR00841,PRD00193,2022-03-25,378,recommendation
USR00841,PRD02109,2021-01-14,499,search
USR00841,PRD02378,2024-07-03,245,search
USR00842,PRD01052,2021-05-02,495,email
USR00842,PRD00119,2021-06-03,331,direct
USR00842,PRD00164,2021-02-16,318,ad
USR00842,PRD02984,2024-09-02,229,social
USR00842,PRD01488,2024-12-23,190,social
USR00842,PRD01719,2024-04-14,94,recommendation
USR00842,PRD00456,2022-03-03,143,direct
USR00843,PRD00104,2022-09-15,256,ad
USR00843,PRD02452,2021-08-01,453,social
USR00843,PRD02270,2025-12-25,197,search
USR00843,PRD00772,2021-09-23,217,ad
USR00843,PRD00424,2021-09-08,54,social
USR00843,PRD00842,2023-11-10,487,social
USR00843,PRD02281,2021-07-02,190,direct
USR00843,PRD02344,2023-01-14,403,recommendation
USR00844,PRD00832,2023-01-18,504,homepage
USR00844,PRD02375,2022-03-12,77,ad
USR00844,PRD00751,2024-09-08,199,email
USR00844,PRD02078,2024-04-25,192,social
USR00844,PRD01979,2024-08-22,347,email
USR00844,PRD02393,2025-08-15,534,social
USR00844,PRD01633,2022-08-06,503,direct
USR00845,PRD02608,2022-08-01,265,social
USR00845,PRD01793,2022-07-28,405,social
USR00846,PRD01021,2025-08-18,473,ad
USR00846,PRD01627,2025-04-29,29,search
USR00846,PRD02038,2024-06-11,318,homepage
USR00847,PRD00923,2025-05-01,220,email
USR00847,PRD02201,2025-01-06,20,recommendation
USR00847,PRD02192,2024-04-07,6,email
USR00847,PRD02810,2025-06-14,152,social
USR00847,PRD02959,2022-03-05,115,direct
USR00848,PRD00627,2023-10-25,397,social
USR00848,PRD00872,2022-10-07,97,ad
USR00848,PRD00577,2025-07-25,10,direct
USR00849,PRD02778,2021-11-22,383,email
USR00849,PRD00998,2022-09-11,314,homepage
USR00849,PRD00263,2022-01-12,127,direct
USR00849,PRD01734,2024-12-13,32,social
USR00849,PRD00247,2023-08-03,206,social
USR00850,PRD02306,2025-12-02,35,email
USR00850,PRD02838,2024-07-21,562,direct
USR00850,PRD00629,2024-01-29,475,ad
USR00850,PRD00084,2021-02-04,497,email
USR00850,PRD00710,2022-11-12,595,social
USR00850,PRD01670,2022-01-03,115,recommendation
USR00850,PRD02459,2022-01-05,399,search
USR00851,PRD00672,2023-01-02,70,social
USR00851,PRD01184,2024-08-24,528,email
USR00851,PRD02820,2023-10-08,351,email
USR00851,PRD02957,2024-10-21,557,homepage
USR00851,PRD01628,2022-02-25,212,homepage
USR00852,PRD02440,2024-12-02,260,homepage
USR00852,PRD00983,2025-06-16,559,homepage
USR00853,PRD01557,2023-02-28,33,social
USR00853,PRD02954,2022-01-29,502,homepage
USR00853,PRD00551,2025-10-29,570,homepage
USR00853,PRD00244,2024-09-14,122,recommendation
USR00853,PRD01436,2024-11-14,55,email
USR00854,PRD01449,2024-08-24,176,search
USR00854,PRD00490,2025-01-11,544,email
USR00854,PRD00160,2022-05-04,152,search
USR00854,PRD01249,2022-09-23,416,recommendation
USR00854,PRD01051,2022-08-02,548,direct
USR00854,PRD01612,2024-04-30,39,direct
USR00854,PRD01603,2022-12-01,175,homepage
USR00854,PRD01937,2021-11-26,63,recommendation
USR00855,PRD02152,2024-09-24,83,recommendation
USR00855,PRD00365,2021-11-06,72,recommendation
USR00855,PRD01490,2022-11-16,435,email
USR00855,PRD01190,2022-07-21,376,email
USR00856,PRD00613,2021-04-10,8,social
USR00856,PRD00089,2025-09-18,387,search
USR00856,PRD02722,2023-11-22,50,recommendation
USR00856,PRD01458,2024-01-03,372,recommendation
USR00856,PRD00627,2023-10-25,348,homepage
USR00856,PRD00874,2021-07-09,338,social
USR00856,PRD02421,2024-05-29,538,homepage
USR00856,PRD02759,2021-09-29,152,recommendation
USR00857,PRD02256,2022-06-13,456,homepage
USR00857,PRD02199,2023-03-11,434,email
USR00857,PRD00264,2023-04-30,36,search
USR00858,PRD01919,2024-06-24,323,direct
USR00859,PRD00039,2024-06-14,563,ad
USR00859,PRD01448,2022-06-15,96,recommendation
USR00859,PRD01932,2024-06-13,371,email
USR00859,PRD00263,2024-03-11,336,email
USR00859,PRD00757,2021-08-08,498,ad
USR00859,PRD02127,2025-04-04,278,search
USR00860,PRD02892,2023-02-09,414,direct
USR00860,PRD02006,2024-11-02,419,recommendation
USR00860,PRD01140,2022-04-08,541,social
USR00861,PRD00778,2025-10-15,524,search
USR00861,PRD01321,2022-02-16,212,recommendation
USR00861,PRD00874,2021-11-11,389,recommendation
USR00861,PRD02653,2025-10-07,521,social
USR00861,PRD00766,2023-08-30,423,social
USR00861,PRD02188,2021-09-11,364,search
USR00862,PRD00207,2025-10-18,53,homepage
USR00862,PRD02458,2024-06-24,59,email
USR00862,PRD01831,2023-05-03,367,social
USR00862,PRD00570,2023-12-29,58,direct
USR00862,PRD01884,2025-03-14,154,email
USR00862,PRD00989,2023-02-02,562,email
USR00863,PRD01223,2021-10-17,534,search
USR00863,PRD02949,2022-11-27,539,social
USR00863,PRD01781,2024-03-07,113,recommendation
USR00863,PRD00132,2025-09-28,202,search
USR00863,PRD02328,2025-05-21,94,direct
USR00863,PRD00966,2023-08-21,89,direct
USR00863,PRD00688,2023-12-30,249,email
USR00863,PRD02491,2021-03-20,50,search
USR00864,PRD02006,2022-01-22,444,ad
USR00864,PRD00916,2025-05-27,476,direct
USR00864,PRD02432,2022-04-01,355,direct
USR00865,PRD01025,2024-10-22,98,recommendation
USR00865,PRD00983,2023-08-06,162,recommendation
USR00865,PRD02444,2023-11-03,262,social
USR00865,PRD01136,2025-05-08,116,social
USR00865,PRD00574,2021-10-02,526,social
USR00866,PRD02235,2024-09-30,346,direct
USR00866,PRD00130,2021-12-25,496,recommendation
USR00866,PRD02998,2024-11-13,273,search
USR00867,PRD02883,2025-02-26,37,email
USR00867,PRD01838,2025-09-19,540,homepage
USR00867,PRD01898,2025-07-26,50,homepage
USR00867,PRD02534,2022-02-10,399,direct
USR00867,PRD02277,2023-10-07,430,email
USR00867,PRD00402,2021-12-24,154,homepage
USR00867,PRD01873,2022-04-09,591,homepage
USR00868,PRD00149,2022-03-05,61,email
USR00868,PRD01528,2021-02-17,376,ad
USR00868,PRD02959,2023-09-03,62,homepage
USR00869,PRD01747,2021-03-25,488,ad
USR00869,PRD02313,2021-03-17,181,social
USR00869,PRD02142,2021-03-25,476,social
USR00869,PRD00352,2021-11-26,86,email
USR00869,PRD00104,2025-10-24,319,ad
USR00869,PRD02928,2024-04-09,44,search
USR00869,PRD02302,2024-08-21,172,ad
USR00870,PRD01378,2021-04-18,42,homepage
USR00870,PRD02559,2024-02-28,72,recommendation
USR00870,PRD01556,2024-01-25,208,ad
USR00870,PRD01266,2022-02-26,290,email
USR00870,PRD00412,2025-07-18,126,homepage
USR00870,PRD01292,2024-08-30,116,homepage
USR00870,PRD02417,2022-12-25,155,ad
USR00871,PRD01065,2023-02-24,566,search
USR00871,PRD01732,2021-11-08,9,homepage
USR00871,PRD01780,2023-11-29,520,ad
USR00871,PRD02893,2022-03-18,459,ad
USR00871,PRD00381,2022-12-19,498,ad
USR00871,PRD00378,2025-07-25,279,search
USR00871,PRD01657,2024-05-24,178,ad
USR00871,PRD01221,2025-09-09,512,search
USR00872,PRD00587,2022-05-22,351,search
USR00872,PRD01902,2022-04-14,351,social
USR00873,PRD02014,2025-06-26,163,recommendation
USR00873,PRD01180,2025-03-31,202,ad
USR00873,PRD01870,2023-03-07,199,search
USR00873,PRD02957,2022-02-19,84,search
USR00873,PRD02221,2023-01-27,363,email
USR00873,PRD00192,2022-09-30,92,email
USR00874,PRD01419,2022-08-31,314,search
USR00874,PRD01841,2023-08-23,455,recommendation
USR00874,PRD02203,2021-10-13,242,search
USR00874,PRD01750,2022-11-13,552,email
USR00874,PRD01105,2023-07-31,51,ad
USR00874,PRD00735,2023-05-28,33,search
USR00874,PRD01766,2024-01-27,50,recommendation
USR00875,PRD01090,2022-02-12,426,social
USR00875,PRD02631,2022-08-13,396,social
USR00875,PRD00248,2023-01-12,299,ad
USR00875,PRD02655,2024-10-11,413,homepage
USR00875,PRD01380,2024-12-15,285,ad
USR00875,PRD00351,2022-10-29,255,search
USR00875,PRD01282,2022-01-26,545,email
USR00875,PRD00992,2023-09-10,480,homepage
USR00876,PRD00889,2025-03-08,170,direct
USR00876,PRD02314,2021-05-14,316,email
USR00876,PRD02500,2023-05-22,543,recommendation
USR00876,PRD00318,2021-10-16,417,ad
USR00876,PRD01991,2022-04-09,21,direct
USR00876,PRD02155,2025-10-04,445,social
USR00877,PRD02729,2022-04-16,545,homepage
USR00877,PRD01996,2022-05-31,47,direct
USR00877,PRD00642,2023-01-17,340,homepage
USR00877,PRD02181,2025-10-01,282,direct
USR00877,PRD00130,2024-09-20,64,ad
USR00878,PRD02588,2023-01-07,227,homepage
USR00878,PRD01091,2025-11-01,296,recommendation
USR00878,PRD01797,2023-04-19,517,social
USR00878,PRD01015,2022-03-06,333,search
USR00879,PRD01626,2021-03-20,516,email
USR00879,PRD00770,2023-12-05,443,email
USR00879,PRD01862,2022-01-28,480,social
USR00879,PRD02185,2025-11-14,424,direct
USR00879,PRD02887,2024-01-21,400,email
USR00879,PRD00433,2024-05-20,472,search
USR00879,PRD02959,2022-01-31,194,search
USR00880,PRD00950,2025-05-01,194,direct
USR00880,PRD01687,2023-09-28,489,homepage
USR00880,PRD00663,2023-09-11,416,ad
USR00881,PRD00608,2022-04-02,168,homepage
USR00881,PRD00686,2025-10-04,591,ad
USR00881,PRD02601,2025-12-18,11,email
USR00881,PRD01382,2024-10-12,447,social
USR00881,PRD00480,2024-02-12,580,ad
USR00881,PRD00294,2024-03-11,367,recommendation
USR00881,PRD01931,2023-07-02,293,ad
USR00881,PRD01088,2023-06-25,399,direct
USR00882,PRD00413,2025-03-02,43,search
USR00882,PRD01706,2024-05-30,183,ad
USR00882,PRD00312,2021-02-20,555,homepage
USR00882,PRD02965,2021-05-03,151,recommendation
USR00882,PRD01462,2021-04-06,9,recommendation
USR00882,PRD02549,2023-04-04,549,email
USR00882,PRD02634,2025-02-16,57,social
USR00883,PRD01782,2024-11-11,106,email
USR00883,PRD00514,2021-11-30,173,email
USR00883,PRD02621,2021-04-20,51,direct
USR00883,PRD00728,2023-04-08,99,email
USR00884,PRD02340,2022-12-20,224,ad
USR00884,PRD01217,2022-03-29,189,social
USR00884,PRD01392,2021-05-06,403,direct
USR00884,PRD01063,2023-03-15,29,search
USR00884,PRD00373,2025-11-21,383,ad
USR00884,PRD01452,2021-08-30,412,email
USR00884,PRD00029,2023-08-30,188,social
USR00885,PRD01333,2023-11-18,238,search
USR00885,PRD02415,2023-11-21,234,email
USR00885,PRD01722,2024-09-02,316,ad
USR00885,PRD00381,2025-09-26,430,recommendation
USR00885,PRD00067,2025-07-11,489,direct
USR00885,PRD01597,2023-01-19,406,email
USR00885,PRD00979,2024-01-06,364,email
USR00886,PRD00268,2023-07-04,96,recommendation
USR00886,PRD01467,2021-12-16,176,recommendation
USR00886,PRD00287,2025-07-29,280,direct
USR00886,PRD02732,2024-04-22,123,direct
USR00886,PRD02956,2021-04-25,589,ad
USR00886,PRD00089,2024-07-11,336,ad
USR00887,PRD02349,2025-08-24,27,recommendation
USR00887,PRD00173,2021-04-26,279,direct
USR00887,PRD01189,2022-06-18,112,ad
USR00887,PRD02271,2021-08-21,477,email
USR00888,PRD01407,2021-04-28,572,ad
USR00888,PRD00895,2024-12-14,486,direct
USR00888,PRD00130,2021-04-10,405,recommendation
USR00888,PRD02101,2023-05-18,525,direct
USR00889,PRD00864,2025-12-20,235,ad
USR00889,PRD01991,2024-05-20,150,search
USR00889,PRD01661,2022-02-15,555,search
USR00890,PRD01613,2024-04-13,424,social
USR00890,PRD02038,2021-11-15,37,search
USR00890,PRD01537,2022-07-08,250,direct
USR00890,PRD02617,2025-05-08,578,ad
USR00890,PRD02728,2025-12-30,323,homepage
USR00890,PRD02128,2021-11-03,259,social
USR00890,PRD01746,2022-04-21,132,email
USR00890,PRD02942,2025-12-14,248,ad
USR00891,PRD00079,2022-10-15,140,email
USR00891,PRD01631,2023-10-27,208,email
USR00891,PRD02567,2022-05-18,343,recommendation
USR00891,PRD02119,2025-07-31,403,email
USR00891,PRD02341,2021-07-13,295,ad
USR00891,PRD00546,2022-10-05,341,recommendation
USR00891,PRD00584,2022-10-27,333,recommendation
USR00891,PRD02773,2024-05-11,162,ad
USR00892,PRD02765,2022-05-01,209,ad
USR00892,PRD02766,2024-02-17,513,email
USR00892,PRD01322,2024-07-24,495,recommendation
USR00892,PRD02277,2021-10-19,268,search
USR00892,PRD02270,2022-04-12,275,search
USR00892,PRD01456,2023-11-14,355,social
USR00893,PRD02399,2022-01-26,404,email
USR00893,PRD00203,2022-11-11,382,direct
USR00893,PRD02595,2022-01-29,456,direct
USR00893,PRD02097,2021-11-24,592,search
USR00894,PRD02334,2023-01-01,21,ad
USR00894,PRD01906,2025-03-02,108,email
USR00894,PRD00514,2023-07-23,520,ad
USR00894,PRD01525,2022-08-16,503,recommendation
USR00894,PRD00606,2024-03-16,48,recommendation
USR00894,PRD01953,2025-09-11,542,social
USR00895,PRD02662,2023-11-24,275,homepage
USR00895,PRD02529,2025-10-04,342,homepage
USR00895,PRD01164,2024-06-12,427,ad
USR00895,PRD01875,2021-11-27,389,social
USR00895,PRD01570,2021-07-02,108,ad
USR00895,PRD00722,2022-02-01,563,search
USR00896,PRD00188,2023-11-26,260,homepage
USR00896,PRD01288,2021-02-04,324,homepage
USR00896,PRD01428,2023-12-09,370,direct
USR00896,PRD00851,2024-07-12,571,direct
USR00896,PRD01624,2023-10-30,201,recommendation
USR00896,PRD00497,2021-05-20,64,direct
USR00897,PRD02687,2022-12-26,582,homepage
USR00897,PRD01828,2025-06-28,375,email
USR00897,PRD00971,2023-11-17,571,recommendation
USR00897,PRD01595,2024-01-11,363,homepage
USR00898,PRD02474,2024-11-14,247,ad
USR00898,PRD01422,2022-12-28,441,direct
USR00899,PRD00694,2024-06-23,142,email
USR00899,PRD02694,2023-07-18,551,homepage
USR00899,PRD00814,2023-04-02,572,search
USR00899,PRD00980,2025-07-05,85,recommendation
USR00899,PRD00995,2022-10-01,139,search
USR00900,PRD00697,2025-06-23,324,social
USR00900,PRD00922,2025-02-07,470,ad
USR00900,PRD01761,2023-12-16,271,direct
USR00900,PRD02705,2025-08-09,533,recommendation
USR00900,PRD02501,2021-02-24,48,search
USR00901,PRD02756,2025-12-20,48,direct
USR00901,PRD00796,2021-10-30,194,social
USR00901,PRD01549,2024-04-04,577,social
USR00901,PRD00857,2025-05-04,122,direct
USR00901,PRD01264,2022-10-26,394,direct
USR00901,PRD01756,2021-11-16,334,homepage
USR00901,PRD02173,2021-12-21,372,search
USR00902,PRD01240,2025-03-09,395,direct
USR00902,PRD01359,2022-04-05,5,search
USR00902,PRD02516,2022-01-22,556,recommendation
USR00902,PRD02764,2022-06-10,32,recommendation
USR00902,PRD01825,2024-12-22,467,direct
USR00902,PRD01458,2021-07-02,373,homepage
USR00902,PRD02928,2022-10-03,427,email
USR00903,PRD02243,2023-11-25,327,ad
USR00903,PRD00627,2023-01-06,229,ad
USR00903,PRD00190,2021-12-30,96,email
USR00904,PRD00798,2023-12-27,8,recommendation
USR00904,PRD01842,2023-04-21,468,ad
USR00904,PRD01939,2025-06-23,559,direct
USR00904,PRD01008,2024-05-31,61,search
USR00904,PRD02062,2022-03-04,545,recommendation
USR00904,PRD01148,2021-04-29,237,direct
USR00904,PRD02554,2021-04-24,103,search
USR00904,PRD00818,2024-07-04,308,social
USR00905,PRD00768,2022-01-03,341,recommendation
USR00906,PRD01664,2021-05-18,543,social
USR00907,PRD00572,2021-09-16,224,direct
USR00907,PRD02592,2022-12-29,244,direct
USR00907,PRD00199,2022-04-04,231,email
USR00907,PRD01969,2024-04-02,565,homepage
USR00907,PRD00703,2023-11-10,586,search
USR00907,PRD01589,2023-05-06,88,homepage
USR00907,PRD01575,2025-08-01,540,ad
USR00907,PRD00442,2021-08-13,550,homepage
USR00908,PRD02353,2024-11-27,202,direct
USR00908,PRD00623,2024-02-01,221,homepage
USR00908,PRD01351,2022-10-21,471,direct
USR00908,PRD01194,2022-08-26,319,recommendation
USR00908,PRD02577,2023-05-08,599,homepage
USR00909,PRD02193,2022-04-09,387,recommendation
USR00909,PRD00319,2021-05-04,207,homepage
USR00909,PRD01787,2023-08-05,571,social
USR00909,PRD01861,2025-10-11,438,ad
USR00909,PRD02882,2023-05-12,125,search
USR00909,PRD00971,2021-01-05,105,ad
USR00910,PRD01163,2022-09-06,301,search
USR00910,PRD00199,2022-09-21,580,direct
USR00910,PRD01708,2023-12-24,26,email
USR00910,PRD00910,2023-07-26,411,email
USR00910,PRD00285,2025-02-03,276,recommendation
USR00911,PRD01597,2022-10-10,599,homepage
USR00912,PRD02549,2022-04-08,6,search
USR00912,PRD00872,2025-12-19,108,search
USR00912,PRD01368,2025-01-09,475,search
USR00912,PRD01765,2025-04-14,586,direct
USR00912,PRD02481,2022-09-13,235,social
USR00912,PRD00356,2024-12-23,543,ad
USR00912,PRD02999,2022-11-02,403,social
USR00912,PRD01783,2025-04-01,488,recommendation
USR00913,PRD01839,2025-12-11,344,social
USR00913,PRD01602,2025-02-05,153,ad
USR00913,PRD00384,2023-12-10,508,recommendation
USR00913,PRD01161,2024-11-05,26,direct
USR00913,PRD01761,2025-03-22,329,email
USR00914,PRD02910,2021-11-06,162,recommendation
USR00915,PRD02275,2022-12-09,162,email
USR00915,PRD02030,2025-05-13,131,ad
USR00915,PRD00967,2021-01-28,364,social
USR00915,PRD01926,2023-05-25,116,ad
USR00915,PRD02220,2024-09-05,43,search
USR00915,PRD01501,2024-09-21,387,search
USR00916,PRD00779,2022-08-24,105,homepage
USR00916,PRD00807,2025-01-18,70,recommendation
USR00916,PRD00207,2024-10-17,217,homepage
USR00916,PRD01941,2025-09-15,501,email
USR00917,PRD02998,2025-06-14,485,ad
USR00917,PRD01218,2025-07-05,450,email
USR00917,PRD00972,2025-02-27,535,social
USR00917,PRD01697,2025-01-22,26,search
USR00917,PRD00197,2022-02-03,133,search
USR00918,PRD01622,2022-04-16,82,ad
USR00918,PRD02577,2025-09-16,491,ad
USR00918,PRD02804,2023-08-14,121,direct
USR00918,PRD00544,2025-06-01,161,ad
USR00918,PRD02264,2021-04-12,309,direct
USR00918,PRD01165,2021-09-15,291,ad
USR00918,PRD00485,2023-02-20,436,ad
USR00919,PRD01996,2021-12-17,532,ad
USR00920,PRD01392,2022-01-30,297,recommendation
USR00920,PRD02002,2022-12-13,412,social
USR00920,PRD00926,2022-08-29,545,homepage
USR00920,PRD02654,2021-10-20,462,email
USR00920,PRD02159,2024-05-11,210,recommendation
USR00920,PRD02151,2022-05-30,239,homepage
USR00921,PRD00797,2023-04-05,153,recommendation
USR00921,PRD02083,2024-03-18,57,ad
USR00921,PRD00020,2021-02-10,106,social
USR00921,PRD00119,2024-03-26,215,social
USR00922,PRD02662,2023-04-14,90,direct
USR00922,PRD02712,2025-03-26,322,email
USR00922,PRD00783,2022-03-04,191,ad
USR00922,PRD02871,2021-09-15,67,direct
USR00922,PRD01638,2025-03-01,209,direct
USR00922,PRD00919,2024-03-18,387,direct
USR00922,PRD00927,2022-07-30,112,search
USR00922,PRD00966,2025-06-12,270,direct
USR00923,PRD01432,2024-11-19,358,search
USR00923,PRD00439,2022-06-24,350,homepage
USR00923,PRD00232,2024-10-18,502,direct
USR00923,PRD02669,2024-07-19,228,ad
USR00923,PRD00212,2021-03-02,183,homepage
USR00923,PRD02425,2021-01-08,60,direct
USR00924,PRD01806,2022-05-12,496,direct
USR00924,PRD02702,2025-06-23,448,recommendation
USR00924,PRD01529,2023-01-26,41,ad
USR00924,PRD01181,2025-12-23,318,direct
USR00924,PRD01612,2025-04-14,194,homepage
USR00924,PRD00051,2025-04-07,202,email
USR00924,PRD02467,2024-05-15,347,email
USR00924,PRD02936,2022-12-12,256,ad
USR00925,PRD02626,2022-01-02,111,direct
USR00926,PRD02598,2021-02-14,138,social
USR00926,PRD00212,2021-11-26,77,homepage
USR00926,PRD00705,2024-11-02,418,recommendation
USR00927,PRD00328,2025-01-25,114,email
USR00928,PRD00572,2023-11-19,159,email
USR00928,PRD02345,2024-08-17,252,direct
USR00928,PRD00256,2024-01-10,100,ad
USR00928,PRD02776,2023-01-03,340,recommendation
USR00928,PRD00129,2023-08-18,573,ad
USR00928,PRD01741,2021-07-16,259,direct
USR00928,PRD00199,2023-12-22,339,social
USR00929,PRD00084,2024-10-08,60,search
USR00929,PRD02811,2025-12-11,462,email
USR00929,PRD02957,2024-03-24,179,search
USR00929,PRD02847,2025-11-11,50,email
USR00929,PRD00647,2025-03-21,475,social
USR00929,PRD00008,2024-07-03,18,ad
USR00930,PRD00582,2022-12-01,583,recommendation
USR00930,PRD01682,2022-02-09,42,direct
USR00930,PRD02170,2025-12-27,592,email
USR00930,PRD01249,2023-06-12,591,email
USR00930,PRD00755,2025-10-12,300,ad
USR00930,PRD00771,2025-04-16,288,search
USR00931,PRD01084,2024-06-25,581,social
USR00931,PRD00596,2022-11-19,371,recommendation
USR00931,PRD02401,2022-12-28,589,recommendation
USR00931,PRD00721,2024-02-25,164,search
USR00932,PRD02970,2023-09-30,143,homepage
USR00932,PRD02880,2025-03-02,256,recommendation
USR00932,PRD00128,2021-12-31,565,email
USR00932,PRD02413,2024-09-10,374,email
USR00932,PRD00780,2023-05-21,249,ad
USR00932,PRD02620,2025-09-05,472,recommendation
USR00932,PRD02478,2024-03-13,337,homepage
USR00933,PRD01107,2025-03-21,396,email
USR00933,PRD02260,2024-04-21,416,email
USR00933,PRD01561,2024-11-24,79,ad
USR00934,PRD01666,2021-06-20,473,homepage
USR00934,PRD02320,2024-12-26,423,recommendation
USR00934,PRD01045,2021-04-23,210,recommendation
USR00935,PRD02105,2023-07-28,311,direct
USR00935,PRD00549,2024-06-16,84,homepage
USR00935,PRD02383,2025-01-03,210,search
USR00935,PRD01195,2022-02-10,93,search
USR00935,PRD02784,2024-11-14,241,search
USR00935,PRD00379,2021-10-26,78,ad
USR00935,PRD01457,2023-01-16,50,search
USR00936,PRD01940,2024-07-18,589,ad
USR00936,PRD00669,2021-10-10,338,ad
USR00937,PRD01696,2024-08-27,282,search
USR00937,PRD02157,2023-09-07,276,homepage
USR00937,PRD02472,2022-07-16,568,ad
USR00937,PRD02247,2025-09-15,37,email
USR00937,PRD01150,2024-07-28,52,email
USR00937,PRD02127,2025-04-15,340,social
USR00937,PRD00039,2025-12-15,397,ad
USR00938,PRD00969,2022-09-06,375,social
USR00938,PRD01981,2024-05-05,368,social
USR00938,PRD00684,2024-10-13,251,homepage
USR00938,PRD01221,2023-08-21,75,search
USR00938,PRD01114,2023-06-14,133,direct
USR00939,PRD01944,2021-10-23,5,social
USR00939,PRD02760,2021-04-14,473,direct
USR00939,PRD02423,2025-07-14,309,social
USR00939,PRD00807,2022-10-17,383,homepage
USR00939,PRD02238,2021-06-10,20,email
USR00939,PRD01768,2023-03-23,93,homepage
USR00939,PRD02270,2025-06-08,112,ad
USR00939,PRD01555,2022-07-20,130,homepage
USR00940,PRD02846,2021-02-25,586,direct
USR00940,PRD02790,2025-07-19,411,homepage
USR00940,PRD02593,2025-05-14,332,social
USR00941,PRD02354,2021-11-09,80,homepage
USR00941,PRD02530,2022-11-05,94,email
USR00941,PRD00058,2025-09-09,244,ad
USR00941,PRD02328,2024-05-04,566,ad
USR00941,PRD02435,2024-09-25,561,social
USR00941,PRD00112,2023-01-14,174,search
USR00941,PRD01385,2021-10-01,385,direct
USR00941,PRD01945,2025-12-03,308,search
USR00942,PRD00617,2025-12-21,598,search
USR00942,PRD01286,2022-02-06,278,direct
USR00942,PRD01777,2021-06-23,94,social
USR00943,PRD02158,2023-07-26,341,social
USR00943,PRD00543,2025-07-03,461,homepage
USR00943,PRD01371,2024-11-08,426,homepage
USR00943,PRD00839,2021-12-22,402,search
USR00943,PRD00132,2021-01-21,191,email
USR00943,PRD00823,2021-09-06,317,ad
USR00943,PRD01231,2025-03-16,166,recommendation
USR00944,PRD00233,2025-02-22,117,direct
USR00944,PRD00358,2021-04-01,14,ad
USR00945,PRD01495,2022-02-28,455,search
USR00946,PRD02767,2024-09-08,127,ad
USR00946,PRD01963,2021-09-20,188,ad
USR00946,PRD02232,2023-11-23,224,homepage
USR00946,PRD00537,2024-08-30,598,social
USR00946,PRD01023,2025-04-03,505,recommendation
USR00946,PRD01722,2021-06-08,181,homepage
USR00946,PRD00100,2023-08-03,59,email
USR00947,PRD00299,2024-06-28,505,search
USR00947,PRD01959,2022-10-25,482,email
USR00947,PRD00749,2023-11-21,225,email
USR00947,PRD02475,2025-11-11,392,email
USR00948,PRD01562,2023-03-30,230,direct
USR00948,PRD01862,2023-03-20,246,direct
USR00948,PRD01848,2022-02-14,204,ad
USR00948,PRD01370,2022-06-04,481,homepage
USR00948,PRD01141,2021-03-04,72,social
USR00948,PRD02454,2021-05-17,374,social
USR00949,PRD00036,2024-02-15,350,email
USR00949,PRD02603,2023-12-31,533,email
USR00950,PRD01351,2025-09-07,384,recommendation
USR00950,PRD00792,2022-10-10,82,direct
USR00951,PRD01326,2024-10-16,589,homepage
USR00951,PRD00245,2023-08-01,410,email
USR00951,PRD01996,2024-05-01,537,direct
USR00951,PRD02137,2024-07-02,422,social
USR00952,PRD00545,2025-07-18,511,recommendation
USR00952,PRD02287,2025-06-02,304,direct
USR00952,PRD02586,2023-03-06,407,direct
USR00952,PRD00523,2022-02-08,316,recommendation
USR00952,PRD02452,2023-03-20,191,homepage
USR00953,PRD02231,2023-08-23,401,ad
USR00953,PRD00337,2025-05-02,538,direct
USR00953,PRD01972,2021-01-15,364,email
USR00953,PRD00124,2023-12-11,127,search
USR00953,PRD02374,2021-06-03,217,recommendation
USR00953,PRD00816,2025-07-13,315,homepage
USR00953,PRD02396,2023-05-08,434,recommendation
USR00953,PRD00868,2021-07-12,162,search
USR00954,PRD00461,2023-12-16,160,search
USR00954,PRD02690,2023-04-08,275,ad
USR00954,PRD00602,2021-04-10,16,search
USR00954,PRD02478,2021-01-04,556,email
USR00954,PRD02753,2024-10-11,556,email
USR00954,PRD02456,2023-06-23,167,social
USR00955,PRD02500,2024-05-01,382,email
USR00956,PRD00088,2021-07-23,6,homepage
USR00956,PRD01514,2022-05-24,68,recommendation
USR00957,PRD01967,2023-04-19,515,ad
USR00957,PRD02908,2022-01-24,498,search
USR00957,PRD01657,2022-08-21,501,social
USR00957,PRD02957,2024-06-14,14,social
USR00957,PRD02019,2022-08-07,150,direct
USR00958,PRD01003,2025-12-01,374,search
USR00958,PRD00679,2024-03-11,127,homepage
USR00958,PRD02573,2024-07-02,235,direct
USR00959,PRD00765,2025-06-23,227,social
USR00960,PRD02904,2025-07-26,587,search
USR00960,PRD01218,2024-03-08,443,email
USR00960,PRD00964,2022-03-16,94,search
USR00961,PRD00092,2021-01-27,411,homepage
USR00961,PRD00364,2023-01-12,282,ad
USR00961,PRD02213,2021-03-10,333,social
USR00961,PRD01782,2025-06-12,113,direct
USR00961,PRD02524,2022-10-22,392,homepage
USR00961,PRD02348,2025-04-11,210,ad
USR00961,PRD02605,2025-08-09,519,direct
USR00962,PRD01399,2021-08-08,405,search
USR00962,PRD01052,2025-08-29,550,direct
USR00962,PRD01654,2024-03-29,121,homepage
USR00962,PRD02510,2021-04-16,443,recommendation
USR00962,PRD02863,2024-01-09,187,social
USR00962,PRD00739,2021-08-18,106,homepage
USR00962,PRD01445,2024-06-30,130,direct
USR00963,PRD00432,2022-02-01,419,ad
USR00963,PRD01418,2023-09-30,20,recommendation
USR00963,PRD02390,2022-08-17,566,homepage
USR00963,PRD02818,2025-05-21,175,social
USR00963,PRD02144,2022-06-10,469,social
USR00963,PRD00796,2022-12-02,14,search
USR00963,PRD01671,2024-04-15,236,social
USR00964,PRD00829,2025-07-04,446,search
USR00964,PRD01319,2024-03-03,52,email
USR00964,PRD00740,2023-06-15,438,direct
USR00964,PRD02656,2024-12-25,495,search
USR00965,PRD00560,2024-10-05,327,email
USR00965,PRD00628,2023-02-13,448,direct
USR00965,PRD01460,2023-09-10,552,ad
USR00965,PRD00422,2023-03-02,382,email
USR00965,PRD01155,2025-06-22,388,ad
USR00965,PRD02100,2021-02-14,154,social
USR00965,PRD02625,2021-09-24,288,search
USR00966,PRD02816,2025-02-08,108,search
USR00966,PRD00338,2024-04-27,184,homepage
USR00966,PRD02971,2023-08-12,53,homepage
USR00967,PRD01603,2024-03-18,112,ad
USR00967,PRD02451,2025-11-30,123,recommendation
USR00967,PRD01994,2021-12-13,404,recommendation
USR00967,PRD00650,2024-09-21,103,direct
USR00967,PRD00850,2023-06-11,357,direct
USR00967,PRD02856,2025-09-30,168,direct
USR00967,PRD01080,2022-03-04,586,recommendation
USR00968,PRD01363,2023-05-26,559,direct
USR00968,PRD01038,2024-12-18,25,search
USR00968,PRD01649,2025-04-15,357,direct
USR00968,PRD02208,2023-02-18,83,recommendation
USR00969,PRD00944,2022-12-01,578,ad
USR00969,PRD02673,2024-11-07,125,recommendation
USR00969,PRD02534,2025-10-01,69,direct
USR00969,PRD02065,2025-06-19,547,direct
USR00969,PRD00588,2022-08-26,215,email
USR00970,PRD01456,2024-11-14,573,search
USR00970,PRD00180,2025-10-28,403,email
USR00970,PRD00644,2021-12-08,504,email
USR00970,PRD00352,2024-11-14,163,search
USR00970,PRD00044,2021-12-06,54,direct
USR00970,PRD02003,2022-09-16,255,direct
USR00970,PRD00519,2025-05-21,96,search
USR00970,PRD01401,2023-06-07,37,ad
USR00971,PRD01815,2021-08-03,413,ad
USR00971,PRD01093,2023-01-28,283,recommendation
USR00972,PRD00386,2024-12-25,188,ad
USR00972,PRD01379,2021-05-25,463,homepage
USR00973,PRD00348,2024-08-14,507,recommendation
USR00973,PRD00122,2024-09-09,196,ad
USR00973,PRD00586,2023-09-16,562,homepage
USR00973,PRD02724,2021-08-01,129,email
USR00973,PRD02354,2022-12-01,154,homepage
USR00974,PRD02900,2024-05-20,203,social
USR00974,PRD00700,2024-09-05,179,search
USR00974,PRD02379,2021-04-25,235,homepage
USR00974,PRD01134,2021-05-08,33,email
USR00974,PRD00676,2024-11-04,115,homepage
USR00974,PRD00419,2023-11-28,467,social
USR00975,PRD01196,2024-08-15,183,email
USR00975,PRD00005,2021-12-26,27,social
USR00975,PRD01228,2022-10-27,355,email
USR00975,PRD01037,2024-11-29,439,homepage
USR00975,PRD02533,2024-03-07,26,ad
USR00975,PRD01193,2025-04-12,252,direct
USR00976,PRD00464,2024-10-09,440,social
USR00976,PRD00595,2021-02-27,473,email
USR00976,PRD02140,2023-01-25,173,ad
USR00976,PRD01846,2022-11-12,259,homepage
USR00977,PRD01605,2024-08-08,106,ad
USR00978,PRD01225,2025-09-17,128,ad
USR00978,PRD02482,2021-12-03,473,search
USR00978,PRD00784,2022-03-28,584,email
USR00978,PRD02711,2022-06-16,351,search
USR00979,PRD00483,2022-08-17,373,homepage
USR00979,PRD00437,2021-07-05,382,social
USR00979,PRD01941,2022-09-01,487,social
USR00980,PRD02820,2024-07-30,430,recommendation
USR00980,PRD00816,2024-06-07,112,homepage
USR00980,PRD00759,2025-07-19,415,search
USR00980,PRD01179,2023-01-21,350,search
USR00980,PRD02457,2021-12-18,325,recommendation
USR00980,PRD00014,2023-12-14,242,recommendation
USR00980,PRD01428,2021-06-04,156,social
USR00981,PRD02671,2024-06-27,333,ad
USR00981,PRD02216,2024-08-02,488,search
USR00982,PRD00705,2023-06-02,219,email
USR00982,PRD02638,2022-01-13,458,recommendation
USR00982,PRD00725,2021-10-11,335,social
USR00982,PRD01291,2022-03-18,595,email
USR00982,PRD00989,2022-12-01,31,homepage
USR00982,PRD02379,2024-03-27,547,homepage
USR00983,PRD01351,2023-09-10,7,direct
USR00983,PRD02161,2025-12-24,461,ad
USR00983,PRD01078,2023-07-16,426,recommendation
USR00983,PRD00567,2023-12-12,413,social
USR00983,PRD00857,2024-11-02,563,recommendation
USR00983,PRD00828,2021-11-21,285,email
USR00984,PRD00372,2021-05-18,323,homepage
USR00984,PRD01079,2022-03-29,528,homepage
USR00984,PRD00975,2023-02-01,31,email
USR00984,PRD02149,2024-03-09,496,direct
USR00984,PRD02687,2022-07-30,307,direct
USR00984,PRD01036,2023-05-19,578,direct
USR00984,PRD01875,2021-09-11,464,recommendation
USR00985,PRD02518,2024-10-07,337,ad
USR00986,PRD00649,2024-06-08,561,search
USR00986,PRD01842,2021-07-07,505,social
USR00986,PRD01729,2024-12-14,375,homepage
USR00986,PRD00741,2021-05-12,453,direct
USR00986,PRD00014,2024-04-22,122,search
USR00986,PRD02024,2025-05-25,489,direct
USR00987,PRD02748,2022-08-15,408,recommendation
USR00987,PRD02993,2023-02-16,338,social
USR00987,PRD02714,2023-11-17,314,social
USR00987,PRD00581,2021-06-03,324,email
USR00987,PRD01528,2024-01-09,333,email
USR00987,PRD00241,2025-07-07,262,search
USR00987,PRD02359,2025-04-24,167,email
USR00988,PRD02619,2022-03-06,412,social
USR00988,PRD02673,2021-03-16,136,direct
USR00988,PRD01521,2025-06-27,533,recommendation
USR00988,PRD01347,2025-12-01,190,recommendation
USR00988,PRD00257,2023-04-24,125,homepage
USR00989,PRD01158,2021-02-27,95,email
USR00989,PRD02488,2024-12-13,383,recommendation
USR00989,PRD02324,2023-12-04,580,homepage
USR00989,PRD01045,2022-01-31,496,search
USR00989,PRD00700,2022-08-12,75,search
USR00989,PRD01437,2021-12-12,523,homepage
USR00990,PRD02512,2023-04-28,253,homepage
USR00990,PRD00243,2021-04-09,240,ad
USR00990,PRD01806,2022-06-23,125,email
USR00990,PRD00719,2025-08-02,495,search
USR00990,PRD01027,2025-10-11,497,email
USR00990,PRD02254,2021-03-01,405,search
USR00991,PRD02859,2025-11-24,55,search
USR00991,PRD01459,2024-02-22,116,ad
USR00991,PRD00762,2024-07-17,533,ad
USR00992,PRD00214,2022-08-24,461,social
USR00992,PRD02887,2024-10-19,200,homepage
USR00992,PRD00087,2024-11-24,21,ad
USR00992,PRD00539,2025-02-12,292,homepage
USR00992,PRD01749,2024-07-25,215,email
USR00992,PRD01005,2022-01-05,412,search
USR00992,PRD02114,2022-07-25,476,email
USR00992,PRD00043,2023-02-20,250,email
USR00993,PRD02831,2025-01-15,178,search
USR00993,PRD02243,2022-03-28,329,ad
USR00994,PRD02212,2022-07-25,122,homepage
USR00994,PRD01801,2022-03-28,129,search
USR00994,PRD01698,2025-03-05,203,social
USR00994,PRD00385,2025-04-18,343,search
USR00995,PRD02904,2025-04-27,289,social
USR00996,PRD00884,2023-08-27,497,search
USR00996,PRD02731,2021-12-11,514,search
USR00996,PRD00120,2024-07-18,183,search
USR00996,PRD00022,2021-02-26,353,social
USR00996,PRD00124,2024-04-10,548,direct
USR00996,PRD00699,2023-03-08,172,email
USR00996,PRD01668,2025-03-21,325,email
USR00997,PRD01167,2021-10-24,562,recommendation
USR00998,PRD00825,2023-12-28,560,direct
USR00999,PRD00921,2023-06-10,488,ad
USR00999,PRD00291,2023-07-23,403,recommendation
USR00999,PRD00864,2025-08-20,283,email
USR00999,PRD00934,2023-11-26,254,recommendation
USR00999,PRD00728,2024-09-04,113,ad
USR00999,PRD01212,2024-07-26,73,ad
USR01000,PRD02687,2025-08-20,270,direct
USR01001,PRD00436,2023-11-20,558,homepage
USR01001,PRD00100,2025-12-17,243,direct
USR01001,PRD02822,2021-07-31,39,search
USR01001,PRD00322,2025-05-18,176,email
USR01001,PRD01069,2023-10-10,40,direct
USR01001,PRD01288,2022-08-17,63,direct
USR01001,PRD02468,2025-07-14,544,recommendation
USR01001,PRD02591,2025-01-29,408,email
USR01002,PRD01557,2025-02-15,195,search
USR01003,PRD01039,2022-05-31,406,ad
USR01003,PRD02994,2022-08-24,493,social
USR01003,PRD01911,2025-06-21,414,search
USR01003,PRD02233,2022-10-12,495,direct
USR01003,PRD01197,2022-05-11,521,email
USR01003,PRD01677,2021-09-20,371,search
USR01004,PRD02053,2022-07-28,335,search
USR01004,PRD02237,2024-08-06,89,social
USR01004,PRD01398,2025-07-30,250,social
USR01005,PRD02677,2022-01-01,276,homepage
USR01005,PRD02300,2024-11-08,210,search
USR01006,PRD01108,2021-08-07,8,search
USR01006,PRD02461,2024-11-14,358,email
USR01007,PRD02948,2024-04-03,278,direct
USR01007,PRD02770,2021-07-02,485,email
USR01007,PRD01304,2024-11-23,245,ad
USR01008,PRD02692,2022-06-19,541,homepage
USR01009,PRD02841,2021-10-08,96,recommendation
USR01009,PRD01429,2021-04-06,199,social
USR01009,PRD02613,2023-06-07,520,direct
USR01009,PRD00112,2021-09-11,76,email
USR01009,PRD02276,2021-10-28,82,social
USR01009,PRD01860,2022-06-05,42,ad
USR01009,PRD01594,2025-02-17,268,social
USR01009,PRD00633,2025-01-24,177,search
USR01010,PRD01017,2025-06-01,387,direct
USR01010,PRD02589,2023-01-28,407,homepage
USR01010,PRD00155,2021-09-26,134,social
USR01010,PRD01032,2024-03-26,294,ad
USR01010,PRD01517,2021-07-16,203,direct
USR01010,PRD00292,2024-05-12,560,ad
USR01010,PRD02375,2022-07-17,543,ad
USR01010,PRD01267,2025-03-27,497,direct
USR01011,PRD02896,2023-08-22,72,direct
USR01012,PRD00986,2025-06-26,23,direct
USR01012,PRD00749,2021-06-25,369,email
USR01012,PRD02953,2021-03-03,111,homepage
USR01012,PRD02406,2024-04-23,266,ad
USR01012,PRD01936,2023-04-09,351,social
USR01012,PRD02088,2022-07-25,363,email
USR01012,PRD01642,2021-11-25,74,direct
USR01012,PRD02565,2021-03-31,327,homepage
USR01013,PRD01774,2024-01-04,128,ad
USR01014,PRD02915,2023-05-08,436,search
USR01015,PRD02254,2025-07-29,457,ad
USR01015,PRD01000,2024-10-18,298,homepage
USR01015,PRD01326,2025-05-25,495,ad
USR01015,PRD00318,2024-11-26,100,ad
USR01016,PRD02939,2021-09-14,239,recommendation
USR01017,PRD01876,2024-11-09,56,recommendation
USR01017,PRD01925,2025-01-18,143,direct
USR01017,PRD02344,2021-04-13,172,homepage
USR01017,PRD02123,2024-01-17,104,direct
USR01017,PRD00888,2024-03-06,226,email
USR01017,PRD00548,2024-03-02,562,search
USR01017,PRD02285,2023-10-02,407,homepage
USR01017,PRD00682,2025-11-07,157,direct
USR01018,PRD00205,2023-12-11,94,ad
USR01018,PRD02998,2022-07-25,273,search
USR01019,PRD00091,2023-04-26,587,direct
USR01019,PRD01115,2024-01-22,182,ad
USR01019,PRD01977,2025-04-08,137,direct
USR01019,PRD00335,2022-06-07,523,recommendation
USR01020,PRD00986,2022-08-22,412,homepage
USR01020,PRD01848,2025-05-25,491,search
USR01020,PRD01044,2025-05-07,165,recommendation
USR01020,PRD01238,2025-05-03,400,direct
USR01020,PRD00998,2022-04-19,57,email
USR01020,PRD00520,2023-08-24,222,search
USR01020,PRD00551,2025-02-27,355,email
USR01021,PRD01579,2021-07-14,297,email
USR01021,PRD02483,2022-12-31,405,search
USR01021,PRD01056,2021-12-04,406,ad
USR01021,PRD01699,2024-08-13,68,recommendation
USR01021,PRD00940,2022-01-21,586,homepage
USR01021,PRD02957,2021-01-18,217,homepage
USR01021,PRD02951,2021-01-10,21,social
USR01022,PRD02414,2023-04-09,121,recommendation
USR01022,PRD01990,2022-09-29,301,homepage
USR01022,PRD01080,2021-09-17,569,social
USR01022,PRD00388,2025-11-11,131,social
USR01023,PRD01636,2025-08-10,189,social
USR01023,PRD02067,2024-12-08,184,search
USR01023,PRD00456,2021-04-14,507,homepage
USR01023,PRD00732,2024-09-13,554,email
USR01023,PRD00474,2025-03-15,86,email
USR01024,PRD02175,2023-11-23,503,social
USR01024,PRD02783,2024-05-28,549,ad
USR01024,PRD00955,2022-04-08,503,homepage
USR01024,PRD00746,2021-03-05,190,recommendation
USR01024,PRD00861,2022-11-11,241,social
USR01025,PRD01293,2025-03-17,293,search
USR01025,PRD00712,2024-12-02,483,social
USR01025,PRD01687,2025-08-13,342,direct
USR01025,PRD01706,2021-03-27,510,recommendation
USR01025,PRD00303,2023-05-07,553,ad
USR01025,PRD02132,2021-06-23,82,homepage
USR01025,PRD01175,2023-04-19,581,social
USR01026,PRD00365,2024-06-24,572,ad
USR01026,PRD01381,2023-01-24,205,social
USR01026,PRD02346,2022-04-14,105,direct
USR01026,PRD02659,2023-09-28,355,direct
USR01026,PRD00232,2024-07-15,18,ad
USR01027,PRD01674,2024-07-18,85,ad
USR01027,PRD01058,2024-02-19,550,search
USR01027,PRD02717,2021-06-02,222,social
USR01027,PRD01121,2022-02-20,301,social
USR01027,PRD00979,2023-12-24,494,search
USR01027,PRD00957,2025-03-20,263,recommendation
USR01028,PRD02314,2021-08-27,354,direct
USR01028,PRD02438,2022-03-11,423,email
USR01028,PRD01445,2022-04-24,367,social
USR01028,PRD01073,2023-06-15,317,recommendation
USR01029,PRD01459,2022-01-09,444,direct
USR01029,PRD00650,2025-12-28,128,ad
USR01029,PRD02618,2024-07-17,204,homepage
USR01029,PRD02272,2024-10-03,498,ad
USR01029,PRD02558,2023-04-08,12,homepage
USR01029,PRD00046,2022-09-24,123,recommendation
USR01029,PRD01377,2024-08-08,541,homepage
USR01029,PRD00214,2021-08-18,103,direct
USR01030,PRD01215,2025-07-04,452,homepage
USR01030,PRD00512,2022-01-13,70,direct
USR01030,PRD00614,2023-12-30,259,direct
USR01030,PRD00913,2025-01-27,87,search
USR01030,PRD02892,2024-06-08,55,direct
USR01030,PRD01619,2025-06-23,156,social
USR01030,PRD01288,2021-08-27,148,direct
USR01031,PRD02792,2024-08-22,18,social
USR01031,PRD00729,2024-07-20,74,social
USR01031,PRD02480,2025-05-04,48,search
USR01031,PRD02731,2021-02-28,73,homepage
USR01031,PRD00531,2023-02-03,200,search
USR01032,PRD00612,2025-10-19,55,direct
USR01032,PRD01048,2023-08-07,178,ad
USR01033,PRD02976,2021-01-27,18,homepage
USR01033,PRD02836,2024-09-01,110,ad
USR01033,PRD02078,2023-01-03,80,homepage
USR01033,PRD00702,2023-01-15,31,ad
USR01033,PRD01487,2022-05-11,36,homepage
USR01033,PRD01057,2023-04-07,349,social
USR01033,PRD01313,2023-01-17,375,direct
USR01033,PRD00097,2025-04-09,188,ad
USR01034,PRD00955,2025-02-12,450,search
USR01034,PRD01262,2021-07-29,109,ad
USR01034,PRD00137,2022-05-17,457,ad
USR01034,PRD02741,2022-06-02,47,social
USR01034,PRD01754,2025-05-17,55,ad
USR01035,PRD01212,2024-07-26,338,search
USR01036,PRD01585,2024-12-19,437,recommendation
USR01036,PRD02438,2023-09-11,573,direct
USR01036,PRD01116,2022-09-15,231,email
USR01037,PRD00476,2021-03-14,599,ad
USR01037,PRD00610,2023-01-15,586,recommendation
USR01037,PRD01171,2023-02-02,165,social
USR01037,PRD01816,2025-09-07,116,recommendation
USR01037,PRD02141,2023-11-26,79,direct
USR01037,PRD02917,2025-12-06,218,recommendation
USR01037,PRD00385,2023-02-05,503,direct
USR01038,PRD02510,2025-11-20,148,social
USR01038,PRD00329,2021-12-25,438,social
USR01039,PRD02006,2024-12-04,117,email
USR01039,PRD02585,2023-10-04,111,search
USR01039,PRD00157,2021-03-25,467,social
USR01039,PRD02299,2022-12-29,83,social
USR01039,PRD00730,2025-04-18,111,social
USR01040,PRD01101,2025-10-12,249,social
USR01041,PRD02388,2021-11-18,506,ad
USR01041,PRD00488,2023-07-03,451,social
USR01041,PRD00808,2022-06-11,227,search
USR01041,PRD01960,2023-01-25,150,homepage
USR01041,PRD00131,2022-02-16,384,direct
USR01041,PRD00629,2023-05-03,13,homepage
USR01041,PRD01122,2023-10-29,446,social
USR01042,PRD01665,2022-05-04,360,email
USR01042,PRD00802,2025-03-28,323,ad
USR01042,PRD01716,2021-10-20,244,homepage
USR01042,PRD02760,2025-03-16,93,email
USR01042,PRD02165,2025-05-25,178,recommendation
USR01042,PRD00401,2024-04-10,456,recommendation
USR01042,PRD01022,2022-03-12,145,social
USR01043,PRD00135,2024-04-14,231,social
USR01043,PRD02975,2022-06-11,151,ad
USR01043,PRD00997,2023-01-15,35,homepage
USR01043,PRD00941,2022-01-21,437,recommendation
USR01043,PRD01670,2022-07-18,96,social
USR01044,PRD01574,2021-11-12,217,search
USR01044,PRD02436,2021-12-05,467,search
USR01045,PRD02094,2024-07-25,402,social
USR01045,PRD02443,2021-06-16,49,ad
USR01045,PRD02800,2021-01-22,578,ad
USR01045,PRD01903,2021-11-24,189,recommendation
USR01045,PRD00547,2024-03-30,593,social
USR01045,PRD02926,2021-04-08,393,homepage
USR01045,PRD02974,2025-06-30,590,ad
USR01045,PRD01719,2023-09-29,468,homepage
USR01046,PRD02660,2022-04-02,192,direct
USR01046,PRD01369,2021-08-29,131,homepage
USR01046,PRD01700,2025-05-15,521,direct
USR01047,PRD00986,2025-05-23,99,ad
USR01047,PRD01819,2025-06-29,293,homepage
USR01047,PRD00181,2021-06-27,504,search
USR01047,PRD02331,2024-05-06,76,ad
USR01048,PRD01668,2022-10-22,70,direct
USR01049,PRD02991,2025-09-10,314,recommendation
USR01049,PRD02267,2021-03-24,486,recommendation
USR01049,PRD00346,2025-12-26,438,recommendation
USR01049,PRD02500,2021-12-26,464,homepage
USR01049,PRD00099,2022-12-02,357,social
USR01049,PRD00861,2021-08-24,298,homepage
USR01049,PRD01684,2021-04-26,154,search
USR01049,PRD02266,2021-07-13,188,social
USR01050,PRD02680,2023-08-11,531,recommendation
USR01050,PRD02254,2024-06-10,10,search
USR01050,PRD02798,2021-06-03,436,email
USR01050,PRD02298,2021-02-02,455,homepage
USR01050,PRD02490,2022-11-25,415,direct
USR01050,PRD00600,2022-04-05,559,search
USR01051,PRD01923,2025-03-28,512,social
USR01051,PRD01089,2025-06-05,56,search
USR01051,PRD01632,2025-04-21,577,social
USR01052,PRD00591,2024-11-06,462,recommendation
USR01052,PRD02203,2022-12-31,394,search
USR01052,PRD00904,2023-03-07,398,homepage
USR01052,PRD01687,2021-12-27,580,email
USR01052,PRD00777,2022-08-28,293,social
USR01052,PRD01912,2023-03-15,139,search
USR01052,PRD02316,2024-10-17,540,homepage
USR01052,PRD00308,2021-06-20,159,search
USR01053,PRD02069,2022-11-20,15,direct
USR01053,PRD02869,2021-07-23,141,ad
USR01053,PRD01658,2024-09-21,16,homepage
USR01053,PRD01305,2022-03-23,166,ad
USR01053,PRD01102,2024-02-05,301,search
USR01053,PRD01435,2024-04-13,127,recommendation
USR01053,PRD02041,2025-12-25,33,social
USR01053,PRD00612,2025-03-02,411,recommendation
USR01054,PRD01548,2022-07-21,559,ad
USR01055,PRD00820,2024-10-12,509,social
USR01055,PRD01539,2021-07-13,231,recommendation
USR01055,PRD02016,2023-11-26,189,email
USR01056,PRD02838,2025-09-09,577,homepage
USR01056,PRD00659,2024-03-29,298,search
USR01057,PRD00374,2025-01-03,426,social
USR01057,PRD01732,2023-02-24,542,direct
USR01058,PRD02316,2022-09-25,361,ad
USR01059,PRD01770,2023-11-11,57,ad
USR01059,PRD01226,2021-02-15,357,search
USR01060,PRD02903,2021-11-24,506,email
USR01060,PRD00691,2023-12-31,406,email
USR01060,PRD01023,2025-09-30,297,recommendation
USR01061,PRD00129,2021-01-19,286,email
USR01061,PRD00188,2022-03-27,130,direct
USR01061,PRD02337,2022-08-02,113,email
USR01061,PRD01238,2025-01-23,283,recommendation
USR01062,PRD00932,2025-09-09,339,social
USR01062,PRD01223,2022-01-17,313,email
USR01062,PRD01803,2025-02-24,64,ad
USR01062,PRD02254,2022-07-18,325,search
USR01063,PRD00970,2023-09-27,207,email
USR01063,PRD00284,2024-09-09,134,recommendation
USR01063,PRD01625,2025-10-21,594,direct
USR01063,PRD02234,2021-06-22,105,search
USR01063,PRD02897,2022-05-31,485,direct
USR01064,PRD02205,2025-07-28,351,ad
USR01064,PRD00972,2025-04-23,114,social
USR01064,PRD00525,2022-09-10,430,ad
USR01064,PRD02864,2025-08-21,488,search
USR01064,PRD00418,2023-07-26,520,social
USR01065,PRD00949,2025-07-05,371,direct
USR01065,PRD01082,2022-03-22,144,search
USR01066,PRD00543,2023-05-12,302,search
USR01066,PRD01423,2021-03-30,471,social
USR01067,PRD01674,2023-09-30,374,direct
USR01067,PRD02602,2023-08-08,442,social
USR01067,PRD00286,2025-09-02,188,search
USR01067,PRD00429,2022-04-06,342,social
USR01067,PRD00884,2022-08-17,169,homepage
USR01067,PRD02343,2023-11-07,151,email
USR01068,PRD00397,2024-04-30,334,ad
USR01068,PRD02565,2021-12-15,345,recommendation
USR01068,PRD01535,2023-12-12,456,homepage
USR01068,PRD02080,2021-07-24,202,email
USR01068,PRD00524,2021-10-29,455,email
USR01068,PRD01912,2024-03-26,179,email
USR01068,PRD02923,2024-03-23,51,direct
USR01069,PRD01053,2021-05-29,221,homepage
USR01069,PRD00477,2023-06-19,294,direct
USR01069,PRD01759,2021-11-11,253,ad
USR01069,PRD02168,2022-05-10,422,direct
USR01069,PRD00840,2023-04-19,596,ad
USR01069,PRD00010,2022-12-03,6,email
USR01070,PRD00274,2022-09-27,283,direct
USR01070,PRD00385,2021-10-17,30,recommendation
USR01070,PRD01799,2022-09-03,417,homepage
USR01070,PRD02437,2022-11-07,190,recommendation
USR01071,PRD02585,2024-08-23,400,homepage
USR01071,PRD02967,2021-10-23,91,ad
USR01071,PRD01598,2021-02-10,218,social
USR01071,PRD00013,2023-11-27,5,email
USR01071,PRD00889,2025-06-30,408,direct
USR01071,PRD02719,2025-11-29,334,search
USR01071,PRD00346,2022-03-07,205,homepage
USR01072,PRD01089,2022-06-27,486,direct
USR01072,PRD01522,2021-03-22,127,recommendation
USR01072,PRD02146,2022-01-17,98,direct
USR01072,PRD02051,2023-12-30,46,direct
USR01072,PRD02323,2023-06-22,40,direct
USR01072,PRD00275,2022-07-07,254,ad
USR01072,PRD02021,2022-05-24,376,email
USR01072,PRD01104,2021-01-27,16,direct
USR01073,PRD00545,2021-11-16,444,homepage
USR01073,PRD00953,2025-06-14,54,search
USR01074,PRD02468,2025-05-04,173,social
USR01074,PRD02936,2024-02-19,545,search
USR01075,PRD02257,2023-11-17,137,search
USR01075,PRD00162,2023-01-04,341,search
USR01075,PRD02226,2022-12-24,409,social
USR01076,PRD02052,2023-06-17,381,ad
USR01076,PRD02508,2024-07-26,276,email
USR01077,PRD01706,2021-05-29,225,homepage
USR01077,PRD00609,2021-08-03,450,ad
USR01077,PRD02161,2022-01-07,549,search
USR01078,PRD01556,2021-12-31,102,email
USR01078,PRD00984,2025-01-14,22,search
USR01079,PRD01859,2021-05-23,246,recommendation
USR01079,PRD01792,2021-09-20,347,homepage
USR01079,PRD02208,2022-07-20,299,homepage
USR01080,PRD01770,2022-11-10,155,direct
USR01080,PRD00233,2022-06-05,113,search
USR01080,PRD00724,2023-04-02,536,search
USR01080,PRD00913,2022-05-23,38,direct
USR01080,PRD01868,2025-03-30,396,direct
USR01080,PRD02503,2022-12-26,50,search
USR01080,PRD02296,2023-08-12,180,direct
USR01081,PRD00842,2025-09-06,584,recommendation
USR01081,PRD00428,2023-09-01,553,direct
USR01081,PRD02655,2024-02-21,24,direct
USR01081,PRD00266,2022-06-19,213,search
USR01082,PRD02819,2021-11-06,144,ad
USR01082,PRD02197,2023-10-25,118,social
USR01082,PRD02270,2021-09-23,411,recommendation
USR01083,PRD01436,2023-12-09,157,email
USR01083,PRD00614,2022-07-29,288,direct
USR01083,PRD02155,2023-03-15,200,social
USR01084,PRD01927,2024-12-28,104,recommendation
USR01084,PRD01543,2022-11-06,131,search
USR01084,PRD00187,2025-12-07,126,social
USR01084,PRD00015,2025-04-23,242,recommendation
USR01084,PRD01760,2023-08-22,157,search
USR01084,PRD01357,2022-01-11,290,search
USR01084,PRD02358,2022-04-09,552,homepage
USR01084,PRD01461,2021-09-30,514,ad
USR01085,PRD01658,2021-06-16,466,search
USR01085,PRD02699,2022-02-18,591,ad
USR01085,PRD01883,2025-11-29,391,email
USR01085,PRD00540,2025-03-28,480,email
USR01085,PRD00059,2022-07-04,86,homepage
USR01085,PRD01319,2023-04-04,163,ad
USR01086,PRD02090,2025-04-21,466,ad
USR01086,PRD02133,2021-05-26,212,recommendation
USR01086,PRD01944,2025-12-18,173,ad
USR01086,PRD01450,2023-04-25,254,email
USR01086,PRD00040,2021-03-31,524,homepage
USR01087,PRD00485,2021-11-21,204,social
USR01087,PRD00257,2025-03-13,406,homepage
USR01087,PRD01744,2025-01-29,212,direct
USR01087,PRD00932,2023-05-26,364,ad
USR01087,PRD02949,2025-05-03,222,direct
USR01087,PRD02132,2025-05-16,287,email
USR01088,PRD01828,2022-04-26,252,direct
USR01088,PRD01577,2021-11-28,217,recommendation
USR01088,PRD00730,2024-07-05,363,direct
USR01088,PRD00614,2024-01-07,443,email
USR01088,PRD00001,2023-04-05,269,email
USR01088,PRD02992,2022-11-23,228,homepage
USR01088,PRD01418,2024-10-27,369,ad
USR01088,PRD01887,2022-02-24,574,homepage
USR01089,PRD00084,2025-08-11,466,social
USR01089,PRD02856,2022-01-28,390,recommendation
USR01089,PRD00763,2025-04-15,523,social
USR01089,PRD02373,2023-11-01,559,direct
USR01089,PRD01485,2024-08-04,339,search
USR01090,PRD02391,2021-11-28,47,email
USR01090,PRD02943,2022-02-21,257,email
USR01090,PRD00247,2023-03-04,471,social
USR01090,PRD00474,2021-03-01,286,homepage
USR01090,PRD02293,2025-06-05,338,recommendation
USR01090,PRD01992,2024-06-17,573,email
USR01091,PRD02943,2021-11-03,127,direct
USR01091,PRD01643,2021-11-01,580,homepage
USR01091,PRD00871,2021-03-02,553,social
USR01091,PRD02731,2021-03-10,241,recommendation
USR01092,PRD02526,2024-02-10,576,email
USR01092,PRD00358,2022-06-25,180,search
USR01092,PRD02515,2021-12-11,243,direct
USR01092,PRD01746,2022-06-20,401,email
USR01092,PRD01634,2021-04-29,294,direct
USR01092,PRD01509,2024-02-08,261,recommendation
USR01093,PRD00622,2024-01-23,279,direct
USR01093,PRD02978,2025-06-24,236,recommendation
USR01093,PRD01831,2025-06-27,527,ad
USR01093,PRD02872,2023-12-17,273,email
USR01094,PRD01526,2024-11-17,290,search
USR01094,PRD01475,2024-05-29,513,search
USR01095,PRD01048,2025-05-11,92,ad
USR01095,PRD00901,2022-09-18,364,homepage
USR01095,PRD00160,2022-09-03,370,direct
USR01095,PRD00933,2022-05-05,327,email
USR01095,PRD01723,2024-12-19,382,ad
USR01095,PRD01872,2025-05-06,155,email
USR01096,PRD01451,2025-04-10,427,homepage
USR01096,PRD01628,2025-05-29,372,social
USR01096,PRD01363,2024-03-16,402,ad
USR01097,PRD02705,2025-07-22,342,email
USR01097,PRD02700,2021-04-02,526,search
USR01097,PRD00018,2024-02-26,334,email
USR01098,PRD00040,2022-09-18,365,social
USR01099,PRD01127,2021-06-14,409,ad
USR01099,PRD00262,2023-07-05,425,recommendation
USR01099,PRD01095,2022-04-30,137,social
USR01099,PRD00024,2023-08-21,422,recommendation
USR01100,PRD01025,2025-12-05,298,direct
USR01100,PRD02180,2024-04-28,526,email
USR01100,PRD01918,2025-06-04,280,social
USR01101,PRD01049,2025-03-13,555,recommendation
USR01101,PRD00235,2023-03-28,480,direct
USR01101,PRD02103,2025-06-16,74,recommendation
USR01101,PRD01202,2023-06-10,278,ad
USR01101,PRD02780,2024-04-10,306,direct
USR01101,PRD01442,2025-07-01,159,recommendation
USR01102,PRD02439,2025-03-17,129,search
USR01102,PRD01783,2021-06-20,357,direct
USR01102,PRD00934,2025-07-12,292,homepage
USR01102,PRD00951,2023-04-07,400,email
USR01102,PRD00425,2024-10-05,184,social
USR01102,PRD02978,2023-12-22,85,search
USR01103,PRD02346,2021-05-30,24,ad
USR01103,PRD02140,2022-06-04,528,homepage
USR01103,PRD01239,2021-08-09,513,social
USR01103,PRD01156,2023-02-08,387,homepage
USR01103,PRD00741,2022-12-21,397,email
USR01103,PRD00679,2024-06-02,378,homepage
USR01103,PRD02770,2022-03-01,8,direct
USR01103,PRD01495,2022-03-27,11,recommendation
USR01104,PRD00960,2021-12-27,511,search
USR01104,PRD02052,2023-10-01,193,recommendation
USR01105,PRD01641,2023-03-25,164,homepage
USR01105,PRD00955,2021-03-25,559,social
USR01105,PRD01592,2025-05-25,123,recommendation
USR01105,PRD02122,2025-05-23,588,homepage
USR01105,PRD01357,2021-04-07,492,search
USR01106,PRD00771,2022-02-15,352,social
USR01106,PRD02804,2023-08-05,330,homepage
USR01106,PRD00887,2025-09-28,374,ad
USR01106,PRD01860,2024-04-02,398,recommendation
USR01107,PRD00333,2022-09-19,93,direct
USR01107,PRD01888,2021-04-20,477,email
USR01107,PRD01468,2024-08-19,484,direct
USR01107,PRD01150,2021-03-19,229,email
USR01108,PRD00743,2022-09-15,149,search
USR01109,PRD00357,2024-04-29,453,direct
USR01109,PRD00129,2021-10-03,331,ad
USR01110,PRD00583,2022-03-22,393,recommendation
USR01110,PRD00187,2023-04-19,216,social
USR01110,PRD01685,2022-02-27,439,search
USR01110,PRD01528,2023-09-16,311,email
USR01110,PRD00168,2025-04-20,455,email
USR01110,PRD01938,2021-04-13,258,search
USR01110,PRD00162,2021-03-31,341,search
USR01111,PRD00344,2025-12-11,180,email
USR01111,PRD02946,2023-07-24,450,ad
USR01112,PRD00832,2023-11-10,420,ad
USR01112,PRD01864,2021-10-21,233,direct
USR01113,PRD02785,2024-09-27,371,social
USR01113,PRD01762,2022-12-03,374,social
USR01113,PRD02892,2021-05-16,138,social
USR01113,PRD01089,2024-01-03,340,direct
USR01114,PRD00136,2022-10-30,447,homepage
USR01114,PRD01528,2025-10-18,235,ad
USR01114,PRD00020,2024-11-10,426,email
USR01114,PRD02143,2023-06-23,232,social
USR01114,PRD01205,2021-05-30,83,search
USR01114,PRD02593,2023-06-19,210,direct
USR01115,PRD00602,2024-04-29,285,ad
USR01115,PRD01550,2025-04-21,300,ad
USR01115,PRD00318,2025-02-22,100,ad
USR01115,PRD02003,2025-08-06,121,ad
USR01115,PRD00945,2024-03-09,200,social
USR01116,PRD00881,2025-12-15,62,ad
USR01116,PRD02062,2024-10-09,375,social
USR01116,PRD00558,2025-03-11,363,social
USR01116,PRD00589,2024-06-24,539,homepage
USR01116,PRD02139,2021-08-29,172,homepage
USR01116,PRD02133,2021-05-13,444,direct
USR01116,PRD00478,2024-10-19,549,homepage
USR01117,PRD00842,2025-05-17,173,social
USR01117,PRD01056,2024-09-07,121,social
USR01117,PRD01139,2023-03-01,7,direct
USR01117,PRD00020,2025-09-23,494,social
USR01118,PRD00446,2023-12-08,113,recommendation
USR01118,PRD02942,2023-07-21,501,recommendation
USR01118,PRD00141,2022-07-10,93,search
USR01118,PRD02533,2021-01-29,339,search
USR01118,PRD02038,2023-12-02,228,search
USR01118,PRD00703,2023-03-20,177,homepage
USR01119,PRD02362,2023-05-20,424,social
USR01119,PRD01973,2024-10-05,138,social
USR01119,PRD00860,2023-04-20,258,ad
USR01119,PRD00509,2025-02-04,496,social
USR01120,PRD02237,2021-04-27,567,direct
USR01120,PRD02077,2024-12-08,540,social
USR01120,PRD00523,2024-08-24,223,ad
USR01120,PRD02509,2025-10-10,61,direct
USR01120,PRD00200,2022-12-26,154,homepage
USR01120,PRD00963,2023-11-15,591,homepage
USR01120,PRD01206,2021-05-30,169,direct
USR01121,PRD01717,2022-02-03,475,recommendation
USR01121,PRD01979,2023-04-11,149,email
USR01121,PRD01714,2021-05-18,527,recommendation
USR01121,PRD02962,2021-04-01,515,ad
USR01121,PRD02861,2021-04-08,556,direct
USR01121,PRD02020,2024-10-01,203,email
USR01122,PRD00395,2023-02-22,79,email
USR01122,PRD01049,2021-09-01,254,recommendation
USR01123,PRD01834,2021-01-11,23,social
USR01123,PRD01949,2023-11-08,13,ad
USR01123,PRD00874,2022-01-11,294,search
USR01124,PRD00448,2023-05-09,195,social
USR01124,PRD00981,2022-07-16,512,recommendation
USR01124,PRD01276,2023-12-30,25,search
USR01124,PRD00607,2024-06-02,99,recommendation
USR01124,PRD01771,2025-12-25,513,homepage
USR01124,PRD01672,2021-01-31,557,social
USR01124,PRD01725,2021-04-24,84,ad
USR01124,PRD01597,2021-02-21,495,homepage
USR01125,PRD00854,2023-11-18,462,search
USR01125,PRD02232,2025-06-19,351,homepage
USR01125,PRD02969,2025-08-31,46,direct
USR01126,PRD00473,2024-07-22,320,social
USR01126,PRD00208,2025-11-24,51,ad
USR01127,PRD02962,2025-06-09,567,email
USR01127,PRD00364,2021-05-03,122,homepage
USR01128,PRD02995,2024-08-23,454,email
USR01128,PRD00299,2025-12-17,562,search
USR01128,PRD02278,2021-12-05,541,direct
USR01128,PRD02823,2022-01-27,93,search
USR01128,PRD02847,2022-02-26,105,social
USR01128,PRD00843,2024-05-07,576,direct
USR01128,PRD02662,2021-06-01,19,ad
USR01129,PRD01314,2023-09-15,324,search
USR01129,PRD00751,2022-03-15,69,recommendation
USR01129,PRD02699,2023-10-15,462,search
USR01129,PRD01996,2022-04-09,244,search
USR01130,PRD02594,2024-06-20,192,social
USR01130,PRD02007,2024-07-16,147,social
USR01131,PRD01014,2021-08-14,46,homepage
USR01131,PRD00381,2023-02-25,203,search
USR01132,PRD00224,2023-10-24,438,homepage
USR01132,PRD00167,2025-02-13,256,email
USR01132,PRD01156,2024-09-22,327,social
USR01132,PRD02262,2022-11-29,443,social
USR01132,PRD00796,2022-07-17,272,ad
USR01133,PRD01797,2023-10-29,556,recommendation
USR01134,PRD02740,2021-08-10,551,social
USR01134,PRD01023,2025-06-16,127,social
USR01134,PRD00638,2024-04-13,210,search
USR01134,PRD02376,2025-10-18,526,homepage
USR01134,PRD01752,2024-08-26,220,search
USR01134,PRD00774,2022-11-26,587,recommendation
USR01134,PRD02800,2021-01-11,115,homepage
USR01135,PRD01780,2021-07-19,439,email
USR01135,PRD00154,2022-02-24,230,homepage
USR01135,PRD02314,2023-07-13,597,direct
USR01135,PRD00059,2025-04-24,325,direct
USR01136,PRD00378,2025-07-22,351,email
USR01136,PRD02881,2024-12-23,345,homepage
USR01136,PRD02663,2021-07-26,145,homepage
USR01136,PRD01212,2021-06-06,343,email
USR01136,PRD01956,2022-11-27,11,ad
USR01136,PRD00460,2022-06-09,279,search
USR01136,PRD01686,2024-03-01,588,homepage
USR01137,PRD01843,2025-04-11,510,direct
USR01138,PRD00675,2022-02-11,182,search
USR01138,PRD00686,2023-06-19,374,direct
USR01139,PRD02352,2025-04-04,147,ad
USR01140,PRD01202,2023-11-02,516,direct
USR01140,PRD02798,2025-11-08,214,email
USR01140,PRD00758,2021-10-30,473,email
USR01140,PRD02640,2021-03-29,99,ad
USR01140,PRD01331,2023-01-15,41,ad
USR01141,PRD02791,2022-10-22,209,ad
USR01142,PRD01735,2024-08-19,106,homepage
USR01142,PRD00132,2025-02-14,575,search
USR01142,PRD01786,2023-06-18,505,direct
USR01142,PRD00523,2024-12-30,30,direct
USR01142,PRD02062,2021-01-09,402,recommendation
USR01142,PRD02365,2021-12-01,498,search
USR01142,PRD01560,2023-08-10,162,direct
USR01142,PRD02483,2023-05-08,593,search
USR01143,PRD01583,2021-04-10,582,recommendation
USR01143,PRD02590,2022-03-05,219,recommendation
USR01143,PRD02476,2022-01-12,223,search
USR01143,PRD01616,2023-08-26,301,email
USR01144,PRD00873,2022-02-14,70,email
USR01144,PRD01973,2025-11-07,81,direct
USR01144,PRD02366,2024-01-08,564,recommendation
USR01144,PRD01616,2023-05-05,122,ad
USR01144,PRD00948,2022-05-10,593,homepage
USR01144,PRD01713,2021-11-03,540,social
USR01144,PRD00500,2025-01-05,536,homepage
USR01144,PRD01957,2025-10-21,557,direct
USR01145,PRD00768,2023-02-18,291,social
USR01145,PRD00547,2024-08-14,381,direct
USR01145,PRD01033,2023-01-26,190,direct
USR01145,PRD01459,2021-09-30,265,search
USR01145,PRD01564,2021-06-06,401,ad
USR01145,PRD01585,2025-04-05,253,social
USR01146,PRD00754,2025-05-27,245,social
USR01146,PRD01471,2025-06-04,92,email
USR01146,PRD02824,2022-07-06,331,direct
USR01146,PRD00281,2025-06-06,549,recommendation
USR01146,PRD02167,2025-11-28,84,homepage
USR01146,PRD00601,2025-03-05,448,email
USR01146,PRD02649,2022-02-20,219,recommendation
USR01146,PRD01175,2025-10-30,132,email
USR01147,PRD01817,2024-02-19,153,email
USR01147,PRD01480,2022-08-12,377,homepage
USR01147,PRD02011,2025-06-16,502,search
USR01147,PRD02797,2024-07-30,212,homepage
USR01148,PRD02811,2022-02-19,74,homepage
USR01149,PRD00458,2021-01-01,256,homepage
USR01149,PRD01853,2022-05-22,242,ad
USR01149,PRD01576,2021-07-02,84,ad
USR01149,PRD00889,2025-09-20,321,direct
USR01150,PRD00485,2023-06-01,124,direct
USR01150,PRD01965,2025-06-27,227,homepage
USR01150,PRD02400,2025-12-15,552,social
USR01150,PRD00976,2021-12-07,358,recommendation
USR01151,PRD00413,2021-06-04,569,ad
USR01152,PRD00632,2024-01-22,469,ad
USR01152,PRD01999,2023-03-10,245,social
USR01152,PRD00560,2022-11-08,211,ad
USR01152,PRD00142,2023-08-21,482,direct
USR01152,PRD02909,2025-02-21,440,search
USR01152,PRD00401,2022-04-13,177,email
USR01153,PRD00955,2021-08-06,85,direct
USR01153,PRD01126,2024-05-03,19,ad
USR01153,PRD01723,2025-05-31,49,recommendation
USR01153,PRD01553,2023-08-14,256,homepage
USR01153,PRD00798,2023-04-21,488,search
USR01154,PRD01016,2023-05-04,115,direct
USR01154,PRD00078,2022-11-19,122,direct
USR01154,PRD02592,2023-01-24,100,direct
USR01154,PRD00814,2022-06-19,68,email
USR01154,PRD02939,2021-10-24,547,homepage
USR01154,PRD01442,2022-11-13,87,recommendation
USR01155,PRD02619,2024-03-11,50,direct
USR01155,PRD01667,2021-07-11,347,direct
USR01155,PRD00976,2022-01-31,407,search
USR01155,PRD00790,2022-04-14,105,email
USR01155,PRD00738,2022-11-13,211,homepage
USR01155,PRD02508,2023-10-16,122,social
USR01155,PRD00255,2021-11-05,147,ad
USR01156,PRD00826,2022-01-24,289,social
USR01156,PRD01079,2024-08-11,452,search
USR01156,PRD00253,2023-05-17,45,ad
USR01156,PRD00861,2021-01-04,14,social
USR01157,PRD00920,2023-11-17,432,recommendation
USR01157,PRD02407,2024-07-20,597,ad
USR01157,PRD00694,2023-10-16,152,recommendation
USR01157,PRD00540,2024-08-14,543,direct
USR01157,PRD02491,2024-11-30,568,search
USR01157,PRD02049,2023-01-30,404,ad
USR01157,PRD00216,2024-05-22,112,ad
USR01158,PRD01070,2022-01-03,31,email
USR01158,PRD02331,2021-10-09,375,email
USR01158,PRD01496,2021-09-20,111,social
USR01158,PRD00829,2021-01-02,385,direct
USR01158,PRD01547,2023-09-17,345,search
USR01159,PRD02937,2023-07-28,185,ad
USR01159,PRD01744,2024-11-06,515,social
USR01159,PRD02929,2024-03-11,62,recommendation
USR01159,PRD01053,2021-12-12,160,search
USR01159,PRD02544,2023-06-17,412,social
USR01160,PRD02099,2025-06-19,101,social
USR01160,PRD02874,2025-10-13,27,homepage
USR01160,PRD00880,2021-05-15,478,direct
USR01160,PRD00445,2025-07-30,533,direct
USR01160,PRD00173,2022-01-26,376,direct
USR01161,PRD01760,2022-06-20,376,recommendation
USR01161,PRD01617,2025-10-23,340,ad
USR01162,PRD00923,2024-06-10,78,ad
USR01162,PRD01627,2021-02-25,221,ad
USR01162,PRD01902,2024-08-20,216,direct
USR01162,PRD00447,2021-01-29,185,recommendation
USR01163,PRD00348,2024-11-17,463,ad
USR01163,PRD00843,2022-10-14,206,email
USR01164,PRD01956,2025-06-26,88,homepage
USR01164,PRD01266,2025-03-31,138,search
USR01164,PRD02914,2025-10-20,532,recommendation
USR01164,PRD01307,2022-11-28,318,recommendation
USR01164,PRD02527,2023-01-11,17,recommendation
USR01164,PRD00345,2024-02-23,95,search
USR01164,PRD02690,2024-10-05,508,ad
USR01164,PRD01535,2022-07-22,259,social
USR01165,PRD02828,2021-01-26,597,ad
USR01165,PRD02069,2024-09-06,206,email
USR01165,PRD02245,2022-03-22,164,search
USR01165,PRD02362,2024-01-13,24,search
USR01165,PRD02485,2022-04-09,456,homepage
USR01165,PRD02081,2024-09-25,61,homepage
USR01165,PRD01003,2025-04-23,576,direct
USR01165,PRD00956,2023-09-01,131,ad
USR01166,PRD00749,2023-09-28,584,search
USR01166,PRD00853,2024-11-27,242,homepage
USR01166,PRD00700,2022-11-27,222,direct
USR01166,PRD00186,2022-09-01,75,search
USR01167,PRD02179,2024-05-17,120,recommendation
USR01168,PRD02088,2024-11-10,165,homepage
USR01168,PRD00099,2024-10-06,567,email
USR01168,PRD00081,2023-03-01,310,direct
USR01168,PRD02846,2021-11-04,461,email
USR01168,PRD00594,2023-02-05,595,recommendation
USR01168,PRD02005,2022-01-09,82,recommendation
USR01169,PRD00740,2025-03-23,508,search
USR01169,PRD00687,2025-07-20,149,social
USR01170,PRD02720,2024-09-15,480,ad
USR01170,PRD02649,2025-09-04,142,social
USR01170,PRD01543,2022-11-14,347,social
USR01170,PRD00110,2021-12-15,467,direct
USR01170,PRD01627,2025-06-29,468,ad
USR01170,PRD00471,2025-12-30,423,social
USR01171,PRD02131,2021-05-07,578,recommendation
USR01171,PRD02832,2025-07-16,539,social
USR01171,PRD00451,2023-08-21,149,social
USR01171,PRD01627,2022-07-01,381,recommendation
USR01171,PRD00330,2023-11-07,533,search
USR01171,PRD01167,2024-10-19,215,direct
USR01172,PRD00805,2022-05-06,165,ad
USR01172,PRD02247,2021-11-16,94,direct
USR01173,PRD02567,2023-08-20,77,search
USR01173,PRD01838,2022-02-01,62,ad
USR01174,PRD01399,2024-09-12,388,recommendation
USR01174,PRD00443,2024-07-21,256,social
USR01174,PRD02302,2021-06-25,508,search
USR01174,PRD01111,2025-07-01,440,recommendation
USR01174,PRD00685,2021-07-04,202,social
USR01174,PRD01870,2025-05-04,314,homepage
USR01175,PRD01438,2023-11-04,554,direct
USR01175,PRD02140,2021-10-22,136,ad
USR01175,PRD01808,2025-03-05,62,direct
USR01175,PRD02722,2023-10-06,229,recommendation
USR01175,PRD00811,2025-08-06,236,homepage
USR01176,PRD02779,2025-09-20,164,homepage
USR01176,PRD00517,2021-03-12,260,social
USR01176,PRD00209,2024-09-19,548,ad
USR01176,PRD01894,2023-02-20,463,homepage
USR01176,PRD01341,2022-08-02,321,social
USR01176,PRD00432,2025-08-17,455,ad
USR01176,PRD02425,2021-12-05,144,social
USR01176,PRD00247,2022-03-11,387,direct
USR01177,PRD01147,2022-12-31,567,email
USR01177,PRD00514,2022-08-01,474,ad
USR01178,PRD01883,2022-06-15,31,social
USR01178,PRD01783,2025-06-05,120,email
USR01178,PRD02051,2023-02-23,196,direct
USR01178,PRD01793,2024-08-09,474,recommendation
USR01178,PRD02565,2023-05-22,293,homepage
USR01178,PRD01140,2023-03-06,577,homepage
USR01179,PRD01809,2025-03-13,166,recommendation
USR01180,PRD00046,2022-06-27,221,recommendation
USR01180,PRD02635,2023-05-31,550,recommendation
USR01181,PRD01686,2025-06-19,575,email
USR01181,PRD00085,2025-07-01,6,ad
USR01181,PRD01222,2021-10-04,468,recommendation
USR01181,PRD02538,2024-03-01,574,email
USR01181,PRD00372,2022-05-07,235,ad
USR01181,PRD01894,2021-02-25,531,social
USR01182,PRD01068,2025-06-16,37,recommendation
USR01183,PRD00194,2023-04-11,497,homepage
USR01183,PRD01695,2022-02-06,179,ad
USR01183,PRD02962,2024-10-10,318,direct
USR01183,PRD00755,2021-01-29,218,email
USR01183,PRD01574,2023-07-05,120,recommendation
USR01183,PRD02130,2021-10-30,37,search
USR01184,PRD02645,2022-11-07,495,email
USR01184,PRD00735,2025-06-22,519,direct
USR01184,PRD01289,2025-06-10,506,direct
USR01184,PRD02030,2023-07-03,208,social
USR01184,PRD02907,2025-07-23,77,direct
USR01184,PRD00903,2025-05-27,295,search
USR01184,PRD01689,2022-08-11,192,email
USR01185,PRD01679,2025-04-22,362,direct
USR01185,PRD01961,2025-08-23,78,social
USR01186,PRD02592,2021-11-28,552,direct
USR01186,PRD02861,2025-02-25,261,recommendation
USR01186,PRD00821,2024-01-25,142,email
USR01186,PRD02215,2023-01-16,391,social
USR01187,PRD00292,2023-08-24,288,social
USR01187,PRD00658,2023-10-12,391,direct
USR01187,PRD02269,2025-04-22,128,ad
USR01187,PRD00233,2021-05-27,307,social
USR01188,PRD00021,2021-10-29,190,recommendation
USR01188,PRD02572,2021-01-08,457,social
USR01188,PRD02823,2025-12-05,341,email
USR01189,PRD00428,2025-06-15,549,ad
USR01189,PRD01525,2021-06-08,431,email
USR01189,PRD02780,2022-02-05,263,direct
USR01189,PRD00630,2023-01-09,340,recommendation
USR01189,PRD00800,2024-04-07,294,search
USR01189,PRD02000,2025-03-25,11,ad
USR01190,PRD00740,2023-12-19,511,homepage
USR01190,PRD00072,2021-06-16,281,direct
USR01190,PRD01573,2024-02-06,171,search
USR01190,PRD00586,2022-08-02,215,direct
USR01190,PRD00612,2021-02-07,257,search
USR01190,PRD02879,2024-09-07,482,homepage
USR01191,PRD00554,2024-09-15,135,homepage
USR01192,PRD02087,2023-03-29,583,homepage
USR01192,PRD00609,2024-05-22,169,homepage
USR01192,PRD02734,2021-03-16,47,homepage
USR01192,PRD02807,2025-02-25,102,social
USR01192,PRD00334,2021-01-17,166,email
USR01192,PRD02663,2023-01-17,296,homepage
USR01192,PRD00269,2022-09-15,395,email
USR01192,PRD01755,2021-08-01,397,direct
USR01193,PRD01966,2021-10-31,352,homepage
USR01193,PRD02547,2022-04-29,576,direct
USR01193,PRD01049,2021-12-21,389,recommendation
USR01193,PRD00229,2021-03-20,520,social
USR01193,PRD01968,2024-11-02,88,email
USR01194,PRD00760,2021-01-08,485,recommendation
USR01194,PRD00735,2025-07-31,339,email
USR01194,PRD02948,2025-04-07,259,email
USR01194,PRD00815,2024-12-20,547,direct
USR01194,PRD00045,2025-11-21,202,search
USR01195,PRD01727,2022-01-19,98,homepage
USR01196,PRD02325,2024-05-29,429,email
USR01197,PRD00674,2024-04-26,9,email
USR01197,PRD00951,2024-10-03,312,ad
USR01197,PRD01975,2024-12-06,10,search
USR01198,PRD01645,2022-04-25,363,homepage
USR01198,PRD02028,2024-09-27,492,ad
USR01198,PRD01689,2022-07-21,193,ad
USR01198,PRD01783,2022-07-16,208,social
USR01199,PRD02635,2023-06-22,72,homepage
USR01200,PRD02468,2025-01-12,498,recommendation
USR01200,PRD02913,2022-05-07,240,recommendation
USR01200,PRD01985,2022-03-07,394,ad
USR01201,PRD00194,2023-02-06,7,social
USR01201,PRD01226,2024-12-10,270,search
USR01202,PRD02132,2022-09-23,317,homepage
USR01202,PRD01436,2021-06-30,43,social
USR01202,PRD01706,2024-11-08,572,homepage
USR01202,PRD02736,2024-01-09,363,social
USR01202,PRD01505,2021-07-25,166,direct
USR01202,PRD02476,2024-06-08,27,email
USR01202,PRD01445,2021-04-06,49,search
USR01203,PRD02610,2024-05-25,346,social
USR01203,PRD02479,2021-12-06,570,social
USR01203,PRD01780,2023-06-11,65,social
USR01203,PRD01408,2023-02-09,181,recommendation
USR01203,PRD02331,2023-11-24,223,direct
USR01203,PRD01183,2025-02-23,589,ad
USR01204,PRD01635,2023-05-07,428,homepage
USR01204,PRD01970,2021-12-21,293,homepage
USR01204,PRD02216,2021-04-08,333,direct
USR01204,PRD02727,2023-10-22,40,direct
USR01204,PRD00786,2023-07-05,428,email
USR01204,PRD01507,2024-07-30,32,ad
USR01205,PRD02096,2022-04-24,317,homepage
USR01205,PRD01041,2024-02-15,208,social
USR01205,PRD00860,2022-07-29,543,homepage
USR01205,PRD00004,2022-04-03,458,search
USR01205,PRD00696,2022-11-16,577,ad
USR01205,PRD01173,2024-11-19,369,ad
USR01205,PRD01205,2025-01-26,250,search
USR01205,PRD02880,2022-03-22,504,ad
USR01206,PRD00761,2025-06-17,66,homepage
USR01206,PRD02732,2025-09-28,560,homepage
USR01206,PRD02098,2021-06-14,44,social
USR01206,PRD02806,2024-02-04,317,homepage
USR01206,PRD02206,2022-05-13,184,direct
USR01207,PRD02882,2022-01-26,149,search
USR01207,PRD01003,2024-08-27,100,social
USR01208,PRD00094,2024-07-21,483,recommendation
USR01208,PRD00765,2024-11-22,498,social
USR01209,PRD00606,2023-12-20,558,recommendation
USR01209,PRD01964,2023-11-02,130,direct
USR01209,PRD01387,2023-12-14,413,social
USR01209,PRD01437,2024-05-26,262,homepage
USR01209,PRD00382,2023-09-20,168,email
USR01209,PRD02900,2024-07-07,41,social
USR01209,PRD00644,2021-07-22,220,direct
USR01210,PRD02495,2021-06-19,180,ad
USR01210,PRD02319,2025-07-04,171,direct
USR01210,PRD00939,2021-09-06,13,email
USR01210,PRD02067,2022-08-13,422,email
USR01210,PRD02873,2024-05-21,354,email
USR01210,PRD02900,2021-07-28,457,direct
USR01211,PRD02207,2021-11-30,226,homepage
USR01211,PRD02030,2022-03-05,565,social
USR01212,PRD02683,2023-08-24,581,email
USR01212,PRD01122,2021-06-21,256,social
USR01212,PRD02671,2024-09-20,454,homepage
USR01213,PRD02581,2025-09-19,515,email
USR01213,PRD00031,2023-02-10,460,recommendation
USR01214,PRD00442,2022-09-17,591,direct
USR01214,PRD00150,2022-08-05,527,recommendation
USR01214,PRD02236,2022-08-21,380,direct
USR01214,PRD00548,2021-08-21,76,homepage
USR01214,PRD02533,2025-08-22,324,recommendation
USR01214,PRD00841,2022-12-10,278,search
USR01214,PRD00243,2023-06-14,168,direct
USR01215,PRD02611,2024-11-23,514,recommendation
USR01215,PRD02187,2023-12-11,97,social
USR01216,PRD02504,2023-03-03,33,email
USR01217,PRD00233,2025-02-02,301,ad
USR01217,PRD02666,2022-12-28,433,recommendation
USR01217,PRD00256,2021-08-18,401,homepage
USR01217,PRD02251,2025-02-27,360,direct
USR01217,PRD01933,2022-05-26,75,social
USR01217,PRD02573,2023-04-22,551,ad
USR01217,PRD01216,2023-07-31,21,social
USR01218,PRD01112,2024-11-01,371,search
USR01218,PRD02073,2025-12-06,143,direct
USR01219,PRD01829,2024-12-31,559,homepage
USR01219,PRD02063,2023-01-14,176,ad
USR01219,PRD01547,2025-07-06,213,direct
USR01219,PRD01487,2024-12-06,207,homepage
USR01220,PRD01780,2025-09-14,355,social
USR01220,PRD02318,2024-03-28,223,ad
USR01220,PRD02773,2021-08-30,454,homepage
USR01220,PRD00133,2024-04-29,9,search
USR01220,PRD02903,2024-07-02,80,homepage
USR01220,PRD01237,2025-08-08,450,social
USR01221,PRD00211,2024-10-24,239,email
USR01222,PRD01492,2022-11-29,285,ad
USR01222,PRD00604,2025-05-16,443,search
USR01223,PRD01784,2023-10-03,410,direct
USR01223,PRD02779,2021-05-19,351,search
USR01223,PRD02300,2024-09-15,70,social
USR01224,PRD01009,2021-07-02,53,recommendation
USR01224,PRD00948,2025-07-05,261,email
USR01224,PRD01130,2023-03-10,340,social
USR01224,PRD00361,2025-11-09,224,search
USR01225,PRD00793,2023-11-08,99,homepage
USR01225,PRD02247,2024-09-15,559,email
USR01225,PRD00302,2025-05-15,292,ad
USR01225,PRD02402,2024-01-03,5,social
USR01225,PRD00637,2022-09-15,569,social
USR01225,PRD02116,2022-11-20,272,recommendation
USR01225,PRD02020,2025-06-24,319,ad
USR01226,PRD01886,2025-03-08,251,social
USR01226,PRD02064,2021-05-04,192,recommendation
USR01226,PRD01248,2022-06-19,282,search
USR01226,PRD02216,2023-05-05,97,social
USR01226,PRD01981,2025-05-28,454,ad
USR01227,PRD01504,2025-06-24,329,email
USR01227,PRD01972,2025-04-05,491,social
USR01227,PRD01037,2021-10-11,36,recommendation
USR01227,PRD02332,2021-02-18,15,ad
USR01227,PRD02535,2023-01-29,593,recommendation
USR01227,PRD02641,2022-08-19,262,recommendation
USR01228,PRD01474,2023-06-04,386,recommendation
USR01229,PRD00286,2024-06-15,510,ad
USR01229,PRD00459,2025-08-25,508,search
USR01229,PRD02205,2025-04-16,145,homepage
USR01229,PRD00507,2022-02-01,25,search
USR01229,PRD02015,2023-12-28,132,direct
USR01229,PRD01495,2024-12-03,147,email
USR01230,PRD02698,2024-01-18,501,ad
USR01230,PRD00193,2021-12-12,133,email
USR01230,PRD02635,2025-01-27,548,direct
USR01230,PRD01450,2022-07-24,63,homepage
USR01230,PRD01987,2023-08-24,138,homepage
USR01230,PRD01098,2023-11-10,68,direct
USR01230,PRD00582,2023-02-22,164,search
USR01230,PRD02300,2021-05-31,576,social
USR01231,PRD01228,2021-02-26,492,email
USR01231,PRD02211,2023-05-18,339,direct
USR01231,PRD00868,2024-02-09,404,direct
USR01232,PRD01719,2022-09-25,325,social
USR01232,PRD02725,2025-07-15,326,ad
USR01232,PRD01108,2024-06-27,442,email
USR01232,PRD00458,2023-04-05,24,social
USR01233,PRD01661,2025-06-19,287,email
USR01234,PRD01235,2024-09-14,151,homepage
USR01234,PRD02836,2024-12-20,87,ad
USR01234,PRD00898,2025-04-15,132,direct
USR01235,PRD01361,2021-02-27,584,search
USR01235,PRD00671,2022-01-23,5,email
USR01235,PRD01450,2021-01-08,269,direct
USR01235,PRD02472,2021-08-19,427,social
USR01235,PRD01188,2021-10-31,444,search
USR01235,PRD01032,2021-01-02,549,direct
USR01236,PRD01466,2022-04-26,248,ad
USR01236,PRD01682,2022-12-08,585,social
USR01236,PRD02522,2025-01-28,417,recommendation
USR01236,PRD02840,2022-05-13,171,homepage
USR01236,PRD01222,2025-06-14,583,search
USR01236,PRD00281,2023-07-21,597,homepage
USR01236,PRD01544,2022-03-25,349,ad
USR01236,PRD01227,2023-08-11,48,recommendation
USR01237,PRD02142,2021-04-21,422,homepage
USR01238,PRD02718,2023-11-07,176,homepage
USR01238,PRD02178,2022-01-16,417,email
USR01238,PRD01137,2023-04-06,166,search
USR01239,PRD02537,2025-05-28,581,recommendation
USR01239,PRD01077,2022-10-29,60,email
USR01239,PRD02281,2022-06-21,7,homepage
USR01240,PRD01487,2024-05-27,88,email
USR01240,PRD01722,2021-06-15,135,search
USR01240,PRD01226,2022-03-11,67,search
USR01240,PRD00652,2023-10-28,222,direct
USR01240,PRD00186,2023-02-26,400,direct
USR01240,PRD02126,2023-04-25,174,direct
USR01240,PRD00961,2023-11-06,115,homepage
USR01241,PRD01893,2022-12-06,554,recommendation
USR01241,PRD00885,2021-02-22,538,social
USR01241,PRD00705,2025-06-16,283,search
USR01241,PRD01126,2025-06-03,111,homepage
USR01241,PRD01745,2025-08-20,592,social
USR01241,PRD01847,2024-04-24,34,direct
USR01241,PRD01056,2023-01-12,318,email
USR01241,PRD01194,2025-07-29,199,email
USR01242,PRD02166,2024-12-06,95,email
USR01242,PRD02006,2022-08-03,510,direct
USR01242,PRD01255,2021-11-30,513,email
USR01242,PRD02217,2023-01-27,341,search
USR01243,PRD01559,2024-12-27,104,homepage
USR01243,PRD02726,2025-02-14,303,ad
USR01243,PRD01206,2025-07-14,409,recommendation
USR01243,PRD02064,2021-01-15,523,ad
USR01243,PRD01765,2024-01-26,163,search
USR01244,PRD02563,2024-12-30,117,homepage
USR01244,PRD01367,2021-11-22,399,ad
USR01244,PRD01262,2021-11-01,365,social
USR01244,PRD00423,2022-11-14,301,homepage
USR01244,PRD00802,2024-04-03,491,recommendation
USR01244,PRD02204,2025-02-28,34,social
USR01244,PRD02883,2024-12-19,516,email
USR01245,PRD02838,2021-03-15,418,social
USR01246,PRD02747,2023-10-23,284,ad
USR01246,PRD00922,2022-08-27,352,ad
USR01247,PRD02014,2024-03-20,186,social
USR01247,PRD01683,2023-12-31,501,email
USR01248,PRD02317,2021-05-10,566,ad
USR01248,PRD02145,2022-08-27,270,homepage
USR01248,PRD01811,2023-02-27,393,ad
USR01249,PRD01891,2023-08-14,153,ad
USR01249,PRD02085,2023-03-11,302,direct
USR01249,PRD00088,2024-07-20,597,homepage
USR01250,PRD00664,2022-04-28,320,social
USR01250,PRD00580,2025-12-03,437,ad
USR01250,PRD02072,2021-08-05,228,homepage
USR01251,PRD01049,2025-06-22,96,search
USR01251,PRD02294,2024-10-31,526,direct
USR01251,PRD00900,2021-10-19,303,recommendation
USR01252,PRD02607,2023-03-08,350,email
USR01252,PRD00671,2023-12-17,318,search
USR01252,PRD02169,2024-02-14,471,email
USR01253,PRD01998,2022-09-04,307,email
USR01253,PRD01405,2024-05-06,368,social
USR01253,PRD00861,2021-05-06,54,email
USR01253,PRD02474,2023-12-10,349,social
USR01253,PRD02296,2025-01-23,453,ad
USR01254,PRD00874,2023-12-05,122,search
USR01254,PRD00409,2023-12-21,304,recommendation
USR01255,PRD00808,2022-04-10,443,recommendation
USR01255,PRD01305,2025-02-10,41,social
USR01255,PRD00452,2023-01-29,260,recommendation
USR01256,PRD00858,2021-03-06,111,email
USR01256,PRD01814,2021-12-16,343,search
USR01257,PRD00923,2024-07-21,590,homepage
USR01257,PRD00299,2024-12-23,540,ad
USR01257,PRD00771,2023-06-11,335,search
USR01257,PRD01410,2025-01-31,437,homepage
USR01257,PRD00851,2025-11-06,546,email
USR01257,PRD00204,2024-11-11,497,direct
USR01257,PRD00028,2022-03-15,213,email
USR01257,PRD02328,2021-11-18,171,direct
USR01258,PRD02820,2025-12-14,592,direct
USR01258,PRD01273,2023-07-08,159,social
USR01258,PRD02734,2023-02-23,379,ad
USR01258,PRD00012,2021-08-20,535,social
USR01258,PRD01404,2021-03-29,383,homepage
USR01259,PRD01102,2023-01-20,179,recommendation
USR01259,PRD01491,2022-02-22,416,homepage
USR01259,PRD02881,2025-09-16,176,social
USR01259,PRD00118,2024-04-15,221,email
USR01259,PRD01495,2021-06-19,270,search
USR01259,PRD00042,2022-10-13,547,direct
USR01260,PRD00666,2023-01-19,278,homepage
USR01260,PRD02385,2021-03-27,483,recommendation
USR01260,PRD00975,2022-04-02,534,direct
USR01260,PRD02575,2025-06-26,133,ad
USR01260,PRD01613,2022-10-12,396,homepage
USR01260,PRD00793,2021-09-03,211,social
USR01260,PRD02528,2021-11-10,5,search
USR01260,PRD01355,2025-02-04,59,direct
USR01261,PRD00337,2021-10-06,98,recommendation
USR01261,PRD00092,2023-04-13,562,recommendation
USR01261,PRD02357,2024-02-23,166,direct
USR01261,PRD02922,2025-06-14,107,recommendation
USR01261,PRD02383,2025-03-05,386,search
USR01262,PRD02430,2022-06-28,186,homepage
USR01262,PRD01667,2023-05-03,593,direct
USR01262,PRD02660,2021-08-16,598,ad
USR01263,PRD00689,2025-11-13,428,recommendation
USR01263,PRD00041,2022-11-10,144,social
USR01263,PRD00694,2023-04-19,342,recommendation
USR01263,PRD00182,2025-12-01,583,homepage
USR01263,PRD01136,2023-11-25,542,homepage
USR01263,PRD01962,2021-08-21,523,recommendation
USR01263,PRD01662,2024-07-11,511,search
USR01264,PRD02702,2021-10-24,461,homepage
USR01264,PRD02474,2025-05-17,502,recommendation
USR01264,PRD02673,2022-08-18,62,ad
USR01264,PRD00308,2021-12-26,75,email
USR01264,PRD00259,2021-01-20,412,search
USR01264,PRD02780,2023-06-07,355,recommendation
USR01264,PRD02195,2024-04-22,542,social
USR01264,PRD02990,2024-12-31,290,search
USR01265,PRD02348,2025-09-10,285,homepage
USR01265,PRD02958,2021-12-13,81,social
USR01265,PRD00321,2022-04-06,265,search
USR01265,PRD00048,2022-10-26,506,search
USR01265,PRD02174,2023-12-18,84,homepage
USR01265,PRD00895,2024-07-25,425,homepage
USR01265,PRD02747,2022-08-27,374,homepage
USR01266,PRD01778,2021-05-20,22,email
USR01266,PRD02660,2022-11-04,35,ad
USR01266,PRD02758,2023-11-27,509,homepage
USR01266,PRD02129,2021-04-27,7,social
USR01266,PRD02148,2024-12-05,220,social
USR01266,PRD02558,2022-02-02,305,direct
USR01266,PRD02706,2022-08-25,494,direct
USR01266,PRD00764,2024-05-13,595,social
USR01267,PRD00813,2022-02-15,344,homepage
USR01267,PRD01578,2025-12-23,273,homepage
USR01267,PRD02131,2025-09-20,428,search
USR01268,PRD02892,2022-05-11,171,ad
USR01269,PRD01333,2023-04-20,307,social
USR01269,PRD02886,2022-02-24,414,social
USR01269,PRD01136,2022-03-20,495,search
USR01270,PRD01183,2021-03-17,406,direct
USR01270,PRD00303,2021-09-16,593,recommendation
USR01270,PRD01432,2021-08-23,5,recommendation
USR01270,PRD01389,2021-07-23,483,direct
USR01270,PRD01980,2025-06-21,342,email
USR01270,PRD01365,2021-10-19,365,search
USR01270,PRD01353,2023-06-10,385,direct
USR01271,PRD00266,2023-12-11,159,homepage
USR01271,PRD00688,2024-10-09,558,search
USR01271,PRD00034,2023-09-20,229,homepage
USR01271,PRD01754,2023-10-16,197,direct
USR01271,PRD00936,2022-01-22,82,homepage
USR01271,PRD00725,2025-03-15,181,recommendation
USR01271,PRD01566,2025-04-15,165,email
USR01272,PRD02229,2021-08-30,111,search
USR01272,PRD00233,2025-11-08,487,search
USR01273,PRD02412,2021-07-01,475,search
USR01273,PRD01976,2024-06-12,385,direct
USR01273,PRD02618,2025-02-21,240,direct
USR01273,PRD01758,2024-02-22,458,ad
USR01273,PRD00089,2021-09-29,543,direct
USR01273,PRD02179,2024-04-16,502,email
USR01273,PRD01982,2024-05-22,498,direct
USR01273,PRD01652,2023-08-21,376,ad
USR01274,PRD02918,2022-11-11,442,email
USR01275,PRD02860,2022-04-22,384,homepage
USR01275,PRD02006,2022-08-16,352,search
USR01275,PRD00793,2023-03-02,223,direct
USR01275,PRD01399,2022-02-06,191,recommendation
USR01275,PRD00832,2024-02-21,272,recommendation
USR01275,PRD01876,2021-08-28,102,ad
USR01276,PRD00778,2023-08-24,61,direct
USR01276,PRD00995,2024-03-22,361,recommendation
USR01276,PRD02054,2022-02-10,186,direct
USR01276,PRD01273,2024-03-14,160,homepage
USR01276,PRD01743,2023-07-05,591,search
USR01276,PRD02177,2021-11-26,107,search
USR01276,PRD00742,2023-06-23,157,social
USR01277,PRD02341,2022-05-31,126,recommendation
USR01277,PRD01568,2025-04-02,156,email
USR01277,PRD01666,2021-04-01,176,social
USR01277,PRD00002,2024-10-30,316,homepage
USR01278,PRD01615,2025-02-19,417,ad
USR01279,PRD02084,2021-05-15,510,email
USR01279,PRD02224,2021-05-10,491,search
USR01279,PRD00845,2024-10-27,100,recommendation
USR01279,PRD01484,2025-04-03,84,social
USR01280,PRD01746,2024-01-14,436,email
USR01280,PRD02802,2024-06-08,393,email
USR01281,PRD00937,2021-09-14,368,email
USR01281,PRD00683,2025-06-18,154,direct
USR01282,PRD00983,2024-09-16,501,search
USR01282,PRD02672,2021-03-22,407,search
USR01282,PRD00898,2024-05-20,302,social
USR01283,PRD01296,2024-02-09,226,ad
USR01283,PRD02363,2021-09-08,538,search
USR01283,PRD01986,2022-04-23,141,search
USR01284,PRD02651,2024-09-06,479,search
USR01285,PRD02176,2023-12-28,319,direct
USR01285,PRD02812,2023-04-28,437,search
USR01285,PRD01747,2021-06-29,170,recommendation
USR01285,PRD02892,2021-03-03,349,email
USR01285,PRD02060,2023-08-15,391,search
USR01286,PRD01928,2022-09-24,168,homepage
USR01286,PRD02728,2021-01-12,394,recommendation
USR01286,PRD01055,2025-09-19,428,homepage
USR01286,PRD02323,2023-02-09,18,direct
USR01286,PRD02537,2023-08-31,596,recommendation
USR01287,PRD02653,2023-01-11,369,homepage
USR01287,PRD00307,2022-10-01,173,direct
USR01287,PRD01869,2023-11-07,380,search
USR01288,PRD01291,2024-06-01,8,search
USR01288,PRD02997,2023-09-09,124,search
USR01288,PRD02442,2024-07-20,515,homepage
USR01289,PRD00329,2023-10-10,240,email
USR01289,PRD00602,2025-11-22,520,ad
USR01289,PRD00219,2022-11-26,223,direct
USR01289,PRD02846,2025-07-13,150,recommendation
USR01289,PRD00789,2023-11-10,47,search
USR01290,PRD01657,2024-07-04,14,email
USR01290,PRD01416,2024-07-14,515,search
USR01290,PRD02431,2023-03-15,560,email
USR01290,PRD00451,2023-07-05,430,direct
USR01290,PRD01839,2021-03-14,290,homepage
USR01291,PRD00866,2021-10-02,303,ad
USR01291,PRD02862,2025-01-07,441,email
USR01292,PRD01334,2023-11-05,88,ad
USR01292,PRD01908,2024-04-01,590,recommendation
USR01292,PRD02052,2024-03-30,329,recommendation
USR01292,PRD01409,2024-07-12,298,social
USR01292,PRD01864,2024-12-14,160,direct
USR01292,PRD01353,2022-04-03,97,recommendation
USR01292,PRD00311,2024-11-04,69,homepage
USR01293,PRD01836,2024-02-24,576,email
USR01293,PRD01089,2024-03-26,373,social
USR01293,PRD01593,2023-06-21,146,direct
USR01293,PRD00833,2023-09-06,545,search
USR01293,PRD00399,2022-08-11,72,direct
USR01294,PRD00376,2022-12-07,128,social
USR01294,PRD01121,2021-04-19,393,homepage
USR01295,PRD02868,2021-03-07,521,email
USR01295,PRD02282,2025-01-31,436,direct
USR01295,PRD02303,2023-06-16,536,direct
USR01295,PRD01779,2023-11-14,362,homepage
USR01295,PRD02576,2022-12-15,334,recommendation
USR01295,PRD02000,2021-02-12,326,social
USR01296,PRD00804,2024-05-22,205,search
USR01296,PRD02412,2022-01-21,432,email
USR01296,PRD01711,2021-02-20,461,social
USR01296,PRD00969,2023-06-07,567,ad
USR01297,PRD02524,2025-07-18,318,search
USR01297,PRD00786,2023-04-06,569,direct
USR01297,PRD02728,2024-08-03,228,recommendation
USR01298,PRD02728,2025-11-19,110,email
USR01298,PRD00569,2023-07-04,236,direct
USR01298,PRD00137,2024-02-07,211,direct
USR01298,PRD00364,2021-11-23,21,ad
USR01298,PRD02541,2023-04-11,503,search
USR01298,PRD01080,2022-12-25,139,email
USR01298,PRD00934,2021-09-25,432,ad
USR01299,PRD02506,2022-07-21,85,search
USR01299,PRD02823,2021-10-20,256,email
USR01300,PRD01034,2023-11-22,220,recommendation
USR01300,PRD01332,2025-05-31,160,email
USR01300,PRD00212,2025-11-04,436,homepage
USR01300,PRD01077,2025-12-08,256,direct
USR01301,PRD01644,2024-12-03,357,homepage
USR01301,PRD00885,2022-05-12,20,direct
USR01301,PRD00646,2024-05-08,415,recommendation
USR01301,PRD02768,2021-07-07,314,email
USR01302,PRD00493,2022-04-08,240,email
USR01302,PRD00657,2021-08-13,429,ad
USR01302,PRD02325,2022-12-17,540,recommendation
USR01303,PRD02684,2023-03-20,238,social
USR01303,PRD00064,2025-07-24,231,direct
USR01303,PRD00845,2025-02-03,299,social
USR01303,PRD00631,2023-04-20,268,recommendation
USR01303,PRD00724,2022-07-16,20,ad
USR01303,PRD00105,2022-11-26,497,ad
USR01304,PRD02869,2023-01-06,506,homepage
USR01304,PRD02948,2024-09-14,496,social
USR01304,PRD01330,2021-09-21,477,search
USR01304,PRD01903,2024-06-28,349,search
USR01305,PRD00681,2024-11-07,481,search
USR01305,PRD02802,2025-09-07,592,social
USR01305,PRD00694,2024-07-13,251,social
USR01305,PRD00050,2023-07-20,500,homepage
USR01305,PRD01503,2024-02-11,279,direct
USR01305,PRD01701,2024-07-21,488,email
USR01306,PRD01920,2023-04-11,41,ad
USR01306,PRD00460,2023-11-30,580,email
USR01306,PRD02745,2025-10-07,509,social
USR01306,PRD00723,2024-10-20,421,recommendation
USR01306,PRD00297,2023-02-04,8,direct
USR01306,PRD01460,2023-11-07,258,recommendation
USR01307,PRD02372,2025-05-25,229,social
USR01308,PRD00430,2021-08-07,292,email
USR01308,PRD01895,2023-04-24,444,social
USR01308,PRD01195,2022-12-02,270,ad
USR01308,PRD02745,2024-08-04,184,email
USR01308,PRD01918,2025-12-28,143,direct
USR01308,PRD00766,2021-06-18,268,recommendation
USR01308,PRD01278,2025-06-16,214,social
USR01308,PRD01935,2025-11-06,317,email
USR01309,PRD02729,2024-07-22,95,email
USR01309,PRD00727,2022-12-29,317,email
USR01309,PRD02614,2021-07-31,154,social
USR01309,PRD02551,2022-03-02,139,social
USR01309,PRD02532,2024-02-29,562,direct
USR01309,PRD00407,2022-09-30,357,direct
USR01310,PRD02477,2021-10-17,287,email
USR01310,PRD00416,2024-04-28,409,search
USR01310,PRD02963,2022-08-10,132,email
USR01311,PRD02133,2025-03-05,302,search
USR01311,PRD01365,2021-05-15,464,search
USR01311,PRD00124,2021-02-09,432,social
USR01311,PRD01594,2024-11-24,166,email
USR01311,PRD02103,2022-12-03,359,search
USR01311,PRD02090,2025-03-24,320,recommendation
USR01311,PRD00259,2025-06-21,14,search
USR01312,PRD02027,2021-12-09,166,ad
USR01312,PRD00537,2021-07-08,442,email
USR01312,PRD01397,2022-08-17,541,email
USR01312,PRD02104,2023-04-12,283,direct
USR01312,PRD01654,2022-12-02,559,search
USR01312,PRD02647,2025-04-30,366,social
USR01312,PRD01584,2023-03-26,580,recommendation
USR01313,PRD01861,2021-02-12,384,email
USR01313,PRD00698,2021-11-20,332,recommendation
USR01313,PRD01908,2021-03-17,467,ad
USR01314,PRD02313,2024-11-14,518,homepage
USR01314,PRD01321,2021-09-22,332,email
USR01314,PRD02182,2024-04-22,15,email
USR01314,PRD01722,2024-10-06,179,recommendation
USR01314,PRD02341,2024-09-04,343,social
USR01314,PRD00597,2025-09-03,93,ad
USR01315,PRD00845,2021-03-30,522,direct
USR01315,PRD01791,2023-03-02,585,homepage
USR01315,PRD01246,2021-07-11,503,recommendation
USR01315,PRD02886,2021-10-20,479,social
USR01315,PRD02009,2024-04-01,177,recommendation
USR01316,PRD02528,2024-02-06,427,direct
USR01316,PRD00748,2023-08-09,573,email
USR01317,PRD02403,2021-07-08,342,ad
USR01317,PRD02209,2025-05-12,75,recommendation
USR01317,PRD02028,2022-09-13,331,ad
USR01318,PRD01011,2023-09-17,267,recommendation
USR01318,PRD00655,2025-09-22,465,recommendation
USR01318,PRD00294,2022-02-22,115,ad
USR01318,PRD00133,2021-07-14,17,ad
USR01318,PRD00459,2021-04-23,19,email
USR01318,PRD00466,2023-05-05,229,search
USR01318,PRD00933,2021-05-29,123,homepage
USR01318,PRD01427,2025-04-15,431,email
USR01319,PRD01932,2021-05-09,79,direct
USR01319,PRD00939,2022-04-06,140,search
USR01319,PRD01062,2021-11-08,579,email
USR01319,PRD00038,2022-04-16,590,email
USR01319,PRD02686,2025-08-31,389,homepage
USR01319,PRD00958,2021-11-08,413,email
USR01319,PRD00582,2021-02-07,384,homepage
USR01319,PRD01502,2023-02-17,161,homepage
USR01320,PRD01365,2021-06-14,351,homepage
USR01320,PRD02669,2024-06-14,502,homepage
USR01320,PRD02097,2021-05-03,435,direct
USR01320,PRD00375,2022-12-23,589,direct
USR01320,PRD00435,2023-02-28,578,email
USR01320,PRD01698,2021-08-22,135,social
USR01320,PRD01439,2024-09-26,385,ad
USR01321,PRD00659,2024-03-03,302,search
USR01322,PRD00622,2025-03-20,520,social
USR01322,PRD02813,2025-09-06,544,homepage
USR01322,PRD01086,2025-04-13,39,ad
USR01322,PRD01098,2021-11-05,385,direct
USR01322,PRD00438,2022-09-20,504,recommendation
USR01322,PRD01675,2022-03-02,277,social
USR01322,PRD01864,2022-10-04,240,recommendation
USR01323,PRD01873,2022-08-03,586,recommendation
USR01323,PRD00515,2023-02-03,195,ad
USR01323,PRD02671,2022-11-30,446,search
USR01323,PRD02096,2023-11-16,306,email
USR01324,PRD01992,2024-08-23,93,search
USR01325,PRD01614,2022-03-03,214,email
USR01325,PRD01552,2021-07-26,571,direct
USR01325,PRD02671,2021-05-13,381,search
USR01325,PRD01378,2024-04-18,306,email
USR01325,PRD00594,2024-01-28,276,search
USR01325,PRD00740,2024-03-13,332,social
USR01325,PRD01485,2022-11-13,219,search
USR01325,PRD00093,2021-05-28,588,social
USR01326,PRD01647,2022-01-23,453,email
USR01326,PRD00115,2025-11-29,38,recommendation
USR01326,PRD02099,2024-05-07,310,recommendation
USR01326,PRD01437,2025-04-13,83,email
USR01327,PRD02350,2021-05-21,89,email
USR01328,PRD02498,2025-03-03,219,social
USR01328,PRD00718,2022-01-30,167,direct
USR01328,PRD02271,2023-07-17,101,recommendation
USR01328,PRD02486,2025-02-14,360,recommendation
USR01328,PRD01052,2023-09-16,120,email
USR01329,PRD02196,2022-09-12,455,search
USR01329,PRD00307,2024-03-30,506,social
USR01329,PRD02250,2021-08-03,99,search
USR01329,PRD02371,2021-02-23,17,ad
USR01329,PRD02725,2022-09-19,210,homepage
USR01329,PRD02043,2021-05-04,396,search
USR01330,PRD02221,2023-07-02,193,social
USR01330,PRD02833,2021-12-21,104,email
USR01330,PRD01179,2023-09-21,497,social
USR01330,PRD00971,2024-12-15,232,email
USR01330,PRD01814,2025-07-16,445,search
USR01330,PRD00452,2024-10-21,516,social
USR01330,PRD02850,2023-05-07,123,email
USR01330,PRD02891,2025-01-25,457,email
USR01331,PRD01947,2024-11-14,112,recommendation
USR01331,PRD01930,2021-08-06,536,email
USR01331,PRD00492,2024-02-26,150,search
USR01331,PRD00497,2023-06-24,551,ad
USR01331,PRD02104,2022-04-24,502,recommendation
USR01331,PRD02245,2023-10-01,339,recommendation
USR01331,PRD01288,2024-04-24,389,search
USR01332,PRD00647,2021-12-12,511,social
USR01333,PRD01223,2024-12-15,440,email
USR01333,PRD01239,2023-12-03,548,recommendation
USR01333,PRD00471,2024-01-19,527,recommendation
USR01333,PRD00360,2022-01-20,397,homepage
USR01334,PRD00662,2021-06-09,223,email
USR01334,PRD02532,2023-03-18,212,search
USR01334,PRD00397,2023-10-03,495,ad
USR01334,PRD00813,2025-07-27,327,recommendation
USR01334,PRD01421,2025-06-18,436,homepage
USR01334,PRD01559,2024-03-13,218,recommendation
USR01334,PRD01970,2024-12-17,590,direct
USR01335,PRD01025,2021-04-12,203,homepage
USR01335,PRD00999,2023-05-06,469,search
USR01335,PRD00693,2023-02-28,109,direct
USR01335,PRD00828,2025-10-21,516,email
USR01335,PRD00280,2021-05-07,234,recommendation
USR01336,PRD00773,2024-07-06,224,search
USR01336,PRD02464,2021-01-22,510,direct
USR01336,PRD00707,2025-10-22,484,search
USR01337,PRD00133,2022-05-26,246,ad
USR01337,PRD02105,2024-03-08,316,social
USR01338,PRD00976,2023-09-01,205,email
USR01339,PRD00024,2021-06-12,564,search
USR01339,PRD00473,2024-05-25,439,homepage
USR01340,PRD01673,2025-12-31,17,direct
USR01340,PRD02268,2021-06-24,599,recommendation
USR01340,PRD02821,2024-12-11,572,recommendation
USR01341,PRD02118,2023-06-15,466,ad
USR01341,PRD01591,2023-04-08,504,recommendation
USR01342,PRD00454,2022-03-17,282,direct
USR01342,PRD02488,2024-02-22,355,ad
USR01342,PRD02555,2024-01-01,145,email
USR01342,PRD02594,2022-03-29,142,homepage
USR01342,PRD01877,2023-07-02,436,direct
USR01342,PRD02869,2024-01-31,229,homepage
USR01343,PRD02201,2024-02-03,416,homepage
USR01343,PRD00498,2024-12-27,594,direct
USR01343,PRD01151,2023-02-28,125,direct
USR01343,PRD00262,2021-02-12,403,direct
USR01343,PRD01400,2021-01-20,555,homepage
USR01343,PRD01432,2024-12-23,474,homepage
USR01343,PRD02775,2023-03-23,437,email
USR01344,PRD01174,2022-11-10,434,recommendation
USR01344,PRD02760,2023-10-31,582,email
USR01344,PRD00012,2022-05-25,215,recommendation
USR01344,PRD01781,2022-02-17,263,social
USR01344,PRD00892,2023-06-29,387,homepage
USR01344,PRD00945,2022-01-31,440,social
USR01344,PRD02886,2024-05-27,468,direct
USR01344,PRD00382,2023-07-05,293,recommendation
USR01345,PRD00944,2022-04-01,350,email
USR01346,PRD02017,2023-07-29,156,email
USR01346,PRD01546,2024-06-12,104,email
USR01347,PRD01562,2022-01-05,189,ad
USR01347,PRD00256,2022-11-29,434,ad
USR01347,PRD00457,2022-12-27,519,direct
USR01347,PRD00144,2024-08-06,231,email
USR01347,PRD01504,2025-05-09,155,homepage
USR01348,PRD02919,2022-04-22,217,ad
USR01349,PRD00386,2021-02-21,154,email
USR01349,PRD02866,2022-05-31,208,search
USR01350,PRD02468,2024-09-08,382,direct
USR01350,PRD02184,2025-05-29,152,direct
USR01350,PRD01426,2025-12-01,152,homepage
USR01350,PRD00657,2025-04-23,584,search
USR01350,PRD00466,2025-10-22,552,direct
USR01350,PRD01102,2025-06-15,57,search
USR01350,PRD00550,2025-07-31,373,homepage
USR01350,PRD00129,2023-10-09,278,ad
USR01351,PRD01170,2023-06-10,283,ad
USR01351,PRD02194,2024-08-21,132,social
USR01351,PRD01663,2025-01-31,544,recommendation
USR01351,PRD00526,2025-09-29,371,email
USR01352,PRD01823,2024-12-20,600,social
USR01352,PRD01889,2025-03-17,246,social
USR01352,PRD02266,2021-02-12,368,homepage
USR01352,PRD02260,2022-12-04,10,social
USR01353,PRD01426,2023-03-21,557,email
USR01353,PRD01295,2021-08-21,561,social
USR01353,PRD00079,2021-09-15,301,email
USR01353,PRD00693,2022-03-26,174,homepage
USR01353,PRD02122,2023-12-27,465,email
USR01353,PRD01731,2024-03-22,244,social
USR01353,PRD02547,2023-11-23,63,email
USR01354,PRD00272,2022-03-16,156,recommendation
USR01354,PRD01346,2021-06-03,471,search
USR01354,PRD02334,2021-09-07,375,social
USR01355,PRD00272,2023-03-07,302,social
USR01355,PRD02617,2022-02-01,479,social
USR01355,PRD00246,2023-12-24,371,search
USR01355,PRD01923,2024-05-16,58,ad
USR01356,PRD02172,2024-07-19,268,direct
USR01357,PRD01337,2023-10-10,193,homepage
USR01357,PRD00386,2024-06-22,436,social
USR01358,PRD02284,2021-07-22,15,homepage
USR01358,PRD00498,2021-02-19,172,recommendation
USR01358,PRD00363,2023-12-05,330,social
USR01358,PRD00662,2025-05-31,238,email
USR01359,PRD02263,2025-07-22,379,social
USR01359,PRD01071,2023-06-01,476,social
USR01360,PRD00737,2025-04-25,498,homepage
USR01360,PRD00330,2024-07-19,465,direct
USR01360,PRD02470,2023-11-05,164,recommendation
USR01360,PRD00182,2023-08-05,344,homepage
USR01360,PRD00688,2021-01-21,551,search
USR01361,PRD02468,2022-03-31,487,homepage
USR01361,PRD01097,2021-04-10,126,direct
USR01361,PRD00810,2025-01-20,243,ad
USR01361,PRD01465,2023-08-06,294,direct
USR01361,PRD01690,2022-11-06,218,ad
USR01361,PRD01715,2025-09-06,383,homepage
USR01362,PRD02927,2022-12-04,256,social
USR01363,PRD01530,2021-04-05,279,direct
USR01364,PRD02074,2021-01-26,294,email
USR01364,PRD00117,2024-03-22,168,ad
USR01364,PRD02216,2024-01-15,599,homepage
USR01364,PRD00197,2022-10-13,458,recommendation
USR01364,PRD01294,2024-04-23,370,ad
USR01364,PRD02572,2021-05-15,139,search
USR01365,PRD02050,2023-04-03,563,ad
USR01365,PRD00629,2025-06-16,45,ad
USR01365,PRD00695,2023-01-11,303,homepage
USR01366,PRD00079,2022-04-04,92,recommendation
USR01367,PRD02030,2023-10-26,40,search
USR01368,PRD01629,2021-06-21,418,direct
USR01368,PRD01035,2024-09-08,126,homepage
USR01368,PRD00324,2024-09-11,562,recommendation
USR01368,PRD02062,2024-09-30,42,homepage
USR01368,PRD00532,2023-11-06,155,search
USR01368,PRD01166,2025-06-24,134,email
USR01369,PRD02234,2021-06-12,40,social
USR01369,PRD01159,2023-05-22,557,recommendation
USR01369,PRD02723,2021-10-24,346,search
USR01369,PRD01570,2024-01-15,224,direct
USR01369,PRD00415,2021-02-08,565,recommendation
USR01369,PRD01626,2022-12-07,396,direct
USR01369,PRD01088,2024-07-11,191,homepage
USR01369,PRD00723,2022-09-27,383,recommendation
USR01370,PRD01045,2021-06-26,88,homepage
USR01370,PRD01388,2025-05-23,307,recommendation
USR01370,PRD02951,2022-09-20,193,homepage
USR01370,PRD01816,2021-10-17,415,search
USR01370,PRD02246,2025-10-18,253,homepage
USR01370,PRD02155,2022-09-23,570,social
USR01371,PRD01452,2024-03-05,520,recommendation
USR01371,PRD00459,2021-05-04,97,email
USR01371,PRD01922,2021-05-16,131,recommendation
USR01371,PRD01774,2023-07-07,149,ad
USR01372,PRD01289,2025-01-31,486,social
USR01372,PRD00777,2023-10-21,186,direct
USR01372,PRD00428,2024-02-09,493,ad
USR01372,PRD01987,2024-08-28,259,recommendation
USR01372,PRD02526,2023-01-08,14,social
USR01372,PRD01133,2024-12-20,234,ad
USR01372,PRD01554,2022-08-14,447,email
USR01373,PRD00158,2021-08-23,495,recommendation
USR01373,PRD00021,2024-03-04,394,ad
USR01373,PRD01544,2023-05-18,192,homepage
USR01373,PRD01023,2022-07-06,430,homepage
USR01373,PRD02351,2025-02-15,466,social
USR01373,PRD00464,2022-11-10,125,direct
USR01373,PRD02968,2022-06-22,202,search
USR01374,PRD02036,2025-03-15,463,direct
USR01374,PRD02253,2024-02-02,430,direct
USR01375,PRD00028,2024-06-04,218,social
USR01376,PRD02572,2023-05-24,130,email
USR01376,PRD02216,2025-04-26,442,search
USR01377,PRD01710,2025-01-10,261,social
USR01378,PRD01246,2022-07-09,89,email
USR01378,PRD02319,2022-01-18,211,direct
USR01378,PRD02143,2021-05-18,142,social
USR01378,PRD02792,2024-10-26,60,recommendation
USR01378,PRD00576,2025-02-09,105,recommendation
USR01378,PRD02926,2021-04-26,541,search
USR01379,PRD01884,2022-09-30,531,ad
USR01379,PRD00852,2023-12-12,227,email
USR01380,PRD00635,2024-11-23,533,search
USR01380,PRD00899,2021-10-14,476,direct
USR01381,PRD02568,2024-10-10,538,search
USR01381,PRD02029,2022-03-23,7,recommendation
USR01381,PRD01698,2024-12-23,229,email
USR01381,PRD01258,2023-07-29,360,homepage
USR01381,PRD01084,2024-10-07,212,recommendation
USR01382,PRD01684,2021-01-16,385,recommendation
USR01382,PRD00225,2025-05-18,93,recommendation
USR01382,PRD00088,2022-02-24,379,homepage
USR01382,PRD02445,2022-05-29,199,ad
USR01382,PRD00794,2023-12-01,290,search
USR01382,PRD02387,2022-09-10,600,recommendation
USR01382,PRD01690,2022-03-17,506,social
USR01382,PRD00234,2023-07-30,293,ad
USR01383,PRD00277,2022-12-07,579,email
USR01383,PRD02722,2022-11-08,460,homepage
USR01383,PRD00333,2023-08-08,582,social
USR01383,PRD01486,2025-04-05,107,recommendation
USR01383,PRD01796,2023-05-18,155,search
USR01383,PRD00700,2021-12-31,575,email
USR01384,PRD01395,2021-06-02,447,search
USR01384,PRD01688,2023-04-22,64,search
USR01384,PRD02624,2024-05-15,202,search
USR01384,PRD02853,2023-03-07,246,email
USR01384,PRD00065,2022-01-24,55,recommendation
USR01384,PRD02148,2021-09-17,71,ad
USR01384,PRD00033,2021-10-11,229,email
USR01385,PRD02180,2024-03-21,176,direct
USR01385,PRD01923,2025-08-09,502,recommendation
USR01386,PRD02430,2021-01-28,396,search
USR01386,PRD00792,2025-01-24,154,search
USR01386,PRD02323,2024-05-25,96,recommendation
USR01386,PRD00653,2021-06-12,344,social
USR01386,PRD01394,2023-02-10,275,email
USR01386,PRD00152,2025-08-24,150,homepage
USR01386,PRD02168,2022-10-03,365,homepage
USR01386,PRD00739,2024-01-13,172,homepage
USR01387,PRD01046,2022-06-25,118,recommendation
USR01387,PRD00408,2024-02-07,212,social
USR01387,PRD01081,2023-04-05,445,social
USR01387,PRD01375,2025-06-05,29,social
USR01387,PRD01168,2021-08-12,557,recommendation
USR01387,PRD02648,2022-04-06,398,direct
USR01387,PRD00191,2023-02-16,314,homepage
USR01388,PRD02444,2022-02-01,138,email
USR01389,PRD00855,2023-01-09,30,social
USR01389,PRD00836,2022-08-22,25,search
USR01389,PRD00931,2025-03-31,30,social
USR01389,PRD01017,2021-01-21,67,ad
USR01389,PRD01190,2025-02-07,55,social
USR01390,PRD01743,2021-10-02,346,ad
USR01390,PRD02153,2024-06-28,263,recommendation
USR01390,PRD01229,2024-11-28,349,ad
USR01390,PRD01330,2022-02-19,99,social
USR01390,PRD00188,2023-01-27,361,social
USR01390,PRD02805,2025-10-03,554,search
USR01391,PRD01010,2025-10-11,321,recommendation
USR01391,PRD02966,2022-08-20,580,ad
USR01391,PRD01527,2025-05-10,30,ad
USR01391,PRD00108,2023-08-10,134,email
USR01391,PRD02605,2022-07-18,589,recommendation
USR01391,PRD02327,2021-06-01,424,social
USR01392,PRD00043,2024-08-14,524,recommendation
USR01392,PRD00413,2021-05-30,109,ad
USR01392,PRD01218,2022-07-24,60,direct
USR01392,PRD01950,2022-09-29,35,recommendation
USR01392,PRD00711,2025-11-28,158,recommendation
USR01392,PRD01807,2025-11-25,137,recommendation
USR01392,PRD02413,2021-06-04,250,ad
USR01393,PRD00043,2021-02-03,220,direct
USR01394,PRD01361,2021-12-28,593,social
USR01394,PRD01189,2025-04-21,334,recommendation
USR01394,PRD02147,2021-10-31,465,recommendation
USR01394,PRD00942,2021-10-27,442,ad
USR01394,PRD00648,2022-04-05,474,direct
USR01394,PRD00265,2022-01-11,479,direct
USR01394,PRD01310,2021-08-31,248,email
USR01394,PRD02506,2023-01-05,522,direct
USR01395,PRD00409,2023-05-18,217,recommendation
USR01395,PRD02365,2023-04-26,496,ad
USR01395,PRD02397,2023-02-05,418,search
USR01395,PRD01422,2021-06-12,49,social
USR01395,PRD00054,2021-05-18,42,homepage
USR01396,PRD02289,2022-06-12,573,email
USR01396,PRD02519,2022-05-07,29,email
USR01396,PRD01131,2025-08-12,553,homepage
USR01397,PRD02740,2025-05-14,469,email
USR01397,PRD02246,2025-07-07,121,search
USR01397,PRD00985,2022-01-19,291,email
USR01397,PRD00373,2023-07-14,230,recommendation
USR01397,PRD01646,2022-10-27,553,email
USR01397,PRD00137,2023-11-27,570,homepage
USR01397,PRD00596,2022-03-13,348,search
USR01397,PRD01665,2023-10-06,56,social
USR01398,PRD01465,2024-08-15,453,email
USR01398,PRD00943,2022-09-17,515,recommendation
USR01398,PRD02166,2024-05-13,97,email
USR01399,PRD02467,2023-10-06,171,homepage
USR01399,PRD02632,2023-10-19,86,social
USR01400,PRD00847,2022-10-07,195,social
USR01400,PRD00086,2024-03-13,551,email
USR01400,PRD01697,2024-04-21,132,email
USR01400,PRD01070,2024-05-15,464,ad
USR01401,PRD01582,2023-01-25,184,ad
USR01402,PRD02459,2025-08-02,450,search
USR01402,PRD00631,2022-05-31,177,homepage
USR01402,PRD02932,2021-01-20,207,direct
USR01402,PRD02466,2021-10-13,99,search
USR01402,PRD00409,2024-10-04,391,search
USR01402,PRD01265,2023-10-24,92,search
USR01402,PRD01935,2023-03-30,583,recommendation
USR01402,PRD01291,2024-09-25,174,email
USR01403,PRD02714,2022-02-18,19,social
USR01403,PRD01728,2023-01-31,45,search
USR01403,PRD01233,2025-04-25,40,search
USR01403,PRD00349,2023-06-10,308,recommendation
USR01403,PRD02148,2021-07-16,465,direct
USR01403,PRD02986,2024-06-22,467,ad
USR01403,PRD02129,2025-12-13,137,homepage
USR01404,PRD02909,2021-09-08,286,search
USR01404,PRD01735,2021-06-25,161,direct
USR01404,PRD02812,2022-02-21,89,recommendation
USR01404,PRD02900,2021-11-07,269,search
USR01405,PRD00091,2022-05-05,533,social
USR01405,PRD01957,2023-06-29,236,ad
USR01405,PRD00442,2021-11-27,399,recommendation
USR01405,PRD00100,2021-04-25,468,direct
USR01406,PRD01206,2021-03-26,432,direct
USR01406,PRD00940,2021-08-10,136,ad
USR01406,PRD00626,2022-11-02,358,direct
USR01406,PRD01366,2025-07-14,103,search
USR01406,PRD02354,2023-08-10,179,email
USR01406,PRD00879,2021-07-23,455,direct
USR01407,PRD02850,2023-06-26,146,search
USR01407,PRD01590,2025-10-26,380,direct
USR01407,PRD01439,2025-08-19,128,direct
USR01408,PRD02378,2025-08-10,512,homepage
USR01408,PRD02071,2023-04-18,204,email
USR01408,PRD00588,2024-12-16,59,homepage
USR01408,PRD01762,2021-07-12,209,ad
USR01408,PRD02282,2025-11-11,413,email
USR01409,PRD01327,2022-01-07,564,homepage
USR01409,PRD00457,2025-02-08,572,email
USR01409,PRD02844,2021-03-06,298,recommendation
USR01410,PRD02912,2022-02-05,514,direct
USR01411,PRD00223,2022-04-13,264,email
USR01411,PRD01550,2022-03-25,203,direct
USR01411,PRD01235,2023-07-21,364,direct
USR01411,PRD02445,2024-09-13,310,direct
USR01412,PRD00849,2022-03-30,73,email
USR01412,PRD02470,2023-04-19,380,search
USR01412,PRD00940,2024-02-19,183,direct
USR01412,PRD00073,2022-10-12,163,email
USR01413,PRD00037,2024-09-30,49,social
USR01414,PRD01899,2023-04-08,321,homepage
USR01414,PRD01695,2024-06-27,287,direct
USR01414,PRD02747,2025-03-10,534,ad
USR01414,PRD02170,2022-01-15,325,social
USR01414,PRD01422,2021-09-04,588,search
USR01414,PRD02807,2021-06-08,20,email
USR01414,PRD02198,2025-11-27,590,direct
USR01415,PRD00465,2021-03-27,342,social
USR01415,PRD01010,2021-04-07,486,social
USR01416,PRD02854,2021-02-25,116,email
USR01416,PRD00717,2024-05-03,528,social
USR01416,PRD01343,2025-03-02,471,email
USR01416,PRD01128,2022-09-14,554,direct
USR01417,PRD00077,2025-09-25,478,recommendation
USR01417,PRD02818,2025-09-02,372,social
USR01417,PRD02853,2022-09-28,519,ad
USR01417,PRD01400,2024-02-27,196,direct
USR01418,PRD00491,2022-05-05,570,email
USR01418,PRD00074,2022-06-15,191,recommendation
USR01418,PRD00512,2025-03-14,339,social
USR01418,PRD02002,2021-03-15,459,social
USR01419,PRD00537,2024-10-19,163,homepage
USR01419,PRD01334,2023-11-04,585,search
USR01419,PRD01185,2024-11-01,51,social
USR01419,PRD00663,2025-01-23,421,ad
USR01419,PRD01416,2021-06-10,81,direct
USR01419,PRD02515,2021-10-10,30,recommendation
USR01419,PRD01477,2022-03-20,99,recommendation
USR01419,PRD02936,2023-08-09,35,homepage
USR01420,PRD02378,2024-11-22,22,search
USR01420,PRD01099,2023-04-04,267,recommendation
USR01420,PRD01772,2025-10-21,493,social
USR01420,PRD02560,2025-04-23,511,recommendation
USR01421,PRD01621,2022-09-03,16,homepage
USR01421,PRD02694,2021-02-16,255,email
USR01421,PRD02906,2021-12-26,453,email
USR01421,PRD01553,2022-03-21,598,email
USR01421,PRD01406,2024-06-10,555,recommendation
USR01422,PRD00737,2024-11-06,68,email
USR01422,PRD02269,2024-03-28,299,email
USR01422,PRD02438,2021-03-25,548,direct
USR01422,PRD01196,2025-10-14,16,recommendation
USR01423,PRD01895,2022-03-02,472,recommendation
USR01423,PRD02734,2024-07-20,345,ad
USR01423,PRD02552,2021-08-26,184,search
USR01423,PRD02697,2025-10-30,155,search
USR01423,PRD00016,2024-04-09,127,recommendation
USR01423,PRD02472,2021-05-27,420,direct
USR01423,PRD02647,2025-05-05,557,ad
USR01423,PRD02048,2022-10-22,458,recommendation
USR01424,PRD00611,2021-09-26,47,search
USR01424,PRD02627,2024-01-23,274,recommendation
USR01424,PRD00400,2023-02-22,579,direct
USR01425,PRD01107,2023-02-05,479,recommendation
USR01425,PRD02685,2023-02-20,436,email
USR01425,PRD00662,2025-09-11,587,search
USR01425,PRD01318,2023-01-13,291,social
USR01425,PRD01955,2021-10-02,548,social
USR01425,PRD00724,2025-08-03,305,direct
USR01425,PRD01757,2023-09-16,236,direct
USR01426,PRD01445,2025-03-15,422,email
USR01426,PRD02447,2025-03-28,579,recommendation
USR01426,PRD02032,2024-11-28,344,search
USR01426,PRD02054,2023-11-23,142,ad
USR01426,PRD01095,2023-02-13,196,search
USR01426,PRD01779,2022-11-15,487,search
USR01426,PRD00210,2024-07-18,554,homepage
USR01426,PRD00398,2021-05-12,566,direct
USR01427,PRD00745,2023-08-30,180,homepage
USR01427,PRD00992,2021-05-24,488,recommendation
USR01427,PRD01408,2025-04-07,120,homepage
USR01427,PRD01157,2024-02-10,180,email
USR01428,PRD02902,2023-06-26,449,ad
USR01428,PRD02360,2024-08-01,310,search
USR01428,PRD01956,2021-01-17,496,ad
USR01428,PRD00209,2024-05-12,442,homepage
USR01428,PRD02430,2025-09-01,466,email
USR01428,PRD01141,2021-01-18,505,social
USR01428,PRD00549,2024-10-12,586,social
USR01429,PRD01606,2023-03-28,479,ad
USR01429,PRD00262,2022-05-01,323,search
USR01429,PRD02548,2025-09-04,382,search
USR01429,PRD00589,2023-05-02,290,direct
USR01430,PRD02216,2023-06-26,196,ad
USR01430,PRD00898,2023-12-29,395,direct
USR01431,PRD02744,2023-12-10,423,search
USR01431,PRD01414,2024-05-13,178,ad
USR01431,PRD00119,2023-04-27,321,homepage
USR01431,PRD00799,2025-06-01,168,ad
USR01431,PRD00483,2024-02-15,57,social
USR01431,PRD00452,2024-08-18,123,email
USR01431,PRD01739,2025-06-30,555,search
USR01432,PRD02650,2025-08-03,322,ad
USR01432,PRD02776,2023-12-04,419,search
USR01432,PRD00992,2025-03-18,227,homepage
USR01432,PRD00618,2022-02-02,314,social
USR01432,PRD01852,2024-12-14,176,email
USR01432,PRD02340,2021-01-27,527,ad
USR01432,PRD02938,2022-05-27,263,direct
USR01433,PRD00169,2023-12-17,13,recommendation
USR01433,PRD00749,2024-06-05,558,email
USR01433,PRD00189,2022-01-09,40,ad
USR01433,PRD01013,2025-10-12,270,ad
USR01433,PRD02459,2022-05-27,302,homepage
USR01433,PRD01009,2025-02-10,221,search
USR01433,PRD01320,2025-03-11,398,social
USR01433,PRD02993,2021-10-16,131,direct
USR01434,PRD00240,2025-07-22,191,homepage
USR01434,PRD00269,2021-03-19,245,direct
USR01435,PRD02052,2024-08-20,401,social
USR01436,PRD02493,2022-02-07,437,recommendation
USR01436,PRD02396,2021-09-06,238,ad
USR01437,PRD01560,2025-10-12,316,search
USR01437,PRD02820,2021-09-23,170,search
USR01437,PRD02075,2021-11-17,353,email
USR01437,PRD02511,2021-06-29,50,search
USR01438,PRD01719,2021-12-24,245,ad
USR01438,PRD00362,2021-09-17,412,email
USR01438,PRD02863,2025-11-05,338,direct
USR01439,PRD01656,2021-10-10,320,social
USR01439,PRD02804,2023-06-20,518,recommendation
USR01439,PRD02081,2023-01-18,410,search
USR01439,PRD00652,2024-02-20,458,recommendation
USR01440,PRD01929,2025-11-03,408,search
USR01440,PRD01786,2023-06-03,199,recommendation
USR01441,PRD01060,2021-12-21,30,ad
USR01441,PRD00413,2021-08-21,489,ad
USR01441,PRD02724,2022-02-24,563,social
USR01441,PRD02489,2021-09-15,98,recommendation
USR01441,PRD01698,2025-11-08,132,search
USR01441,PRD02389,2021-09-11,594,ad
USR01442,PRD02344,2021-08-27,227,recommendation
USR01442,PRD00688,2025-10-30,237,search
USR01442,PRD01339,2022-03-12,41,email
USR01442,PRD00416,2021-01-05,547,recommendation
USR01443,PRD00651,2022-05-16,118,ad
USR01443,PRD02738,2021-11-17,57,search
USR01443,PRD01236,2023-12-18,482,ad
USR01443,PRD00934,2022-12-21,302,recommendation
USR01444,PRD00581,2023-02-07,465,direct
USR01444,PRD01148,2025-12-02,22,search
USR01444,PRD02835,2022-10-08,110,email
USR01444,PRD02599,2021-09-13,308,direct
USR01444,PRD00872,2023-01-06,412,homepage
USR01444,PRD02053,2021-12-01,359,ad
USR01444,PRD00273,2023-01-13,285,search
USR01445,PRD01401,2023-06-07,226,search
USR01445,PRD00494,2022-08-05,362,search
USR01445,PRD01654,2022-06-22,556,direct
USR01445,PRD01993,2023-05-02,470,recommendation
USR01446,PRD02093,2022-07-20,470,direct
USR01446,PRD02454,2024-06-17,56,email
USR01446,PRD00537,2023-02-04,78,recommendation
USR01446,PRD01483,2024-05-15,227,direct
USR01446,PRD00114,2024-07-03,82,social
USR01446,PRD01159,2025-10-15,552,social
USR01446,PRD00655,2022-06-11,158,search
USR01447,PRD00094,2023-10-07,40,homepage
USR01447,PRD02220,2023-12-07,245,email
USR01448,PRD02984,2024-04-06,330,email
USR01448,PRD00814,2022-04-07,389,recommendation
USR01449,PRD02588,2022-06-22,328,search
USR01449,PRD02310,2021-10-03,301,homepage
USR01449,PRD00416,2022-09-23,553,search
USR01449,PRD02249,2023-06-11,270,recommendation
USR01449,PRD02567,2024-08-05,93,direct
USR01449,PRD01618,2022-01-17,388,search
USR01450,PRD01074,2021-05-11,167,homepage
USR01451,PRD01941,2022-09-26,102,recommendation
USR01451,PRD01158,2021-01-03,173,homepage
USR01451,PRD00477,2025-10-02,109,direct
USR01451,PRD00252,2025-12-09,527,search
USR01451,PRD00486,2021-09-04,142,direct
USR01451,PRD00472,2023-01-12,157,search
USR01451,PRD00013,2021-01-29,121,direct
USR01451,PRD02314,2023-06-06,359,ad
USR01452,PRD02912,2023-11-13,333,recommendation
USR01452,PRD01553,2025-02-09,546,homepage
USR01452,PRD01256,2022-07-20,488,social
USR01452,PRD02457,2023-08-25,129,homepage
USR01452,PRD01965,2025-11-04,455,direct
USR01452,PRD01627,2023-08-15,190,email
USR01452,PRD00267,2024-12-20,37,direct
USR01453,PRD01842,2023-11-21,520,recommendation
USR01453,PRD00813,2023-06-28,428,social
USR01453,PRD00772,2025-03-30,414,ad
USR01453,PRD00306,2023-03-08,543,social
USR01453,PRD01275,2023-04-06,164,homepage
USR01453,PRD00179,2023-08-27,423,social
USR01453,PRD00848,2025-01-14,487,email
USR01454,PRD01308,2022-08-29,155,direct
USR01454,PRD00112,2024-04-28,596,ad
USR01454,PRD02720,2023-08-31,186,homepage
USR01454,PRD02722,2023-05-02,328,social
USR01454,PRD01855,2024-01-16,287,email
USR01455,PRD02186,2023-04-10,109,homepage
USR01455,PRD01072,2021-03-06,560,direct
USR01455,PRD00647,2021-10-26,316,search
USR01455,PRD00108,2024-03-23,23,homepage
USR01455,PRD00343,2021-06-09,243,email
USR01455,PRD02954,2025-08-21,43,search
USR01455,PRD01383,2024-12-11,468,social
USR01455,PRD02120,2022-04-26,574,ad
USR01456,PRD00156,2021-11-10,456,recommendation
USR01456,PRD02707,2025-07-25,10,social
USR01456,PRD02792,2022-09-06,17,social
USR01456,PRD01999,2021-11-13,64,recommendation
USR01456,PRD02010,2025-03-18,402,direct
USR01456,PRD02602,2023-01-10,592,search
USR01457,PRD01438,2021-04-23,448,email
USR01457,PRD00188,2025-04-27,443,recommendation
USR01457,PRD01651,2025-10-03,516,social
USR01458,PRD01633,2023-11-05,67,homepage
USR01458,PRD02864,2025-10-29,511,ad
USR01458,PRD02418,2022-07-23,108,ad
USR01459,PRD01060,2025-08-15,342,recommendation
USR01459,PRD00871,2024-03-03,213,direct
USR01459,PRD01025,2023-01-19,517,social
USR01459,PRD00382,2022-08-02,240,homepage
USR01459,PRD01912,2022-07-22,74,ad
USR01459,PRD01507,2024-08-08,461,homepage
USR01459,PRD02171,2021-08-08,184,homepage
USR01459,PRD01677,2022-06-23,476,social
USR01460,PRD01262,2025-10-30,545,email
USR01460,PRD01543,2022-01-26,155,ad
USR01460,PRD02497,2022-06-18,155,ad
USR01460,PRD01134,2023-09-30,315,ad
USR01460,PRD02518,2022-05-10,554,social
USR01460,PRD00639,2023-08-03,595,email
USR01460,PRD00792,2021-05-18,6,search
USR01460,PRD00650,2022-04-07,299,homepage
USR01461,PRD01256,2022-01-13,267,ad
USR01461,PRD02560,2022-12-19,358,social
USR01461,PRD00622,2023-04-08,313,email
USR01461,PRD02429,2022-06-23,436,social
USR01461,PRD01017,2022-04-02,516,direct
USR01461,PRD00454,2022-02-10,109,search
USR01462,PRD02487,2021-07-13,260,recommendation
USR01462,PRD02285,2024-02-03,92,email
USR01462,PRD01681,2022-12-12,558,search
USR01462,PRD02065,2022-08-27,472,search
USR01462,PRD02016,2021-05-30,53,ad
USR01462,PRD02116,2023-01-25,327,recommendation
USR01462,PRD01062,2021-05-02,479,recommendation
USR01463,PRD01198,2024-01-03,440,email
USR01463,PRD02511,2021-05-23,576,homepage
USR01463,PRD02531,2023-03-22,260,ad
USR01463,PRD02673,2025-07-24,263,ad
USR01464,PRD01636,2021-11-04,461,direct
USR01464,PRD01554,2022-01-13,164,email
USR01465,PRD02376,2024-06-11,77,ad
USR01465,PRD00444,2024-07-31,411,ad
USR01465,PRD01706,2021-06-27,521,direct
USR01465,PRD02348,2024-01-12,245,direct
USR01465,PRD00377,2021-07-08,455,direct
USR01465,PRD01124,2021-08-08,29,direct
USR01465,PRD02620,2022-09-21,207,homepage
USR01465,PRD02352,2021-09-25,423,search
USR01466,PRD00734,2021-11-09,431,direct
USR01466,PRD02027,2024-01-16,543,ad
USR01466,PRD01958,2021-01-17,584,search
USR01466,PRD00497,2024-12-28,43,social
USR01466,PRD00335,2025-10-06,402,ad
USR01466,PRD02663,2022-05-22,444,search
USR01466,PRD00090,2023-01-19,184,ad
USR01467,PRD02587,2024-10-10,591,homepage
USR01467,PRD02279,2022-02-09,373,search
USR01467,PRD02540,2021-01-03,217,social
USR01467,PRD00698,2021-07-06,373,ad
USR01467,PRD02172,2025-02-15,437,homepage
USR01468,PRD00418,2021-05-04,126,homepage
USR01468,PRD00688,2021-07-14,368,recommendation
USR01468,PRD01939,2025-07-08,206,homepage
USR01468,PRD01937,2024-05-15,49,direct
USR01468,PRD02588,2023-08-24,60,ad
USR01468,PRD01856,2021-07-15,292,ad
USR01469,PRD02975,2024-07-23,548,ad
USR01469,PRD00553,2021-12-30,218,homepage
USR01469,PRD01926,2021-03-26,217,social
USR01469,PRD00111,2024-05-14,377,search
USR01469,PRD02895,2025-10-24,558,search
USR01469,PRD02798,2023-09-26,111,ad
USR01470,PRD00484,2025-08-19,367,social
USR01471,PRD01313,2024-06-11,106,social
USR01471,PRD02254,2025-04-20,339,social
USR01471,PRD01936,2021-04-30,224,email
USR01471,PRD00656,2021-09-08,284,search
USR01471,PRD02127,2025-09-09,147,ad
USR01471,PRD02499,2023-01-03,296,email
USR01472,PRD01598,2025-04-03,293,search
USR01473,PRD00898,2025-04-28,463,direct
USR01473,PRD01370,2022-11-17,169,search
USR01473,PRD01479,2023-02-02,62,ad
USR01473,PRD02672,2021-12-15,455,email
USR01474,PRD00769,2023-03-11,495,search
USR01474,PRD02344,2025-08-19,522,recommendation
USR01475,PRD00298,2022-03-10,283,search
USR01475,PRD00909,2021-03-06,451,homepage
USR01475,PRD00886,2023-04-08,559,social
USR01475,PRD00819,2024-07-30,206,social
USR01475,PRD02818,2023-02-22,243,ad
USR01475,PRD00034,2025-04-18,266,recommendation
USR01476,PRD00271,2023-01-30,386,direct
USR01476,PRD01548,2022-03-18,514,direct
USR01476,PRD00237,2021-12-09,475,email
USR01476,PRD00165,2021-11-23,337,homepage
USR01476,PRD02049,2021-07-13,362,homepage
USR01476,PRD02177,2025-05-19,587,email
USR01476,PRD01743,2021-08-03,533,recommendation
USR01477,PRD01199,2023-02-13,87,direct
USR01477,PRD00718,2023-06-16,345,search
USR01477,PRD01386,2021-02-26,211,ad
USR01477,PRD01727,2021-04-27,200,email
USR01477,PRD00470,2021-12-17,200,search
USR01477,PRD00316,2025-11-30,504,email
USR01477,PRD01476,2021-03-06,131,ad
USR01477,PRD00724,2023-12-19,54,ad
USR01478,PRD02805,2024-12-06,472,homepage
USR01478,PRD00371,2021-11-16,91,homepage
USR01478,PRD00523,2023-08-19,449,recommendation
USR01478,PRD00619,2022-12-04,85,homepage
USR01478,PRD01266,2021-10-29,441,email
USR01478,PRD02941,2022-05-18,587,search
USR01478,PRD02798,2022-06-03,118,homepage
USR01478,PRD02646,2021-08-29,186,homepage
USR01479,PRD01619,2021-07-15,485,recommendation
USR01479,PRD02955,2023-04-07,444,email
USR01479,PRD00375,2025-07-29,434,search
USR01479,PRD00842,2024-11-21,344,email
USR01479,PRD02400,2023-04-30,420,search
USR01480,PRD01189,2023-03-27,137,homepage
USR01480,PRD02116,2023-12-30,350,direct
USR01480,PRD00497,2022-09-21,101,homepage
USR01480,PRD02485,2025-03-01,164,email
USR01480,PRD01490,2023-02-19,385,email
USR01480,PRD00413,2025-08-07,86,social
USR01481,PRD02205,2025-12-20,473,direct
USR01481,PRD02429,2021-04-07,88,homepage
USR01481,PRD00806,2024-07-17,362,direct
USR01481,PRD00228,2023-04-01,485,social
USR01481,PRD02851,2023-03-25,287,direct
USR01481,PRD02722,2025-05-12,195,homepage
USR01482,PRD02525,2021-05-25,211,direct
USR01482,PRD01481,2023-04-10,457,social
USR01482,PRD01937,2025-12-20,501,search
USR01482,PRD01241,2021-09-20,481,social
USR01482,PRD01995,2022-03-29,53,email
USR01482,PRD00267,2022-10-16,491,recommendation
USR01483,PRD01721,2024-05-09,403,social
USR01483,PRD00816,2022-06-17,312,recommendation
USR01483,PRD02692,2022-02-17,401,direct
USR01484,PRD00116,2022-10-07,88,homepage
USR01484,PRD02236,2021-06-18,34,search
USR01485,PRD02945,2022-12-09,119,email
USR01485,PRD00968,2022-09-29,81,direct
USR01485,PRD01371,2022-12-06,343,search
USR01485,PRD00526,2022-02-14,300,homepage
USR01485,PRD00747,2025-07-06,593,ad
USR01485,PRD02863,2023-05-13,285,homepage
USR01486,PRD00483,2023-05-14,345,search
USR01486,PRD01755,2021-02-14,355,search
USR01486,PRD01845,2025-08-05,271,search
USR01487,PRD00017,2023-08-03,186,homepage
USR01487,PRD02144,2024-09-02,351,recommendation
USR01487,PRD00679,2024-01-21,457,recommendation
USR01487,PRD02059,2021-10-15,588,direct
USR01487,PRD01010,2025-02-18,24,ad
USR01487,PRD02806,2025-07-16,300,direct
USR01488,PRD02639,2021-03-09,514,direct
USR01488,PRD00328,2021-01-25,257,search
USR01488,PRD01112,2021-11-11,132,search
USR01489,PRD01421,2022-03-29,38,homepage
USR01489,PRD02442,2021-06-09,337,social
USR01489,PRD01348,2024-06-20,420,ad
USR01489,PRD00219,2024-08-01,250,ad
USR01489,PRD02208,2022-08-03,300,recommendation
USR01489,PRD02008,2024-09-15,43,ad
USR01489,PRD02897,2022-10-04,325,social
USR01490,PRD01441,2021-06-02,447,email
USR01490,PRD01408,2021-02-08,54,recommendation
USR01490,PRD01454,2023-04-17,90,email
USR01490,PRD01538,2022-07-24,573,email
USR01491,PRD02798,2022-07-05,228,homepage
USR01491,PRD02751,2025-06-19,308,social
USR01491,PRD00744,2025-01-06,258,social
USR01491,PRD02121,2025-11-13,174,ad
USR01492,PRD00057,2025-03-03,24,direct
USR01492,PRD00042,2025-11-07,15,recommendation
USR01492,PRD01676,2022-03-14,424,direct
USR01492,PRD01913,2021-06-11,284,recommendation
USR01492,PRD02672,2025-07-28,512,social
USR01492,PRD02577,2024-03-30,411,homepage
USR01493,PRD00206,2023-05-24,473,email
USR01493,PRD00399,2023-01-10,25,recommendation
USR01493,PRD00315,2023-05-06,144,email
USR01494,PRD00682,2021-11-27,331,recommendation
USR01494,PRD00771,2025-06-28,532,homepage
USR01494,PRD00267,2024-10-12,364,search
USR01495,PRD01922,2025-04-05,487,direct
USR01496,PRD00876,2021-07-27,171,search
USR01496,PRD01043,2022-01-10,394,homepage
USR01496,PRD02167,2022-12-17,471,homepage
USR01496,PRD01834,2022-10-13,406,social
USR01496,PRD02849,2022-07-07,424,social
USR01496,PRD01652,2021-10-06,371,search
USR01496,PRD02925,2022-01-16,69,social
USR01497,PRD00597,2022-08-22,6,recommendation
USR01498,PRD01730,2021-11-24,296,homepage
USR01498,PRD00607,2023-08-04,107,social
USR01499,PRD02482,2022-02-05,133,social
USR01499,PRD00497,2024-03-18,29,ad
USR01499,PRD01108,2023-03-13,426,direct
USR01499,PRD00215,2021-11-10,523,direct
USR01499,PRD02694,2023-08-22,599,search
USR01499,PRD00598,2022-04-17,130,recommendation
USR01500,PRD00395,2024-12-11,477,email
USR01500,PRD01464,2024-11-18,401,recommendation
USR01500,PRD01939,2025-01-08,34,homepage
USR01500,PRD00978,2021-06-20,411,homepage
USR01500,PRD02214,2022-03-30,196,social
USR01500,PRD02188,2024-09-06,238,search
