productId,categoryId,assignedAt,isPrimary,rank
PRD00001,CAT0011,2022-07-11,true,1
PRD00001,CAT0129,2021-05-08,false,5
PRD00002,CAT0011,2024-08-12,true,1
PRD00003,CAT0011,2022-09-15,true,1
PRD00004,CAT0011,2019-09-24,true,1
PRD00005,CAT0011,2020-04-06,true,1
PRD00006,CAT0011,2021-09-03,true,1
PRD00007,CAT0011,2019-06-17,true,1
PRD00008,CAT0011,2021-05-24,true,1
PRD00009,CAT0011,2021-11-16,true,1
PRD00010,CAT0011,2021-04-19,true,1
PRD00010,CAT0073,2023-01-22,false,2
PRD00011,CAT0011,2024-11-18,true,1
PRD00011,CAT0018,2020-05-17,false,2
PRD00012,CAT0011,2023-09-02,true,1
PRD00013,CAT0011,2023-06-30,true,1
PRD00014,CAT0011,2020-01-18,true,1
PRD00015,CAT0011,2021-06-03,true,1
PRD00015,CAT0049,2020-12-17,false,5
PRD00016,CAT0011,2024-04-11,true,1
PRD00017,CAT0011,2020-11-20,true,1
PRD00018,CAT0011,2023-04-26,true,1
PRD00019,CAT0011,2021-08-31,true,1
PRD00020,CAT0011,2024-01-05,true,1
PRD00021,CAT0011,2022-10-11,true,1
PRD00022,CAT0011,2019-04-21,true,1
PRD00023,CAT0011,2023-10-30,true,1
PRD00024,CAT0011,2024-10-14,true,1
PRD00024,CAT0097,2025-01-06,false,2
PRD00025,CAT0011,2019-08-24,true,1
PRD00026,CAT0011,2023-12-14,true,1
PRD00027,CAT0011,2023-02-22,true,1
PRD00027,CAT0084,2021-10-26,false,2
PRD00028,CAT0011,2023-04-16,true,1
PRD00029,CAT0011,2024-08-05,true,1
PRD00030,CAT0012,2022-01-17,true,1
PRD00031,CAT0012,2023-01-03,true,1
PRD00032,CAT0012,2021-03-12,true,1
PRD00033,CAT0012,2019-12-15,true,1
PRD00034,CAT0012,2023-11-16,true,1
PRD00035,CAT0012,2022-09-22,true,1
PRD00036,CAT0012,2021-10-03,true,1
PRD00037,CAT0012,2024-03-08,true,1
PRD00038,CAT0012,2020-03-10,true,1
PRD00039,CAT0012,2023-08-08,true,1
PRD00040,CAT0012,2024-10-06,true,1
PRD00041,CAT0012,2019-01-30,true,1
PRD00042,CAT0012,2023-03-20,true,1
PRD00043,CAT0012,2021-09-03,true,1
PRD00043,CAT0021,2025-03-16,false,2
PRD00044,CAT0012,2021-06-11,true,1
PRD00044,CAT0031,2025-03-16,false,5
PRD00045,CAT0012,2020-06-10,true,1
PRD00045,CAT0045,2023-09-01,false,4
PRD00046,CAT0012,2024-12-15,true,1
PRD00047,CAT0012,2019-12-14,true,1
PRD00048,CAT0012,2020-04-21,true,1
PRD00048,CAT0113,2025-03-12,false,5
PRD00049,CAT0012,2020-02-08,true,1
PRD00050,CAT0012,2020-01-26,true,1
PRD00051,CAT0012,2024-01-17,true,1
PRD00052,CAT0012,2021-12-25,true,1
PRD00053,CAT0012,2021-12-14,true,1
PRD00054,CAT0012,2023-11-16,true,1
PRD00055,CAT0012,2019-03-21,true,1
PRD00055,CAT0036,2023-11-14,false,5
PRD00056,CAT0012,2023-08-12,true,1
PRD00057,CAT0013,2020-01-14,true,1
PRD00057,CAT0066,2023-05-06,false,4
PRD00058,CAT0013,2022-05-19,true,1
PRD00059,CAT0013,2023-12-10,true,1
PRD00060,CAT0013,2022-12-16,true,1
PRD00060,CAT0101,2020-09-18,false,4
PRD00061,CAT0013,2019-03-15,true,1
PRD00062,CAT0013,2019-10-01,true,1
PRD00063,CAT0013,2021-12-19,true,1
PRD00063,CAT0006,2023-10-03,false,4
PRD00064,CAT0013,2022-05-16,true,1
PRD00065,CAT0013,2023-09-28,true,1
PRD00065,CAT0096,2021-08-15,false,2
PRD00066,CAT0013,2023-09-21,true,1
PRD00067,CAT0013,2024-02-14,true,1
PRD00068,CAT0013,2021-06-08,true,1
PRD00069,CAT0013,2019-07-17,true,1
PRD00070,CAT0013,2023-07-12,true,1
PRD00071,CAT0013,2023-07-06,true,1
PRD00072,CAT0013,2020-09-13,true,1
PRD00073,CAT0013,2022-05-03,true,1
PRD00073,CAT0062,2021-03-01,false,4
PRD00074,CAT0013,2024-05-23,true,1
PRD00075,CAT0013,2024-07-15,true,1
PRD00075,CAT0089,2020-09-26,false,2
PRD00076,CAT0013,2020-06-20,true,1
PRD00077,CAT0013,2019-08-28,true,1
PRD00078,CAT0013,2023-11-28,true,1
PRD00079,CAT0013,2023-11-20,true,1
PRD00079,CAT0011,2024-09-22,false,2
PRD00080,CAT0013,2020-02-26,true,1
PRD00081,CAT0013,2020-08-22,true,1
PRD00082,CAT0013,2023-09-10,true,1
PRD00083,CAT0013,2021-04-25,true,1
PRD00084,CAT0013,2021-07-26,true,1
PRD00085,CAT0014,2023-09-15,true,1
PRD00085,CAT0119,2025-01-06,false,3
PRD00086,CAT0014,2023-09-03,true,1
PRD00087,CAT0014,2024-08-30,true,1
PRD00087,CAT0053,2021-06-04,false,5
PRD00088,CAT0014,2020-02-08,true,1
PRD00088,CAT0067,2021-07-13,false,5
PRD00089,CAT0014,2019-01-23,true,1
PRD00089,CAT0033,2022-05-25,false,3
PRD00090,CAT0014,2020-06-27,true,1
PRD00091,CAT0014,2019-08-24,true,1
PRD00091,CAT0084,2022-07-01,false,2
PRD00092,CAT0014,2022-02-02,true,1
PRD00093,CAT0014,2023-06-23,true,1
PRD00094,CAT0014,2022-06-19,true,1
PRD00094,CAT0117,2021-01-19,false,4
PRD00095,CAT0014,2021-06-20,true,1
PRD00095,CAT0020,2023-10-25,false,5
PRD00096,CAT0014,2022-04-23,true,1
PRD00097,CAT0014,2021-06-19,true,1
PRD00098,CAT0014,2023-08-26,true,1
PRD00098,CAT0118,2023-10-22,false,3
PRD00099,CAT0014,2020-03-12,true,1
PRD00100,CAT0014,2021-11-25,true,1
PRD00101,CAT0014,2021-08-27,true,1
PRD00101,CAT0074,2021-09-09,false,2
PRD00102,CAT0014,2022-11-12,true,1
PRD00102,CAT0107,2022-11-03,false,4
PRD00103,CAT0014,2024-11-03,true,1
PRD00104,CAT0014,2019-09-16,true,1
PRD00105,CAT0014,2021-03-06,true,1
PRD00106,CAT0014,2021-05-07,true,1
PRD00107,CAT0014,2021-04-29,true,1
PRD00108,CAT0014,2020-10-21,true,1
PRD00108,CAT0012,2025-03-25,false,2
PRD00109,CAT0014,2020-01-27,true,1
PRD00110,CAT0014,2019-12-09,true,1
PRD00111,CAT0014,2022-10-01,true,1
PRD00112,CAT0014,2021-12-12,true,1
PRD00113,CAT0014,2019-12-25,true,1
PRD00114,CAT0014,2023-02-15,true,1
PRD00114,CAT0027,2022-02-19,false,3
PRD00115,CAT0014,2022-04-04,true,1
PRD00115,CAT0020,2025-04-05,false,2
PRD00116,CAT0014,2022-05-30,true,1
PRD00117,CAT0015,2022-11-01,true,1
PRD00118,CAT0015,2024-04-23,true,1
PRD00119,CAT0015,2023-05-10,true,1
PRD00120,CAT0015,2023-03-24,true,1
PRD00120,CAT0052,2024-08-10,false,5
PRD00121,CAT0015,2020-02-27,true,1
PRD00121,CAT0032,2021-07-12,false,2
PRD00122,CAT0015,2021-07-23,true,1
PRD00123,CAT0015,2023-02-11,true,1
PRD00124,CAT0015,2024-05-18,true,1
PRD00125,CAT0015,2020-05-15,true,1
PRD00126,CAT0015,2023-12-26,true,1
PRD00127,CAT0015,2022-11-12,true,1
PRD00128,CAT0015,2020-12-08,true,1
PRD00128,CAT0002,2020-07-12,false,3
PRD00129,CAT0015,2021-01-27,true,1
PRD00130,CAT0015,2020-12-31,true,1
PRD00130,CAT0116,2021-01-10,false,5
PRD00131,CAT0015,2023-04-27,true,1
PRD00132,CAT0015,2021-06-08,true,1
PRD00133,CAT0015,2021-02-27,true,1
PRD00134,CAT0015,2022-12-27,true,1
PRD00135,CAT0015,2024-01-24,true,1
PRD00136,CAT0015,2020-10-16,true,1
PRD00137,CAT0015,2019-09-28,true,1
PRD00137,CAT0035,2021-10-24,false,5
PRD00138,CAT0015,2019-02-05,true,1
PRD00139,CAT0015,2021-05-19,true,1
PRD00140,CAT0015,2023-09-24,true,1
PRD00141,CAT0015,2023-10-24,true,1
PRD00142,CAT0016,2020-05-29,true,1
PRD00142,CAT0030,2021-01-17,false,5
PRD00143,CAT0016,2021-10-02,true,1
PRD00143,CAT0020,2020-06-13,false,2
PRD00144,CAT0016,2019-05-07,true,1
PRD00145,CAT0016,2021-12-10,true,1
PRD00146,CAT0016,2019-07-16,true,1
PRD00147,CAT0016,2021-01-31,true,1
PRD00148,CAT0016,2019-07-11,true,1
PRD00149,CAT0016,2022-10-26,true,1
PRD00150,CAT0016,2023-09-07,true,1
PRD00151,CAT0016,2023-06-29,true,1
PRD00152,CAT0016,2019-12-31,true,1
PRD00152,CAT0092,2022-05-12,false,5
PRD00153,CAT0016,2021-01-13,true,1
PRD00153,CAT0059,2022-01-18,false,2
PRD00154,CAT0016,2020-11-13,true,1
PRD00155,CAT0016,2021-05-28,true,1
PRD00155,CAT0069,2025-12-05,false,2
PRD00156,CAT0016,2024-07-07,true,1
PRD00157,CAT0016,2023-08-04,true,1
PRD00158,CAT0016,2023-11-20,true,1
PRD00159,CAT0016,2024-04-21,true,1
PRD00160,CAT0016,2022-07-12,true,1
PRD00161,CAT0016,2022-12-14,true,1
PRD00162,CAT0016,2020-11-03,true,1
PRD00163,CAT0016,2020-02-14,true,1
PRD00164,CAT0016,2021-08-24,true,1
PRD00165,CAT0016,2020-11-11,true,1
PRD00166,CAT0016,2022-04-25,true,1
PRD00167,CAT0017,2021-08-26,true,1
PRD00168,CAT0017,2021-12-07,true,1
PRD00169,CAT0017,2019-09-27,true,1
PRD00170,CAT0017,2023-07-22,true,1
PRD00170,CAT0068,2025-03-21,false,2
PRD00171,CAT0017,2020-10-09,true,1
PRD00171,CAT0055,2022-12-27,false,4
PRD00172,CAT0017,2022-04-01,true,1
PRD00173,CAT0017,2022-05-22,true,1
PRD00174,CAT0017,2024-11-21,true,1
PRD00175,CAT0017,2023-06-07,true,1
PRD00176,CAT0017,2022-06-25,true,1
PRD00177,CAT0017,2022-09-07,true,1
PRD00177,CAT0068,2021-12-26,false,2
PRD00178,CAT0017,2023-02-16,true,1
PRD00179,CAT0017,2020-01-17,true,1
PRD00180,CAT0017,2023-04-04,true,1
PRD00181,CAT0017,2024-05-18,true,1
PRD00181,CAT0052,2020-12-15,false,4
PRD00182,CAT0017,2021-08-17,true,1
PRD00183,CAT0017,2020-06-15,true,1
PRD00184,CAT0017,2022-02-27,true,1
PRD00185,CAT0017,2020-04-17,true,1
PRD00186,CAT0017,2020-06-25,true,1
PRD00186,CAT0091,2023-08-14,false,4
PRD00187,CAT0017,2023-02-11,true,1
PRD00188,CAT0017,2020-08-26,true,1
PRD00189,CAT0017,2020-04-02,true,1
PRD00190,CAT0017,2023-12-14,true,1
PRD00190,CAT0003,2024-08-19,false,5
PRD00191,CAT0017,2023-12-13,true,1
PRD00192,CAT0017,2021-06-10,true,1
PRD00192,CAT0118,2020-04-18,false,3
PRD00193,CAT0017,2021-05-25,true,1
PRD00194,CAT0017,2023-06-07,true,1
PRD00194,CAT0123,2023-11-08,false,3
PRD00195,CAT0017,2020-04-19,true,1
PRD00196,CAT0017,2019-12-24,true,1
PRD00197,CAT0017,2021-02-18,true,1
PRD00198,CAT0017,2020-10-09,true,1
PRD00199,CAT0018,2019-12-10,true,1
PRD00200,CAT0018,2021-05-13,true,1
PRD00201,CAT0018,2022-08-05,true,1
PRD00201,CAT0061,2025-08-11,false,4
PRD00202,CAT0018,2024-12-19,true,1
PRD00203,CAT0018,2022-08-11,true,1
PRD00204,CAT0018,2023-01-27,true,1
PRD00204,CAT0031,2023-11-17,false,2
PRD00205,CAT0018,2019-12-21,true,1
PRD00206,CAT0018,2020-06-29,true,1
PRD00207,CAT0018,2024-08-19,true,1
PRD00208,CAT0018,2023-07-25,true,1
PRD00208,CAT0121,2024-05-27,false,3
PRD00209,CAT0018,2024-03-07,true,1
PRD00210,CAT0018,2020-12-26,true,1
PRD00211,CAT0018,2024-09-01,true,1
PRD00212,CAT0018,2022-06-03,true,1
PRD00213,CAT0018,2023-01-25,true,1
PRD00214,CAT0018,2022-12-08,true,1
PRD00214,CAT0069,2025-01-26,false,4
PRD00215,CAT0018,2021-04-13,true,1
PRD00216,CAT0018,2019-10-13,true,1
PRD00217,CAT0018,2023-04-26,true,1
PRD00218,CAT0018,2021-09-26,true,1
PRD00219,CAT0018,2022-08-09,true,1
PRD00220,CAT0018,2022-09-28,true,1
PRD00221,CAT0018,2020-01-01,true,1
PRD00221,CAT0037,2021-07-26,false,2
PRD00222,CAT0018,2024-11-04,true,1
PRD00223,CAT0018,2024-08-21,true,1
PRD00224,CAT0018,2020-02-15,true,1
PRD00224,CAT0033,2020-08-07,false,4
PRD00225,CAT0019,2021-09-30,true,1
PRD00225,CAT0060,2020-04-07,false,3
PRD00226,CAT0019,2021-01-29,true,1
PRD00226,CAT0011,2021-11-06,false,4
PRD00227,CAT0019,2019-10-10,true,1
PRD00228,CAT0019,2023-10-14,true,1
PRD00229,CAT0019,2023-12-02,true,1
PRD00229,CAT0104,2025-12-12,false,3
PRD00230,CAT0019,2020-10-12,true,1
PRD00231,CAT0019,2023-03-29,true,1
PRD00232,CAT0019,2024-01-11,true,1
PRD00233,CAT0019,2019-03-17,true,1
PRD00234,CAT0019,2024-05-23,true,1
PRD00235,CAT0019,2022-09-04,true,1
PRD00236,CAT0019,2022-04-17,true,1
PRD00237,CAT0019,2023-08-05,true,1
PRD00237,CAT0090,2020-03-15,false,2
PRD00238,CAT0019,2020-08-01,true,1
PRD00238,CAT0094,2023-09-23,false,3
PRD00239,CAT0019,2019-08-01,true,1
PRD00239,CAT0087,2022-06-27,false,4
PRD00240,CAT0019,2021-03-24,true,1
PRD00241,CAT0019,2021-11-24,true,1
PRD00242,CAT0019,2021-06-30,true,1
PRD00243,CAT0019,2023-10-12,true,1
PRD00244,CAT0019,2022-09-06,true,1
PRD00245,CAT0019,2022-05-07,true,1
PRD00246,CAT0019,2021-05-12,true,1
PRD00247,CAT0019,2022-01-02,true,1
PRD00248,CAT0019,2021-01-21,true,1
PRD00248,CAT0067,2023-09-15,false,5
PRD00249,CAT0019,2021-01-09,true,1
PRD00249,CAT0089,2024-03-15,false,4
PRD00250,CAT0019,2021-07-19,true,1
PRD00250,CAT0102,2023-08-21,false,4
PRD00251,CAT0019,2022-07-23,true,1
PRD00251,CAT0100,2023-03-13,false,4
PRD00252,CAT0019,2019-02-26,true,1
PRD00253,CAT0019,2024-11-11,true,1
PRD00254,CAT0019,2023-05-24,true,1
PRD00254,CAT0041,2021-09-01,false,4
PRD00255,CAT0019,2021-03-27,true,1
PRD00256,CAT0019,2020-09-05,true,1
PRD00257,CAT0019,2024-12-19,true,1
PRD00258,CAT0020,2023-07-23,true,1
PRD00259,CAT0020,2024-09-01,true,1
PRD00260,CAT0020,2019-03-01,true,1
PRD00260,CAT0103,2023-10-26,false,3
PRD00261,CAT0020,2024-12-11,true,1
PRD00262,CAT0020,2022-06-30,true,1
PRD00263,CAT0020,2019-05-12,true,1
PRD00264,CAT0020,2021-05-15,true,1
PRD00265,CAT0020,2023-10-08,true,1
PRD00265,CAT0066,2021-01-26,false,5
PRD00266,CAT0020,2021-08-14,true,1
PRD00267,CAT0020,2019-03-15,true,1
PRD00268,CAT0020,2020-10-25,true,1
PRD00269,CAT0020,2021-12-03,true,1
PRD00270,CAT0020,2019-04-30,true,1
PRD00270,CAT0090,2020-08-04,false,3
PRD00271,CAT0020,2022-04-18,true,1
PRD00272,CAT0020,2019-01-20,true,1
PRD00273,CAT0020,2023-12-18,true,1
PRD00274,CAT0020,2021-07-17,true,1
PRD00275,CAT0020,2023-12-19,true,1
PRD00276,CAT0020,2024-09-30,true,1
PRD00277,CAT0020,2019-07-13,true,1
PRD00278,CAT0020,2024-09-11,true,1
PRD00279,CAT0020,2020-02-15,true,1
PRD00280,CAT0020,2019-04-12,true,1
PRD00281,CAT0020,2021-12-22,true,1
PRD00281,CAT0076,2025-01-05,false,4
PRD00282,CAT0020,2019-06-30,true,1
PRD00283,CAT0020,2022-06-12,true,1
PRD00284,CAT0021,2020-03-03,true,1
PRD00285,CAT0021,2024-09-29,true,1
PRD00286,CAT0021,2024-10-23,true,1
PRD00287,CAT0021,2022-12-01,true,1
PRD00288,CAT0021,2019-11-14,true,1
PRD00289,CAT0021,2023-06-29,true,1
PRD00290,CAT0021,2020-10-19,true,1
PRD00290,CAT0030,2022-03-28,false,5
PRD00291,CAT0021,2019-05-19,true,1
PRD00292,CAT0021,2023-06-19,true,1
PRD00293,CAT0021,2022-02-28,true,1
PRD00294,CAT0021,2022-06-16,true,1
PRD00295,CAT0021,2023-07-12,true,1
PRD00296,CAT0021,2021-07-30,true,1
PRD00296,CAT0080,2025-04-12,false,2
PRD00297,CAT0021,2022-06-02,true,1
PRD00297,CAT0081,2022-01-31,false,4
PRD00298,CAT0021,2020-07-21,true,1
PRD00299,CAT0021,2023-04-06,true,1
PRD00300,CAT0021,2024-02-14,true,1
PRD00301,CAT0021,2023-11-11,true,1
PRD00302,CAT0021,2023-12-27,true,1
PRD00303,CAT0021,2023-07-30,true,1
PRD00304,CAT0021,2023-12-11,true,1
PRD00305,CAT0021,2023-09-13,true,1
PRD00305,CAT0114,2021-02-19,false,5
PRD00306,CAT0021,2022-04-29,true,1
PRD00306,CAT0018,2021-04-10,false,2
PRD00307,CAT0021,2023-07-17,true,1
PRD00308,CAT0021,2023-02-20,true,1
PRD00309,CAT0021,2023-03-02,true,1
PRD00310,CAT0021,2020-07-20,true,1
PRD00311,CAT0021,2024-07-17,true,1
PRD00311,CAT0127,2023-05-17,false,5
PRD00312,CAT0021,2020-11-02,true,1
PRD00313,CAT0021,2021-10-12,true,1
PRD00314,CAT0021,2021-04-15,true,1
PRD00314,CAT0023,2020-02-11,false,2
PRD00315,CAT0022,2019-12-02,true,1
PRD00315,CAT0052,2021-04-25,false,4
PRD00316,CAT0022,2019-10-04,true,1
PRD00317,CAT0022,2019-08-07,true,1
PRD00317,CAT0034,2020-07-05,false,2
PRD00318,CAT0022,2024-01-31,true,1
PRD00319,CAT0022,2024-03-29,true,1
PRD00320,CAT0022,2020-01-17,true,1
PRD00321,CAT0022,2024-04-29,true,1
PRD00322,CAT0022,2020-01-31,true,1
PRD00323,CAT0022,2022-01-27,true,1
PRD00324,CAT0022,2021-02-12,true,1
PRD00325,CAT0022,2019-08-20,true,1
PRD00325,CAT0018,2021-12-08,false,4
PRD00326,CAT0022,2022-08-12,true,1
PRD00327,CAT0022,2020-09-23,true,1
PRD00328,CAT0022,2024-05-11,true,1
PRD00329,CAT0022,2024-09-15,true,1
PRD00330,CAT0022,2024-08-02,true,1
PRD00330,CAT0047,2025-03-04,false,4
PRD00331,CAT0022,2024-01-12,true,1
PRD00332,CAT0022,2021-03-01,true,1
PRD00333,CAT0022,2022-03-26,true,1
PRD00333,CAT0071,2021-12-31,false,4
PRD00334,CAT0022,2024-03-06,true,1
PRD00334,CAT0045,2024-04-30,false,2
PRD00335,CAT0022,2022-07-28,true,1
PRD00336,CAT0022,2022-04-11,true,1
PRD00337,CAT0022,2023-11-23,true,1
PRD00338,CAT0022,2020-06-23,true,1
PRD00339,CAT0022,2019-01-07,true,1
PRD00340,CAT0022,2020-12-14,true,1
PRD00341,CAT0022,2020-09-02,true,1
PRD00341,CAT0061,2021-04-20,false,5
PRD00342,CAT0022,2019-04-15,true,1
PRD00343,CAT0022,2023-08-08,true,1
PRD00344,CAT0022,2021-09-13,true,1
PRD00344,CAT0078,2023-02-07,false,4
PRD00345,CAT0022,2021-08-02,true,1
PRD00346,CAT0022,2023-01-14,true,1
PRD00347,CAT0022,2019-07-11,true,1
PRD00348,CAT0023,2019-03-25,true,1
PRD00349,CAT0023,2024-10-04,true,1
PRD00350,CAT0023,2022-08-12,true,1
PRD00351,CAT0023,2024-08-16,true,1
PRD00351,CAT0036,2023-05-26,false,4
PRD00352,CAT0023,2019-01-08,true,1
PRD00353,CAT0023,2020-09-21,true,1
PRD00354,CAT0023,2021-03-30,true,1
PRD00355,CAT0023,2020-06-24,true,1
PRD00356,CAT0023,2022-02-04,true,1
PRD00357,CAT0023,2022-04-27,true,1
PRD00357,CAT0076,2025-02-18,false,2
PRD00358,CAT0023,2021-12-17,true,1
PRD00359,CAT0023,2022-08-29,true,1
PRD00359,CAT0061,2025-07-02,false,3
PRD00360,CAT0023,2023-06-30,true,1
PRD00361,CAT0023,2019-03-15,true,1
PRD00362,CAT0023,2023-11-02,true,1
PRD00362,CAT0034,2022-10-17,false,3
PRD00363,CAT0023,2019-02-16,true,1
PRD00364,CAT0023,2019-03-08,true,1
PRD00364,CAT0045,2025-04-19,false,2
PRD00365,CAT0023,2023-09-22,true,1
PRD00366,CAT0023,2020-07-23,true,1
PRD00367,CAT0023,2023-09-25,true,1
PRD00368,CAT0023,2022-07-08,true,1
PRD00368,CAT0038,2021-09-03,false,3
PRD00369,CAT0023,2020-11-27,true,1
PRD00369,CAT0027,2024-06-21,false,2
PRD00370,CAT0023,2021-04-18,true,1
PRD00371,CAT0023,2022-08-04,true,1
PRD00372,CAT0023,2021-06-08,true,1
PRD00373,CAT0024,2020-12-15,true,1
PRD00374,CAT0024,2020-09-04,true,1
PRD00374,CAT0127,2021-08-11,false,3
PRD00375,CAT0024,2022-06-03,true,1
PRD00376,CAT0024,2022-01-02,true,1
PRD00376,CAT0101,2020-08-25,false,3
PRD00377,CAT0024,2024-11-20,true,1
PRD00378,CAT0024,2019-11-30,true,1
PRD00379,CAT0024,2022-01-15,true,1
PRD00380,CAT0024,2020-11-14,true,1
PRD00381,CAT0024,2020-11-03,true,1
PRD00381,CAT0050,2021-06-03,false,3
PRD00382,CAT0024,2024-08-18,true,1
PRD00383,CAT0024,2022-05-18,true,1
PRD00384,CAT0024,2023-06-07,true,1
PRD00384,CAT0114,2020-11-28,false,2
PRD00385,CAT0024,2024-09-13,true,1
PRD00386,CAT0024,2024-09-15,true,1
PRD00387,CAT0024,2020-08-23,true,1
PRD00388,CAT0024,2020-03-30,true,1
PRD00388,CAT0059,2025-01-01,false,4
PRD00389,CAT0024,2021-01-01,true,1
PRD00389,CAT0067,2023-11-13,false,4
PRD00390,CAT0024,2022-05-21,true,1
PRD00391,CAT0024,2020-06-21,true,1
PRD00391,CAT0008,2020-07-29,false,4
PRD00392,CAT0024,2024-10-14,true,1
PRD00393,CAT0024,2024-07-09,true,1
PRD00394,CAT0024,2021-11-07,true,1
PRD00394,CAT0045,2023-11-06,false,5
PRD00395,CAT0024,2021-04-01,true,1
PRD00395,CAT0126,2022-11-02,false,4
PRD00396,CAT0024,2019-08-02,true,1
PRD00397,CAT0024,2023-11-29,true,1
PRD00398,CAT0024,2021-06-29,true,1
PRD00398,CAT0013,2020-08-01,false,5
PRD00399,CAT0024,2019-01-19,true,1
PRD00400,CAT0024,2021-10-06,true,1
PRD00400,CAT0117,2025-06-19,false,3
PRD00401,CAT0025,2023-11-16,true,1
PRD00402,CAT0025,2023-04-13,true,1
PRD00403,CAT0025,2023-01-28,true,1
PRD00404,CAT0025,2022-12-28,true,1
PRD00405,CAT0025,2023-12-15,true,1
PRD00406,CAT0025,2020-01-19,true,1
PRD00407,CAT0025,2022-07-23,true,1
PRD00408,CAT0025,2021-08-17,true,1
PRD00408,CAT0086,2022-06-29,false,3
PRD00409,CAT0025,2024-08-05,true,1
PRD00410,CAT0025,2019-06-02,true,1
PRD00410,CAT0075,2020-08-17,false,4
PRD00411,CAT0025,2023-11-25,true,1
PRD00412,CAT0025,2022-03-31,true,1
PRD00413,CAT0025,2024-02-22,true,1
PRD00414,CAT0025,2020-03-05,true,1
PRD00415,CAT0025,2020-11-22,true,1
PRD00416,CAT0025,2024-11-18,true,1
PRD00416,CAT0012,2025-03-04,false,5
PRD00417,CAT0025,2020-09-25,true,1
PRD00418,CAT0025,2019-05-28,true,1
PRD00419,CAT0025,2022-12-17,true,1
PRD00419,CAT0068,2021-06-28,false,5
PRD00420,CAT0025,2022-09-04,true,1
PRD00421,CAT0025,2024-01-17,true,1
PRD00422,CAT0025,2024-01-04,true,1
PRD00422,CAT0021,2025-05-03,false,2
PRD00423,CAT0025,2019-09-18,true,1
PRD00423,CAT0083,2023-09-14,false,4
PRD00424,CAT0025,2023-05-23,true,1
PRD00425,CAT0025,2022-04-20,true,1
PRD00426,CAT0025,2023-02-17,true,1
PRD00426,CAT0108,2025-01-30,false,4
PRD00427,CAT0025,2022-05-01,true,1
PRD00428,CAT0025,2024-09-12,true,1
PRD00429,CAT0025,2019-06-23,true,1
PRD00430,CAT0025,2024-07-03,true,1
PRD00431,CAT0025,2023-06-21,true,1
PRD00432,CAT0025,2024-07-06,true,1
PRD00433,CAT0025,2024-10-11,true,1
PRD00433,CAT0005,2021-11-09,false,4
PRD00434,CAT0026,2020-07-09,true,1
PRD00434,CAT0001,2020-02-09,false,3
PRD00435,CAT0026,2021-07-07,true,1
PRD00436,CAT0026,2024-12-24,true,1
PRD00437,CAT0026,2020-05-08,true,1
PRD00438,CAT0026,2022-07-05,true,1
PRD00439,CAT0026,2019-03-16,true,1
PRD00440,CAT0026,2021-03-13,true,1
PRD00441,CAT0026,2021-03-06,true,1
PRD00441,CAT0059,2025-09-18,false,2
PRD00442,CAT0026,2021-02-18,true,1
PRD00443,CAT0026,2022-01-08,true,1
PRD00443,CAT0064,2024-12-11,false,3
PRD00444,CAT0026,2020-03-23,true,1
PRD00444,CAT0095,2020-04-28,false,4
PRD00445,CAT0026,2024-10-09,true,1
PRD00446,CAT0026,2020-03-19,true,1
PRD00447,CAT0026,2024-08-04,true,1
PRD00448,CAT0026,2024-03-09,true,1
PRD00448,CAT0046,2021-06-29,false,5
PRD00449,CAT0026,2024-11-21,true,1
PRD00449,CAT0037,2025-11-07,false,3
PRD00450,CAT0026,2023-06-11,true,1
PRD00450,CAT0025,2020-06-08,false,5
PRD00451,CAT0026,2021-01-01,true,1
PRD00451,CAT0110,2025-02-27,false,5
PRD00452,CAT0026,2021-03-15,true,1
PRD00453,CAT0026,2021-06-30,true,1
PRD00454,CAT0026,2023-05-07,true,1
PRD00455,CAT0026,2021-11-20,true,1
PRD00456,CAT0026,2024-05-18,true,1
PRD00456,CAT0098,2024-07-24,false,4
PRD00457,CAT0026,2022-01-21,true,1
PRD00458,CAT0026,2019-09-21,true,1
PRD00458,CAT0090,2020-12-01,false,2
PRD00459,CAT0026,2020-03-09,true,1
PRD00460,CAT0026,2020-11-12,true,1
PRD00461,CAT0026,2020-12-18,true,1
PRD00462,CAT0027,2024-02-25,true,1
PRD00463,CAT0027,2024-08-26,true,1
PRD00464,CAT0027,2024-11-22,true,1
PRD00465,CAT0027,2022-10-14,true,1
PRD00466,CAT0027,2020-12-19,true,1
PRD00467,CAT0027,2019-03-09,true,1
PRD00467,CAT0122,2022-01-06,false,5
PRD00468,CAT0027,2023-03-06,true,1
PRD00468,CAT0089,2021-11-19,false,5
PRD00469,CAT0027,2020-08-25,true,1
PRD00469,CAT0031,2022-12-27,false,3
PRD00470,CAT0027,2022-03-22,true,1
PRD00470,CAT0099,2024-04-20,false,3
PRD00471,CAT0027,2020-10-11,true,1
PRD00472,CAT0027,2023-12-04,true,1
PRD00473,CAT0027,2023-12-04,true,1
PRD00473,CAT0113,2025-03-24,false,2
PRD00474,CAT0027,2024-09-15,true,1
PRD00475,CAT0027,2023-07-27,true,1
PRD00475,CAT0049,2023-05-18,false,5
PRD00476,CAT0027,2022-09-19,true,1
PRD00477,CAT0027,2023-12-09,true,1
PRD00478,CAT0027,2019-09-07,true,1
PRD00479,CAT0027,2021-08-09,true,1
PRD00480,CAT0027,2024-12-27,true,1
PRD00481,CAT0027,2024-08-26,true,1
PRD00482,CAT0027,2023-10-16,true,1
PRD00483,CAT0027,2023-06-29,true,1
PRD00484,CAT0027,2020-05-30,true,1
PRD00485,CAT0027,2024-07-30,true,1
PRD00486,CAT0027,2021-03-01,true,1
PRD00487,CAT0027,2019-03-21,true,1
PRD00488,CAT0027,2019-01-09,true,1
PRD00489,CAT0027,2019-09-21,true,1
PRD00489,CAT0004,2020-04-05,false,2
PRD00490,CAT0027,2024-05-28,true,1
PRD00491,CAT0027,2024-04-12,true,1
PRD00492,CAT0027,2020-04-23,true,1
PRD00493,CAT0027,2024-10-24,true,1
PRD00494,CAT0027,2020-10-02,true,1
PRD00495,CAT0028,2021-04-12,true,1
PRD00496,CAT0028,2021-10-21,true,1
PRD00496,CAT0125,2020-07-14,false,3
PRD00497,CAT0028,2021-01-21,true,1
PRD00497,CAT0015,2025-10-11,false,2
PRD00498,CAT0028,2021-03-25,true,1
PRD00498,CAT0039,2021-10-21,false,5
PRD00499,CAT0028,2021-11-23,true,1
PRD00500,CAT0028,2023-02-21,true,1
PRD00501,CAT0028,2022-12-04,true,1
PRD00502,CAT0028,2022-03-07,true,1
PRD00503,CAT0028,2024-05-29,true,1
PRD00504,CAT0028,2023-12-23,true,1
PRD00505,CAT0028,2024-07-17,true,1
PRD00506,CAT0028,2020-12-16,true,1
PRD00507,CAT0028,2023-11-29,true,1
PRD00508,CAT0028,2024-02-26,true,1
PRD00509,CAT0028,2019-11-07,true,1
PRD00510,CAT0028,2019-04-08,true,1
PRD00511,CAT0028,2023-05-25,true,1
PRD00512,CAT0028,2024-01-15,true,1
PRD00513,CAT0028,2021-12-04,true,1
PRD00513,CAT0002,2024-03-19,false,2
PRD00514,CAT0028,2021-06-14,true,1
PRD00515,CAT0028,2024-12-18,true,1
PRD00516,CAT0028,2021-02-21,true,1
PRD00517,CAT0028,2019-12-16,true,1
PRD00518,CAT0028,2020-06-20,true,1
PRD00519,CAT0028,2021-04-16,true,1
PRD00520,CAT0028,2024-07-09,true,1
PRD00521,CAT0028,2024-07-15,true,1
PRD00522,CAT0028,2019-10-14,true,1
PRD00522,CAT0020,2021-12-22,false,2
PRD00523,CAT0029,2020-10-22,true,1
PRD00524,CAT0029,2021-06-08,true,1
PRD00525,CAT0029,2020-04-02,true,1
PRD00526,CAT0029,2024-05-12,true,1
PRD00526,CAT0045,2024-05-11,false,3
PRD00527,CAT0029,2020-11-29,true,1
PRD00528,CAT0029,2020-02-23,true,1
PRD00529,CAT0029,2021-02-25,true,1
PRD00530,CAT0029,2020-06-18,true,1
PRD00531,CAT0029,2024-09-09,true,1
PRD00532,CAT0029,2022-04-05,true,1
PRD00532,CAT0047,2022-01-22,false,4
PRD00533,CAT0029,2019-04-25,true,1
PRD00534,CAT0029,2020-02-11,true,1
PRD00535,CAT0029,2022-12-24,true,1
PRD00536,CAT0029,2020-06-27,true,1
PRD00536,CAT0068,2022-10-02,false,3
PRD00537,CAT0029,2019-07-10,true,1
PRD00538,CAT0029,2019-10-12,true,1
PRD00539,CAT0029,2024-08-11,true,1
PRD00540,CAT0029,2020-04-27,true,1
PRD00540,CAT0124,2024-06-15,false,5
PRD00541,CAT0029,2023-11-01,true,1
PRD00542,CAT0029,2024-03-25,true,1
PRD00543,CAT0029,2019-04-17,true,1
PRD00543,CAT0025,2025-06-30,false,3
PRD00544,CAT0029,2021-12-27,true,1
PRD00544,CAT0056,2025-05-01,false,4
PRD00545,CAT0029,2019-11-26,true,1
PRD00545,CAT0107,2025-12-31,false,4
PRD00546,CAT0029,2024-12-12,true,1
PRD00546,CAT0027,2024-04-08,false,5
PRD00547,CAT0029,2020-02-13,true,1
PRD00548,CAT0029,2022-08-29,true,1
PRD00548,CAT0040,2020-01-12,false,4
PRD00549,CAT0029,2023-10-14,true,1
PRD00550,CAT0029,2024-10-01,true,1
PRD00551,CAT0029,2021-12-10,true,1
PRD00551,CAT0104,2023-04-02,false,4
PRD00552,CAT0030,2021-05-26,true,1
PRD00553,CAT0030,2019-08-12,true,1
PRD00554,CAT0030,2020-02-11,true,1
PRD00554,CAT0119,2024-01-29,false,3
PRD00555,CAT0030,2024-01-29,true,1
PRD00556,CAT0030,2024-04-24,true,1
PRD00556,CAT0087,2025-04-19,false,4
PRD00557,CAT0030,2019-07-13,true,1
PRD00557,CAT0045,2023-10-09,false,3
PRD00558,CAT0030,2020-04-26,true,1
PRD00559,CAT0030,2021-01-26,true,1
PRD00560,CAT0030,2020-11-22,true,1
PRD00561,CAT0030,2022-03-15,true,1
PRD00562,CAT0030,2023-02-07,true,1
PRD00563,CAT0030,2019-02-18,true,1
PRD00563,CAT0004,2025-01-29,false,4
PRD00564,CAT0030,2020-06-26,true,1
PRD00565,CAT0030,2023-10-19,true,1
PRD00566,CAT0030,2023-12-09,true,1
PRD00566,CAT0097,2024-12-14,false,5
PRD00567,CAT0030,2024-10-31,true,1
PRD00567,CAT0003,2024-12-22,false,4
PRD00568,CAT0030,2019-11-26,true,1
PRD00569,CAT0030,2019-01-19,true,1
PRD00570,CAT0030,2021-01-11,true,1
PRD00571,CAT0030,2024-05-31,true,1
PRD00572,CAT0030,2022-05-09,true,1
PRD00572,CAT0010,2025-02-23,false,3
PRD00573,CAT0030,2024-03-26,true,1
PRD00574,CAT0030,2020-11-26,true,1
PRD00575,CAT0030,2020-04-01,true,1
PRD00576,CAT0030,2022-01-28,true,1
PRD00577,CAT0030,2021-06-09,true,1
PRD00578,CAT0030,2022-03-16,true,1
PRD00579,CAT0030,2022-12-28,true,1
PRD00580,CAT0030,2019-04-14,true,1
PRD00581,CAT0031,2021-01-16,true,1
PRD00582,CAT0031,2023-01-23,true,1
PRD00583,CAT0031,2019-03-21,true,1
PRD00584,CAT0031,2022-08-23,true,1
PRD00585,CAT0031,2022-02-24,true,1
PRD00586,CAT0031,2019-10-18,true,1
PRD00587,CAT0031,2022-01-16,true,1
PRD00588,CAT0031,2020-06-03,true,1
PRD00589,CAT0031,2022-09-05,true,1
PRD00590,CAT0031,2019-05-20,true,1
PRD00591,CAT0031,2020-07-06,true,1
PRD00592,CAT0031,2021-08-16,true,1
PRD00593,CAT0031,2019-09-20,true,1
PRD00593,CAT0125,2023-05-14,false,5
PRD00594,CAT0031,2021-02-14,true,1
PRD00595,CAT0031,2021-09-20,true,1
PRD00596,CAT0031,2019-07-09,true,1
PRD00597,CAT0031,2021-11-03,true,1
PRD00598,CAT0031,2019-05-17,true,1
PRD00599,CAT0031,2021-12-12,true,1
PRD00599,CAT0027,2025-06-17,false,4
PRD00600,CAT0031,2021-02-23,true,1
PRD00600,CAT0042,2024-09-24,false,2
PRD00601,CAT0031,2019-05-17,true,1
PRD00602,CAT0031,2021-12-12,true,1
PRD00603,CAT0031,2021-04-03,true,1
PRD00604,CAT0031,2019-11-09,true,1
PRD00605,CAT0031,2021-10-24,true,1
PRD00606,CAT0031,2023-06-15,true,1
PRD00606,CAT0046,2024-09-23,false,4
PRD00607,CAT0031,2019-07-25,true,1
PRD00608,CAT0031,2024-06-15,true,1
PRD00609,CAT0031,2022-10-04,true,1
PRD00610,CAT0031,2022-08-03,true,1
PRD00610,CAT0122,2025-05-07,false,2
PRD00611,CAT0031,2023-10-11,true,1
PRD00612,CAT0031,2024-10-10,true,1
PRD00613,CAT0031,2023-07-16,true,1
PRD00614,CAT0032,2020-03-05,true,1
PRD00615,CAT0032,2024-09-09,true,1
PRD00616,CAT0032,2022-03-16,true,1
PRD00617,CAT0032,2024-04-28,true,1
PRD00617,CAT0047,2020-12-08,false,5
PRD00618,CAT0032,2024-01-28,true,1
PRD00619,CAT0032,2022-08-15,true,1
PRD00620,CAT0032,2024-03-04,true,1
PRD00621,CAT0032,2024-05-07,true,1
PRD00622,CAT0032,2024-03-07,true,1
PRD00622,CAT0011,2025-11-03,false,4
PRD00623,CAT0032,2022-10-21,true,1
PRD00624,CAT0032,2024-09-09,true,1
PRD00625,CAT0032,2022-07-02,true,1
PRD00626,CAT0032,2023-03-09,true,1
PRD00627,CAT0032,2022-03-07,true,1
PRD00628,CAT0032,2021-08-06,true,1
PRD00629,CAT0032,2024-03-25,true,1
PRD00630,CAT0032,2022-06-16,true,1
PRD00630,CAT0019,2023-08-10,false,5
PRD00631,CAT0032,2023-01-30,true,1
PRD00631,CAT0117,2020-07-28,false,2
PRD00632,CAT0032,2022-11-11,true,1
PRD00633,CAT0032,2023-04-18,true,1
PRD00633,CAT0103,2020-11-28,false,2
PRD00634,CAT0032,2023-02-14,true,1
PRD00634,CAT0039,2020-04-18,false,2
PRD00635,CAT0032,2022-08-27,true,1
PRD00636,CAT0032,2021-09-02,true,1
PRD00637,CAT0032,2023-09-27,true,1
PRD00638,CAT0032,2022-02-10,true,1
PRD00639,CAT0032,2023-08-03,true,1
PRD00639,CAT0103,2023-06-19,false,3
PRD00640,CAT0032,2020-10-20,true,1
PRD00640,CAT0086,2023-09-09,false,3
PRD00641,CAT0032,2024-10-11,true,1
PRD00642,CAT0033,2021-07-10,true,1
PRD00642,CAT0023,2022-12-14,false,3
PRD00643,CAT0033,2020-09-25,true,1
PRD00644,CAT0033,2022-03-15,true,1
PRD00645,CAT0033,2020-11-05,true,1
PRD00646,CAT0033,2020-12-13,true,1
PRD00647,CAT0033,2023-06-02,true,1
PRD00648,CAT0033,2022-08-11,true,1
PRD00648,CAT0128,2025-01-10,false,2
PRD00649,CAT0033,2019-05-24,true,1
PRD00650,CAT0033,2019-03-29,true,1
PRD00650,CAT0022,2020-01-01,false,2
PRD00651,CAT0033,2019-03-22,true,1
PRD00651,CAT0043,2024-09-08,false,5
PRD00652,CAT0033,2023-08-04,true,1
PRD00653,CAT0033,2024-03-25,true,1
PRD00654,CAT0033,2024-09-12,true,1
PRD00655,CAT0033,2023-07-22,true,1
PRD00656,CAT0033,2022-06-17,true,1
PRD00657,CAT0033,2019-10-12,true,1
PRD00658,CAT0033,2020-08-11,true,1
PRD00659,CAT0033,2024-06-14,true,1
PRD00660,CAT0033,2022-11-16,true,1
PRD00660,CAT0076,2021-10-24,false,4
PRD00661,CAT0033,2019-09-13,true,1
PRD00662,CAT0033,2020-09-23,true,1
PRD00662,CAT0030,2024-01-20,false,3
PRD00663,CAT0033,2023-02-18,true,1
PRD00663,CAT0084,2021-10-02,false,5
PRD00664,CAT0033,2019-10-27,true,1
PRD00665,CAT0033,2024-03-15,true,1
PRD00666,CAT0033,2023-06-04,true,1
PRD00667,CAT0033,2023-03-20,true,1
PRD00667,CAT0035,2022-02-16,false,3
PRD00668,CAT0033,2024-12-13,true,1
PRD00668,CAT0013,2025-04-27,false,2
PRD00669,CAT0033,2020-04-18,true,1
PRD00670,CAT0033,2022-04-17,true,1
PRD00671,CAT0034,2019-03-22,true,1
PRD00672,CAT0034,2022-04-27,true,1
PRD00673,CAT0034,2023-03-18,true,1
PRD00674,CAT0034,2020-04-24,true,1
PRD00675,CAT0034,2022-08-17,true,1
PRD00675,CAT0052,2021-01-24,false,3
PRD00676,CAT0034,2021-04-19,true,1
PRD00676,CAT0082,2022-07-15,false,4
PRD00677,CAT0034,2024-08-04,true,1
PRD00678,CAT0034,2020-02-27,true,1
PRD00679,CAT0034,2022-03-20,true,1
PRD00679,CAT0008,2022-06-25,false,5
PRD00680,CAT0034,2022-11-28,true,1
PRD00680,CAT0028,2024-04-04,false,4
PRD00681,CAT0034,2023-07-31,true,1
PRD00682,CAT0034,2024-12-03,true,1
PRD00683,CAT0034,2021-02-04,true,1
PRD00684,CAT0034,2021-02-15,true,1
PRD00685,CAT0034,2024-02-03,true,1
PRD00686,CAT0034,2021-02-28,true,1
PRD00687,CAT0034,2020-06-19,true,1
PRD00688,CAT0034,2023-05-30,true,1
PRD00688,CAT0075,2024-08-19,false,3
PRD00689,CAT0034,2023-01-13,true,1
PRD00690,CAT0034,2022-12-28,true,1
PRD00691,CAT0034,2019-03-10,true,1
PRD00691,CAT0017,2020-11-27,false,4
PRD00692,CAT0034,2022-11-26,true,1
PRD00692,CAT0049,2023-10-11,false,4
PRD00693,CAT0034,2021-08-27,true,1
PRD00694,CAT0034,2019-12-10,true,1
PRD00695,CAT0034,2023-05-07,true,1
PRD00696,CAT0034,2024-06-21,true,1
PRD00696,CAT0075,2022-11-15,false,4
PRD00697,CAT0034,2020-02-15,true,1
PRD00698,CAT0034,2020-08-28,true,1
PRD00699,CAT0034,2019-10-16,true,1
PRD00699,CAT0010,2022-04-18,false,5
PRD00700,CAT0035,2019-01-07,true,1
PRD00701,CAT0035,2019-10-26,true,1
PRD00701,CAT0110,2020-03-31,false,4
PRD00702,CAT0035,2020-06-22,true,1
PRD00702,CAT0026,2020-01-26,false,2
PRD00703,CAT0035,2022-03-18,true,1
PRD00704,CAT0035,2024-06-10,true,1
PRD00705,CAT0035,2022-12-19,true,1
PRD00705,CAT0011,2020-09-04,false,4
PRD00706,CAT0035,2023-11-03,true,1
PRD00707,CAT0035,2020-12-19,true,1
PRD00708,CAT0035,2022-09-18,true,1
PRD00709,CAT0035,2024-10-19,true,1
PRD00710,CAT0035,2020-08-05,true,1
PRD00710,CAT0015,2023-08-12,false,4
PRD00711,CAT0035,2022-03-06,true,1
PRD00712,CAT0035,2024-02-28,true,1
PRD00712,CAT0089,2024-04-16,false,5
PRD00713,CAT0035,2021-05-29,true,1
PRD00714,CAT0035,2020-08-11,true,1
PRD00715,CAT0035,2023-08-13,true,1
PRD00716,CAT0035,2019-05-15,true,1
PRD00717,CAT0035,2019-02-07,true,1
PRD00718,CAT0035,2021-10-25,true,1
PRD00719,CAT0035,2024-07-10,true,1
PRD00719,CAT0062,2023-10-01,false,3
PRD00720,CAT0035,2022-09-29,true,1
PRD00720,CAT0094,2021-07-22,false,2
PRD00721,CAT0035,2022-05-30,true,1
PRD00722,CAT0035,2019-04-06,true,1
PRD00722,CAT0051,2020-01-30,false,5
PRD00723,CAT0035,2023-05-20,true,1
PRD00723,CAT0064,2021-11-27,false,4
PRD00724,CAT0035,2022-11-05,true,1
PRD00724,CAT0041,2025-02-27,false,4
PRD00725,CAT0035,2021-06-03,true,1
PRD00726,CAT0035,2020-09-30,true,1
PRD00727,CAT0035,2023-06-05,true,1
PRD00728,CAT0035,2020-10-22,true,1
PRD00729,CAT0035,2022-10-13,true,1
PRD00729,CAT0054,2023-05-30,false,3
PRD00730,CAT0035,2024-02-09,true,1
PRD00730,CAT0036,2022-08-07,false,2
PRD00731,CAT0035,2019-10-20,true,1
PRD00732,CAT0036,2023-08-10,true,1
PRD00733,CAT0036,2024-05-31,true,1
PRD00734,CAT0036,2019-05-03,true,1
PRD00734,CAT0015,2023-08-31,false,4
PRD00735,CAT0036,2019-12-15,true,1
PRD00736,CAT0036,2020-11-08,true,1
PRD00736,CAT0127,2021-03-06,false,2
PRD00737,CAT0036,2020-05-10,true,1
PRD00738,CAT0036,2019-03-22,true,1
PRD00739,CAT0036,2022-01-12,true,1
PRD00739,CAT0010,2024-01-29,false,2
PRD00740,CAT0036,2019-08-07,true,1
PRD00741,CAT0036,2021-09-15,true,1
PRD00742,CAT0036,2019-06-18,true,1
PRD00743,CAT0036,2023-08-02,true,1
PRD00744,CAT0036,2019-08-13,true,1
PRD00745,CAT0036,2024-05-23,true,1
PRD00746,CAT0036,2023-07-14,true,1
PRD00747,CAT0036,2024-11-27,true,1
PRD00748,CAT0036,2022-09-02,true,1
PRD00749,CAT0036,2022-05-26,true,1
PRD00749,CAT0090,2022-01-28,false,5
PRD00750,CAT0036,2023-12-07,true,1
PRD00751,CAT0036,2022-12-11,true,1
PRD00752,CAT0036,2023-02-09,true,1
PRD00753,CAT0036,2022-04-16,true,1
PRD00754,CAT0036,2020-08-02,true,1
PRD00755,CAT0036,2024-07-17,true,1
PRD00756,CAT0036,2019-04-05,true,1
PRD00756,CAT0054,2021-08-22,false,4
PRD00757,CAT0036,2020-06-18,true,1
PRD00758,CAT0036,2023-12-13,true,1
PRD00759,CAT0036,2022-02-18,true,1
PRD00759,CAT0048,2021-12-09,false,2
PRD00760,CAT0036,2023-10-05,true,1
PRD00761,CAT0036,2022-12-26,true,1
PRD00761,CAT0027,2023-01-29,false,5
PRD00762,CAT0036,2019-11-07,true,1
PRD00763,CAT0037,2021-01-13,true,1
PRD00764,CAT0037,2021-06-29,true,1
PRD00765,CAT0037,2024-02-13,true,1
PRD00766,CAT0037,2024-01-15,true,1
PRD00767,CAT0037,2020-05-07,true,1
PRD00767,CAT0013,2023-04-02,false,3
PRD00768,CAT0037,2024-10-20,true,1
PRD00769,CAT0037,2021-05-23,true,1
PRD00770,CAT0037,2021-07-27,true,1
PRD00771,CAT0037,2024-07-01,true,1
PRD00772,CAT0037,2022-12-09,true,1
PRD00772,CAT0120,2022-03-30,false,4
PRD00773,CAT0037,2024-06-01,true,1
PRD00774,CAT0037,2023-11-04,true,1
PRD00774,CAT0112,2023-08-04,false,4
PRD00775,CAT0037,2024-09-17,true,1
PRD00775,CAT0111,2023-12-29,false,4
PRD00776,CAT0037,2023-05-10,true,1
PRD00777,CAT0037,2019-10-05,true,1
PRD00778,CAT0037,2024-06-27,true,1
PRD00778,CAT0008,2022-09-29,false,5
PRD00779,CAT0037,2024-09-20,true,1
PRD00780,CAT0037,2024-11-30,true,1
PRD00781,CAT0037,2022-01-04,true,1
PRD00782,CAT0037,2022-07-01,true,1
PRD00783,CAT0037,2020-06-03,true,1
PRD00784,CAT0037,2024-11-16,true,1
PRD00785,CAT0037,2021-03-27,true,1
PRD00786,CAT0037,2024-03-29,true,1
PRD00787,CAT0037,2019-03-28,true,1
PRD00788,CAT0037,2019-04-07,true,1
PRD00789,CAT0037,2019-11-18,true,1
PRD00789,CAT0089,2023-12-17,false,4
PRD00790,CAT0037,2020-02-01,true,1
PRD00790,CAT0077,2021-05-17,false,5
PRD00791,CAT0038,2023-04-11,true,1
PRD00792,CAT0038,2019-12-20,true,1
PRD00793,CAT0038,2024-12-01,true,1
PRD00794,CAT0038,2019-09-20,true,1
PRD00795,CAT0038,2024-08-21,true,1
PRD00796,CAT0038,2020-05-31,true,1
PRD00797,CAT0038,2019-02-02,true,1
PRD00798,CAT0038,2021-02-01,true,1
PRD00799,CAT0038,2024-09-07,true,1
PRD00799,CAT0030,2023-12-29,false,5
PRD00800,CAT0038,2020-11-21,true,1
PRD00801,CAT0038,2021-12-04,true,1
PRD00801,CAT0100,2020-07-17,false,4
PRD00802,CAT0038,2019-10-11,true,1
PRD00803,CAT0038,2023-07-12,true,1
PRD00804,CAT0038,2024-05-26,true,1
PRD00805,CAT0038,2019-02-13,true,1
PRD00806,CAT0038,2021-10-07,true,1
PRD00807,CAT0038,2020-09-15,true,1
PRD00808,CAT0038,2020-05-28,true,1
PRD00809,CAT0038,2019-10-03,true,1
PRD00810,CAT0038,2022-05-03,true,1
PRD00811,CAT0038,2019-12-09,true,1
PRD00812,CAT0038,2019-01-06,true,1
PRD00813,CAT0038,2021-10-09,true,1
PRD00813,CAT0027,2020-05-11,false,5
PRD00814,CAT0038,2021-10-06,true,1
PRD00814,CAT0116,2024-02-05,false,3
PRD00815,CAT0038,2020-05-08,true,1
PRD00816,CAT0038,2021-09-10,true,1
PRD00817,CAT0038,2021-04-10,true,1
PRD00818,CAT0038,2024-09-14,true,1
PRD00819,CAT0038,2019-09-09,true,1
PRD00820,CAT0038,2021-10-26,true,1
PRD00821,CAT0038,2021-04-17,true,1
PRD00822,CAT0039,2019-12-01,true,1
PRD00823,CAT0039,2019-11-19,true,1
PRD00824,CAT0039,2022-02-20,true,1
PRD00825,CAT0039,2023-06-07,true,1
PRD00825,CAT0018,2020-10-18,false,5
PRD00826,CAT0039,2024-02-07,true,1
PRD00827,CAT0039,2019-09-30,true,1
PRD00828,CAT0039,2024-07-20,true,1
PRD00829,CAT0039,2021-05-07,true,1
PRD00830,CAT0039,2022-08-01,true,1
PRD00831,CAT0039,2022-04-24,true,1
PRD00832,CAT0039,2021-02-15,true,1
PRD00832,CAT0028,2022-06-29,false,2
PRD00833,CAT0039,2020-08-31,true,1
PRD00834,CAT0039,2023-12-21,true,1
PRD00834,CAT0128,2022-03-01,false,4
PRD00835,CAT0039,2020-02-28,true,1
PRD00835,CAT0006,2023-11-01,false,4
PRD00836,CAT0039,2019-01-26,true,1
PRD00837,CAT0039,2023-08-14,true,1
PRD00838,CAT0039,2024-05-31,true,1
PRD00838,CAT0099,2021-06-16,false,4
PRD00839,CAT0039,2021-02-24,true,1
PRD00840,CAT0039,2020-03-29,true,1
PRD00840,CAT0076,2023-09-26,false,3
PRD00841,CAT0039,2022-02-26,true,1
PRD00842,CAT0039,2019-02-04,true,1
PRD00843,CAT0039,2020-07-01,true,1
PRD00844,CAT0039,2023-12-10,true,1
PRD00845,CAT0039,2021-10-21,true,1
PRD00846,CAT0039,2022-11-21,true,1
PRD00847,CAT0039,2024-10-22,true,1
PRD00848,CAT0039,2022-05-19,true,1
PRD00848,CAT0034,2021-10-23,false,5
PRD00849,CAT0039,2024-06-03,true,1
PRD00850,CAT0039,2019-01-24,true,1
PRD00850,CAT0014,2024-09-30,false,5
PRD00851,CAT0040,2024-06-09,true,1
PRD00851,CAT0046,2025-01-11,false,3
PRD00852,CAT0040,2022-03-08,true,1
PRD00853,CAT0040,2022-01-15,true,1
PRD00854,CAT0040,2020-05-18,true,1
PRD00855,CAT0040,2019-06-06,true,1
PRD00856,CAT0040,2024-06-25,true,1
PRD00857,CAT0040,2020-08-11,true,1
PRD00857,CAT0002,2022-02-26,false,2
PRD00858,CAT0040,2023-08-31,true,1
PRD00858,CAT0071,2023-04-24,false,3
PRD00859,CAT0040,2024-06-29,true,1
PRD00859,CAT0066,2021-11-15,false,4
PRD00860,CAT0040,2023-12-26,true,1
PRD00861,CAT0040,2022-11-17,true,1
PRD00862,CAT0040,2021-01-28,true,1
PRD00863,CAT0040,2024-02-28,true,1
PRD00864,CAT0040,2022-10-14,true,1
PRD00864,CAT0067,2025-02-11,false,3
PRD00865,CAT0040,2022-06-29,true,1
PRD00866,CAT0040,2023-09-14,true,1
PRD00867,CAT0040,2024-09-18,true,1
PRD00868,CAT0040,2021-03-04,true,1
PRD00868,CAT0086,2022-06-24,false,4
PRD00869,CAT0040,2019-04-18,true,1
PRD00869,CAT0047,2025-01-06,false,5
PRD00870,CAT0040,2021-12-07,true,1
PRD00871,CAT0040,2019-01-31,true,1
PRD00871,CAT0066,2025-07-08,false,2
PRD00872,CAT0040,2021-06-18,true,1
PRD00873,CAT0040,2019-02-08,true,1
PRD00874,CAT0040,2024-07-16,true,1
PRD00875,CAT0040,2024-07-04,true,1
PRD00876,CAT0040,2020-07-29,true,1
PRD00876,CAT0022,2021-10-18,false,2
PRD00877,CAT0040,2019-05-18,true,1
PRD00878,CAT0040,2019-02-20,true,1
PRD00879,CAT0041,2021-05-29,true,1
PRD00880,CAT0041,2022-02-25,true,1
PRD00880,CAT0013,2022-02-07,false,3
PRD00881,CAT0041,2024-05-14,true,1
PRD00882,CAT0041,2022-05-20,true,1
PRD00883,CAT0041,2021-05-10,true,1
PRD00884,CAT0041,2019-05-15,true,1
PRD00885,CAT0041,2020-05-28,true,1
PRD00885,CAT0106,2022-09-09,false,3
PRD00886,CAT0041,2023-07-09,true,1
PRD00887,CAT0041,2022-02-20,true,1
PRD00888,CAT0041,2021-02-12,true,1
PRD00889,CAT0041,2022-10-19,true,1
PRD00890,CAT0041,2022-05-30,true,1
PRD00891,CAT0041,2024-05-18,true,1
PRD00892,CAT0041,2022-08-08,true,1
PRD00893,CAT0041,2020-04-12,true,1
PRD00894,CAT0041,2022-06-22,true,1
PRD00895,CAT0041,2022-07-15,true,1
PRD00896,CAT0041,2021-10-11,true,1
PRD00897,CAT0041,2023-05-16,true,1
PRD00898,CAT0041,2021-02-16,true,1
PRD00899,CAT0041,2022-07-15,true,1
PRD00900,CAT0041,2020-10-01,true,1
PRD00901,CAT0041,2019-12-30,true,1
PRD00902,CAT0041,2024-11-21,true,1
PRD00903,CAT0041,2020-03-21,true,1
PRD00904,CAT0041,2023-09-12,true,1
PRD00905,CAT0041,2021-09-25,true,1
PRD00906,CAT0042,2021-01-26,true,1
PRD00907,CAT0042,2019-05-23,true,1
PRD00908,CAT0042,2020-02-03,true,1
PRD00909,CAT0042,2020-04-05,true,1
PRD00910,CAT0042,2020-12-06,true,1
PRD00911,CAT0042,2024-03-17,true,1
PRD00912,CAT0042,2022-12-30,true,1
PRD00913,CAT0042,2021-11-27,true,1
PRD00914,CAT0042,2020-04-11,true,1
PRD00914,CAT0067,2020-05-09,false,5
PRD00915,CAT0042,2023-03-01,true,1
PRD00916,CAT0042,2024-07-16,true,1
PRD00917,CAT0042,2020-01-27,true,1
PRD00918,CAT0042,2023-10-03,true,1
PRD00919,CAT0042,2022-01-25,true,1
PRD00920,CAT0042,2019-03-13,true,1
PRD00921,CAT0042,2021-07-13,true,1
PRD00922,CAT0042,2021-03-31,true,1
PRD00923,CAT0042,2021-12-03,true,1
PRD00924,CAT0042,2023-08-20,true,1
PRD00924,CAT0056,2022-06-24,false,4
PRD00925,CAT0042,2022-08-25,true,1
PRD00926,CAT0042,2022-09-16,true,1
PRD00926,CAT0040,2021-09-26,false,3
PRD00927,CAT0042,2019-08-04,true,1
PRD00928,CAT0042,2022-05-11,true,1
PRD00929,CAT0042,2019-05-29,true,1
PRD00930,CAT0042,2023-10-15,true,1
PRD00931,CAT0042,2023-01-31,true,1
PRD00932,CAT0042,2023-11-08,true,1
PRD00932,CAT0070,2022-06-13,false,3
PRD00933,CAT0042,2022-05-07,true,1
PRD00934,CAT0042,2022-07-03,true,1
PRD00935,CAT0042,2023-04-24,true,1
PRD00936,CAT0042,2021-04-18,true,1
PRD00937,CAT0042,2020-09-05,true,1
PRD00938,CAT0042,2020-11-06,true,1
PRD00939,CAT0043,2020-02-18,true,1
PRD00940,CAT0043,2021-07-05,true,1
PRD00941,CAT0043,2021-05-23,true,1
PRD00942,CAT0043,2020-10-15,true,1
PRD00943,CAT0043,2024-10-27,true,1
PRD00944,CAT0043,2019-12-11,true,1
PRD00945,CAT0043,2019-11-25,true,1
PRD00946,CAT0043,2024-10-09,true,1
PRD00947,CAT0043,2021-12-17,true,1
PRD00948,CAT0043,2021-12-15,true,1
PRD00949,CAT0043,2024-01-10,true,1
PRD00950,CAT0043,2023-11-25,true,1
PRD00951,CAT0043,2024-01-19,true,1
PRD00951,CAT0001,2025-02-16,false,2
PRD00952,CAT0043,2024-12-18,true,1
PRD00952,CAT0025,2024-07-12,false,4
PRD00953,CAT0043,2021-10-25,true,1
PRD00954,CAT0043,2020-08-09,true,1
PRD00955,CAT0043,2024-08-02,true,1
PRD00956,CAT0043,2019-12-03,true,1
PRD00957,CAT0043,2024-03-27,true,1
PRD00958,CAT0043,2020-04-11,true,1
PRD00959,CAT0043,2024-03-08,true,1
PRD00960,CAT0043,2019-03-27,true,1
PRD00961,CAT0043,2022-01-18,true,1
PRD00961,CAT0017,2023-05-10,false,4
PRD00962,CAT0043,2020-05-12,true,1
PRD00963,CAT0043,2024-05-24,true,1
PRD00964,CAT0043,2023-05-19,true,1
PRD00964,CAT0034,2021-08-04,false,5
PRD00965,CAT0043,2022-06-24,true,1
PRD00965,CAT0092,2020-12-01,false,3
PRD00966,CAT0043,2020-11-12,true,1
PRD00967,CAT0044,2022-09-09,true,1
PRD00968,CAT0044,2024-08-15,true,1
PRD00969,CAT0044,2021-06-14,true,1
PRD00970,CAT0044,2019-05-03,true,1
PRD00971,CAT0044,2019-07-22,true,1
PRD00972,CAT0044,2022-11-16,true,1
PRD00973,CAT0044,2022-02-04,true,1
PRD00973,CAT0023,2021-04-22,false,2
PRD00974,CAT0044,2019-05-02,true,1
PRD00975,CAT0044,2021-01-04,true,1
PRD00976,CAT0044,2019-05-30,true,1
PRD00977,CAT0044,2020-05-08,true,1
PRD00978,CAT0044,2020-09-09,true,1
PRD00979,CAT0044,2023-01-09,true,1
PRD00980,CAT0044,2024-02-18,true,1
PRD00981,CAT0044,2023-06-28,true,1
PRD00982,CAT0044,2021-07-22,true,1
PRD00982,CAT0086,2020-08-03,false,2
PRD00983,CAT0044,2019-02-02,true,1
PRD00984,CAT0044,2023-11-27,true,1
PRD00985,CAT0044,2019-08-05,true,1
PRD00986,CAT0044,2020-06-13,true,1
PRD00987,CAT0044,2023-01-10,true,1
PRD00988,CAT0044,2024-01-13,true,1
PRD00989,CAT0044,2021-05-22,true,1
PRD00990,CAT0044,2019-07-08,true,1
PRD00991,CAT0044,2023-05-06,true,1
PRD00992,CAT0044,2024-12-03,true,1
PRD00992,CAT0093,2025-08-13,false,4
PRD00993,CAT0044,2024-12-22,true,1
PRD00994,CAT0045,2024-06-10,true,1
PRD00995,CAT0045,2019-11-19,true,1
PRD00996,CAT0045,2023-09-11,true,1
PRD00997,CAT0045,2024-10-24,true,1
PRD00998,CAT0045,2022-03-02,true,1
PRD00999,CAT0045,2019-11-26,true,1
PRD00999,CAT0073,2024-04-03,false,2
PRD01000,CAT0045,2022-12-05,true,1
PRD01001,CAT0045,2021-04-16,true,1
PRD01002,CAT0045,2019-06-23,true,1
PRD01003,CAT0045,2020-08-21,true,1
PRD01004,CAT0045,2021-07-13,true,1
PRD01005,CAT0045,2023-05-22,true,1
PRD01006,CAT0045,2021-05-09,true,1
PRD01007,CAT0045,2020-03-30,true,1
PRD01007,CAT0122,2020-08-24,false,4
PRD01008,CAT0045,2024-04-06,true,1
PRD01008,CAT0111,2021-10-24,false,4
PRD01009,CAT0045,2024-07-30,true,1
PRD01010,CAT0045,2022-05-23,true,1
PRD01011,CAT0045,2019-07-03,true,1
PRD01012,CAT0045,2019-08-04,true,1
PRD01013,CAT0045,2021-11-10,true,1
PRD01014,CAT0045,2021-12-29,true,1
PRD01015,CAT0045,2022-02-19,true,1
PRD01016,CAT0045,2024-09-30,true,1
PRD01017,CAT0045,2022-12-14,true,1
PRD01018,CAT0045,2019-06-30,true,1
PRD01018,CAT0109,2025-08-22,false,4
PRD01019,CAT0045,2023-08-22,true,1
PRD01020,CAT0046,2023-12-06,true,1
PRD01021,CAT0046,2022-09-25,true,1
PRD01021,CAT0036,2023-06-11,false,5
PRD01022,CAT0046,2022-10-08,true,1
PRD01023,CAT0046,2021-05-06,true,1
PRD01023,CAT0101,2020-11-06,false,3
PRD01024,CAT0046,2020-05-30,true,1
PRD01025,CAT0046,2019-03-30,true,1
PRD01025,CAT0102,2021-04-02,false,4
PRD01026,CAT0046,2023-12-01,true,1
PRD01027,CAT0046,2022-03-14,true,1
PRD01028,CAT0046,2021-02-14,true,1
PRD01029,CAT0046,2024-12-31,true,1
PRD01029,CAT0003,2022-06-14,false,5
PRD01030,CAT0046,2019-11-22,true,1
PRD01031,CAT0046,2023-11-10,true,1
PRD01032,CAT0046,2019-03-29,true,1
PRD01033,CAT0046,2023-07-10,true,1
PRD01034,CAT0046,2020-08-23,true,1
PRD01034,CAT0106,2023-10-15,false,4
PRD01035,CAT0046,2022-08-30,true,1
PRD01036,CAT0046,2023-11-14,true,1
PRD01037,CAT0046,2023-04-28,true,1
PRD01038,CAT0046,2021-05-09,true,1
PRD01039,CAT0046,2020-04-09,true,1
PRD01039,CAT0037,2021-07-29,false,3
PRD01040,CAT0046,2021-05-13,true,1
PRD01041,CAT0046,2022-03-09,true,1
PRD01042,CAT0046,2021-01-19,true,1
PRD01042,CAT0060,2025-07-08,false,3
PRD01043,CAT0046,2019-05-06,true,1
PRD01044,CAT0046,2024-01-01,true,1
PRD01045,CAT0046,2021-05-30,true,1
PRD01046,CAT0046,2019-07-08,true,1
PRD01047,CAT0046,2020-01-14,true,1
PRD01047,CAT0052,2023-10-04,false,5
PRD01048,CAT0046,2021-06-10,true,1
PRD01049,CAT0046,2024-04-13,true,1
PRD01050,CAT0046,2022-11-22,true,1
PRD01051,CAT0047,2019-11-27,true,1
PRD01051,CAT0034,2021-06-15,false,3
PRD01052,CAT0047,2019-04-09,true,1
PRD01052,CAT0054,2024-12-23,false,2
PRD01053,CAT0047,2022-03-16,true,1
PRD01054,CAT0047,2024-04-26,true,1
PRD01055,CAT0047,2019-01-29,true,1
PRD01056,CAT0047,2022-08-11,true,1
PRD01056,CAT0121,2023-04-30,false,2
PRD01057,CAT0047,2019-11-28,true,1
PRD01058,CAT0047,2020-09-28,true,1
PRD01059,CAT0047,2021-03-15,true,1
PRD01060,CAT0047,2023-08-13,true,1
PRD01061,CAT0047,2022-07-02,true,1
PRD01062,CAT0047,2020-08-28,true,1
PRD01063,CAT0047,2021-07-07,true,1
PRD01063,CAT0004,2020-03-19,false,3
PRD01064,CAT0047,2021-10-19,true,1
PRD01065,CAT0047,2021-08-21,true,1
PRD01066,CAT0047,2024-02-11,true,1
PRD01067,CAT0047,2021-03-24,true,1
PRD01068,CAT0047,2023-07-16,true,1
PRD01068,CAT0016,2023-03-08,false,5
PRD01069,CAT0047,2023-08-23,true,1
PRD01069,CAT0074,2024-02-03,false,5
PRD01070,CAT0047,2019-12-24,true,1
PRD01071,CAT0047,2022-08-01,true,1
PRD01072,CAT0047,2024-08-30,true,1
PRD01072,CAT0020,2020-02-17,false,5
PRD01073,CAT0047,2022-03-27,true,1
PRD01074,CAT0047,2020-09-11,true,1
PRD01075,CAT0047,2021-01-25,true,1
PRD01075,CAT0061,2020-09-17,false,5
PRD01076,CAT0047,2024-08-28,true,1
PRD01077,CAT0047,2022-11-05,true,1
PRD01078,CAT0047,2024-11-10,true,1
PRD01079,CAT0047,2021-05-11,true,1
PRD01080,CAT0047,2020-08-25,true,1
PRD01080,CAT0010,2025-10-22,false,2
PRD01081,CAT0047,2019-01-30,true,1
PRD01082,CAT0048,2021-07-29,true,1
PRD01082,CAT0037,2025-07-31,false,4
PRD01083,CAT0048,2023-12-07,true,1
PRD01084,CAT0048,2019-05-22,true,1
PRD01084,CAT0080,2022-12-31,false,2
PRD01085,CAT0048,2019-01-25,true,1
PRD01086,CAT0048,2021-04-13,true,1
PRD01087,CAT0048,2022-01-08,true,1
PRD01088,CAT0048,2022-10-21,true,1
PRD01088,CAT0075,2021-07-21,false,4
PRD01089,CAT0048,2022-05-14,true,1
PRD01089,CAT0127,2025-08-14,false,4
PRD01090,CAT0048,2021-12-12,true,1
PRD01091,CAT0048,2024-08-07,true,1
PRD01091,CAT0056,2021-06-18,false,3
PRD01092,CAT0048,2019-12-01,true,1
PRD01092,CAT0017,2024-03-12,false,5
PRD01093,CAT0048,2019-10-08,true,1
PRD01094,CAT0048,2020-01-19,true,1
PRD01094,CAT0062,2024-12-26,false,3
PRD01095,CAT0048,2021-09-09,true,1
PRD01096,CAT0048,2020-01-07,true,1
PRD01096,CAT0040,2023-05-17,false,3
PRD01097,CAT0048,2022-11-27,true,1
PRD01097,CAT0100,2022-04-12,false,2
PRD01098,CAT0048,2019-08-18,true,1
PRD01099,CAT0048,2020-10-07,true,1
PRD01100,CAT0048,2022-04-16,true,1
PRD01101,CAT0048,2019-09-29,true,1
PRD01102,CAT0048,2024-04-03,true,1
PRD01103,CAT0048,2024-04-01,true,1
PRD01104,CAT0048,2023-08-27,true,1
PRD01104,CAT0121,2024-10-17,false,5
PRD01105,CAT0048,2021-02-04,true,1
PRD01106,CAT0048,2023-09-05,true,1
PRD01106,CAT0006,2023-05-19,false,3
PRD01107,CAT0048,2024-07-09,true,1
PRD01108,CAT0048,2019-12-27,true,1
PRD01108,CAT0024,2023-06-18,false,2
PRD01109,CAT0048,2019-07-12,true,1
PRD01110,CAT0048,2024-11-29,true,1
PRD01111,CAT0048,2020-09-06,true,1
PRD01112,CAT0048,2021-01-03,true,1
PRD01112,CAT0100,2023-11-12,false,2
PRD01113,CAT0048,2020-04-19,true,1
PRD01114,CAT0048,2020-10-21,true,1
PRD01115,CAT0049,2022-08-24,true,1
PRD01116,CAT0049,2022-08-03,true,1
PRD01117,CAT0049,2024-08-30,true,1
PRD01118,CAT0049,2019-06-22,true,1
PRD01119,CAT0049,2023-09-03,true,1
PRD01120,CAT0049,2023-02-02,true,1
PRD01121,CAT0049,2019-04-09,true,1
PRD01122,CAT0049,2019-06-26,true,1
PRD01123,CAT0049,2022-09-30,true,1
PRD01124,CAT0049,2019-12-23,true,1
PRD01125,CAT0049,2019-02-28,true,1
PRD01126,CAT0049,2020-05-30,true,1
PRD01127,CAT0049,2022-03-04,true,1
PRD01128,CAT0049,2019-03-31,true,1
PRD01129,CAT0049,2023-12-08,true,1
PRD01130,CAT0049,2023-12-13,true,1
PRD01131,CAT0049,2020-06-03,true,1
PRD01132,CAT0049,2020-10-21,true,1
PRD01132,CAT0066,2023-04-25,false,2
PRD01133,CAT0049,2021-08-12,true,1
PRD01133,CAT0050,2023-08-10,false,2
PRD01134,CAT0049,2020-12-17,true,1
PRD01135,CAT0049,2019-10-30,true,1
PRD01135,CAT0123,2025-05-06,false,2
PRD01136,CAT0049,2019-04-26,true,1
PRD01136,CAT0055,2023-07-25,false,3
PRD01137,CAT0049,2021-03-23,true,1
PRD01138,CAT0049,2019-04-07,true,1
PRD01139,CAT0049,2024-04-02,true,1
PRD01140,CAT0049,2019-12-05,true,1
PRD01141,CAT0049,2023-02-24,true,1
PRD01142,CAT0049,2019-08-07,true,1
PRD01143,CAT0049,2024-12-14,true,1
PRD01143,CAT0130,2024-05-29,false,2
PRD01144,CAT0049,2021-12-16,true,1
PRD01144,CAT0026,2023-06-30,false,3
PRD01145,CAT0049,2022-10-31,true,1
PRD01146,CAT0050,2021-06-19,true,1
PRD01147,CAT0050,2022-05-31,true,1
PRD01148,CAT0050,2020-04-04,true,1
PRD01149,CAT0050,2024-08-22,true,1
PRD01150,CAT0050,2022-06-13,true,1
PRD01151,CAT0050,2022-07-15,true,1
PRD01152,CAT0050,2022-03-18,true,1
PRD01153,CAT0050,2022-04-23,true,1
PRD01154,CAT0050,2021-03-13,true,1
PRD01155,CAT0050,2019-08-20,true,1
PRD01156,CAT0050,2019-03-07,true,1
PRD01156,CAT0012,2023-10-20,false,2
PRD01157,CAT0050,2024-08-13,true,1
PRD01157,CAT0090,2022-08-25,false,4
PRD01158,CAT0050,2019-01-14,true,1
PRD01159,CAT0050,2023-10-27,true,1
PRD01159,CAT0039,2024-01-17,false,2
PRD01160,CAT0050,2022-02-04,true,1
PRD01161,CAT0050,2021-10-27,true,1
PRD01162,CAT0050,2023-12-21,true,1
PRD01163,CAT0050,2021-09-02,true,1
PRD01163,CAT0046,2022-04-18,false,5
PRD01164,CAT0050,2022-12-16,true,1
PRD01165,CAT0050,2022-10-28,true,1
PRD01166,CAT0050,2019-08-31,true,1
PRD01167,CAT0050,2020-07-14,true,1
PRD01167,CAT0005,2024-03-12,false,3
PRD01168,CAT0050,2022-05-01,true,1
PRD01169,CAT0050,2020-09-18,true,1
PRD01170,CAT0050,2023-02-22,true,1
PRD01170,CAT0048,2023-02-20,false,5
PRD01171,CAT0051,2022-08-25,true,1
PRD01171,CAT0049,2024-02-23,false,2
PRD01172,CAT0051,2021-11-10,true,1
PRD01173,CAT0051,2020-11-16,true,1
PRD01173,CAT0068,2020-06-15,false,5
PRD01174,CAT0051,2024-09-05,true,1
PRD01175,CAT0051,2022-01-29,true,1
PRD01175,CAT0116,2024-12-26,false,2
PRD01176,CAT0051,2023-09-22,true,1
PRD01177,CAT0051,2020-02-14,true,1
PRD01178,CAT0051,2021-06-21,true,1
PRD01179,CAT0051,2023-12-13,true,1
PRD01180,CAT0051,2022-06-19,true,1
PRD01181,CAT0051,2023-10-29,true,1
PRD01181,CAT0025,2024-02-16,false,4
PRD01182,CAT0051,2021-06-26,true,1
PRD01183,CAT0051,2021-09-14,true,1
PRD01184,CAT0051,2024-03-16,true,1
PRD01185,CAT0051,2022-08-05,true,1
PRD01185,CAT0127,2023-09-02,false,3
PRD01186,CAT0051,2023-03-19,true,1
PRD01186,CAT0048,2021-10-11,false,4
PRD01187,CAT0051,2019-04-05,true,1
PRD01188,CAT0051,2019-07-12,true,1
PRD01188,CAT0081,2022-03-19,false,5
PRD01189,CAT0051,2022-09-30,true,1
PRD01190,CAT0051,2019-12-09,true,1
PRD01191,CAT0051,2022-11-08,true,1
PRD01191,CAT0012,2022-01-27,false,3
PRD01192,CAT0051,2024-04-21,true,1
PRD01193,CAT0051,2021-12-31,true,1
PRD01193,CAT0126,2024-03-03,false,5
PRD01194,CAT0051,2024-10-17,true,1
PRD01195,CAT0051,2020-07-12,true,1
PRD01196,CAT0051,2022-11-19,true,1
PRD01196,CAT0010,2021-10-17,false,5
PRD01197,CAT0051,2022-06-27,true,1
PRD01197,CAT0078,2021-07-25,false,4
PRD01198,CAT0051,2019-10-25,true,1
PRD01199,CAT0052,2021-08-10,true,1
PRD01200,CAT0052,2022-02-14,true,1
PRD01201,CAT0052,2024-07-04,true,1
PRD01202,CAT0052,2021-02-04,true,1
PRD01203,CAT0052,2023-09-01,true,1
PRD01204,CAT0052,2021-03-25,true,1
PRD01205,CAT0052,2020-09-09,true,1
PRD01205,CAT0095,2020-11-25,false,4
PRD01206,CAT0052,2024-03-20,true,1
PRD01206,CAT0065,2023-12-25,false,3
PRD01207,CAT0052,2021-08-04,true,1
PRD01207,CAT0057,2022-10-21,false,4
PRD01208,CAT0052,2020-04-02,true,1
PRD01209,CAT0052,2024-09-26,true,1
PRD01210,CAT0052,2023-05-13,true,1
PRD01211,CAT0052,2022-04-13,true,1
PRD01212,CAT0052,2021-09-06,true,1
PRD01213,CAT0052,2021-04-24,true,1
PRD01213,CAT0068,2020-02-16,false,3
PRD01214,CAT0052,2019-03-28,true,1
PRD01214,CAT0006,2020-07-26,false,2
PRD01215,CAT0052,2019-01-31,true,1
PRD01215,CAT0024,2020-10-14,false,2
PRD01216,CAT0052,2022-05-12,true,1
PRD01216,CAT0089,2024-03-10,false,5
PRD01217,CAT0052,2023-11-25,true,1
PRD01217,CAT0107,2022-05-30,false,4
PRD01218,CAT0052,2024-09-03,true,1
PRD01219,CAT0052,2022-03-25,true,1
PRD01219,CAT0016,2023-09-28,false,3
PRD01220,CAT0052,2022-05-18,true,1
PRD01221,CAT0052,2024-05-15,true,1
PRD01222,CAT0052,2022-12-23,true,1
PRD01222,CAT0038,2022-07-27,false,3
PRD01223,CAT0052,2024-12-03,true,1
PRD01224,CAT0053,2020-02-04,true,1
PRD01225,CAT0053,2019-11-25,true,1
PRD01225,CAT0118,2020-12-15,false,4
PRD01226,CAT0053,2024-10-12,true,1
PRD01227,CAT0053,2019-04-29,true,1
PRD01228,CAT0053,2020-08-10,true,1
PRD01229,CAT0053,2020-05-14,true,1
PRD01230,CAT0053,2021-07-03,true,1
PRD01231,CAT0053,2022-04-20,true,1
PRD01231,CAT0079,2024-11-15,false,5
PRD01232,CAT0053,2021-05-29,true,1
PRD01233,CAT0053,2023-12-24,true,1
PRD01233,CAT0054,2021-11-14,false,3
PRD01234,CAT0053,2024-11-21,true,1
PRD01234,CAT0040,2021-06-03,false,5
PRD01235,CAT0053,2019-09-06,true,1
PRD01236,CAT0053,2021-12-07,true,1
PRD01236,CAT0036,2025-05-07,false,4
PRD01237,CAT0053,2019-04-27,true,1
PRD01237,CAT0091,2023-11-05,false,4
PRD01238,CAT0053,2021-01-09,true,1
PRD01239,CAT0053,2019-07-26,true,1
PRD01239,CAT0064,2021-05-09,false,2
PRD01240,CAT0053,2024-09-10,true,1
PRD01240,CAT0091,2023-02-18,false,2
PRD01241,CAT0053,2022-08-27,true,1
PRD01242,CAT0053,2020-01-16,true,1
PRD01243,CAT0053,2024-10-15,true,1
PRD01244,CAT0053,2020-12-21,true,1
PRD01245,CAT0053,2024-06-22,true,1
PRD01246,CAT0053,2021-12-27,true,1
PRD01247,CAT0053,2019-07-08,true,1
PRD01248,CAT0053,2021-11-27,true,1
PRD01249,CAT0053,2024-07-30,true,1
PRD01250,CAT0053,2024-12-27,true,1
PRD01251,CAT0053,2019-09-28,true,1
PRD01252,CAT0053,2020-08-13,true,1
PRD01253,CAT0054,2019-06-06,true,1
PRD01254,CAT0054,2019-10-21,true,1
PRD01255,CAT0054,2023-08-03,true,1
PRD01255,CAT0056,2023-12-09,false,4
PRD01256,CAT0054,2023-11-29,true,1
PRD01256,CAT0064,2025-04-17,false,2
PRD01257,CAT0054,2020-11-22,true,1
PRD01258,CAT0054,2022-08-10,true,1
PRD01259,CAT0054,2023-05-20,true,1
PRD01259,CAT0031,2022-12-22,false,2
PRD01260,CAT0054,2022-12-18,true,1
PRD01261,CAT0054,2024-02-05,true,1
PRD01262,CAT0054,2019-08-20,true,1
PRD01263,CAT0054,2021-10-28,true,1
PRD01264,CAT0054,2020-08-12,true,1
PRD01265,CAT0054,2021-02-11,true,1
PRD01266,CAT0054,2023-10-23,true,1
PRD01267,CAT0054,2020-07-13,true,1
PRD01268,CAT0054,2023-02-06,true,1
PRD01269,CAT0054,2021-11-26,true,1
PRD01269,CAT0001,2025-09-30,false,3
PRD01270,CAT0054,2024-01-09,true,1
PRD01271,CAT0054,2024-01-28,true,1
PRD01272,CAT0054,2023-08-13,true,1
PRD01273,CAT0054,2020-09-07,true,1
PRD01274,CAT0054,2019-03-14,true,1
PRD01275,CAT0054,2021-02-18,true,1
PRD01276,CAT0054,2024-04-29,true,1
PRD01277,CAT0054,2021-08-02,true,1
PRD01278,CAT0054,2021-04-04,true,1
PRD01279,CAT0054,2021-08-02,true,1
PRD01280,CAT0055,2021-01-10,true,1
PRD01280,CAT0101,2022-09-26,false,2
PRD01281,CAT0055,2024-08-06,true,1
PRD01281,CAT0015,2023-09-08,false,3
PRD01282,CAT0055,2019-03-26,true,1
PRD01283,CAT0055,2023-05-27,true,1
PRD01283,CAT0062,2020-09-28,false,2
PRD01284,CAT0055,2020-12-26,true,1
PRD01285,CAT0055,2022-08-02,true,1
PRD01286,CAT0055,2024-07-29,true,1
PRD01287,CAT0055,2021-12-18,true,1
PRD01288,CAT0055,2021-03-30,true,1
PRD01289,CAT0055,2024-07-02,true,1
PRD01289,CAT0037,2021-02-11,false,5
PRD01290,CAT0055,2019-03-07,true,1
PRD01291,CAT0055,2022-05-05,true,1
PRD01291,CAT0130,2025-02-11,false,4
PRD01292,CAT0055,2019-01-16,true,1
PRD01293,CAT0055,2021-04-13,true,1
PRD01294,CAT0055,2023-05-22,true,1
PRD01295,CAT0055,2021-03-15,true,1
PRD01296,CAT0055,2022-10-08,true,1
PRD01297,CAT0055,2020-11-02,true,1
PRD01298,CAT0055,2022-08-22,true,1
PRD01299,CAT0055,2023-09-04,true,1
PRD01299,CAT0106,2025-02-04,false,2
PRD01300,CAT0055,2024-11-22,true,1
PRD01301,CAT0055,2020-10-09,true,1
PRD01302,CAT0055,2024-05-10,true,1
PRD01302,CAT0054,2024-10-31,false,2
PRD01303,CAT0055,2020-01-13,true,1
PRD01304,CAT0055,2023-12-05,true,1
PRD01304,CAT0037,2021-05-07,false,5
PRD01305,CAT0056,2024-01-09,true,1
PRD01306,CAT0056,2022-02-08,true,1
PRD01307,CAT0056,2022-05-07,true,1
PRD01308,CAT0056,2024-05-16,true,1
PRD01309,CAT0056,2019-04-09,true,1
PRD01310,CAT0056,2022-10-31,true,1
PRD01310,CAT0058,2024-12-17,false,5
PRD01311,CAT0056,2024-02-13,true,1
PRD01312,CAT0056,2023-11-18,true,1
PRD01312,CAT0103,2021-09-07,false,4
PRD01313,CAT0056,2021-09-29,true,1
PRD01314,CAT0056,2019-07-24,true,1
PRD01315,CAT0056,2021-06-23,true,1
PRD01315,CAT0120,2025-12-13,false,3
PRD01316,CAT0056,2021-05-01,true,1
PRD01317,CAT0056,2019-11-09,true,1
PRD01318,CAT0056,2024-07-02,true,1
PRD01319,CAT0056,2023-02-03,true,1
PRD01320,CAT0056,2021-06-24,true,1
PRD01321,CAT0056,2019-11-01,true,1
PRD01321,CAT0117,2021-02-27,false,5
PRD01322,CAT0056,2020-08-04,true,1
PRD01323,CAT0056,2024-11-24,true,1
PRD01324,CAT0056,2021-06-19,true,1
PRD01325,CAT0056,2020-04-24,true,1
PRD01326,CAT0056,2022-12-17,true,1
PRD01327,CAT0056,2024-03-08,true,1
PRD01327,CAT0077,2024-08-14,false,4
PRD01328,CAT0056,2019-01-09,true,1
PRD01328,CAT0076,2025-01-10,false,4
PRD01329,CAT0056,2024-02-14,true,1
PRD01330,CAT0056,2020-11-01,true,1
PRD01331,CAT0056,2023-06-21,true,1
PRD01332,CAT0057,2020-02-11,true,1
PRD01333,CAT0057,2023-08-13,true,1
PRD01334,CAT0057,2019-06-16,true,1
PRD01335,CAT0057,2020-06-27,true,1
PRD01336,CAT0057,2023-04-19,true,1
PRD01336,CAT0110,2025-06-29,false,5
PRD01337,CAT0057,2023-10-18,true,1
PRD01337,CAT0097,2024-04-28,false,3
PRD01338,CAT0057,2023-03-05,true,1
PRD01338,CAT0062,2024-07-08,false,2
PRD01339,CAT0057,2019-03-17,true,1
PRD01340,CAT0057,2024-01-29,true,1
PRD01341,CAT0057,2019-02-15,true,1
PRD01342,CAT0057,2022-02-03,true,1
PRD01342,CAT0051,2025-09-21,false,3
PRD01343,CAT0057,2024-08-12,true,1
PRD01344,CAT0057,2020-02-05,true,1
PRD01344,CAT0082,2021-09-03,false,3
PRD01345,CAT0057,2019-01-19,true,1
PRD01346,CAT0057,2024-04-05,true,1
PRD01347,CAT0057,2024-07-29,true,1
PRD01348,CAT0057,2024-08-20,true,1
PRD01349,CAT0057,2023-07-05,true,1
PRD01349,CAT0045,2024-03-10,false,5
PRD01350,CAT0057,2019-10-09,true,1
PRD01351,CAT0057,2021-12-04,true,1
PRD01351,CAT0044,2020-01-16,false,3
PRD01352,CAT0057,2019-04-18,true,1
PRD01352,CAT0046,2023-05-17,false,4
PRD01353,CAT0057,2023-05-08,true,1
PRD01354,CAT0057,2023-08-20,true,1
PRD01355,CAT0057,2024-04-21,true,1
PRD01356,CAT0057,2023-01-12,true,1
PRD01357,CAT0057,2023-06-19,true,1
PRD01358,CAT0057,2021-01-20,true,1
PRD01359,CAT0057,2022-12-24,true,1
PRD01360,CAT0057,2019-08-03,true,1
PRD01361,CAT0057,2021-06-13,true,1
PRD01362,CAT0057,2024-12-10,true,1
PRD01362,CAT0045,2022-03-20,false,4
PRD01363,CAT0058,2019-04-14,true,1
PRD01364,CAT0058,2020-04-29,true,1
PRD01364,CAT0102,2020-11-14,false,5
PRD01365,CAT0058,2023-07-18,true,1
PRD01366,CAT0058,2023-02-05,true,1
PRD01367,CAT0058,2022-04-29,true,1
PRD01367,CAT0054,2023-07-14,false,4
PRD01368,CAT0058,2019-08-15,true,1
PRD01369,CAT0058,2024-02-15,true,1
PRD01369,CAT0083,2023-05-13,false,5
PRD01370,CAT0058,2020-09-24,true,1
PRD01370,CAT0035,2024-11-09,false,4
PRD01371,CAT0058,2023-05-10,true,1
PRD01372,CAT0058,2020-08-03,true,1
PRD01373,CAT0058,2023-08-19,true,1
PRD01374,CAT0058,2021-10-25,true,1
PRD01375,CAT0058,2020-03-29,true,1
PRD01376,CAT0058,2019-11-15,true,1
PRD01377,CAT0058,2023-08-06,true,1
PRD01378,CAT0058,2024-06-30,true,1
PRD01378,CAT0030,2020-07-07,false,2
PRD01379,CAT0058,2019-11-21,true,1
PRD01380,CAT0058,2024-04-13,true,1
PRD01381,CAT0058,2023-04-19,true,1
PRD01382,CAT0058,2019-07-10,true,1
PRD01382,CAT0041,2020-02-26,false,2
PRD01383,CAT0058,2021-10-20,true,1
PRD01384,CAT0058,2023-10-28,true,1
PRD01385,CAT0058,2020-06-19,true,1
PRD01385,CAT0043,2021-07-13,false,3
PRD01386,CAT0058,2022-11-08,true,1
PRD01387,CAT0058,2020-07-31,true,1
PRD01387,CAT0080,2021-02-19,false,3
PRD01388,CAT0058,2021-11-30,true,1
PRD01389,CAT0059,2023-07-03,true,1
PRD01389,CAT0028,2021-08-28,false,2
PRD01390,CAT0059,2020-11-24,true,1
PRD01391,CAT0059,2019-04-18,true,1
PRD01392,CAT0059,2020-03-09,true,1
PRD01392,CAT0049,2024-07-07,false,4
PRD01393,CAT0059,2021-12-04,true,1
PRD01394,CAT0059,2022-09-10,true,1
PRD01395,CAT0059,2020-02-04,true,1
PRD01396,CAT0059,2023-05-15,true,1
PRD01397,CAT0059,2021-06-21,true,1
PRD01398,CAT0059,2022-08-18,true,1
PRD01398,CAT0046,2024-07-27,false,3
PRD01399,CAT0059,2024-09-25,true,1
PRD01400,CAT0059,2024-05-28,true,1
PRD01401,CAT0059,2024-07-04,true,1
PRD01401,CAT0050,2021-02-10,false,4
PRD01402,CAT0059,2021-03-15,true,1
PRD01403,CAT0059,2023-07-19,true,1
PRD01403,CAT0061,2021-12-27,false,4
PRD01404,CAT0059,2024-12-04,true,1
PRD01405,CAT0059,2022-04-02,true,1
PRD01406,CAT0059,2019-03-29,true,1
PRD01407,CAT0059,2020-04-10,true,1
PRD01408,CAT0059,2020-06-10,true,1
PRD01408,CAT0121,2020-10-19,false,2
PRD01409,CAT0059,2021-11-22,true,1
PRD01410,CAT0059,2019-08-30,true,1
PRD01411,CAT0059,2020-03-04,true,1
PRD01411,CAT0109,2022-11-05,false,5
PRD01412,CAT0059,2019-08-10,true,1
PRD01413,CAT0059,2023-04-26,true,1
PRD01414,CAT0059,2024-12-01,true,1
PRD01415,CAT0059,2022-07-10,true,1
PRD01416,CAT0059,2019-04-16,true,1
PRD01416,CAT0026,2021-08-05,false,5
PRD01417,CAT0059,2024-06-05,true,1
PRD01418,CAT0059,2019-06-02,true,1
PRD01419,CAT0060,2024-08-08,true,1
PRD01420,CAT0060,2024-09-07,true,1
PRD01421,CAT0060,2022-10-28,true,1
PRD01421,CAT0065,2022-01-09,false,5
PRD01422,CAT0060,2019-08-09,true,1
PRD01422,CAT0119,2025-07-14,false,3
PRD01423,CAT0060,2021-08-08,true,1
PRD01424,CAT0060,2019-01-14,true,1
PRD01425,CAT0060,2021-11-01,true,1
PRD01426,CAT0060,2021-11-15,true,1
PRD01427,CAT0060,2021-03-04,true,1
PRD01427,CAT0107,2023-07-03,false,4
PRD01428,CAT0060,2020-05-19,true,1
PRD01429,CAT0060,2021-12-17,true,1
PRD01430,CAT0060,2021-04-20,true,1
PRD01431,CAT0060,2019-02-27,true,1
PRD01431,CAT0100,2024-02-01,false,5
PRD01432,CAT0060,2020-12-13,true,1
PRD01433,CAT0060,2021-02-17,true,1
PRD01434,CAT0060,2021-11-29,true,1
PRD01435,CAT0060,2024-11-15,true,1
PRD01435,CAT0059,2023-05-07,false,3
PRD01436,CAT0060,2020-01-17,true,1
PRD01436,CAT0073,2024-11-28,false,4
PRD01437,CAT0060,2023-06-14,true,1
PRD01438,CAT0060,2024-06-15,true,1
PRD01438,CAT0082,2020-12-12,false,4
PRD01439,CAT0060,2020-03-22,true,1
PRD01440,CAT0060,2023-09-16,true,1
PRD01440,CAT0049,2020-12-19,false,3
PRD01441,CAT0060,2022-02-20,true,1
PRD01441,CAT0030,2025-02-19,false,3
PRD01442,CAT0060,2021-11-01,true,1
PRD01443,CAT0060,2023-06-21,true,1
PRD01444,CAT0060,2024-03-09,true,1
PRD01445,CAT0060,2021-07-24,true,1
PRD01446,CAT0060,2021-04-16,true,1
PRD01447,CAT0060,2019-06-10,true,1
PRD01448,CAT0060,2023-04-21,true,1
PRD01449,CAT0060,2022-01-14,true,1
PRD01449,CAT0115,2021-10-01,false,5
PRD01450,CAT0061,2021-05-11,true,1
PRD01451,CAT0061,2023-05-21,true,1
PRD01452,CAT0061,2024-07-01,true,1
PRD01453,CAT0061,2021-12-12,true,1
PRD01453,CAT0047,2024-04-21,false,3
PRD01454,CAT0061,2019-01-23,true,1
PRD01455,CAT0061,2020-02-26,true,1
PRD01456,CAT0061,2022-08-03,true,1
PRD01457,CAT0061,2020-06-23,true,1
PRD01457,CAT0130,2022-04-07,false,2
PRD01458,CAT0061,2020-09-13,true,1
PRD01458,CAT0058,2022-04-27,false,5
PRD01459,CAT0061,2019-05-06,true,1
PRD01460,CAT0061,2022-08-11,true,1
PRD01461,CAT0061,2019-06-20,true,1
PRD01461,CAT0105,2020-03-06,false,5
PRD01462,CAT0061,2020-11-04,true,1
PRD01463,CAT0061,2021-03-05,true,1
PRD01463,CAT0036,2025-08-25,false,5
PRD01464,CAT0061,2021-02-07,true,1
PRD01465,CAT0061,2022-10-04,true,1
PRD01465,CAT0095,2021-04-23,false,5
PRD01466,CAT0061,2020-08-20,true,1
PRD01467,CAT0061,2022-10-07,true,1
PRD01468,CAT0061,2023-04-21,true,1
PRD01469,CAT0061,2021-09-18,true,1
PRD01469,CAT0011,2021-09-24,false,5
PRD01470,CAT0061,2024-10-02,true,1
PRD01471,CAT0061,2022-04-27,true,1
PRD01472,CAT0061,2023-12-12,true,1
PRD01473,CAT0061,2023-01-21,true,1
PRD01474,CAT0061,2020-01-27,true,1
PRD01474,CAT0015,2024-07-30,false,4
PRD01475,CAT0061,2022-07-26,true,1
PRD01476,CAT0061,2020-10-08,true,1
PRD01477,CAT0061,2020-03-07,true,1
PRD01477,CAT0085,2022-05-18,false,2
PRD01478,CAT0061,2023-06-18,true,1
PRD01479,CAT0061,2022-09-30,true,1
PRD01480,CAT0061,2023-05-20,true,1
PRD01481,CAT0062,2022-10-14,true,1
PRD01482,CAT0062,2020-03-04,true,1
PRD01482,CAT0019,2021-04-09,false,3
PRD01483,CAT0062,2020-08-26,true,1
PRD01484,CAT0062,2024-10-29,true,1
PRD01484,CAT0070,2021-11-21,false,3
PRD01485,CAT0062,2022-08-22,true,1
PRD01486,CAT0062,2021-11-04,true,1
PRD01487,CAT0062,2023-06-28,true,1
PRD01488,CAT0062,2023-01-05,true,1
PRD01489,CAT0062,2022-12-26,true,1
PRD01489,CAT0129,2023-08-18,false,4
PRD01490,CAT0062,2021-12-05,true,1
PRD01491,CAT0062,2022-10-07,true,1
PRD01492,CAT0062,2019-06-29,true,1
PRD01493,CAT0062,2019-07-26,true,1
PRD01494,CAT0062,2024-04-29,true,1
PRD01495,CAT0062,2022-03-28,true,1
PRD01496,CAT0062,2022-06-01,true,1
PRD01497,CAT0062,2019-01-05,true,1
PRD01498,CAT0062,2020-08-21,true,1
PRD01499,CAT0062,2019-05-24,true,1
PRD01500,CAT0062,2023-02-07,true,1
PRD01501,CAT0062,2019-07-18,true,1
PRD01502,CAT0062,2020-06-27,true,1
PRD01502,CAT0005,2022-02-06,false,2
PRD01503,CAT0062,2024-07-28,true,1
PRD01504,CAT0062,2021-03-05,true,1
PRD01504,CAT0129,2021-01-05,false,4
PRD01505,CAT0062,2021-07-30,true,1
PRD01505,CAT0057,2022-04-26,false,3
PRD01506,CAT0062,2023-05-06,true,1
PRD01507,CAT0062,2024-03-19,true,1
PRD01508,CAT0062,2022-11-16,true,1
PRD01508,CAT0127,2021-07-13,false,4
PRD01509,CAT0062,2021-08-16,true,1
PRD01510,CAT0062,2020-02-19,true,1
PRD01511,CAT0062,2020-08-13,true,1
PRD01512,CAT0062,2024-01-13,true,1
PRD01513,CAT0063,2020-03-01,true,1
PRD01514,CAT0063,2020-08-10,true,1
PRD01515,CAT0063,2021-10-15,true,1
PRD01515,CAT0092,2025-10-31,false,4
PRD01516,CAT0063,2019-03-13,true,1
PRD01517,CAT0063,2019-11-20,true,1
PRD01518,CAT0063,2024-06-14,true,1
PRD01519,CAT0063,2020-07-15,true,1
PRD01519,CAT0029,2020-12-27,false,4
PRD01520,CAT0063,2022-05-18,true,1
PRD01521,CAT0063,2022-06-23,true,1
PRD01522,CAT0063,2024-10-07,true,1
PRD01523,CAT0063,2019-03-05,true,1
PRD01523,CAT0077,2024-07-27,false,2
PRD01524,CAT0063,2019-03-16,true,1
PRD01525,CAT0063,2019-10-16,true,1
PRD01526,CAT0063,2024-12-27,true,1
PRD01526,CAT0001,2025-07-19,false,2
PRD01527,CAT0063,2021-10-07,true,1
PRD01528,CAT0063,2024-06-07,true,1
PRD01529,CAT0063,2024-06-28,true,1
PRD01529,CAT0086,2021-01-25,false,4
PRD01530,CAT0063,2023-06-01,true,1
PRD01530,CAT0049,2025-07-14,false,3
PRD01531,CAT0063,2019-08-22,true,1
PRD01532,CAT0063,2021-09-23,true,1
PRD01533,CAT0063,2022-05-07,true,1
PRD01533,CAT0078,2020-03-24,false,2
PRD01534,CAT0063,2020-10-10,true,1
PRD01534,CAT0088,2024-10-05,false,3
PRD01535,CAT0063,2022-06-25,true,1
PRD01535,CAT0018,2023-01-26,false,4
PRD01536,CAT0063,2023-02-02,true,1
PRD01537,CAT0063,2019-12-14,true,1
PRD01537,CAT0005,2022-10-26,false,3
PRD01538,CAT0063,2019-12-06,true,1
PRD01539,CAT0063,2024-12-06,true,1
PRD01540,CAT0063,2023-10-07,true,1
PRD01541,CAT0063,2023-12-02,true,1
PRD01542,CAT0063,2022-04-17,true,1
PRD01543,CAT0063,2024-08-16,true,1
PRD01544,CAT0063,2021-04-04,true,1
PRD01545,CAT0064,2021-04-24,true,1
PRD01546,CAT0064,2020-09-09,true,1
PRD01546,CAT0073,2025-11-11,false,2
PRD01547,CAT0064,2023-07-23,true,1
PRD01548,CAT0064,2022-12-23,true,1
PRD01548,CAT0001,2025-11-20,false,5
PRD01549,CAT0064,2019-05-17,true,1
PRD01549,CAT0078,2024-04-07,false,2
PRD01550,CAT0064,2024-10-11,true,1
PRD01551,CAT0064,2019-08-21,true,1
PRD01552,CAT0064,2020-11-01,true,1
PRD01553,CAT0064,2021-07-24,true,1
PRD01554,CAT0064,2020-06-14,true,1
PRD01555,CAT0064,2023-05-17,true,1
PRD01556,CAT0064,2021-08-05,true,1
PRD01556,CAT0100,2023-02-21,false,3
PRD01557,CAT0064,2022-09-29,true,1
PRD01558,CAT0064,2024-09-12,true,1
PRD01559,CAT0064,2020-12-20,true,1
PRD01559,CAT0068,2022-03-23,false,5
PRD01560,CAT0064,2023-11-04,true,1
PRD01561,CAT0064,2022-06-03,true,1
PRD01562,CAT0064,2024-01-09,true,1
PRD01563,CAT0064,2024-07-02,true,1
PRD01563,CAT0039,2022-10-17,false,5
PRD01564,CAT0064,2020-10-04,true,1
PRD01565,CAT0064,2020-11-05,true,1
PRD01566,CAT0064,2019-12-22,true,1
PRD01566,CAT0036,2023-06-06,false,2
PRD01567,CAT0064,2023-05-31,true,1
PRD01567,CAT0104,2023-03-28,false,5
PRD01568,CAT0064,2019-03-24,true,1
PRD01569,CAT0064,2020-09-04,true,1
PRD01570,CAT0064,2021-10-30,true,1
PRD01571,CAT0064,2019-04-21,true,1
PRD01572,CAT0064,2023-07-24,true,1
PRD01573,CAT0065,2024-11-15,true,1
PRD01573,CAT0022,2024-10-25,false,2
PRD01574,CAT0065,2021-03-28,true,1
PRD01575,CAT0065,2021-06-30,true,1
PRD01576,CAT0065,2024-11-09,true,1
PRD01577,CAT0065,2019-10-17,true,1
PRD01577,CAT0087,2020-07-11,false,3
PRD01578,CAT0065,2022-08-03,true,1
PRD01579,CAT0065,2020-11-24,true,1
PRD01579,CAT0114,2023-01-11,false,5
PRD01580,CAT0065,2023-11-21,true,1
PRD01580,CAT0077,2020-08-26,false,4
PRD01581,CAT0065,2020-08-25,true,1
PRD01582,CAT0065,2022-03-28,true,1
PRD01582,CAT0107,2023-07-14,false,5
PRD01583,CAT0065,2020-09-26,true,1
PRD01584,CAT0065,2023-06-07,true,1
PRD01584,CAT0104,2023-05-01,false,3
PRD01585,CAT0065,2019-04-20,true,1
PRD01586,CAT0065,2019-04-21,true,1
PRD01587,CAT0065,2022-06-05,true,1
PRD01588,CAT0065,2023-05-31,true,1
PRD01589,CAT0065,2019-02-11,true,1
PRD01590,CAT0065,2023-01-02,true,1
PRD01591,CAT0065,2021-06-11,true,1
PRD01591,CAT0056,2025-05-22,false,3
PRD01592,CAT0065,2024-03-08,true,1
PRD01593,CAT0065,2023-03-22,true,1
PRD01594,CAT0065,2021-07-07,true,1
PRD01595,CAT0065,2024-05-26,true,1
PRD01596,CAT0065,2021-01-29,true,1
PRD01597,CAT0065,2020-12-22,true,1
PRD01598,CAT0065,2020-11-22,true,1
PRD01599,CAT0065,2022-07-01,true,1
PRD01600,CAT0065,2019-10-23,true,1
PRD01600,CAT0126,2024-08-15,false,2
PRD01601,CAT0065,2020-07-01,true,1
PRD01602,CAT0065,2024-08-29,true,1
PRD01602,CAT0028,2021-10-15,false,4
PRD01603,CAT0066,2024-03-05,true,1
PRD01604,CAT0066,2022-03-19,true,1
PRD01605,CAT0066,2024-08-30,true,1
PRD01605,CAT0080,2020-06-01,false,5
PRD01606,CAT0066,2020-05-13,true,1
PRD01606,CAT0118,2023-11-22,false,5
PRD01607,CAT0066,2020-01-05,true,1
PRD01608,CAT0066,2022-04-20,true,1
PRD01609,CAT0066,2023-10-09,true,1
PRD01610,CAT0066,2021-02-07,true,1
PRD01610,CAT0101,2025-08-23,false,4
PRD01611,CAT0066,2024-11-02,true,1
PRD01611,CAT0097,2021-10-16,false,4
PRD01612,CAT0066,2024-02-28,true,1
PRD01612,CAT0100,2023-11-24,false,5
PRD01613,CAT0066,2021-03-06,true,1
PRD01614,CAT0066,2023-09-14,true,1
PRD01615,CAT0066,2019-10-12,true,1
PRD01616,CAT0066,2019-04-15,true,1
PRD01617,CAT0066,2020-03-30,true,1
PRD01618,CAT0066,2020-06-11,true,1
PRD01619,CAT0066,2024-06-03,true,1
PRD01620,CAT0066,2022-05-11,true,1
PRD01621,CAT0066,2024-06-03,true,1
PRD01621,CAT0108,2024-03-17,false,3
PRD01622,CAT0066,2019-03-09,true,1
PRD01623,CAT0066,2020-09-10,true,1
PRD01624,CAT0066,2021-03-01,true,1
PRD01625,CAT0066,2024-07-06,true,1
PRD01626,CAT0066,2023-06-27,true,1
PRD01627,CAT0066,2021-09-26,true,1
PRD01628,CAT0066,2019-10-23,true,1
PRD01628,CAT0121,2023-09-17,false,5
PRD01629,CAT0066,2020-07-17,true,1
PRD01630,CAT0066,2022-09-04,true,1
PRD01631,CAT0066,2021-07-14,true,1
PRD01632,CAT0067,2019-10-05,true,1
PRD01632,CAT0005,2023-06-29,false,4
PRD01633,CAT0067,2023-08-30,true,1
PRD01633,CAT0091,2024-01-30,false,3
PRD01634,CAT0067,2022-04-03,true,1
PRD01635,CAT0067,2019-07-16,true,1
PRD01636,CAT0067,2019-06-10,true,1
PRD01636,CAT0081,2020-12-25,false,2
PRD01637,CAT0067,2023-06-23,true,1
PRD01638,CAT0067,2023-07-27,true,1
PRD01638,CAT0012,2023-07-17,false,3
PRD01639,CAT0067,2021-12-05,true,1
PRD01639,CAT0129,2020-12-15,false,4
PRD01640,CAT0067,2024-11-26,true,1
PRD01641,CAT0067,2021-10-05,true,1
PRD01641,CAT0096,2025-06-26,false,2
PRD01642,CAT0067,2020-11-21,true,1
PRD01642,CAT0106,2024-05-18,false,5
PRD01643,CAT0067,2019-06-27,true,1
PRD01643,CAT0047,2025-11-19,false,2
PRD01644,CAT0067,2021-11-19,true,1
PRD01645,CAT0067,2023-06-02,true,1
PRD01646,CAT0067,2023-11-15,true,1
PRD01647,CAT0067,2020-01-23,true,1
PRD01648,CAT0067,2024-05-29,true,1
PRD01649,CAT0067,2023-02-07,true,1
PRD01650,CAT0067,2021-02-09,true,1
PRD01651,CAT0067,2019-12-22,true,1
PRD01652,CAT0067,2019-10-10,true,1
PRD01653,CAT0067,2021-06-21,true,1
PRD01653,CAT0097,2024-05-10,false,4
PRD01654,CAT0067,2022-03-12,true,1
PRD01655,CAT0067,2022-03-04,true,1
PRD01656,CAT0067,2022-02-28,true,1
PRD01656,CAT0060,2023-04-21,false,3
PRD01657,CAT0067,2023-10-29,true,1
PRD01658,CAT0067,2024-03-22,true,1
PRD01659,CAT0067,2022-01-03,true,1
PRD01660,CAT0067,2023-06-09,true,1
PRD01661,CAT0067,2019-09-22,true,1
PRD01661,CAT0085,2023-12-05,false,5
PRD01662,CAT0068,2019-11-12,true,1
PRD01663,CAT0068,2019-01-14,true,1
PRD01664,CAT0068,2023-04-18,true,1
PRD01665,CAT0068,2019-08-24,true,1
PRD01666,CAT0068,2024-09-25,true,1
PRD01667,CAT0068,2023-10-19,true,1
PRD01668,CAT0068,2019-11-08,true,1
PRD01669,CAT0068,2020-10-07,true,1
PRD01670,CAT0068,2023-04-10,true,1
PRD01671,CAT0068,2022-03-10,true,1
PRD01672,CAT0068,2024-04-13,true,1
PRD01672,CAT0116,2023-04-12,false,2
PRD01673,CAT0068,2020-09-04,true,1
PRD01674,CAT0068,2024-08-01,true,1
PRD01675,CAT0068,2020-07-02,true,1
PRD01676,CAT0068,2024-07-25,true,1
PRD01676,CAT0029,2024-10-16,false,4
PRD01677,CAT0068,2023-06-08,true,1
PRD01678,CAT0068,2020-09-16,true,1
PRD01678,CAT0075,2024-03-03,false,5
PRD01679,CAT0068,2022-07-11,true,1
PRD01680,CAT0068,2021-12-27,true,1
PRD01680,CAT0109,2023-04-26,false,4
PRD01681,CAT0068,2021-07-16,true,1
PRD01682,CAT0068,2019-04-03,true,1
PRD01683,CAT0068,2024-11-10,true,1
PRD01684,CAT0068,2022-05-28,true,1
PRD01685,CAT0068,2022-12-19,true,1
PRD01686,CAT0068,2024-02-05,true,1
PRD01686,CAT0017,2023-11-03,false,5
PRD01687,CAT0068,2024-01-26,true,1
PRD01688,CAT0068,2024-04-04,true,1
PRD01689,CAT0068,2024-12-08,true,1
PRD01689,CAT0109,2020-12-09,false,3
PRD01690,CAT0068,2019-03-29,true,1
PRD01690,CAT0059,2021-10-22,false,5
PRD01691,CAT0068,2023-07-08,true,1
PRD01691,CAT0024,2024-06-03,false,4
PRD01692,CAT0068,2024-08-07,true,1
PRD01692,CAT0116,2024-05-29,false,5
PRD01693,CAT0069,2023-04-20,true,1
PRD01694,CAT0069,2023-08-01,true,1
PRD01695,CAT0069,2024-08-08,true,1
PRD01695,CAT0021,2025-05-29,false,4
PRD01696,CAT0069,2021-07-18,true,1
PRD01697,CAT0069,2023-11-06,true,1
PRD01697,CAT0113,2023-11-10,false,2
PRD01698,CAT0069,2019-12-23,true,1
PRD01699,CAT0069,2022-07-18,true,1
PRD01700,CAT0069,2021-06-12,true,1
PRD01701,CAT0069,2022-03-05,true,1
PRD01702,CAT0069,2019-08-28,true,1
PRD01703,CAT0069,2020-09-16,true,1
PRD01703,CAT0026,2024-04-17,false,3
PRD01704,CAT0069,2023-11-10,true,1
PRD01705,CAT0069,2023-09-16,true,1
PRD01706,CAT0069,2020-10-27,true,1
PRD01707,CAT0069,2024-02-07,true,1
PRD01708,CAT0069,2024-08-27,true,1
PRD01709,CAT0069,2021-09-05,true,1
PRD01709,CAT0046,2024-04-02,false,3
PRD01710,CAT0069,2024-07-08,true,1
PRD01710,CAT0106,2025-10-17,false,3
PRD01711,CAT0069,2022-06-01,true,1
PRD01711,CAT0129,2020-10-19,false,3
PRD01712,CAT0069,2019-07-09,true,1
PRD01712,CAT0122,2025-01-12,false,3
PRD01713,CAT0069,2023-09-25,true,1
PRD01714,CAT0069,2023-02-26,true,1
PRD01715,CAT0069,2019-12-20,true,1
PRD01716,CAT0069,2024-04-03,true,1
PRD01717,CAT0069,2019-03-02,true,1
PRD01717,CAT0055,2022-11-12,false,4
PRD01718,CAT0069,2022-04-13,true,1
PRD01718,CAT0098,2023-02-03,false,5
PRD01719,CAT0069,2019-04-22,true,1
PRD01720,CAT0069,2020-03-16,true,1
PRD01721,CAT0069,2019-01-05,true,1
PRD01722,CAT0069,2023-05-31,true,1
PRD01723,CAT0069,2020-11-10,true,1
PRD01724,CAT0070,2021-03-31,true,1
PRD01724,CAT0067,2023-09-04,false,4
PRD01725,CAT0070,2024-04-06,true,1
PRD01726,CAT0070,2024-09-16,true,1
PRD01727,CAT0070,2024-12-27,true,1
PRD01728,CAT0070,2022-10-06,true,1
PRD01729,CAT0070,2020-09-06,true,1
PRD01729,CAT0033,2020-08-02,false,2
PRD01730,CAT0070,2023-04-26,true,1
PRD01731,CAT0070,2022-11-20,true,1
PRD01732,CAT0070,2024-05-13,true,1
PRD01733,CAT0070,2022-06-06,true,1
PRD01734,CAT0070,2022-05-01,true,1
PRD01735,CAT0070,2019-08-19,true,1
PRD01735,CAT0001,2022-05-13,false,4
PRD01736,CAT0070,2020-08-12,true,1
PRD01736,CAT0097,2025-03-28,false,3
PRD01737,CAT0070,2019-10-05,true,1
PRD01738,CAT0070,2019-04-23,true,1
PRD01739,CAT0070,2023-10-24,true,1
PRD01740,CAT0070,2024-04-19,true,1
PRD01741,CAT0070,2019-04-23,true,1
PRD01742,CAT0070,2020-05-10,true,1
PRD01743,CAT0070,2023-05-08,true,1
PRD01743,CAT0021,2024-11-11,false,5
PRD01744,CAT0070,2020-03-21,true,1
PRD01744,CAT0011,2022-12-22,false,5
PRD01745,CAT0070,2022-11-05,true,1
PRD01746,CAT0070,2023-06-16,true,1
PRD01747,CAT0070,2019-01-10,true,1
PRD01748,CAT0070,2020-01-29,true,1
PRD01749,CAT0070,2023-08-28,true,1
PRD01750,CAT0070,2020-02-21,true,1
PRD01751,CAT0070,2023-09-25,true,1
PRD01752,CAT0070,2020-11-01,true,1
PRD01752,CAT0040,2020-06-06,false,5
PRD01753,CAT0070,2019-09-15,true,1
PRD01754,CAT0070,2020-07-24,true,1
PRD01754,CAT0006,2024-01-28,false,2
PRD01755,CAT0070,2023-04-10,true,1
PRD01756,CAT0071,2021-12-01,true,1
PRD01757,CAT0071,2021-03-06,true,1
PRD01758,CAT0071,2024-12-09,true,1
PRD01759,CAT0071,2021-12-25,true,1
PRD01760,CAT0071,2020-08-18,true,1
PRD01761,CAT0071,2023-12-24,true,1
PRD01762,CAT0071,2024-04-02,true,1
PRD01763,CAT0071,2022-05-24,true,1
PRD01764,CAT0071,2022-06-26,true,1
PRD01765,CAT0071,2020-04-07,true,1
PRD01766,CAT0071,2024-03-28,true,1
PRD01767,CAT0071,2023-03-23,true,1
PRD01768,CAT0071,2023-04-29,true,1
PRD01768,CAT0102,2022-01-31,false,2
PRD01769,CAT0071,2021-06-30,true,1
PRD01769,CAT0061,2022-01-09,false,4
PRD01770,CAT0071,2019-02-10,true,1
PRD01770,CAT0124,2024-04-24,false,2
PRD01771,CAT0071,2019-06-13,true,1
PRD01772,CAT0071,2020-07-05,true,1
PRD01773,CAT0071,2023-05-25,true,1
PRD01774,CAT0071,2024-08-19,true,1
PRD01775,CAT0071,2024-02-26,true,1
PRD01775,CAT0122,2020-05-18,false,4
PRD01776,CAT0071,2019-11-07,true,1
PRD01777,CAT0071,2021-07-08,true,1
PRD01778,CAT0071,2021-05-26,true,1
PRD01779,CAT0071,2019-09-11,true,1
PRD01780,CAT0071,2022-01-13,true,1
PRD01781,CAT0071,2024-09-22,true,1
PRD01781,CAT0121,2022-02-03,false,2
PRD01782,CAT0071,2021-09-22,true,1
PRD01782,CAT0034,2020-05-15,false,2
PRD01783,CAT0071,2023-02-06,true,1
PRD01784,CAT0072,2022-12-03,true,1
PRD01784,CAT0059,2021-03-30,false,2
PRD01785,CAT0072,2023-12-02,true,1
PRD01786,CAT0072,2022-12-09,true,1
PRD01787,CAT0072,2024-07-05,true,1
PRD01788,CAT0072,2021-01-30,true,1
PRD01789,CAT0072,2020-10-03,true,1
PRD01790,CAT0072,2022-10-05,true,1
PRD01791,CAT0072,2021-10-14,true,1
PRD01792,CAT0072,2024-10-15,true,1
PRD01793,CAT0072,2019-08-12,true,1
PRD01793,CAT0091,2022-02-03,false,3
PRD01794,CAT0072,2021-01-12,true,1
PRD01795,CAT0072,2020-12-30,true,1
PRD01796,CAT0072,2022-01-16,true,1
PRD01797,CAT0072,2021-12-15,true,1
PRD01797,CAT0103,2024-11-04,false,2
PRD01798,CAT0072,2022-11-16,true,1
PRD01799,CAT0072,2020-12-25,true,1
PRD01800,CAT0072,2020-07-03,true,1
PRD01800,CAT0126,2024-04-25,false,4
PRD01801,CAT0072,2023-05-03,true,1
PRD01801,CAT0049,2021-11-19,false,4
PRD01802,CAT0072,2022-10-14,true,1
PRD01803,CAT0072,2020-05-01,true,1
PRD01804,CAT0072,2020-12-24,true,1
PRD01805,CAT0072,2020-04-13,true,1
PRD01806,CAT0072,2020-11-29,true,1
PRD01807,CAT0072,2023-03-27,true,1
PRD01808,CAT0072,2022-11-10,true,1
PRD01808,CAT0045,2020-08-15,false,2
PRD01809,CAT0072,2023-08-23,true,1
PRD01809,CAT0116,2025-10-03,false,2
PRD01810,CAT0072,2024-11-25,true,1
PRD01811,CAT0072,2020-03-30,true,1
PRD01811,CAT0058,2025-10-23,false,4
PRD01812,CAT0072,2023-12-17,true,1
PRD01813,CAT0072,2020-09-04,true,1
PRD01814,CAT0072,2020-09-26,true,1
PRD01815,CAT0072,2023-01-06,true,1
PRD01816,CAT0073,2021-07-03,true,1
PRD01817,CAT0073,2023-03-13,true,1
PRD01818,CAT0073,2022-07-18,true,1
PRD01819,CAT0073,2024-07-10,true,1
PRD01820,CAT0073,2024-05-17,true,1
PRD01821,CAT0073,2020-10-05,true,1
PRD01822,CAT0073,2021-12-08,true,1
PRD01823,CAT0073,2019-10-22,true,1
PRD01824,CAT0073,2019-10-12,true,1
PRD01825,CAT0073,2020-08-10,true,1
PRD01826,CAT0073,2021-07-22,true,1
PRD01827,CAT0073,2021-01-11,true,1
PRD01828,CAT0073,2019-10-20,true,1
PRD01829,CAT0073,2020-01-14,true,1
PRD01830,CAT0073,2024-04-29,true,1
PRD01830,CAT0128,2020-08-07,false,3
PRD01831,CAT0073,2020-08-16,true,1
PRD01832,CAT0073,2019-11-21,true,1
PRD01832,CAT0043,2024-09-07,false,3
PRD01833,CAT0073,2020-02-04,true,1
PRD01833,CAT0053,2020-02-24,false,3
PRD01834,CAT0073,2021-02-03,true,1
PRD01834,CAT0023,2023-05-29,false,3
PRD01835,CAT0073,2020-05-15,true,1
PRD01836,CAT0073,2021-08-31,true,1
PRD01837,CAT0073,2021-11-11,true,1
PRD01838,CAT0073,2022-09-11,true,1
PRD01839,CAT0073,2021-10-12,true,1
PRD01840,CAT0073,2019-10-08,true,1
PRD01841,CAT0073,2024-10-15,true,1
PRD01842,CAT0073,2021-07-30,true,1
PRD01842,CAT0060,2020-11-22,false,3
PRD01843,CAT0073,2024-03-10,true,1
PRD01843,CAT0121,2022-01-05,false,5
PRD01844,CAT0073,2024-03-04,true,1
PRD01844,CAT0011,2023-05-24,false,3
PRD01845,CAT0074,2021-08-09,true,1
PRD01846,CAT0074,2023-06-23,true,1
PRD01847,CAT0074,2019-04-03,true,1
PRD01848,CAT0074,2019-01-29,true,1
PRD01848,CAT0124,2025-02-22,false,5
PRD01849,CAT0074,2022-02-27,true,1
PRD01849,CAT0118,2025-02-13,false,2
PRD01850,CAT0074,2024-03-09,true,1
PRD01851,CAT0074,2023-02-17,true,1
PRD01851,CAT0063,2020-09-25,false,3
PRD01852,CAT0074,2024-11-14,true,1
PRD01853,CAT0074,2022-06-17,true,1
PRD01854,CAT0074,2021-07-13,true,1
PRD01854,CAT0118,2022-12-05,false,4
PRD01855,CAT0074,2022-10-04,true,1
PRD01856,CAT0074,2020-05-12,true,1
PRD01857,CAT0074,2023-01-08,true,1
PRD01858,CAT0074,2020-11-29,true,1
PRD01859,CAT0074,2021-04-20,true,1
PRD01860,CAT0074,2019-06-19,true,1
PRD01860,CAT0130,2024-01-25,false,4
PRD01861,CAT0074,2019-09-18,true,1
PRD01861,CAT0039,2021-02-27,false,5
PRD01862,CAT0074,2020-01-29,true,1
PRD01863,CAT0074,2024-11-13,true,1
PRD01864,CAT0074,2022-01-25,true,1
PRD01865,CAT0074,2021-09-23,true,1
PRD01865,CAT0111,2023-03-23,false,5
PRD01866,CAT0074,2019-02-15,true,1
PRD01867,CAT0074,2024-01-12,true,1
PRD01868,CAT0074,2022-10-19,true,1
PRD01869,CAT0074,2024-07-24,true,1
PRD01870,CAT0074,2022-09-16,true,1
PRD01870,CAT0031,2025-01-16,false,5
PRD01871,CAT0074,2021-07-09,true,1
PRD01872,CAT0074,2020-06-13,true,1
PRD01873,CAT0074,2024-11-16,true,1
PRD01873,CAT0029,2020-02-17,false,2
PRD01874,CAT0074,2023-10-16,true,1
PRD01874,CAT0123,2022-11-12,false,4
PRD01875,CAT0074,2023-09-23,true,1
PRD01876,CAT0075,2021-04-05,true,1
PRD01876,CAT0023,2023-11-13,false,2
PRD01877,CAT0075,2023-05-10,true,1
PRD01878,CAT0075,2020-04-15,true,1
PRD01879,CAT0075,2019-03-19,true,1
PRD01880,CAT0075,2022-01-14,true,1
PRD01881,CAT0075,2022-10-29,true,1
PRD01881,CAT0097,2023-03-28,false,3
PRD01882,CAT0075,2021-09-04,true,1
PRD01883,CAT0075,2023-04-08,true,1
PRD01884,CAT0075,2023-10-10,true,1
PRD01884,CAT0004,2021-04-14,false,5
PRD01885,CAT0075,2022-01-17,true,1
PRD01886,CAT0075,2022-04-16,true,1
PRD01886,CAT0082,2021-10-23,false,4
PRD01887,CAT0075,2023-08-03,true,1
PRD01888,CAT0075,2024-03-15,true,1
PRD01888,CAT0056,2020-09-12,false,5
PRD01889,CAT0075,2022-04-29,true,1
PRD01890,CAT0075,2024-06-20,true,1
PRD01891,CAT0075,2019-04-11,true,1
PRD01892,CAT0075,2024-05-17,true,1
PRD01893,CAT0075,2022-10-25,true,1
PRD01894,CAT0075,2021-04-14,true,1
PRD01894,CAT0070,2022-05-03,false,4
PRD01895,CAT0075,2023-01-19,true,1
PRD01896,CAT0075,2020-04-09,true,1
PRD01896,CAT0058,2020-10-10,false,5
PRD01897,CAT0075,2023-03-07,true,1
PRD01898,CAT0075,2021-03-15,true,1
PRD01898,CAT0047,2023-02-03,false,5
PRD01899,CAT0075,2021-06-17,true,1
PRD01900,CAT0075,2020-05-20,true,1
PRD01901,CAT0075,2024-07-25,true,1
PRD01902,CAT0075,2021-03-10,true,1
PRD01903,CAT0075,2024-07-27,true,1
PRD01904,CAT0076,2024-04-23,true,1
PRD01905,CAT0076,2020-10-08,true,1
PRD01906,CAT0076,2022-06-15,true,1
PRD01906,CAT0128,2021-05-09,false,4
PRD01907,CAT0076,2020-08-03,true,1
PRD01908,CAT0076,2020-03-31,true,1
PRD01909,CAT0076,2023-10-09,true,1
PRD01910,CAT0076,2022-02-28,true,1
PRD01911,CAT0076,2023-01-12,true,1
PRD01912,CAT0076,2020-10-26,true,1
PRD01913,CAT0076,2019-03-17,true,1
PRD01914,CAT0076,2021-12-26,true,1
PRD01915,CAT0076,2023-07-03,true,1
PRD01916,CAT0076,2023-02-28,true,1
PRD01917,CAT0076,2022-06-08,true,1
PRD01917,CAT0101,2025-10-21,false,4
PRD01918,CAT0076,2020-09-04,true,1
PRD01919,CAT0076,2020-10-23,true,1
PRD01920,CAT0076,2023-06-14,true,1
PRD01921,CAT0076,2019-01-23,true,1
PRD01922,CAT0076,2019-05-04,true,1
PRD01922,CAT0126,2021-12-17,false,2
PRD01923,CAT0076,2021-02-16,true,1
PRD01924,CAT0076,2021-02-13,true,1
PRD01925,CAT0076,2020-11-04,true,1
PRD01925,CAT0008,2023-12-20,false,5
PRD01926,CAT0076,2022-10-30,true,1
PRD01927,CAT0076,2020-11-04,true,1
PRD01928,CAT0076,2023-10-23,true,1
PRD01929,CAT0076,2023-07-30,true,1
PRD01930,CAT0076,2019-11-09,true,1
PRD01931,CAT0076,2023-10-26,true,1
PRD01931,CAT0028,2022-09-26,false,5
PRD01932,CAT0076,2022-01-13,true,1
PRD01933,CAT0076,2023-08-20,true,1
PRD01934,CAT0076,2019-05-12,true,1
PRD01935,CAT0077,2023-01-19,true,1
PRD01936,CAT0077,2019-11-05,true,1
PRD01937,CAT0077,2022-06-25,true,1
PRD01937,CAT0127,2025-06-21,false,3
PRD01938,CAT0077,2022-12-21,true,1
PRD01938,CAT0031,2025-09-30,false,4
PRD01939,CAT0077,2024-02-28,true,1
PRD01940,CAT0077,2019-09-19,true,1
PRD01941,CAT0077,2021-01-17,true,1
PRD01941,CAT0081,2023-12-23,false,5
PRD01942,CAT0077,2021-07-04,true,1
PRD01943,CAT0077,2021-07-31,true,1
PRD01944,CAT0077,2019-01-21,true,1
PRD01945,CAT0077,2021-01-22,true,1
PRD01945,CAT0038,2021-01-14,false,5
PRD01946,CAT0077,2020-07-02,true,1
PRD01947,CAT0077,2020-03-08,true,1
PRD01947,CAT0045,2025-12-29,false,2
PRD01948,CAT0077,2021-10-12,true,1
PRD01948,CAT0083,2020-10-30,false,2
PRD01949,CAT0077,2020-09-27,true,1
PRD01950,CAT0077,2019-03-14,true,1
PRD01951,CAT0077,2024-11-03,true,1
PRD01951,CAT0118,2024-09-14,false,2
PRD01952,CAT0077,2022-09-25,true,1
PRD01953,CAT0077,2021-09-23,true,1
PRD01954,CAT0077,2021-06-07,true,1
PRD01954,CAT0066,2025-02-21,false,5
PRD01955,CAT0077,2023-07-13,true,1
PRD01956,CAT0077,2024-11-27,true,1
PRD01957,CAT0077,2021-12-25,true,1
PRD01957,CAT0099,2023-01-26,false,4
PRD01958,CAT0077,2024-09-03,true,1
PRD01958,CAT0083,2022-11-25,false,5
PRD01959,CAT0077,2021-04-22,true,1
PRD01960,CAT0077,2024-05-07,true,1
PRD01960,CAT0057,2020-02-10,false,2
PRD01961,CAT0077,2021-07-01,true,1
PRD01962,CAT0077,2022-01-20,true,1
PRD01963,CAT0078,2023-04-11,true,1
PRD01964,CAT0078,2020-09-12,true,1
PRD01964,CAT0046,2024-02-08,false,3
PRD01965,CAT0078,2019-07-11,true,1
PRD01966,CAT0078,2020-05-30,true,1
PRD01967,CAT0078,2020-01-01,true,1
PRD01968,CAT0078,2019-02-18,true,1
PRD01969,CAT0078,2020-03-20,true,1
PRD01969,CAT0089,2021-07-03,false,2
PRD01970,CAT0078,2024-06-22,true,1
PRD01971,CAT0078,2024-08-20,true,1
PRD01971,CAT0127,2023-04-11,false,2
PRD01972,CAT0078,2022-05-27,true,1
PRD01973,CAT0078,2023-09-01,true,1
PRD01974,CAT0078,2021-08-26,true,1
PRD01975,CAT0078,2024-07-14,true,1
PRD01975,CAT0067,2022-08-23,false,5
PRD01976,CAT0078,2021-03-10,true,1
PRD01977,CAT0078,2024-02-11,true,1
PRD01978,CAT0078,2019-11-29,true,1
PRD01979,CAT0078,2023-03-11,true,1
PRD01980,CAT0078,2022-08-08,true,1
PRD01981,CAT0078,2021-12-12,true,1
PRD01982,CAT0078,2020-11-08,true,1
PRD01982,CAT0077,2025-02-19,false,5
PRD01983,CAT0078,2023-05-05,true,1
PRD01983,CAT0125,2023-06-10,false,2
PRD01984,CAT0078,2020-01-09,true,1
PRD01985,CAT0078,2023-04-08,true,1
PRD01985,CAT0058,2024-03-09,false,2
PRD01986,CAT0078,2023-02-19,true,1
PRD01986,CAT0025,2024-02-27,false,4
PRD01987,CAT0078,2019-08-21,true,1
PRD01987,CAT0103,2023-10-04,false,5
PRD01988,CAT0078,2019-02-01,true,1
PRD01989,CAT0078,2023-05-03,true,1
PRD01990,CAT0079,2022-01-14,true,1
PRD01991,CAT0079,2022-07-09,true,1
PRD01992,CAT0079,2024-03-27,true,1
PRD01993,CAT0079,2023-01-16,true,1
PRD01994,CAT0079,2019-09-30,true,1
PRD01994,CAT0075,2020-03-11,false,2
PRD01995,CAT0079,2019-12-02,true,1
PRD01996,CAT0079,2022-09-04,true,1
PRD01996,CAT0007,2023-04-18,false,2
PRD01997,CAT0079,2020-01-02,true,1
PRD01998,CAT0079,2024-05-31,true,1
PRD01999,CAT0079,2022-01-12,true,1
PRD01999,CAT0026,2021-08-28,false,2
PRD02000,CAT0079,2024-02-24,true,1
PRD02000,CAT0048,2020-06-21,false,4
PRD02001,CAT0079,2021-06-30,true,1
PRD02002,CAT0079,2021-02-06,true,1
PRD02002,CAT0036,2023-05-01,false,2
PRD02003,CAT0079,2023-01-12,true,1
PRD02004,CAT0079,2024-09-28,true,1
PRD02005,CAT0079,2022-03-28,true,1
PRD02005,CAT0062,2024-12-31,false,3
PRD02006,CAT0079,2021-05-01,true,1
PRD02006,CAT0117,2022-07-14,false,4
PRD02007,CAT0079,2024-07-12,true,1
PRD02007,CAT0055,2024-05-17,false,2
PRD02008,CAT0079,2024-08-14,true,1
PRD02009,CAT0079,2021-11-06,true,1
PRD02010,CAT0079,2024-10-06,true,1
PRD02011,CAT0079,2023-01-13,true,1
PRD02011,CAT0094,2021-10-29,false,4
PRD02012,CAT0079,2024-12-25,true,1
PRD02013,CAT0079,2021-10-08,true,1
PRD02014,CAT0079,2022-08-18,true,1
PRD02015,CAT0079,2022-10-26,true,1
PRD02015,CAT0070,2021-03-07,false,4
PRD02016,CAT0079,2021-10-13,true,1
PRD02017,CAT0079,2019-08-10,true,1
PRD02018,CAT0079,2024-07-12,true,1
PRD02018,CAT0074,2022-08-21,false,2
PRD02019,CAT0080,2024-09-30,true,1
PRD02020,CAT0080,2023-07-15,true,1
PRD02021,CAT0080,2023-10-12,true,1
PRD02022,CAT0080,2020-05-01,true,1
PRD02023,CAT0080,2022-05-07,true,1
PRD02024,CAT0080,2020-09-23,true,1
PRD02025,CAT0080,2019-07-24,true,1
PRD02026,CAT0080,2023-04-13,true,1
PRD02027,CAT0080,2021-10-13,true,1
PRD02028,CAT0080,2022-09-21,true,1
PRD02029,CAT0080,2019-07-19,true,1
PRD02029,CAT0092,2020-03-09,false,2
PRD02030,CAT0080,2023-10-20,true,1
PRD02030,CAT0087,2025-11-02,false,4
PRD02031,CAT0080,2022-09-23,true,1
PRD02032,CAT0080,2019-01-28,true,1
PRD02033,CAT0080,2021-01-10,true,1
PRD02034,CAT0080,2023-05-13,true,1
PRD02035,CAT0080,2024-05-30,true,1
PRD02035,CAT0066,2025-04-25,false,5
PRD02036,CAT0080,2024-08-19,true,1
PRD02037,CAT0080,2022-12-21,true,1
PRD02038,CAT0080,2023-06-12,true,1
PRD02039,CAT0080,2022-07-05,true,1
PRD02039,CAT0026,2025-11-23,false,3
PRD02040,CAT0080,2022-02-06,true,1
PRD02041,CAT0080,2019-05-04,true,1
PRD02041,CAT0093,2024-01-25,false,4
PRD02042,CAT0080,2024-07-01,true,1
PRD02043,CAT0080,2020-05-24,true,1
PRD02044,CAT0080,2020-12-27,true,1
PRD02045,CAT0080,2022-10-22,true,1
PRD02045,CAT0052,2024-10-18,false,3
PRD02046,CAT0080,2023-04-09,true,1
PRD02047,CAT0080,2022-05-10,true,1
PRD02047,CAT0027,2021-05-19,false,2
PRD02048,CAT0080,2022-01-06,true,1
PRD02049,CAT0080,2024-10-29,true,1
PRD02049,CAT0074,2024-05-12,false,2
PRD02050,CAT0081,2023-06-05,true,1
PRD02051,CAT0081,2022-06-08,true,1
PRD02052,CAT0081,2021-05-22,true,1
PRD02052,CAT0109,2024-08-09,false,5
PRD02053,CAT0081,2021-03-19,true,1
PRD02054,CAT0081,2020-05-24,true,1
PRD02055,CAT0081,2019-08-09,true,1
PRD02056,CAT0081,2022-08-16,true,1
PRD02057,CAT0081,2021-02-17,true,1
PRD02058,CAT0081,2019-06-13,true,1
PRD02059,CAT0081,2022-10-10,true,1
PRD02060,CAT0081,2021-02-25,true,1
PRD02061,CAT0081,2021-02-01,true,1
PRD02062,CAT0081,2021-03-01,true,1
PRD02062,CAT0055,2020-10-29,false,3
PRD02063,CAT0081,2019-11-01,true,1
PRD02064,CAT0081,2020-05-24,true,1
PRD02064,CAT0011,2022-06-07,false,5
PRD02065,CAT0081,2024-04-14,true,1
PRD02065,CAT0007,2020-05-17,false,5
PRD02066,CAT0081,2024-08-07,true,1
PRD02067,CAT0081,2024-10-16,true,1
PRD02067,CAT0104,2025-01-29,false,2
PRD02068,CAT0081,2023-09-02,true,1
PRD02069,CAT0081,2023-10-27,true,1
PRD02070,CAT0081,2024-09-07,true,1
PRD02071,CAT0081,2021-03-29,true,1
PRD02072,CAT0081,2019-12-29,true,1
PRD02073,CAT0081,2019-05-14,true,1
PRD02074,CAT0081,2021-05-25,true,1
PRD02074,CAT0017,2022-01-06,false,5
PRD02075,CAT0081,2020-07-28,true,1
PRD02076,CAT0081,2019-07-02,true,1
PRD02076,CAT0069,2020-08-11,false,4
PRD02077,CAT0081,2022-06-02,true,1
PRD02077,CAT0059,2023-02-18,false,5
PRD02078,CAT0081,2024-10-17,true,1
PRD02079,CAT0081,2021-12-22,true,1
PRD02080,CAT0081,2021-10-01,true,1
PRD02081,CAT0081,2022-02-28,true,1
PRD02081,CAT0082,2022-05-29,false,5
PRD02082,CAT0082,2020-12-29,true,1
PRD02083,CAT0082,2024-10-19,true,1
PRD02083,CAT0087,2022-08-08,false,4
PRD02084,CAT0082,2024-11-04,true,1
PRD02085,CAT0082,2023-08-20,true,1
PRD02085,CAT0005,2020-05-24,false,3
PRD02086,CAT0082,2021-01-17,true,1
PRD02087,CAT0082,2019-05-25,true,1
PRD02087,CAT0029,2021-07-09,false,5
PRD02088,CAT0082,2023-06-21,true,1
PRD02088,CAT0029,2025-07-04,false,3
PRD02089,CAT0082,2024-09-09,true,1
PRD02090,CAT0082,2023-01-31,true,1
PRD02091,CAT0082,2019-07-22,true,1
PRD02092,CAT0082,2020-01-12,true,1
PRD02093,CAT0082,2024-03-25,true,1
PRD02094,CAT0082,2023-03-24,true,1
PRD02095,CAT0082,2020-01-11,true,1
PRD02096,CAT0082,2023-05-01,true,1
PRD02097,CAT0082,2020-07-21,true,1
PRD02098,CAT0082,2021-07-17,true,1
PRD02099,CAT0082,2024-05-09,true,1
PRD02100,CAT0082,2019-01-13,true,1
PRD02101,CAT0082,2020-01-03,true,1
PRD02101,CAT0129,2020-06-13,false,2
PRD02102,CAT0082,2021-01-01,true,1
PRD02103,CAT0082,2023-05-29,true,1
PRD02104,CAT0082,2020-02-27,true,1
PRD02104,CAT0083,2025-05-06,false,4
PRD02105,CAT0082,2024-11-24,true,1
PRD02106,CAT0082,2023-07-16,true,1
PRD02107,CAT0082,2023-03-04,true,1
PRD02107,CAT0087,2022-05-29,false,2
PRD02108,CAT0082,2023-12-21,true,1
PRD02109,CAT0082,2019-10-15,true,1
PRD02109,CAT0060,2024-12-14,false,3
PRD02110,CAT0082,2023-01-06,true,1
PRD02111,CAT0083,2023-04-26,true,1
PRD02111,CAT0054,2025-07-27,false,3
PRD02112,CAT0083,2021-11-20,true,1
PRD02112,CAT0079,2020-10-30,false,2
PRD02113,CAT0083,2019-04-14,true,1
PRD02114,CAT0083,2019-05-07,true,1
PRD02115,CAT0083,2020-11-21,true,1
PRD02116,CAT0083,2019-04-01,true,1
PRD02117,CAT0083,2019-10-23,true,1
PRD02118,CAT0083,2024-01-15,true,1
PRD02119,CAT0083,2019-04-26,true,1
PRD02120,CAT0083,2023-06-18,true,1
PRD02121,CAT0083,2020-06-28,true,1
PRD02122,CAT0083,2023-02-26,true,1
PRD02123,CAT0083,2024-04-12,true,1
PRD02124,CAT0083,2022-04-26,true,1
PRD02125,CAT0083,2020-02-02,true,1
PRD02125,CAT0129,2023-06-26,false,4
PRD02126,CAT0083,2020-12-16,true,1
PRD02126,CAT0045,2025-06-14,false,4
PRD02127,CAT0083,2020-08-31,true,1
PRD02127,CAT0066,2020-08-13,false,4
PRD02128,CAT0083,2024-04-20,true,1
PRD02129,CAT0083,2019-12-20,true,1
PRD02129,CAT0123,2021-03-29,false,5
PRD02130,CAT0083,2019-10-15,true,1
PRD02131,CAT0083,2024-11-20,true,1
PRD02132,CAT0083,2024-08-25,true,1
PRD02133,CAT0083,2019-11-05,true,1
PRD02134,CAT0083,2023-04-22,true,1
PRD02135,CAT0083,2024-12-15,true,1
PRD02136,CAT0083,2020-06-03,true,1
PRD02137,CAT0083,2022-06-17,true,1
PRD02137,CAT0090,2023-11-10,false,2
PRD02138,CAT0083,2024-03-22,true,1
PRD02138,CAT0055,2022-03-12,false,2
PRD02139,CAT0083,2024-11-05,true,1
PRD02140,CAT0083,2021-06-27,true,1
PRD02141,CAT0083,2024-10-06,true,1
PRD02141,CAT0071,2021-11-27,false,4
PRD02142,CAT0084,2020-09-30,true,1
PRD02143,CAT0084,2022-04-11,true,1
PRD02144,CAT0084,2021-08-05,true,1
PRD02145,CAT0084,2022-06-06,true,1
PRD02146,CAT0084,2023-05-16,true,1
PRD02147,CAT0084,2022-04-21,true,1
PRD02148,CAT0084,2024-05-23,true,1
PRD02149,CAT0084,2023-11-11,true,1
PRD02150,CAT0084,2020-05-11,true,1
PRD02150,CAT0022,2020-02-29,false,2
PRD02151,CAT0084,2023-03-06,true,1
PRD02151,CAT0043,2020-10-30,false,2
PRD02152,CAT0084,2022-12-09,true,1
PRD02153,CAT0084,2022-12-26,true,1
PRD02154,CAT0084,2024-12-21,true,1
PRD02154,CAT0051,2024-10-09,false,5
PRD02155,CAT0084,2023-04-23,true,1
PRD02155,CAT0045,2022-08-09,false,3
PRD02156,CAT0084,2021-08-29,true,1
PRD02157,CAT0084,2020-02-19,true,1
PRD02157,CAT0085,2021-11-07,false,3
PRD02158,CAT0084,2022-08-14,true,1
PRD02159,CAT0084,2022-03-18,true,1
PRD02160,CAT0084,2019-03-20,true,1
PRD02160,CAT0121,2024-07-05,false,2
PRD02161,CAT0084,2019-08-18,true,1
PRD02162,CAT0084,2019-12-21,true,1
PRD02163,CAT0084,2021-05-28,true,1
PRD02164,CAT0084,2022-02-13,true,1
PRD02165,CAT0084,2024-05-23,true,1
PRD02165,CAT0026,2023-04-13,false,2
PRD02166,CAT0084,2022-02-10,true,1
PRD02166,CAT0058,2024-12-02,false,4
PRD02167,CAT0084,2023-11-30,true,1
PRD02168,CAT0084,2022-11-07,true,1
PRD02169,CAT0084,2023-03-13,true,1
PRD02170,CAT0085,2020-05-16,true,1
PRD02171,CAT0085,2023-12-14,true,1
PRD02172,CAT0085,2021-08-07,true,1
PRD02173,CAT0085,2021-03-04,true,1
PRD02173,CAT0105,2023-10-19,false,4
PRD02174,CAT0085,2024-09-10,true,1
PRD02175,CAT0085,2023-02-19,true,1
PRD02176,CAT0085,2020-01-06,true,1
PRD02177,CAT0085,2023-03-02,true,1
PRD02178,CAT0085,2019-10-29,true,1
PRD02179,CAT0085,2022-12-17,true,1
PRD02180,CAT0085,2020-01-16,true,1
PRD02181,CAT0085,2020-08-17,true,1
PRD02182,CAT0085,2023-05-04,true,1
PRD02183,CAT0085,2019-11-10,true,1
PRD02184,CAT0085,2023-11-14,true,1
PRD02184,CAT0030,2025-05-20,false,2
PRD02185,CAT0085,2022-05-30,true,1
PRD02186,CAT0085,2020-10-17,true,1
PRD02187,CAT0085,2020-12-11,true,1
PRD02188,CAT0085,2020-05-29,true,1
PRD02189,CAT0085,2022-03-09,true,1
PRD02190,CAT0085,2020-02-09,true,1
PRD02191,CAT0085,2022-07-23,true,1
PRD02191,CAT0073,2023-04-05,false,2
PRD02192,CAT0085,2019-03-05,true,1
PRD02193,CAT0085,2022-01-03,true,1
PRD02194,CAT0085,2019-04-25,true,1
PRD02195,CAT0085,2021-07-09,true,1
PRD02196,CAT0086,2019-02-25,true,1
PRD02197,CAT0086,2022-01-24,true,1
PRD02198,CAT0086,2019-03-19,true,1
PRD02199,CAT0086,2024-03-24,true,1
PRD02200,CAT0086,2023-06-18,true,1
PRD02201,CAT0086,2019-06-02,true,1
PRD02202,CAT0086,2024-03-11,true,1
PRD02203,CAT0086,2023-10-11,true,1
PRD02204,CAT0086,2019-11-23,true,1
PRD02204,CAT0027,2025-08-08,false,2
PRD02205,CAT0086,2024-11-13,true,1
PRD02206,CAT0086,2019-11-10,true,1
PRD02207,CAT0086,2021-12-04,true,1
PRD02208,CAT0086,2020-05-08,true,1
PRD02209,CAT0086,2024-06-13,true,1
PRD02209,CAT0083,2024-11-10,false,5
PRD02210,CAT0086,2019-07-21,true,1
PRD02211,CAT0086,2024-11-24,true,1
PRD02212,CAT0086,2023-10-29,true,1
PRD02213,CAT0086,2024-12-31,true,1
PRD02214,CAT0086,2023-10-09,true,1
PRD02215,CAT0086,2019-04-05,true,1
PRD02215,CAT0095,2021-08-20,false,4
PRD02216,CAT0086,2024-04-01,true,1
PRD02217,CAT0086,2019-09-05,true,1
PRD02217,CAT0087,2023-03-27,false,2
PRD02218,CAT0086,2023-02-15,true,1
PRD02219,CAT0086,2023-06-23,true,1
PRD02220,CAT0086,2022-10-24,true,1
PRD02220,CAT0024,2020-11-25,false,5
PRD02221,CAT0086,2024-06-30,true,1
PRD02222,CAT0086,2024-12-31,true,1
PRD02223,CAT0086,2022-01-18,true,1
PRD02224,CAT0086,2019-08-16,true,1
PRD02225,CAT0086,2022-08-05,true,1
PRD02225,CAT0065,2024-07-11,false,5
PRD02226,CAT0086,2024-01-29,true,1
PRD02227,CAT0086,2020-02-15,true,1
PRD02228,CAT0087,2023-04-09,true,1
PRD02229,CAT0087,2022-04-04,true,1
PRD02229,CAT0050,2021-01-19,false,3
PRD02230,CAT0087,2022-03-22,true,1
PRD02231,CAT0087,2023-04-26,true,1
PRD02232,CAT0087,2023-04-17,true,1
PRD02233,CAT0087,2022-11-10,true,1
PRD02234,CAT0087,2021-06-19,true,1
PRD02235,CAT0087,2022-12-17,true,1
PRD02236,CAT0087,2019-07-06,true,1
PRD02236,CAT0075,2023-11-24,false,2
PRD02237,CAT0087,2020-08-20,true,1
PRD02237,CAT0070,2020-09-11,false,3
PRD02238,CAT0087,2021-06-24,true,1
PRD02239,CAT0087,2023-12-29,true,1
PRD02240,CAT0087,2021-02-13,true,1
PRD02240,CAT0030,2023-04-25,false,5
PRD02241,CAT0087,2023-05-27,true,1
PRD02242,CAT0087,2019-07-30,true,1
PRD02243,CAT0087,2023-06-11,true,1
PRD02244,CAT0087,2021-01-23,true,1
PRD02245,CAT0087,2023-09-27,true,1
PRD02245,CAT0042,2021-09-08,false,4
PRD02246,CAT0087,2023-01-02,true,1
PRD02246,CAT0110,2021-11-19,false,2
PRD02247,CAT0087,2019-01-23,true,1
PRD02248,CAT0087,2023-01-13,true,1
PRD02248,CAT0114,2021-06-14,false,5
PRD02249,CAT0087,2020-07-10,true,1
PRD02250,CAT0087,2019-06-14,true,1
PRD02251,CAT0087,2024-03-11,true,1
PRD02252,CAT0087,2022-01-28,true,1
PRD02253,CAT0088,2019-03-03,true,1
PRD02254,CAT0088,2024-07-31,true,1
PRD02254,CAT0005,2022-09-12,false,5
PRD02255,CAT0088,2022-08-18,true,1
PRD02256,CAT0088,2024-04-19,true,1
PRD02257,CAT0088,2023-03-14,true,1
PRD02258,CAT0088,2019-09-06,true,1
PRD02259,CAT0088,2024-10-16,true,1
PRD02259,CAT0103,2021-07-22,false,4
PRD02260,CAT0088,2024-10-15,true,1
PRD02260,CAT0114,2020-07-30,false,4
PRD02261,CAT0088,2023-09-16,true,1
PRD02262,CAT0088,2022-05-07,true,1
PRD02262,CAT0022,2020-10-14,false,5
PRD02263,CAT0088,2021-05-19,true,1
PRD02264,CAT0088,2024-11-12,true,1
PRD02265,CAT0088,2019-04-30,true,1
PRD02265,CAT0115,2021-08-21,false,2
PRD02266,CAT0088,2020-11-13,true,1
PRD02267,CAT0088,2024-12-13,true,1
PRD02268,CAT0088,2020-11-22,true,1
PRD02269,CAT0088,2023-12-19,true,1
PRD02270,CAT0088,2024-06-22,true,1
PRD02270,CAT0113,2025-05-04,false,2
PRD02271,CAT0088,2019-10-11,true,1
PRD02272,CAT0088,2020-11-19,true,1
PRD02273,CAT0088,2022-05-14,true,1
PRD02274,CAT0088,2021-12-31,true,1
PRD02275,CAT0088,2019-12-24,true,1
PRD02275,CAT0033,2022-06-08,false,3
PRD02276,CAT0088,2020-01-23,true,1
PRD02276,CAT0055,2024-07-12,false,5
PRD02277,CAT0088,2021-12-17,true,1
PRD02278,CAT0088,2019-05-26,true,1
PRD02279,CAT0088,2022-10-27,true,1
PRD02280,CAT0088,2021-12-15,true,1
PRD02280,CAT0007,2025-10-10,false,3
PRD02281,CAT0088,2020-03-17,true,1
PRD02282,CAT0088,2024-10-06,true,1
PRD02283,CAT0089,2019-09-06,true,1
PRD02283,CAT0072,2022-02-09,false,2
PRD02284,CAT0089,2024-02-15,true,1
PRD02284,CAT0056,2020-06-20,false,4
PRD02285,CAT0089,2022-06-12,true,1
PRD02286,CAT0089,2020-06-24,true,1
PRD02287,CAT0089,2023-01-06,true,1
PRD02288,CAT0089,2023-06-13,true,1
PRD02289,CAT0089,2020-02-01,true,1
PRD02290,CAT0089,2024-07-13,true,1
PRD02291,CAT0089,2022-05-09,true,1
PRD02292,CAT0089,2023-12-05,true,1
PRD02293,CAT0089,2020-10-01,true,1
PRD02293,CAT0044,2024-06-20,false,4
PRD02294,CAT0089,2020-11-07,true,1
PRD02295,CAT0089,2019-02-04,true,1
PRD02296,CAT0089,2022-02-15,true,1
PRD02297,CAT0089,2020-01-19,true,1
PRD02298,CAT0089,2024-06-11,true,1
PRD02299,CAT0089,2023-05-04,true,1
PRD02300,CAT0089,2022-05-07,true,1
PRD02301,CAT0089,2023-07-27,true,1
PRD02302,CAT0089,2019-12-14,true,1
PRD02303,CAT0089,2022-01-10,true,1
PRD02304,CAT0089,2019-12-08,true,1
PRD02304,CAT0010,2021-02-15,false,3
PRD02305,CAT0089,2022-01-12,true,1
PRD02306,CAT0089,2020-04-14,true,1
PRD02307,CAT0089,2020-03-06,true,1
PRD02307,CAT0105,2020-08-04,false,5
PRD02308,CAT0089,2023-06-16,true,1
PRD02308,CAT0026,2020-04-04,false,5
PRD02309,CAT0090,2020-10-29,true,1
PRD02310,CAT0090,2021-01-11,true,1
PRD02310,CAT0070,2025-04-04,false,3
PRD02311,CAT0090,2019-03-18,true,1
PRD02311,CAT0098,2022-03-09,false,2
PRD02312,CAT0090,2022-07-01,true,1
PRD02312,CAT0009,2021-06-19,false,4
PRD02313,CAT0090,2021-11-18,true,1
PRD02313,CAT0092,2023-05-01,false,2
PRD02314,CAT0090,2022-11-10,true,1
PRD02315,CAT0090,2024-12-15,true,1
PRD02316,CAT0090,2022-03-14,true,1
PRD02316,CAT0101,2021-05-20,false,5
PRD02317,CAT0090,2020-12-09,true,1
PRD02318,CAT0090,2024-02-19,true,1
PRD02319,CAT0090,2020-07-17,true,1
PRD02320,CAT0090,2021-05-04,true,1
PRD02320,CAT0126,2020-05-31,false,5
PRD02321,CAT0090,2019-07-14,true,1
PRD02322,CAT0090,2023-05-14,true,1
PRD02322,CAT0054,2024-12-19,false,4
PRD02323,CAT0090,2022-03-25,true,1
PRD02324,CAT0090,2024-05-01,true,1
PRD02324,CAT0020,2024-11-22,false,5
PRD02325,CAT0090,2021-03-30,true,1
PRD02326,CAT0090,2020-08-29,true,1
PRD02327,CAT0090,2019-10-31,true,1
PRD02328,CAT0090,2020-01-10,true,1
PRD02328,CAT0007,2025-03-13,false,2
PRD02329,CAT0090,2021-08-04,true,1
PRD02330,CAT0090,2023-04-08,true,1
PRD02331,CAT0090,2020-06-24,true,1
PRD02332,CAT0090,2019-02-10,true,1
PRD02333,CAT0090,2021-02-24,true,1
PRD02334,CAT0090,2021-06-27,true,1
PRD02335,CAT0090,2022-04-10,true,1
PRD02335,CAT0030,2022-06-20,false,4
PRD02336,CAT0090,2020-08-08,true,1
PRD02337,CAT0090,2019-08-21,true,1
PRD02338,CAT0090,2022-05-02,true,1
PRD02339,CAT0090,2020-07-01,true,1
PRD02339,CAT0033,2023-07-12,false,5
PRD02340,CAT0090,2020-02-03,true,1
PRD02341,CAT0091,2022-04-06,true,1
PRD02341,CAT0008,2023-02-21,false,4
PRD02342,CAT0091,2020-10-29,true,1
PRD02343,CAT0091,2021-12-25,true,1
PRD02343,CAT0072,2024-01-29,false,5
PRD02344,CAT0091,2022-06-14,true,1
PRD02345,CAT0091,2023-06-05,true,1
PRD02345,CAT0124,2020-11-21,false,2
PRD02346,CAT0091,2020-01-04,true,1
PRD02346,CAT0012,2024-04-28,false,3
PRD02347,CAT0091,2021-09-14,true,1
PRD02348,CAT0091,2024-07-16,true,1
PRD02349,CAT0091,2024-05-08,true,1
PRD02350,CAT0091,2024-03-30,true,1
PRD02351,CAT0091,2023-07-16,true,1
PRD02352,CAT0091,2023-09-11,true,1
PRD02353,CAT0091,2023-09-25,true,1
PRD02354,CAT0091,2023-06-14,true,1
PRD02355,CAT0091,2021-11-12,true,1
PRD02356,CAT0091,2020-01-16,true,1
PRD02356,CAT0027,2024-05-28,false,4
PRD02357,CAT0091,2019-02-19,true,1
PRD02357,CAT0078,2021-08-03,false,3
PRD02358,CAT0091,2020-03-29,true,1
PRD02359,CAT0091,2021-11-13,true,1
PRD02360,CAT0091,2021-03-28,true,1
PRD02361,CAT0091,2022-03-08,true,1
PRD02362,CAT0091,2022-03-21,true,1
PRD02363,CAT0091,2020-06-29,true,1
PRD02363,CAT0103,2021-01-24,false,2
PRD02364,CAT0091,2019-03-08,true,1
PRD02365,CAT0091,2024-10-05,true,1
PRD02365,CAT0011,2020-08-04,false,4
PRD02366,CAT0091,2024-08-19,true,1
PRD02366,CAT0050,2024-09-26,false,4
PRD02367,CAT0091,2019-11-06,true,1
PRD02368,CAT0091,2023-06-28,true,1
PRD02369,CAT0092,2022-08-14,true,1
PRD02370,CAT0092,2019-12-17,true,1
PRD02371,CAT0092,2021-07-18,true,1
PRD02372,CAT0092,2022-12-18,true,1
PRD02372,CAT0118,2020-05-15,false,2
PRD02373,CAT0092,2022-08-07,true,1
PRD02374,CAT0092,2021-06-06,true,1
PRD02375,CAT0092,2020-01-09,true,1
PRD02375,CAT0013,2025-08-01,false,4
PRD02376,CAT0092,2019-05-27,true,1
PRD02377,CAT0092,2022-09-21,true,1
PRD02377,CAT0055,2023-08-17,false,4
PRD02378,CAT0092,2023-03-06,true,1
PRD02378,CAT0111,2023-02-01,false,2
PRD02379,CAT0092,2020-05-30,true,1
PRD02380,CAT0092,2022-05-06,true,1
PRD02380,CAT0039,2020-06-27,false,4
PRD02381,CAT0092,2022-08-09,true,1
PRD02381,CAT0049,2021-02-12,false,3
PRD02382,CAT0092,2020-02-01,true,1
PRD02383,CAT0092,2023-01-01,true,1
PRD02384,CAT0092,2023-02-17,true,1
PRD02385,CAT0092,2020-12-09,true,1
PRD02386,CAT0092,2019-10-15,true,1
PRD02387,CAT0092,2023-12-05,true,1
PRD02387,CAT0101,2023-10-16,false,4
PRD02388,CAT0092,2021-06-06,true,1
PRD02389,CAT0092,2019-07-08,true,1
PRD02389,CAT0023,2021-03-23,false,5
PRD02390,CAT0092,2019-01-02,true,1
PRD02390,CAT0012,2022-10-16,false,3
PRD02391,CAT0092,2022-12-25,true,1
PRD02391,CAT0052,2024-06-13,false,2
PRD02392,CAT0092,2022-03-21,true,1
PRD02393,CAT0092,2020-05-11,true,1
PRD02394,CAT0092,2020-10-01,true,1
PRD02395,CAT0092,2023-09-10,true,1
PRD02396,CAT0092,2022-06-30,true,1
PRD02397,CAT0093,2020-05-09,true,1
PRD02398,CAT0093,2020-02-12,true,1
PRD02399,CAT0093,2022-04-20,true,1
PRD02400,CAT0093,2023-07-31,true,1
PRD02401,CAT0093,2020-12-29,true,1
PRD02402,CAT0093,2020-04-29,true,1
PRD02403,CAT0093,2024-05-12,true,1
PRD02403,CAT0032,2024-03-15,false,3
PRD02404,CAT0093,2021-11-20,true,1
PRD02405,CAT0093,2021-04-16,true,1
PRD02406,CAT0093,2023-06-16,true,1
PRD02407,CAT0093,2021-07-05,true,1
PRD02407,CAT0028,2021-09-13,false,2
PRD02408,CAT0093,2021-04-11,true,1
PRD02409,CAT0093,2019-11-02,true,1
PRD02410,CAT0093,2021-01-26,true,1
PRD02411,CAT0093,2021-11-11,true,1
PRD02412,CAT0093,2023-04-11,true,1
PRD02413,CAT0093,2023-05-10,true,1
PRD02413,CAT0029,2022-04-04,false,5
PRD02414,CAT0093,2020-12-31,true,1
PRD02414,CAT0059,2023-02-04,false,4
PRD02415,CAT0093,2019-03-01,true,1
PRD02416,CAT0093,2019-01-10,true,1
PRD02416,CAT0075,2024-09-12,false,2
PRD02417,CAT0093,2020-06-21,true,1
PRD02417,CAT0071,2023-02-26,false,4
PRD02418,CAT0093,2024-01-25,true,1
PRD02419,CAT0093,2021-03-30,true,1
PRD02420,CAT0093,2019-09-10,true,1
PRD02420,CAT0076,2025-10-13,false,2
PRD02421,CAT0093,2021-04-07,true,1
PRD02422,CAT0093,2021-02-12,true,1
PRD02423,CAT0093,2021-05-14,true,1
PRD02424,CAT0093,2021-09-28,true,1
PRD02425,CAT0094,2022-02-01,true,1
PRD02425,CAT0114,2023-12-05,false,2
PRD02426,CAT0094,2024-08-15,true,1
PRD02426,CAT0001,2025-01-10,false,4
PRD02427,CAT0094,2023-05-03,true,1
PRD02428,CAT0094,2020-08-04,true,1
PRD02429,CAT0094,2022-09-05,true,1
PRD02430,CAT0094,2021-09-04,true,1
PRD02431,CAT0094,2023-03-19,true,1
PRD02431,CAT0051,2023-10-26,false,5
PRD02432,CAT0094,2019-01-09,true,1
PRD02433,CAT0094,2019-01-19,true,1
PRD02434,CAT0094,2021-04-22,true,1
PRD02434,CAT0016,2025-05-25,false,3
PRD02435,CAT0094,2021-10-21,true,1
PRD02436,CAT0094,2024-12-06,true,1
PRD02437,CAT0094,2021-10-14,true,1
PRD02438,CAT0094,2023-07-13,true,1
PRD02439,CAT0094,2020-02-05,true,1
PRD02440,CAT0094,2021-05-25,true,1
PRD02441,CAT0094,2023-07-15,true,1
PRD02442,CAT0094,2024-10-27,true,1
PRD02443,CAT0094,2021-04-16,true,1
PRD02444,CAT0094,2024-02-23,true,1
PRD02445,CAT0094,2024-06-27,true,1
PRD02445,CAT0021,2022-01-13,false,2
PRD02446,CAT0094,2022-03-22,true,1
PRD02446,CAT0092,2022-02-20,false,3
PRD02447,CAT0094,2021-11-29,true,1
PRD02447,CAT0114,2021-11-28,false,3
PRD02448,CAT0094,2024-12-21,true,1
PRD02449,CAT0094,2020-05-08,true,1
PRD02450,CAT0094,2023-09-03,true,1
PRD02451,CAT0094,2023-04-14,true,1
PRD02451,CAT0014,2021-12-20,false,5
PRD02452,CAT0094,2022-02-27,true,1
PRD02453,CAT0095,2024-03-18,true,1
PRD02454,CAT0095,2023-04-25,true,1
PRD02455,CAT0095,2019-11-19,true,1
PRD02455,CAT0087,2025-08-08,false,3
PRD02456,CAT0095,2020-09-27,true,1
PRD02457,CAT0095,2022-03-09,true,1
PRD02458,CAT0095,2021-08-07,true,1
PRD02459,CAT0095,2019-07-01,true,1
PRD02460,CAT0095,2024-10-18,true,1
PRD02461,CAT0095,2021-10-11,true,1
PRD02462,CAT0095,2021-07-02,true,1
PRD02463,CAT0095,2023-05-14,true,1
PRD02463,CAT0038,2024-09-25,false,3
PRD02464,CAT0095,2020-08-27,true,1
PRD02464,CAT0029,2021-07-16,false,4
PRD02465,CAT0095,2024-04-10,true,1
PRD02466,CAT0095,2024-08-19,true,1
PRD02467,CAT0095,2024-04-12,true,1
PRD02468,CAT0095,2021-11-16,true,1
PRD02469,CAT0095,2023-09-15,true,1
PRD02470,CAT0095,2019-03-02,true,1
PRD02471,CAT0095,2020-05-13,true,1
PRD02472,CAT0095,2023-08-13,true,1
PRD02473,CAT0095,2023-04-29,true,1
PRD02474,CAT0095,2021-01-19,true,1
PRD02475,CAT0095,2022-06-26,true,1
PRD02476,CAT0095,2020-04-11,true,1
PRD02477,CAT0095,2020-12-24,true,1
PRD02478,CAT0095,2023-08-16,true,1
PRD02479,CAT0095,2022-03-11,true,1
PRD02480,CAT0095,2020-06-16,true,1
PRD02481,CAT0096,2020-05-26,true,1
PRD02482,CAT0096,2022-11-24,true,1
PRD02483,CAT0096,2020-05-13,true,1
PRD02484,CAT0096,2021-12-14,true,1
PRD02484,CAT0059,2024-06-23,false,4
PRD02485,CAT0096,2022-06-24,true,1
PRD02486,CAT0096,2024-04-12,true,1
PRD02486,CAT0025,2021-05-03,false,4
PRD02487,CAT0096,2022-06-25,true,1
PRD02487,CAT0030,2022-11-13,false,5
PRD02488,CAT0096,2019-01-08,true,1
PRD02489,CAT0096,2021-03-26,true,1
PRD02489,CAT0097,2021-03-27,false,5
PRD02490,CAT0096,2020-08-09,true,1
PRD02491,CAT0096,2020-06-30,true,1
PRD02492,CAT0096,2024-10-15,true,1
PRD02493,CAT0096,2021-12-10,true,1
PRD02494,CAT0096,2020-11-29,true,1
PRD02495,CAT0096,2020-04-25,true,1
PRD02496,CAT0096,2024-09-07,true,1
PRD02497,CAT0096,2021-12-19,true,1
PRD02498,CAT0096,2020-01-10,true,1
PRD02499,CAT0096,2023-03-07,true,1
PRD02499,CAT0028,2025-05-09,false,4
PRD02500,CAT0096,2022-06-16,true,1
PRD02501,CAT0096,2023-03-13,true,1
PRD02502,CAT0096,2021-07-27,true,1
PRD02503,CAT0096,2020-05-23,true,1
PRD02504,CAT0096,2021-06-10,true,1
PRD02505,CAT0096,2024-04-06,true,1
PRD02505,CAT0118,2020-06-21,false,3
PRD02506,CAT0096,2021-02-28,true,1
PRD02507,CAT0096,2020-05-19,true,1
PRD02508,CAT0096,2020-10-29,true,1
PRD02509,CAT0096,2023-03-24,true,1
PRD02510,CAT0096,2021-01-28,true,1
PRD02510,CAT0036,2020-01-31,false,3
PRD02511,CAT0096,2023-02-16,true,1
PRD02512,CAT0096,2021-09-11,true,1
PRD02513,CAT0096,2023-12-26,true,1
PRD02514,CAT0097,2022-09-17,true,1
PRD02514,CAT0111,2022-01-15,false,4
PRD02515,CAT0097,2023-03-14,true,1
PRD02515,CAT0009,2024-02-08,false,4
PRD02516,CAT0097,2024-09-05,true,1
PRD02517,CAT0097,2020-12-12,true,1
PRD02517,CAT0093,2020-09-16,false,4
PRD02518,CAT0097,2023-01-06,true,1
PRD02518,CAT0044,2021-09-30,false,5
PRD02519,CAT0097,2024-05-30,true,1
PRD02520,CAT0097,2021-01-15,true,1
PRD02521,CAT0097,2022-03-07,true,1
PRD02522,CAT0097,2022-08-02,true,1
PRD02523,CAT0097,2022-03-12,true,1
PRD02523,CAT0010,2023-08-09,false,4
PRD02524,CAT0097,2024-08-18,true,1
PRD02525,CAT0097,2024-01-27,true,1
PRD02526,CAT0097,2020-03-29,true,1
PRD02526,CAT0130,2024-07-05,false,5
PRD02527,CAT0097,2021-09-03,true,1
PRD02527,CAT0094,2022-08-23,false,5
PRD02528,CAT0097,2019-04-28,true,1
PRD02529,CAT0097,2023-10-21,true,1
PRD02530,CAT0097,2020-08-21,true,1
PRD02530,CAT0001,2020-10-31,false,5
PRD02531,CAT0097,2019-12-17,true,1
PRD02532,CAT0097,2022-12-20,true,1
PRD02533,CAT0097,2022-12-29,true,1
PRD02534,CAT0097,2024-05-07,true,1
PRD02535,CAT0097,2021-02-12,true,1
PRD02535,CAT0096,2021-05-04,false,5
PRD02536,CAT0097,2023-08-23,true,1
PRD02536,CAT0090,2024-09-29,false,5
PRD02537,CAT0097,2022-01-10,true,1
PRD02538,CAT0097,2023-03-22,true,1
PRD02538,CAT0073,2025-07-05,false,2
PRD02539,CAT0097,2021-08-27,true,1
PRD02540,CAT0097,2021-05-20,true,1
PRD02541,CAT0097,2021-09-23,true,1
PRD02542,CAT0098,2024-10-16,true,1
PRD02543,CAT0098,2019-08-09,true,1
PRD02543,CAT0117,2021-04-22,false,5
PRD02544,CAT0098,2022-09-28,true,1
PRD02545,CAT0098,2021-11-22,true,1
PRD02546,CAT0098,2019-03-23,true,1
PRD02547,CAT0098,2019-10-01,true,1
PRD02548,CAT0098,2023-07-24,true,1
PRD02549,CAT0098,2022-08-27,true,1
PRD02549,CAT0130,2025-10-07,false,5
PRD02550,CAT0098,2023-05-18,true,1
PRD02551,CAT0098,2024-01-02,true,1
PRD02551,CAT0070,2024-09-05,false,2
PRD02552,CAT0098,2019-02-12,true,1
PRD02552,CAT0076,2021-01-03,false,2
PRD02553,CAT0098,2023-03-11,true,1
PRD02554,CAT0098,2020-12-07,true,1
PRD02555,CAT0098,2024-01-22,true,1
PRD02555,CAT0061,2024-03-07,false,2
PRD02556,CAT0098,2024-05-06,true,1
PRD02556,CAT0069,2024-12-27,false,4
PRD02557,CAT0098,2022-10-19,true,1
PRD02557,CAT0006,2025-05-06,false,2
PRD02558,CAT0098,2023-10-16,true,1
PRD02559,CAT0098,2021-11-22,true,1
PRD02559,CAT0122,2020-10-21,false,3
PRD02560,CAT0098,2022-08-05,true,1
PRD02560,CAT0074,2024-09-08,false,2
PRD02561,CAT0098,2020-02-02,true,1
PRD02562,CAT0098,2022-09-07,true,1
PRD02563,CAT0098,2021-01-17,true,1
PRD02564,CAT0098,2021-12-01,true,1
PRD02565,CAT0098,2020-07-17,true,1
PRD02566,CAT0098,2021-01-25,true,1
PRD02566,CAT0093,2020-09-18,false,2
PRD02567,CAT0098,2021-07-27,true,1
PRD02568,CAT0098,2024-10-06,true,1
PRD02569,CAT0098,2021-07-24,true,1
PRD02570,CAT0098,2021-02-19,true,1
PRD02570,CAT0112,2023-08-17,false,2
PRD02571,CAT0099,2022-12-14,true,1
PRD02572,CAT0099,2020-08-24,true,1
PRD02573,CAT0099,2021-04-20,true,1
PRD02574,CAT0099,2019-08-13,true,1
PRD02575,CAT0099,2023-09-28,true,1
PRD02575,CAT0123,2020-11-03,false,3
PRD02576,CAT0099,2024-06-22,true,1
PRD02577,CAT0099,2023-04-20,true,1
PRD02578,CAT0099,2024-03-30,true,1
PRD02578,CAT0016,2024-04-22,false,2
PRD02579,CAT0099,2023-10-20,true,1
PRD02579,CAT0088,2020-09-02,false,5
PRD02580,CAT0099,2022-04-01,true,1
PRD02580,CAT0025,2020-12-26,false,3
PRD02581,CAT0099,2020-12-30,true,1
PRD02582,CAT0099,2022-02-02,true,1
PRD02582,CAT0025,2023-04-18,false,4
PRD02583,CAT0099,2019-06-16,true,1
PRD02584,CAT0099,2019-03-25,true,1
PRD02585,CAT0099,2024-10-15,true,1
PRD02586,CAT0099,2021-02-24,true,1
PRD02587,CAT0099,2020-02-19,true,1
PRD02588,CAT0099,2020-08-22,true,1
PRD02589,CAT0099,2023-11-10,true,1
PRD02589,CAT0092,2021-10-02,false,3
PRD02590,CAT0099,2022-04-04,true,1
PRD02591,CAT0099,2019-11-25,true,1
PRD02591,CAT0067,2020-11-19,false,4
PRD02592,CAT0099,2020-03-01,true,1
PRD02592,CAT0035,2024-04-24,false,4
PRD02593,CAT0099,2021-06-16,true,1
PRD02594,CAT0099,2020-12-15,true,1
PRD02595,CAT0099,2021-04-18,true,1
PRD02596,CAT0100,2023-08-07,true,1
PRD02597,CAT0100,2022-08-19,true,1
PRD02598,CAT0100,2023-08-04,true,1
PRD02599,CAT0100,2022-01-04,true,1
PRD02600,CAT0100,2023-07-20,true,1
PRD02601,CAT0100,2022-01-26,true,1
PRD02602,CAT0100,2021-05-31,true,1
PRD02603,CAT0100,2023-03-16,true,1
PRD02604,CAT0100,2023-10-23,true,1
PRD02605,CAT0100,2020-02-29,true,1
PRD02605,CAT0063,2022-11-01,false,4
PRD02606,CAT0100,2021-11-10,true,1
PRD02607,CAT0100,2019-01-21,true,1
PRD02608,CAT0100,2022-06-19,true,1
PRD02609,CAT0100,2024-08-19,true,1
PRD02610,CAT0100,2019-09-11,true,1
PRD02611,CAT0100,2020-11-21,true,1
PRD02612,CAT0100,2021-08-15,true,1
PRD02612,CAT0122,2021-04-14,false,4
PRD02613,CAT0100,2023-05-01,true,1
PRD02614,CAT0100,2019-05-10,true,1
PRD02615,CAT0100,2020-09-04,true,1
PRD02616,CAT0100,2019-02-23,true,1
PRD02617,CAT0100,2019-11-09,true,1
PRD02618,CAT0100,2023-12-26,true,1
PRD02619,CAT0100,2019-10-03,true,1
PRD02619,CAT0019,2021-02-02,false,3
PRD02620,CAT0100,2024-04-20,true,1
PRD02621,CAT0100,2020-04-05,true,1
PRD02621,CAT0073,2025-02-23,false,2
PRD02622,CAT0101,2024-09-14,true,1
PRD02623,CAT0101,2022-01-01,true,1
PRD02624,CAT0101,2021-11-02,true,1
PRD02625,CAT0101,2021-08-01,true,1
PRD02626,CAT0101,2020-07-03,true,1
PRD02627,CAT0101,2024-04-08,true,1
PRD02627,CAT0017,2023-09-21,false,2
PRD02628,CAT0101,2019-12-21,true,1
PRD02628,CAT0070,2024-01-23,false,3
PRD02629,CAT0101,2023-07-05,true,1
PRD02630,CAT0101,2024-11-21,true,1
PRD02631,CAT0101,2020-06-27,true,1
PRD02631,CAT0088,2024-01-01,false,2
PRD02632,CAT0101,2022-05-13,true,1
PRD02633,CAT0101,2020-12-08,true,1
PRD02634,CAT0101,2019-02-14,true,1
PRD02635,CAT0101,2019-01-29,true,1
PRD02636,CAT0101,2024-09-29,true,1
PRD02637,CAT0101,2024-11-04,true,1
PRD02638,CAT0101,2024-04-15,true,1
PRD02639,CAT0101,2022-05-07,true,1
PRD02640,CAT0101,2020-03-13,true,1
PRD02641,CAT0101,2024-02-19,true,1
PRD02642,CAT0101,2020-11-09,true,1
PRD02642,CAT0130,2024-02-19,false,4
PRD02643,CAT0101,2023-10-26,true,1
PRD02644,CAT0101,2021-02-16,true,1
PRD02644,CAT0072,2022-08-06,false,4
PRD02645,CAT0101,2022-03-22,true,1
PRD02646,CAT0101,2019-10-22,true,1
PRD02647,CAT0101,2024-07-09,true,1
PRD02647,CAT0119,2024-08-31,false,2
PRD02648,CAT0101,2019-06-17,true,1
PRD02648,CAT0121,2025-01-22,false,3
PRD02649,CAT0101,2019-12-29,true,1
PRD02649,CAT0044,2023-07-30,false,3
PRD02650,CAT0101,2024-02-06,true,1
PRD02651,CAT0101,2022-07-28,true,1
PRD02652,CAT0101,2021-06-17,true,1
PRD02652,CAT0081,2021-04-13,false,4
PRD02653,CAT0101,2019-10-06,true,1
PRD02654,CAT0102,2022-01-27,true,1
PRD02654,CAT0006,2025-07-20,false,4
PRD02655,CAT0102,2023-11-03,true,1
PRD02656,CAT0102,2024-04-21,true,1
PRD02656,CAT0118,2025-11-07,false,2
PRD02657,CAT0102,2020-03-02,true,1
PRD02658,CAT0102,2024-08-29,true,1
PRD02658,CAT0013,2024-12-04,false,5
PRD02659,CAT0102,2019-05-12,true,1
PRD02660,CAT0102,2023-01-28,true,1
PRD02661,CAT0102,2024-03-12,true,1
PRD02662,CAT0102,2019-07-04,true,1
PRD02663,CAT0102,2023-02-18,true,1
PRD02663,CAT0113,2025-04-02,false,5
PRD02664,CAT0102,2023-07-23,true,1
PRD02665,CAT0102,2021-10-19,true,1
PRD02665,CAT0096,2023-01-15,false,5
PRD02666,CAT0102,2023-04-15,true,1
PRD02666,CAT0125,2020-02-01,false,3
PRD02667,CAT0102,2024-04-07,true,1
PRD02667,CAT0127,2021-06-04,false,3
PRD02668,CAT0102,2019-04-27,true,1
PRD02669,CAT0102,2020-04-23,true,1
PRD02670,CAT0102,2020-04-19,true,1
PRD02671,CAT0102,2023-11-21,true,1
PRD02671,CAT0099,2024-04-30,false,3
PRD02672,CAT0102,2024-05-10,true,1
PRD02672,CAT0044,2025-11-14,false,2
PRD02673,CAT0102,2021-12-23,true,1
PRD02673,CAT0084,2023-04-07,false,4
PRD02674,CAT0102,2023-06-03,true,1
PRD02675,CAT0102,2023-07-10,true,1
PRD02676,CAT0102,2024-11-28,true,1
PRD02677,CAT0102,2024-09-05,true,1
PRD02678,CAT0102,2021-09-06,true,1
PRD02679,CAT0102,2019-10-16,true,1
PRD02680,CAT0102,2021-07-28,true,1
PRD02680,CAT0009,2023-02-12,false,4
PRD02681,CAT0102,2020-06-02,true,1
PRD02681,CAT0084,2022-05-11,false,4
PRD02682,CAT0102,2024-12-19,true,1
PRD02683,CAT0102,2023-09-02,true,1
PRD02684,CAT0102,2022-12-04,true,1
PRD02685,CAT0102,2022-03-06,true,1
PRD02686,CAT0102,2020-11-20,true,1
PRD02687,CAT0103,2022-06-20,true,1
PRD02688,CAT0103,2022-04-07,true,1
PRD02689,CAT0103,2020-01-31,true,1
PRD02690,CAT0103,2021-06-02,true,1
PRD02690,CAT0099,2023-03-24,false,2
PRD02691,CAT0103,2024-06-17,true,1
PRD02691,CAT0016,2022-06-23,false,3
PRD02692,CAT0103,2023-12-10,true,1
PRD02693,CAT0103,2021-11-19,true,1
PRD02694,CAT0103,2023-12-11,true,1
PRD02695,CAT0103,2020-05-27,true,1
PRD02695,CAT0011,2024-10-09,false,5
PRD02696,CAT0103,2019-03-29,true,1
PRD02697,CAT0103,2024-08-12,true,1
PRD02697,CAT0084,2024-09-11,false,2
PRD02698,CAT0103,2020-06-23,true,1
PRD02699,CAT0103,2020-02-01,true,1
PRD02700,CAT0103,2019-08-02,true,1
PRD02701,CAT0103,2024-09-07,true,1
PRD02702,CAT0103,2023-12-03,true,1
PRD02703,CAT0103,2022-02-02,true,1
PRD02703,CAT0016,2025-05-09,false,4
PRD02704,CAT0103,2021-08-20,true,1
PRD02704,CAT0114,2025-03-07,false,3
PRD02705,CAT0103,2020-09-12,true,1
PRD02706,CAT0103,2023-10-02,true,1
PRD02707,CAT0103,2023-05-23,true,1
PRD02708,CAT0103,2021-07-13,true,1
PRD02709,CAT0103,2022-07-14,true,1
PRD02710,CAT0103,2024-11-08,true,1
PRD02711,CAT0103,2023-11-23,true,1
PRD02712,CAT0103,2020-01-01,true,1
PRD02713,CAT0103,2019-05-27,true,1
PRD02713,CAT0096,2023-08-14,false,4
PRD02714,CAT0103,2019-10-04,true,1
PRD02715,CAT0103,2023-05-12,true,1
PRD02716,CAT0103,2023-11-24,true,1
PRD02717,CAT0104,2020-11-21,true,1
PRD02718,CAT0104,2020-08-08,true,1
PRD02719,CAT0104,2022-08-04,true,1
PRD02719,CAT0024,2025-06-01,false,2
PRD02720,CAT0104,2024-10-03,true,1
PRD02721,CAT0104,2019-09-04,true,1
PRD02722,CAT0104,2023-10-29,true,1
PRD02723,CAT0104,2024-04-27,true,1
PRD02723,CAT0007,2020-10-04,false,5
PRD02724,CAT0104,2021-11-11,true,1
PRD02725,CAT0104,2022-07-14,true,1
PRD02726,CAT0104,2024-03-09,true,1
PRD02726,CAT0057,2021-07-03,false,4
PRD02727,CAT0104,2020-01-11,true,1
PRD02728,CAT0104,2023-07-30,true,1
PRD02728,CAT0024,2022-07-23,false,2
PRD02729,CAT0104,2019-05-26,true,1
PRD02730,CAT0104,2021-09-17,true,1
PRD02731,CAT0104,2020-08-11,true,1
PRD02732,CAT0104,2023-05-21,true,1
PRD02733,CAT0104,2022-09-26,true,1
PRD02733,CAT0062,2020-02-01,false,4
PRD02734,CAT0104,2019-11-25,true,1
PRD02735,CAT0104,2024-08-08,true,1
PRD02736,CAT0104,2020-11-08,true,1
PRD02737,CAT0104,2019-01-14,true,1
PRD02738,CAT0104,2023-10-22,true,1
PRD02739,CAT0104,2019-04-24,true,1
PRD02740,CAT0104,2019-05-24,true,1
PRD02741,CAT0104,2019-09-24,true,1
PRD02742,CAT0104,2024-09-09,true,1
PRD02743,CAT0104,2023-03-20,true,1
PRD02743,CAT0052,2021-08-31,false,5
PRD02744,CAT0104,2022-08-21,true,1
PRD02744,CAT0110,2024-04-25,false,2
PRD02745,CAT0104,2022-05-09,true,1
PRD02746,CAT0104,2019-11-11,true,1
PRD02747,CAT0104,2024-05-18,true,1
PRD02748,CAT0105,2019-08-22,true,1
PRD02749,CAT0105,2024-03-15,true,1
PRD02750,CAT0105,2021-04-10,true,1
PRD02751,CAT0105,2019-11-03,true,1
PRD02751,CAT0017,2023-03-12,false,3
PRD02752,CAT0105,2023-05-05,true,1
PRD02753,CAT0105,2024-11-22,true,1
PRD02754,CAT0105,2019-11-22,true,1
PRD02754,CAT0017,2023-09-04,false,3
PRD02755,CAT0105,2019-10-01,true,1
PRD02755,CAT0062,2022-05-19,false,5
PRD02756,CAT0105,2021-04-27,true,1
PRD02756,CAT0099,2020-06-08,false,3
PRD02757,CAT0105,2020-10-16,true,1
PRD02758,CAT0105,2024-09-02,true,1
PRD02759,CAT0105,2023-01-09,true,1
PRD02760,CAT0105,2021-07-19,true,1
PRD02761,CAT0105,2024-03-05,true,1
PRD02762,CAT0105,2022-04-30,true,1
PRD02763,CAT0105,2019-03-30,true,1
PRD02764,CAT0105,2022-06-15,true,1
PRD02765,CAT0105,2019-05-09,true,1
PRD02766,CAT0105,2022-10-14,true,1
PRD02767,CAT0105,2022-01-21,true,1
PRD02768,CAT0105,2021-03-01,true,1
PRD02769,CAT0105,2021-12-09,true,1
PRD02770,CAT0105,2019-11-23,true,1
PRD02770,CAT0061,2020-04-05,false,4
PRD02771,CAT0105,2022-08-01,true,1
PRD02772,CAT0105,2020-07-07,true,1
PRD02773,CAT0105,2022-08-19,true,1
PRD02774,CAT0105,2021-11-13,true,1
PRD02775,CAT0105,2020-11-23,true,1
PRD02776,CAT0105,2019-10-19,true,1
PRD02777,CAT0105,2021-08-20,true,1
PRD02778,CAT0105,2021-04-10,true,1
PRD02778,CAT0081,2025-12-02,false,5
PRD02779,CAT0105,2020-03-20,true,1
PRD02779,CAT0049,2022-05-24,false,2
PRD02780,CAT0106,2022-11-25,true,1
PRD02781,CAT0106,2021-07-19,true,1
PRD02781,CAT0032,2022-09-26,false,5
PRD02782,CAT0106,2020-07-26,true,1
PRD02783,CAT0106,2023-09-19,true,1
PRD02784,CAT0106,2019-08-10,true,1
PRD02785,CAT0106,2020-05-25,true,1
PRD02786,CAT0106,2023-02-26,true,1
PRD02787,CAT0106,2020-12-21,true,1
PRD02788,CAT0106,2020-09-13,true,1
PRD02788,CAT0031,2020-11-09,false,2
PRD02789,CAT0106,2024-10-16,true,1
PRD02790,CAT0106,2021-06-03,true,1
PRD02791,CAT0106,2019-07-20,true,1
PRD02792,CAT0106,2021-05-23,true,1
PRD02793,CAT0106,2021-04-26,true,1
PRD02793,CAT0017,2022-02-10,false,2
PRD02794,CAT0106,2023-09-28,true,1
PRD02795,CAT0106,2019-03-28,true,1
PRD02795,CAT0040,2024-07-25,false,2
PRD02796,CAT0106,2020-05-03,true,1
PRD02797,CAT0106,2021-04-15,true,1
PRD02798,CAT0106,2024-10-28,true,1
PRD02799,CAT0106,2021-10-13,true,1
PRD02800,CAT0106,2023-02-21,true,1
PRD02801,CAT0106,2019-02-04,true,1
PRD02802,CAT0106,2024-11-19,true,1
PRD02803,CAT0106,2024-01-26,true,1
PRD02804,CAT0106,2023-11-20,true,1
PRD02805,CAT0107,2024-02-17,true,1
PRD02806,CAT0107,2024-07-20,true,1
PRD02807,CAT0107,2020-12-31,true,1
PRD02808,CAT0107,2023-09-12,true,1
PRD02809,CAT0107,2020-10-11,true,1
PRD02810,CAT0107,2022-11-11,true,1
PRD02811,CAT0107,2024-12-09,true,1
PRD02812,CAT0107,2023-04-12,true,1
PRD02813,CAT0107,2022-01-24,true,1
PRD02813,CAT0048,2025-04-16,false,2
PRD02814,CAT0107,2020-08-17,true,1
PRD02815,CAT0107,2024-06-07,true,1
PRD02816,CAT0107,2021-11-13,true,1
PRD02817,CAT0107,2020-09-18,true,1
PRD02818,CAT0107,2021-12-15,true,1
PRD02819,CAT0107,2019-06-01,true,1
PRD02819,CAT0119,2024-05-03,false,3
PRD02820,CAT0107,2023-07-04,true,1
PRD02820,CAT0028,2023-10-07,false,5
PRD02821,CAT0107,2023-01-02,true,1
PRD02822,CAT0107,2023-03-17,true,1
PRD02823,CAT0107,2024-11-19,true,1
PRD02824,CAT0107,2020-03-12,true,1
PRD02825,CAT0107,2021-10-06,true,1
PRD02826,CAT0107,2021-10-29,true,1
PRD02827,CAT0107,2022-02-09,true,1
PRD02828,CAT0107,2023-09-22,true,1
PRD02829,CAT0107,2021-02-10,true,1
PRD02830,CAT0107,2020-12-06,true,1
PRD02831,CAT0107,2021-02-17,true,1
PRD02831,CAT0089,2024-12-27,false,2
PRD02832,CAT0108,2024-09-06,true,1
PRD02833,CAT0108,2019-10-21,true,1
PRD02834,CAT0108,2023-01-11,true,1
PRD02835,CAT0108,2023-03-28,true,1
PRD02836,CAT0108,2019-12-22,true,1
PRD02837,CAT0108,2022-04-08,true,1
PRD02838,CAT0108,2023-10-03,true,1
PRD02839,CAT0108,2024-10-28,true,1
PRD02840,CAT0108,2019-08-29,true,1
PRD02841,CAT0108,2022-12-06,true,1
PRD02842,CAT0108,2019-07-21,true,1
PRD02843,CAT0108,2023-04-23,true,1
PRD02843,CAT0066,2020-02-28,false,3
PRD02844,CAT0108,2020-11-14,true,1
PRD02845,CAT0108,2022-10-22,true,1
PRD02846,CAT0108,2023-09-08,true,1
PRD02846,CAT0090,2025-11-04,false,4
PRD02847,CAT0108,2022-12-12,true,1
PRD02847,CAT0093,2020-04-03,false,4
PRD02848,CAT0108,2022-03-28,true,1
PRD02848,CAT0005,2023-01-16,false,4
PRD02849,CAT0108,2024-12-26,true,1
PRD02850,CAT0108,2023-06-06,true,1
PRD02851,CAT0108,2019-09-29,true,1
PRD02852,CAT0108,2024-07-23,true,1
PRD02853,CAT0108,2023-12-06,true,1
PRD02854,CAT0108,2023-12-13,true,1
PRD02855,CAT0108,2020-06-16,true,1
PRD02856,CAT0108,2021-05-24,true,1
PRD02857,CAT0109,2019-02-18,true,1
PRD02858,CAT0109,2024-09-08,true,1
PRD02859,CAT0109,2024-05-05,true,1
PRD02860,CAT0109,2021-08-16,true,1
PRD02861,CAT0109,2019-07-13,true,1
PRD02861,CAT0091,2020-05-23,false,5
PRD02862,CAT0109,2024-04-02,true,1
PRD02863,CAT0109,2023-11-28,true,1
PRD02864,CAT0109,2021-10-24,true,1
PRD02864,CAT0077,2020-01-27,false,5
PRD02865,CAT0109,2019-08-08,true,1
PRD02866,CAT0109,2022-10-13,true,1
PRD02867,CAT0109,2020-03-27,true,1
PRD02868,CAT0109,2021-03-28,true,1
PRD02868,CAT0075,2022-07-20,false,2
PRD02869,CAT0109,2024-04-08,true,1
PRD02870,CAT0109,2024-06-17,true,1
PRD02871,CAT0109,2023-09-27,true,1
PRD02872,CAT0109,2020-01-31,true,1
PRD02873,CAT0109,2024-09-05,true,1
PRD02874,CAT0109,2021-11-20,true,1
PRD02874,CAT0038,2024-05-21,false,2
PRD02875,CAT0109,2019-07-19,true,1
PRD02875,CAT0082,2021-09-15,false,5
PRD02876,CAT0109,2021-04-30,true,1
PRD02877,CAT0109,2021-05-02,true,1
PRD02878,CAT0109,2019-07-08,true,1
PRD02879,CAT0109,2024-10-31,true,1
PRD02880,CAT0109,2022-10-10,true,1
PRD02881,CAT0109,2024-10-07,true,1
PRD02882,CAT0109,2022-02-26,true,1
PRD02883,CAT0109,2019-05-12,true,1
PRD02884,CAT0109,2022-04-04,true,1
PRD02884,CAT0023,2021-01-04,false,5
PRD02885,CAT0110,2023-05-27,true,1
PRD02886,CAT0110,2020-12-09,true,1
PRD02887,CAT0110,2023-06-24,true,1
PRD02887,CAT0078,2020-07-08,false,2
PRD02888,CAT0110,2024-09-17,true,1
PRD02889,CAT0110,2022-03-04,true,1
PRD02890,CAT0110,2023-12-07,true,1
PRD02891,CAT0110,2020-03-18,true,1
PRD02892,CAT0110,2019-11-02,true,1
PRD02893,CAT0110,2020-06-01,true,1
PRD02894,CAT0110,2022-12-28,true,1
PRD02895,CAT0110,2020-02-27,true,1
PRD02896,CAT0110,2020-03-26,true,1
PRD02897,CAT0110,2024-11-23,true,1
PRD02897,CAT0036,2025-03-27,false,5
PRD02898,CAT0110,2021-06-15,true,1
PRD02899,CAT0110,2021-12-13,true,1
PRD02900,CAT0110,2023-03-01,true,1
PRD02901,CAT0110,2020-03-03,true,1
PRD02902,CAT0110,2024-12-05,true,1
PRD02903,CAT0110,2021-03-17,true,1
PRD02904,CAT0110,2022-02-21,true,1
PRD02905,CAT0110,2021-08-03,true,1
PRD02906,CAT0110,2022-03-15,true,1
PRD02907,CAT0110,2020-03-30,true,1
PRD02908,CAT0110,2024-01-06,true,1
PRD02908,CAT0068,2025-02-07,false,3
PRD02909,CAT0110,2020-05-22,true,1
PRD02910,CAT0111,2019-04-16,true,1
PRD02911,CAT0111,2020-06-08,true,1
PRD02911,CAT0109,2024-12-20,false,2
PRD02912,CAT0111,2020-08-16,true,1
PRD02913,CAT0111,2022-09-20,true,1
PRD02914,CAT0111,2020-10-16,true,1
PRD02915,CAT0111,2023-12-03,true,1
PRD02915,CAT0116,2025-01-25,false,2
PRD02916,CAT0111,2022-01-15,true,1
PRD02917,CAT0111,2021-10-22,true,1
PRD02918,CAT0111,2022-10-09,true,1
PRD02919,CAT0111,2024-12-24,true,1
PRD02920,CAT0111,2019-12-10,true,1
PRD02920,CAT0070,2022-03-08,false,3
PRD02921,CAT0111,2021-09-24,true,1
PRD02922,CAT0111,2019-05-14,true,1
PRD02923,CAT0111,2020-06-06,true,1
PRD02924,CAT0111,2024-02-18,true,1
PRD02925,CAT0111,2022-10-21,true,1
PRD02926,CAT0111,2024-08-14,true,1
PRD02927,CAT0111,2019-03-05,true,1
PRD02928,CAT0111,2019-10-05,true,1
PRD02929,CAT0111,2024-06-14,true,1
PRD02930,CAT0111,2024-10-30,true,1
PRD02931,CAT0111,2024-02-24,true,1
PRD02932,CAT0111,2019-01-19,true,1
PRD02932,CAT0104,2024-09-07,false,5
PRD02933,CAT0111,2023-12-17,true,1
PRD02934,CAT0111,2021-02-06,true,1
PRD02935,CAT0111,2021-03-08,true,1
PRD02936,CAT0111,2019-05-12,true,1
PRD02937,CAT0111,2024-07-16,true,1
PRD02938,CAT0111,2019-06-20,true,1
PRD02939,CAT0112,2024-06-17,true,1
PRD02940,CAT0112,2024-12-25,true,1
PRD02941,CAT0112,2021-01-19,true,1
PRD02942,CAT0112,2024-08-09,true,1
PRD02943,CAT0112,2024-09-26,true,1
PRD02944,CAT0112,2021-09-23,true,1
PRD02945,CAT0112,2019-02-23,true,1
PRD02945,CAT0049,2024-07-12,false,3
PRD02946,CAT0112,2022-02-22,true,1
PRD02946,CAT0049,2020-11-30,false,4
PRD02947,CAT0112,2020-09-05,true,1
PRD02948,CAT0112,2023-03-31,true,1
PRD02949,CAT0112,2023-06-07,true,1
PRD02950,CAT0112,2021-10-30,true,1
PRD02951,CAT0112,2023-08-12,true,1
PRD02952,CAT0112,2021-03-02,true,1
PRD02953,CAT0112,2020-12-30,true,1
PRD02953,CAT0085,2020-04-02,false,4
PRD02954,CAT0112,2022-06-03,true,1
PRD02955,CAT0112,2024-03-23,true,1
PRD02956,CAT0112,2024-11-02,true,1
PRD02957,CAT0112,2022-03-25,true,1
PRD02958,CAT0112,2019-02-17,true,1
PRD02959,CAT0112,2023-03-14,true,1
PRD02960,CAT0112,2021-12-09,true,1
PRD02961,CAT0112,2021-01-11,true,1
PRD02961,CAT0033,2025-12-23,false,3
PRD02962,CAT0112,2021-07-08,true,1
PRD02963,CAT0112,2021-06-23,true,1
PRD02964,CAT0112,2020-01-21,true,1
PRD02965,CAT0112,2020-12-20,true,1
PRD02966,CAT0112,2022-03-10,true,1
PRD02966,CAT0129,2025-10-05,false,2
PRD02967,CAT0112,2020-05-17,true,1
PRD02967,CAT0119,2021-12-30,false,4
PRD02968,CAT0112,2020-10-04,true,1
PRD02969,CAT0112,2022-04-28,true,1
PRD02970,CAT0112,2023-07-09,true,1
PRD02971,CAT0113,2023-09-14,true,1
PRD02972,CAT0113,2021-07-01,true,1
PRD02973,CAT0113,2022-10-10,true,1
PRD02973,CAT0120,2023-07-13,false,2
PRD02974,CAT0113,2020-12-21,true,1
PRD02975,CAT0113,2019-02-18,true,1
PRD02976,CAT0113,2019-12-18,true,1
PRD02977,CAT0113,2022-07-25,true,1
PRD02978,CAT0113,2019-07-15,true,1
PRD02979,CAT0113,2019-01-23,true,1
PRD02979,CAT0048,2021-09-06,false,4
PRD02980,CAT0113,2024-07-24,true,1
PRD02981,CAT0113,2021-08-03,true,1
PRD02981,CAT0022,2022-08-27,false,3
PRD02982,CAT0113,2024-03-15,true,1
PRD02983,CAT0113,2019-03-11,true,1
PRD02983,CAT0080,2020-02-12,false,5
PRD02984,CAT0113,2022-02-11,true,1
PRD02985,CAT0113,2020-08-30,true,1
PRD02986,CAT0113,2021-08-03,true,1
PRD02987,CAT0113,2023-01-23,true,1
PRD02988,CAT0113,2019-06-11,true,1
PRD02989,CAT0113,2021-02-12,true,1
PRD02989,CAT0002,2020-06-04,false,3
PRD02990,CAT0113,2020-06-08,true,1
PRD02991,CAT0113,2022-05-12,true,1
PRD02992,CAT0113,2020-05-11,true,1
PRD02992,CAT0099,2021-02-17,false,2
PRD02993,CAT0113,2024-09-27,true,1
PRD02994,CAT0113,2024-06-13,true,1
PRD02994,CAT0032,2022-02-10,false,5
PRD02995,CAT0113,2021-11-09,true,1
PRD02995,CAT0098,2023-01-27,false,2
PRD02996,CAT0113,2023-03-15,true,1
PRD02997,CAT0113,2020-05-22,true,1
PRD02998,CAT0113,2021-01-14,true,1
PRD02998,CAT0029,2022-07-07,false,3
PRD02999,CAT0113,2023-03-07,true,1
PRD02999,CAT0007,2021-06-04,false,3
PRD03000,CAT0114,2021-01-02,true,1
PRD03000,CAT0041,2021-05-10,false,3
