userId,name,email,birthDate,isPremium,interests,totalSpent,createdAt
USR00001,Octavio Guerrero,octavio.guerrero678@hotmail.com,1994-01-19,false,jardín|hogar|belleza,13626.17,2020-08-05
USR00002,Luis Martínez,luis.martinez170@gmail.com,1986-01-10,false,oficina|juguetes|fotografía|electrónica,10496.01,2022-01-20
USR00003,Mauricio Herrera,mauricio.herrera506@gmail.com,1969-02-05,false,deportes|moda|jardín|fitness|cocina,14428.67,2025-06-14
USR00004,Fernanda Rodríguez,fernanda.rodriguez784@icloud.com,1994-03-24,false,juguetes|moda|música|mascotas,13741.09,2021-01-13
USR00005,Fernanda Gutiérrez,fernanda.gutierrez651@yahoo.com,1995-01-23,true,deportes|mascotas|arte|jardín|fitness,12866.0,2022-09-12
USR00006,Javier Espinoza,javier.espinoza508@gmail.com,1979-02-10,false,cine|belleza|moda|electrónica,4849.11,2023-07-14
USR00007,Mauricio García,mauricio.garcia674@icloud.com,1998-12-07,false,jardín|moda|viajes|automóviles|arte,9381.13,2019-07-31
USR00008,Camila Reyes,camila.reyes563@gmail.com,1966-04-18,false,fotografía|electrónica|mascotas,10646.74,2022-06-26
USR00009,Verónica García,veronica.garcia566@proton.me,2002-04-30,false,deportes|gaming|hogar|electrónica|belleza,7475.63,2022-04-10
USR00010,Mauricio Figueroa,mauricio.figueroa280@outlook.com,1973-07-20,false,mascotas|oficina|gaming|electrónica|libros,12960.4,2022-02-05
USR00011,Adriana Navarro,adriana.navarro349@hotmail.com,1985-01-12,false,tecnología|fotografía|juguetes|mascotas,5176.86,2025-03-10
USR00012,César Herrera,cesar.herrera387@outlook.com,1966-12-17,false,fitness|viajes|gaming|cine|belleza,11170.58,2023-04-11
USR00013,Pablo Ibáñez,pablo.ibañez812@icloud.com,1991-06-23,false,mascotas|moda|libros,13045.5,2023-12-09
USR00014,Miguel Fuentes,miguel.fuentes933@outlook.com,2000-01-22,false,tecnología|libros|jardín|juguetes|deportes,5078.42,2023-06-17
USR00015,Luz Hernández,luz.hernandez873@icloud.com,1966-08-12,true,belleza|cine|fitness|mascotas,3521.55,2022-03-23
USR00016,Roberto Hernández,roberto.hernandez445@hotmail.com,1996-02-18,false,hogar|electrónica,13551.36,2019-07-08
USR00017,Alejandro Martínez,alejandro.martinez301@icloud.com,1983-06-27,false,arte|jardín|libros|gaming,2549.75,2019-11-20
USR00018,Mariana Moreno,mariana.moreno635@hotmail.com,1985-09-08,false,mascotas|juguetes|libros,6893.56,2019-02-08
USR00019,Patricia Vargas,patricia.vargas694@icloud.com,1978-06-03,false,deportes|electrónica|arte,10354.7,2024-02-15
USR00020,Gabriela Gómez,gabriela.gomez394@proton.me,1978-03-31,true,hogar|gaming|cine|arte|fotografía,14669.17,2023-06-10
USR00021,Paula García,paula.garcia580@yahoo.com,1999-10-19,false,oficina|mascotas,9105.97,2022-12-14
USR00022,Roberto Paredes,roberto.paredes195@outlook.com,1966-07-01,false,libros|hogar|moda|fotografía,10985.4,2020-01-05
USR00023,Ricardo Mendoza,ricardo.mendoza766@hotmail.com,1976-07-12,false,música|viajes|libros|arte|cocina,14510.76,2022-04-23
USR00024,Silvia Ruiz,silvia.ruiz824@hotmail.com,1998-10-31,false,electrónica|deportes,12902.11,2023-06-16
USR00025,Verónica Castillo,veronica.castillo93@yahoo.com,1995-03-08,false,tecnología|cocina|belleza|hogar|electrónica,8768.4,2023-03-02
USR00026,Miguel Rojas,miguel.rojas240@proton.me,2001-12-16,false,tecnología|belleza|fitness|gaming|deportes,13640.81,2022-05-22
USR00027,Luz Navarro,luz.navarro120@outlook.com,1970-03-18,true,moda|oficina|fotografía,3522.0,2025-01-10
USR00028,Diego Moreno,diego.moreno465@proton.me,1969-06-11,false,belleza|jardín|libros|juguetes,9234.78,2022-02-19
USR00029,José Espinoza,jose.espinoza380@yahoo.com,1969-06-16,false,electrónica|oficina|gaming,8166.99,2023-01-09
USR00030,Ana Romero,ana.romero283@proton.me,1974-07-08,true,hogar|electrónica|deportes,758.68,2022-09-28
USR00031,Daniela Ramírez,daniela.ramirez806@icloud.com,1974-09-09,false,deportes|belleza|viajes,4928.39,2020-08-27
USR00032,Rafael García,rafael.garcia284@hotmail.com,1969-12-07,true,libros|belleza|cocina,1977.05,2023-01-07
USR00033,Daniela Guerrero,daniela.guerrero332@gmail.com,1970-09-08,false,música|cocina,7891.28,2019-09-18
USR00034,Héctor Medina,hector.medina797@icloud.com,1974-12-09,true,automóviles|juguetes|hogar|electrónica,10908.64,2024-11-05
USR00035,Gabriela Aguilar,gabriela.aguilar659@outlook.com,1984-02-15,true,moda|mascotas,7354.03,2023-12-22
USR00036,Luis Hernández,luis.hernandez330@icloud.com,1993-05-26,false,deportes|libros|cocina,5713.57,2025-09-12
USR00037,Lorena Vargas,lorena.vargas465@outlook.com,1975-04-02,false,hogar|oficina|belleza|viajes|jardín,5083.97,2024-02-01
USR00038,Andrea Navarro,andrea.navarro748@yahoo.com,1994-11-02,false,fitness|jardín,5614.52,2020-09-17
USR00039,Beatriz Castro,beatriz.castro69@outlook.com,1969-05-02,false,deportes|oficina,12176.54,2025-03-28
USR00040,Ana Guerrero,ana.guerrero980@proton.me,1967-04-23,false,hogar|jardín|arte|juguetes,9006.15,2022-12-11
USR00041,Miguel Delgado,miguel.delgado520@gmail.com,1980-09-15,false,libros|mascotas|gaming,1723.28,2022-02-15
USR00042,Arturo Cruz,arturo.cruz827@hotmail.com,1977-04-05,false,belleza|oficina|tecnología|cocina|juguetes,13823.06,2022-12-08
USR00043,Carlos Rivera,carlos.rivera891@hotmail.com,1998-03-29,true,juguetes|cine|deportes,1376.37,2024-12-12
USR00044,Camila Moreno,camila.moreno430@icloud.com,1991-09-30,true,fitness|música|arte|fotografía|oficina,13250.13,2020-09-29
USR00045,Andrés Campos,andres.campos51@proton.me,1984-01-09,false,cocina|electrónica,9106.14,2023-08-24
USR00046,Paula Díaz,paula.diaz774@gmail.com,1977-09-15,false,arte|jardín,7904.01,2022-06-17
USR00047,José Cruz,jose.cruz405@yahoo.com,1974-06-23,false,tecnología|viajes,11462.41,2022-03-31
USR00048,Alejandro Sánchez,alejandro.sanchez8@icloud.com,1990-01-24,false,jardín|música|libros|cine|gaming,1081.13,2019-06-23
USR00049,Claudia Rodríguez,claudia.rodriguez471@outlook.com,1990-09-21,false,fitness|juguetes,10642.48,2023-09-07
USR00050,Ricardo Sánchez,ricardo.sanchez415@icloud.com,1985-08-22,false,fitness|música,1321.95,2020-03-09
USR00051,Daniela Gutiérrez,daniela.gutierrez604@hotmail.com,1979-12-10,false,automóviles|deportes|cine|fotografía|fitness,1145.69,2020-04-12
USR00052,Lorena Ríos,lorena.rios199@hotmail.com,1976-06-25,false,arte|libros|gaming|hogar,2602.49,2020-09-18
USR00053,César Salinas,cesar.salinas78@proton.me,1990-04-28,false,mascotas|electrónica|juguetes,12963.7,2022-07-18
USR00054,Valentina Medina,valentina.medina70@icloud.com,1968-04-30,false,electrónica|fotografía|cocina|moda|arte,6926.14,2019-06-04
USR00055,Ana Castillo,ana.castillo852@outlook.com,1991-01-13,true,deportes|oficina|automóviles|cine,6746.01,2025-05-30
USR00056,Luz Gómez,luz.gomez330@yahoo.com,1997-01-16,true,automóviles|libros|moda|electrónica|hogar,7568.24,2020-12-07
USR00057,José Morales,jose.morales725@yahoo.com,1977-09-09,false,electrónica|automóviles|juguetes|música|arte,6131.54,2022-10-17
USR00058,Beatriz Núñez,beatriz.nuñez54@yahoo.com,1976-04-21,false,deportes|fitness|hogar|cine,5000.43,2025-07-14
USR00059,Ernesto Torres,ernesto.torres939@yahoo.com,1990-01-27,false,fotografía|cine|libros|deportes,9652.4,2022-09-07
USR00060,Diego Ibáñez,diego.ibañez720@yahoo.com,1965-10-26,false,jardín|automóviles,4632.99,2021-05-27
USR00061,Natalia Vega,natalia.vega197@yahoo.com,2002-11-18,true,libros|oficina|deportes,7615.35,2025-01-19
USR00062,Silvia Fuentes,silvia.fuentes39@hotmail.com,1973-02-10,false,oficina|libros|cine|juguetes,10817.74,2019-06-28
USR00063,Javier Castillo,javier.castillo693@hotmail.com,1988-12-15,false,electrónica|fotografía|oficina,4642.02,2024-04-05
USR00064,Jorge Castillo,jorge.castillo695@hotmail.com,2001-08-23,false,electrónica|fotografía|cine|automóviles|jardín,12018.89,2020-07-20
USR00065,Fernando Martínez,fernando.martinez657@yahoo.com,1968-10-06,false,arte|belleza|hogar|automóviles|juguetes,4091.87,2024-10-03
USR00066,Valentina Gutiérrez,valentina.gutierrez94@outlook.com,1967-05-23,false,electrónica|arte|tecnología,7530.11,2021-08-23
USR00067,Pablo Hernández,pablo.hernandez384@proton.me,1994-02-26,false,tecnología|fitness|hogar,11870.71,2020-07-17
USR00068,José Vargas,jose.vargas940@gmail.com,1976-06-25,false,libros|mascotas|electrónica|tecnología|deportes,12524.45,2025-02-25
USR00069,Raúl Núñez,raul.nuñez541@gmail.com,1975-09-12,false,hogar|fotografía|gaming|juguetes|oficina,9584.28,2025-12-26
USR00070,Patricia González,patricia.gonzalez114@proton.me,1971-06-11,false,oficina|belleza|tecnología|automóviles|gaming,6438.58,2025-11-23
USR00071,Sergio Morales,sergio.morales585@icloud.com,1989-05-29,true,música|deportes|automóviles|arte|juguetes,5856.81,2024-04-09
USR00072,José Paredes,jose.paredes397@yahoo.com,1975-10-26,true,cocina|tecnología|arte|deportes,11572.52,2022-09-23
USR00073,Diego López,diego.lopez361@hotmail.com,1967-10-31,false,música|electrónica|mascotas|oficina,554.76,2021-04-05
USR00074,José Gómez,jose.gomez908@icloud.com,1982-11-12,false,fitness|fotografía,3799.71,2021-02-21
USR00075,Ricardo Álvarez,ricardo.alvarez883@gmail.com,2000-11-09,false,fitness|cocina,6554.27,2023-06-27
USR00076,Silvia Medina,silvia.medina917@icloud.com,1976-12-18,true,fitness|música|mascotas|belleza|arte,10906.22,2019-11-20
USR00077,Claudia Núñez,claudia.nuñez843@gmail.com,1968-08-04,false,belleza|fotografía|fitness,9913.79,2022-06-09
USR00078,Eduardo Núñez,eduardo.nuñez735@proton.me,1980-10-25,false,música|electrónica|arte|juguetes|moda,4118.33,2019-08-23
USR00079,Luis Ibáñez,luis.ibañez653@icloud.com,1995-06-02,false,arte|automóviles|música|tecnología|libros,521.98,2019-10-03
USR00080,Daniela Salinas,daniela.salinas376@proton.me,1985-03-08,false,cine|juguetes|moda|libros,5580.2,2019-11-11
USR00081,Arturo Ramírez,arturo.ramirez543@gmail.com,1966-03-01,false,cine|fitness|cocina|gaming,7485.66,2023-05-05
USR00082,Verónica Sánchez,veronica.sanchez269@hotmail.com,1970-07-03,false,electrónica|viajes|fotografía|mascotas,12792.39,2024-01-26
USR00083,Isabella Figueroa,isabella.figueroa456@proton.me,1967-11-30,false,fitness|arte,13369.98,2020-10-07
USR00084,Carmen Figueroa,carmen.figueroa950@gmail.com,1974-01-06,false,arte|automóviles|gaming,3551.04,2024-07-16
USR00085,María Castillo,maria.castillo568@gmail.com,1978-11-16,false,electrónica|belleza|libros|deportes,14993.93,2024-05-14
USR00086,Lorena Navarro,lorena.navarro788@outlook.com,1985-11-24,false,juguetes|deportes|libros|fitness|oficina,1925.02,2025-03-08
USR00087,Octavio Guerrero,octavio.guerrero187@gmail.com,1988-03-29,false,jardín|automóviles|moda,4561.87,2020-10-25
USR00088,Alejandro Figueroa,alejandro.figueroa231@hotmail.com,1993-06-27,false,automóviles|fotografía|deportes|cocina,1877.55,2022-05-25
USR00089,Mariana Herrera,mariana.herrera96@hotmail.com,1994-07-20,false,juguetes|oficina|libros,12637.95,2025-04-27
USR00090,José Rodríguez,jose.rodriguez84@proton.me,1974-06-16,false,juguetes|cocina,9271.63,2019-05-05
USR00091,Sandra Paredes,sandra.paredes559@yahoo.com,1985-05-06,true,fotografía|mascotas|gaming|cine,10329.2,2020-10-09
USR00092,Eduardo Navarro,eduardo.navarro496@proton.me,2003-08-12,false,viajes|fitness|libros|juguetes|automóviles,14630.61,2020-06-19
USR00093,César Castillo,cesar.castillo528@outlook.com,1970-07-01,false,fitness|gaming,6743.94,2020-07-31
USR00094,Miguel Martínez,miguel.martinez298@icloud.com,1997-05-07,false,oficina|jardín|gaming|música|fitness,2847.51,2020-10-14
USR00095,Sandra Ríos,sandra.rios479@icloud.com,1985-07-06,false,fotografía|mascotas|tecnología|deportes|cine,3227.17,2022-12-16
USR00096,Ana Martínez,ana.martinez289@outlook.com,1971-01-04,false,oficina|mascotas|fotografía|tecnología|hogar,10912.62,2023-07-10
USR00097,Monica López,monica.lopez411@hotmail.com,1981-04-06,false,juguetes|belleza,1102.98,2024-08-27
USR00098,Eduardo Muñoz,eduardo.muñoz287@outlook.com,1981-09-28,false,libros|hogar,8367.48,2023-02-06
USR00099,César Torres,cesar.torres204@proton.me,1979-12-10,false,automóviles|moda|juguetes|belleza|libros,7789.99,2020-09-02
USR00100,Rafael Ríos,rafael.rios144@icloud.com,1998-03-02,false,oficina|fitness|música|cine,8905.87,2024-09-08
USR00101,Mauricio Herrera,mauricio.herrera502@proton.me,1969-12-01,false,mascotas|tecnología|arte|fitness,8755.53,2019-04-20
USR00102,Rafael Castro,rafael.castro272@hotmail.com,1988-07-08,false,moda|juguetes|mascotas,2216.64,2021-09-19
USR00103,José Delgado,jose.delgado971@outlook.com,1979-01-27,false,viajes|tecnología,2271.47,2021-04-15
USR00104,Javier Ríos,javier.rios794@proton.me,1986-06-17,false,moda|libros|automóviles|viajes|fitness,4706.29,2020-12-10
USR00105,Patricia Herrera,patricia.herrera351@yahoo.com,1990-01-13,false,cocina|mascotas|viajes|gaming,3373.01,2022-05-04
USR00106,Adriana Vargas,adriana.vargas722@yahoo.com,1990-02-22,false,mascotas|fitness|oficina,4316.84,2025-06-06
USR00107,Beatriz Herrera,beatriz.herrera389@proton.me,1968-07-18,false,arte|libros|fotografía|moda|belleza,13860.14,2021-11-16
USR00108,Silvia Castro,silvia.castro220@proton.me,1977-03-09,false,belleza|cocina|oficina,1638.4,2025-07-31
USR00109,Daniela Morales,daniela.morales52@outlook.com,1979-10-26,false,gaming|moda|hogar,1508.17,2020-07-17
USR00110,Carlos Muñoz,carlos.muñoz952@proton.me,1973-12-12,false,jardín|mascotas|juguetes,4817.52,2019-08-31
USR00111,Adriana Hernández,adriana.hernandez668@outlook.com,2002-07-29,false,belleza|moda|música,14008.84,2019-05-29
USR00112,Andrea Vega,andrea.vega191@yahoo.com,1977-10-07,false,moda|tecnología|fotografía|hogar,14836.49,2025-02-03
USR00113,Lorena Vega,lorena.vega911@hotmail.com,2001-04-13,true,automóviles|electrónica|cocina,4960.26,2024-02-23
USR00114,Luz Ortiz,luz.ortiz736@icloud.com,1995-04-03,false,tecnología|fitness|fotografía,2632.42,2023-07-19
USR00115,Claudia Ríos,claudia.rios336@hotmail.com,1971-04-23,false,cine|hogar,4854.03,2021-10-13
USR00116,Carlos Ortiz,carlos.ortiz393@yahoo.com,1991-02-17,true,electrónica|cocina|fitness,3923.3,2023-01-12
USR00117,Hugo Morales,hugo.morales64@hotmail.com,1983-03-10,false,electrónica|fotografía,10354.36,2022-04-23
USR00118,Monica Campos,monica.campos227@outlook.com,1998-07-17,false,libros|mascotas|oficina,6237.68,2025-02-27
USR00119,Héctor Herrera,hector.herrera822@outlook.com,1988-09-10,false,gaming|deportes|automóviles,1171.54,2025-04-29
USR00120,Sofía Martínez,sofia.martinez849@hotmail.com,1979-09-20,false,juguetes|belleza|libros,1743.6,2021-04-21
USR00121,Carmen Guerrero,carmen.guerrero501@gmail.com,1985-05-05,false,automóviles|electrónica,7698.72,2024-02-15
USR00122,Arturo Martínez,arturo.martinez573@proton.me,1974-10-11,true,fotografía|tecnología|cine|cocina|juguetes,679.35,2022-11-12
USR00123,Hugo González,hugo.gonzalez555@gmail.com,1977-11-17,false,deportes|mascotas,2699.72,2020-07-08
USR00124,Adriana Salinas,adriana.salinas747@gmail.com,1995-08-17,false,arte|cine|electrónica|juguetes|automóviles,9803.01,2022-11-25
USR00125,Sofía Rivera,sofia.rivera551@yahoo.com,1985-10-08,false,automóviles|libros|gaming|tecnología|oficina,7979.0,2021-07-29
USR00126,Daniela Aguilar,daniela.aguilar355@gmail.com,2001-04-24,false,cocina|viajes|hogar,9223.85,2019-03-06
USR00127,Daniela Díaz,daniela.diaz69@outlook.com,1991-10-26,true,oficina|moda,3671.01,2019-07-01
USR00128,Andrea Medina,andrea.medina240@yahoo.com,1975-07-04,false,moda|libros|automóviles,8662.12,2022-08-06
USR00129,Daniela Jiménez,daniela.jimenez898@yahoo.com,1977-05-06,true,automóviles|gaming|jardín,8350.77,2025-08-20
USR00130,Silvia Rivera,silvia.rivera642@icloud.com,1979-04-20,false,belleza|mascotas|moda|arte|cine,6123.89,2022-05-13
USR00131,Pablo Rivera,pablo.rivera773@gmail.com,1990-03-25,false,gaming|oficina|fotografía|libros|electrónica,14516.79,2025-04-01
USR00132,Lorena Ramírez,lorena.ramirez398@proton.me,1968-07-19,false,cocina|viajes|fitness,12707.0,2020-01-14
USR00133,Iván Gómez,ivan.gomez53@icloud.com,1997-06-29,false,cine|moda|deportes|viajes,7190.91,2022-09-25
USR00134,Gabriela García,gabriela.garcia217@proton.me,1992-02-11,false,hogar|mascotas|gaming,5949.48,2021-09-07
USR00135,Verónica Mendoza,veronica.mendoza795@yahoo.com,1976-09-25,false,cine|electrónica|belleza|arte,7692.25,2024-07-29
USR00136,Patricia Pérez,patricia.perez823@gmail.com,1990-03-27,false,fitness|viajes|arte|oficina|jardín,11118.79,2019-03-08
USR00137,Fernando Muñoz,fernando.muñoz958@outlook.com,1990-07-24,false,fotografía|libros|viajes|fitness|gaming,7489.52,2022-10-14
USR00138,Fernando Vega,fernando.vega990@proton.me,1989-07-08,false,electrónica|música|arte|juguetes|libros,2760.72,2025-01-29
USR00139,Luz Martínez,luz.martinez537@gmail.com,1983-07-02,false,deportes|moda,12638.17,2021-08-05
USR00140,Luis Figueroa,luis.figueroa155@outlook.com,1981-09-28,true,viajes|automóviles,9267.53,2025-11-30
USR00141,Héctor Ibáñez,hector.ibañez500@icloud.com,1983-06-15,true,tecnología|belleza,250.89,2022-01-30
USR00142,Iván Vargas,ivan.vargas18@hotmail.com,1973-08-11,false,música|hogar|juguetes|automóviles|libros,12228.22,2021-12-30
USR00143,Andrea Hernández,andrea.hernandez383@proton.me,2002-02-22,true,electrónica|juguetes|gaming|belleza|fotografía,9806.04,2019-05-10
USR00144,Laura Romero,laura.romero389@gmail.com,1987-06-04,false,belleza|mascotas|moda|tecnología|música,9673.61,2022-09-18
USR00145,Arturo Pérez,arturo.perez917@proton.me,1990-06-05,false,gaming|viajes,4066.43,2019-11-01
USR00146,Beatriz Reyes,beatriz.reyes921@gmail.com,1974-04-18,false,música|fitness,11283.82,2023-06-20
USR00147,Luis Jiménez,luis.jimenez167@yahoo.com,1982-03-21,false,juguetes|cine|belleza,11857.47,2019-11-18
USR00148,Mauricio Álvarez,mauricio.alvarez55@gmail.com,1980-04-12,false,jardín|gaming,14533.81,2022-08-29
USR00149,María Paredes,maria.paredes280@hotmail.com,1995-06-29,false,mascotas|gaming|arte|cine|jardín,1285.41,2025-12-08
USR00150,Ricardo Morales,ricardo.morales731@hotmail.com,1982-01-17,false,deportes|cocina,11094.83,2022-07-21
USR00151,Monica Pérez,monica.perez94@yahoo.com,1999-02-25,false,fotografía|electrónica,1533.47,2019-12-24
USR00152,Isabella Gutiérrez,isabella.gutierrez460@icloud.com,1991-10-30,false,hogar|tecnología|deportes|arte|belleza,12955.77,2019-02-20
USR00153,Ricardo Navarro,ricardo.navarro398@icloud.com,1988-05-17,false,belleza|gaming,10279.74,2020-11-25
USR00154,Diego Reyes,diego.reyes309@outlook.com,1977-05-19,false,mascotas|libros|deportes|música,4496.28,2019-11-12
USR00155,Monica Ortiz,monica.ortiz967@gmail.com,1971-01-29,false,mascotas|viajes|electrónica,101.51,2023-06-09
USR00156,Natalia Campos,natalia.campos390@yahoo.com,1979-05-21,false,electrónica|fitness|jardín|libros,7185.15,2020-12-28
USR00157,Andrea Mendoza,andrea.mendoza299@outlook.com,1981-05-17,true,juguetes|gaming|fitness|cine|cocina,13981.01,2021-03-29
USR00158,Fernanda Herrera,fernanda.herrera185@outlook.com,2000-10-13,false,electrónica|viajes,12469.23,2019-10-11
USR00159,Javier Rojas,javier.rojas512@proton.me,1971-12-01,false,fotografía|gaming|cocina,11836.15,2019-10-30
USR00160,Eduardo Núñez,eduardo.nuñez491@proton.me,2001-06-09,true,belleza|automóviles|jardín|moda|arte,1640.54,2021-10-13
USR00161,Ernesto Ibáñez,ernesto.ibañez364@yahoo.com,2000-09-19,false,oficina|moda|cine,1589.17,2020-02-08
USR00162,Fernando Cruz,fernando.cruz523@outlook.com,1999-08-25,false,electrónica|arte|cine,5174.51,2019-04-11
USR00163,Héctor Pérez,hector.perez303@yahoo.com,1985-06-05,false,deportes|hogar|libros|arte|fotografía,7816.72,2022-11-27
USR00164,Héctor Pérez,hector.perez449@gmail.com,2003-02-03,false,fitness|deportes|fotografía|moda|hogar,9719.55,2020-11-04
USR00165,Silvia Morales,silvia.morales529@icloud.com,1984-02-16,false,belleza|música|fitness,3477.83,2023-07-18
USR00166,Octavio Rivera,octavio.rivera191@outlook.com,1965-03-14,false,cine|tecnología|viajes|electrónica|jardín,3086.77,2019-09-14
USR00167,Arturo Pérez,arturo.perez819@outlook.com,1970-02-11,false,arte|fitness|viajes,10060.52,2024-06-27
USR00168,Lorena Paredes,lorena.paredes321@outlook.com,1992-09-10,false,oficina|cine|hogar|arte|automóviles,12206.07,2022-05-03
USR00169,Mariana Guerrero,mariana.guerrero87@yahoo.com,1970-04-01,false,fitness|hogar|gaming,5599.59,2020-08-02
USR00170,Mauricio Moreno,mauricio.moreno429@hotmail.com,1986-10-31,false,juguetes|cine|jardín,8323.69,2024-06-28
USR00171,Ricardo Ramírez,ricardo.ramirez192@outlook.com,1971-02-15,false,electrónica|moda|arte|tecnología,12228.24,2025-04-19
USR00172,Mauricio Salinas,mauricio.salinas507@gmail.com,1990-05-13,true,mascotas|jardín|electrónica|oficina|música,11938.21,2021-06-22
USR00173,Ricardo López,ricardo.lopez282@outlook.com,1990-05-17,false,belleza|fotografía|música,8245.89,2020-04-08
USR00174,Arturo Sánchez,arturo.sanchez275@outlook.com,1969-08-05,false,belleza|moda|electrónica|viajes,4465.63,2019-05-13
USR00175,Eduardo Ortiz,eduardo.ortiz357@hotmail.com,1974-06-01,false,electrónica|hogar,12915.73,2025-11-04
USR00176,Octavio Gutiérrez,octavio.gutierrez170@icloud.com,1980-09-26,false,viajes|oficina|moda,8952.87,2020-11-20
USR00177,Alejandro Figueroa,alejandro.figueroa300@hotmail.com,1998-08-25,false,juguetes|cocina|automóviles|hogar,13781.53,2022-02-09
USR00178,Luz Ramírez,luz.ramirez719@hotmail.com,1999-02-27,false,gaming|libros|fitness,7341.88,2025-06-23
USR00179,Octavio Reyes,octavio.reyes643@icloud.com,1998-08-20,false,cine|electrónica|deportes|belleza|oficina,10420.55,2023-02-20
USR00180,Patricia Vega,patricia.vega336@proton.me,1994-10-17,false,deportes|electrónica,12751.59,2024-12-29
USR00181,Andrea Díaz,andrea.diaz992@yahoo.com,1989-07-21,false,viajes|mascotas|cocina|fitness|fotografía,8492.13,2024-06-10
USR00182,Natalia Rojas,natalia.rojas781@proton.me,2000-03-01,false,moda|hogar,244.22,2020-10-09
USR00183,Eduardo Aguilar,eduardo.aguilar1@gmail.com,1994-05-13,false,viajes|libros|fotografía|música|cocina,3755.84,2023-03-04
USR00184,Ernesto Salinas,ernesto.salinas170@proton.me,1996-05-17,false,cine|fotografía,6438.46,2020-01-09
USR00185,Carmen Pérez,carmen.perez2@icloud.com,1975-02-23,false,mascotas|deportes|libros,139.3,2022-11-08
USR00186,Sofía Gutiérrez,sofia.gutierrez711@outlook.com,1969-01-03,true,mascotas|deportes|gaming,1548.02,2023-02-14
USR00187,Gabriela Ramírez,gabriela.ramirez392@icloud.com,1965-05-19,false,libros|deportes|automóviles,6601.49,2021-05-22
USR00188,Octavio Torres,octavio.torres942@hotmail.com,1998-10-03,true,oficina|electrónica|viajes|deportes|hogar,8843.61,2023-04-22
USR00189,Sergio Gutiérrez,sergio.gutierrez323@hotmail.com,1989-10-28,false,gaming|cocina|deportes,11684.54,2019-04-20
USR00190,Ernesto Jiménez,ernesto.jimenez211@hotmail.com,1987-03-15,false,cine|fotografía|moda,1691.15,2024-08-08
USR00191,Octavio Núñez,octavio.nuñez73@hotmail.com,1982-05-09,false,arte|fitness,5481.19,2020-12-08
USR00192,César Castro,cesar.castro978@gmail.com,1965-08-14,false,tecnología|juguetes,3236.14,2019-09-05
USR00193,Andrea Ríos,andrea.rios294@gmail.com,1978-11-26,true,jardín|cine|deportes|libros|cocina,7669.57,2021-04-12
USR00194,Valentina Herrera,valentina.herrera335@gmail.com,1975-12-20,true,juguetes|deportes|fotografía|jardín|gaming,13869.42,2020-04-20
USR00195,Patricia Campos,patricia.campos624@gmail.com,1965-07-27,false,fotografía|música,10522.49,2020-11-02
USR00196,Sandra Álvarez,sandra.alvarez536@proton.me,1970-04-19,true,música|arte|libros|cocina,5025.17,2023-10-25
USR00197,Paula Fuentes,paula.fuentes66@icloud.com,1981-02-26,true,juguetes|deportes|mascotas|electrónica,7494.15,2025-05-10
USR00198,Andrés Castillo,andres.castillo162@proton.me,1987-10-29,true,hogar|juguetes|oficina|gaming,660.57,2019-02-20
USR00199,Daniela López,daniela.lopez484@icloud.com,2001-01-10,false,cine|libros|música|moda,3367.73,2021-10-13
USR00200,Javier Mendoza,javier.mendoza278@gmail.com,1987-07-10,true,juguetes|arte,2690.17,2024-10-13
USR00201,José Romero,jose.romero71@gmail.com,1981-07-20,false,fotografía|oficina|fitness|deportes|electrónica,4373.93,2022-05-29
USR00202,Silvia Campos,silvia.campos249@hotmail.com,1965-04-15,false,arte|juguetes|mascotas|viajes|gaming,358.65,2025-01-27
USR00203,Sergio Paredes,sergio.paredes860@proton.me,1981-11-17,false,fitness|tecnología,1559.24,2024-12-10
USR00204,Daniela Navarro,daniela.navarro504@gmail.com,1966-12-21,false,libros|cocina,13459.31,2024-10-29
USR00205,Javier Espinoza,javier.espinoza918@hotmail.com,1993-08-02,false,electrónica|deportes|hogar|automóviles,1122.46,2025-05-14
USR00206,Ana Gutiérrez,ana.gutierrez679@yahoo.com,2000-12-03,false,gaming|fotografía|cocina,10510.88,2022-08-29
USR00207,Alejandro Medina,alejandro.medina279@icloud.com,1969-11-21,false,deportes|viajes|libros,1584.87,2024-01-16
USR00208,Patricia Mendoza,patricia.mendoza417@hotmail.com,1985-04-10,false,belleza|arte,6950.2,2020-05-06
USR00209,Laura Flores,laura.flores827@hotmail.com,1969-02-03,false,oficina|moda|viajes|fitness,14526.0,2023-06-12
USR00210,Mauricio Martínez,mauricio.martinez694@outlook.com,1989-12-09,false,cocina|música|tecnología|cine,1420.88,2020-02-22
USR00211,Diego Sánchez,diego.sanchez13@hotmail.com,2001-12-13,false,gaming|libros,5583.6,2019-12-11
USR00212,Fernanda Guerrero,fernanda.guerrero266@hotmail.com,1993-12-23,false,tecnología|deportes,12139.48,2020-01-12
USR00213,Natalia Sánchez,natalia.sanchez44@gmail.com,1982-03-03,false,moda|música|jardín|cine|mascotas,2592.11,2021-05-29
USR00214,Isabella Reyes,isabella.reyes287@outlook.com,1989-09-14,false,libros|moda|gaming|fotografía|mascotas,914.69,2022-02-19
USR00215,Pablo Ramírez,pablo.ramirez430@gmail.com,1982-02-27,false,automóviles|gaming|belleza,7195.27,2024-06-08
USR00216,Sergio Delgado,sergio.delgado515@yahoo.com,1991-10-15,false,cine|cocina|música|tecnología,439.55,2022-02-24
USR00217,Ana Castro,ana.castro543@hotmail.com,1994-06-20,false,juguetes|gaming|música|hogar,3997.91,2019-08-18
USR00218,César Cruz,cesar.cruz590@proton.me,1996-04-17,false,arte|música|juguetes|gaming|fitness,13709.7,2019-04-26
USR00219,Carmen Espinoza,carmen.espinoza361@icloud.com,1978-11-12,false,juguetes|viajes|mascotas,7356.55,2020-01-05
USR00220,Ana Cruz,ana.cruz617@gmail.com,1979-11-19,false,tecnología|automóviles|mascotas,12096.68,2022-10-27
USR00221,Carmen Rivera,carmen.rivera941@gmail.com,2002-12-21,false,moda|tecnología|libros|belleza,14408.38,2023-03-11
USR00222,Carmen Ibáñez,carmen.ibañez406@yahoo.com,1971-02-14,false,fitness|fotografía,10985.28,2023-11-25
USR00223,Octavio Vega,octavio.vega665@proton.me,1991-06-03,false,música|belleza|arte|gaming,5675.76,2022-04-21
USR00224,Diego Rivera,diego.rivera747@icloud.com,1966-06-15,false,juguetes|cine,9035.83,2025-11-09
USR00225,Roberto Paredes,roberto.paredes580@yahoo.com,1998-06-08,true,mascotas|libros,3569.94,2022-08-01
USR00226,Andrés Paredes,andres.paredes907@gmail.com,1976-11-24,false,fitness|electrónica,3743.11,2019-10-05
USR00227,Sergio Ortiz,sergio.ortiz806@outlook.com,1984-08-28,false,tecnología|moda,14536.53,2023-08-23
USR00228,Sandra Moreno,sandra.moreno360@gmail.com,2000-11-07,true,hogar|mascotas|gaming|música|electrónica,4423.63,2022-07-29
USR00229,Fernando Pérez,fernando.perez76@icloud.com,1969-03-06,false,música|cine|oficina|deportes,8910.46,2025-11-18
USR00230,Héctor Figueroa,hector.figueroa32@yahoo.com,1974-03-22,false,música|jardín|oficina|moda|hogar,6139.2,2025-03-19
USR00231,Raúl Herrera,raul.herrera272@outlook.com,1990-08-25,false,fotografía|gaming|hogar|moda,2303.85,2023-01-17
USR00232,Carlos Gutiérrez,carlos.gutierrez90@gmail.com,1974-04-14,false,oficina|mascotas|viajes|hogar,9572.86,2019-12-02
USR00233,Héctor Sánchez,hector.sanchez316@hotmail.com,1981-08-23,false,mascotas|oficina|cocina|deportes|cine,5541.02,2023-12-31
USR00234,José Ortiz,jose.ortiz451@proton.me,1994-12-10,true,cocina|gaming|oficina|moda|libros,1285.61,2022-11-09
USR00235,Iván Navarro,ivan.navarro995@icloud.com,1983-10-12,false,belleza|moda|cine,8590.71,2021-08-23
USR00236,Héctor Jiménez,hector.jimenez81@outlook.com,1972-10-03,false,moda|automóviles|juguetes|libros|hogar,14582.47,2021-02-28
USR00237,Diego López,diego.lopez434@proton.me,1971-08-20,false,jardín|viajes,4796.24,2019-10-02
USR00238,Laura Moreno,laura.moreno570@gmail.com,2000-04-13,false,belleza|fitness|cocina|automóviles|electrónica,1687.78,2020-09-04
USR00239,Valentina Delgado,valentina.delgado603@gmail.com,2000-03-31,false,hogar|juguetes,13012.13,2022-11-09
USR00240,Javier Ortiz,javier.ortiz393@outlook.com,1971-06-15,false,juguetes|mascotas|moda|música|cocina,581.74,2022-09-19
USR00241,Hugo Morales,hugo.morales51@yahoo.com,1977-07-30,false,cocina|arte|tecnología|fitness|fotografía,12873.52,2020-02-07
USR00242,Roberto Ramírez,roberto.ramirez308@outlook.com,1974-06-26,false,fitness|cocina|jardín|deportes|viajes,11114.17,2024-10-16
USR00243,Monica Martínez,monica.martinez528@outlook.com,1971-02-01,true,deportes|fotografía|automóviles,2606.06,2021-04-02
USR00244,Ana Morales,ana.morales34@outlook.com,1987-08-29,false,moda|arte|viajes|cocina|juguetes,9531.15,2020-05-22
USR00245,Beatriz Rodríguez,beatriz.rodriguez248@icloud.com,1989-09-25,false,mascotas|electrónica|música|oficina,5163.74,2021-11-25
USR00246,Silvia Espinoza,silvia.espinoza93@icloud.com,1999-12-25,false,tecnología|cine|moda|música,12856.67,2021-07-11
USR00247,Beatriz Díaz,beatriz.diaz276@proton.me,1972-10-08,true,automóviles|tecnología|juguetes|mascotas|libros,3356.55,2025-10-27
USR00248,Gabriela Figueroa,gabriela.figueroa991@yahoo.com,1974-10-16,false,jardín|cine|arte|electrónica,4532.18,2024-11-02
USR00249,Mariana Romero,mariana.romero599@proton.me,2002-10-30,false,tecnología|automóviles,8421.86,2025-08-29
USR00250,Rafael Vargas,rafael.vargas306@yahoo.com,1977-05-27,false,mascotas|deportes,12922.37,2021-12-05
USR00251,Luz Figueroa,luz.figueroa976@gmail.com,2001-02-17,false,viajes|libros|automóviles|gaming,9907.95,2020-07-27
USR00252,Raúl Rodríguez,raul.rodriguez672@proton.me,1966-08-02,false,fotografía|cocina|jardín|cine|automóviles,5147.51,2021-06-29
USR00253,Beatriz Herrera,beatriz.herrera654@yahoo.com,1969-05-19,false,arte|automóviles|fotografía|música|juguetes,1919.16,2021-11-25
USR00254,Raúl Muñoz,raul.muñoz782@yahoo.com,1975-01-08,false,fitness|deportes|gaming,6307.09,2022-09-19
USR00255,Monica Ortiz,monica.ortiz600@proton.me,1991-03-07,true,electrónica|hogar|mascotas|moda,7083.3,2021-03-07
USR00256,Mauricio Sánchez,mauricio.sanchez889@hotmail.com,1973-12-26,false,automóviles|fotografía|jardín|moda|libros,6137.88,2025-05-21
USR00257,Patricia Torres,patricia.torres324@proton.me,1972-12-07,false,deportes|mascotas|fitness,9517.48,2019-01-20
USR00258,Eduardo Reyes,eduardo.reyes215@gmail.com,1970-10-22,false,juguetes|música|mascotas,9502.31,2023-07-11
USR00259,Claudia Castro,claudia.castro393@hotmail.com,1997-10-11,false,moda|belleza,14251.03,2022-08-12
USR00260,César Fuentes,cesar.fuentes196@hotmail.com,1996-02-10,false,tecnología|gaming,4681.38,2020-02-25
USR00261,Pablo Ríos,pablo.rios603@yahoo.com,1985-06-14,false,música|deportes|moda|fotografía,6504.98,2020-07-02
USR00262,Natalia Vega,natalia.vega368@hotmail.com,1975-01-24,false,música|cine|tecnología,3167.85,2019-03-31
USR00263,Fernanda Ríos,fernanda.rios174@outlook.com,1993-09-22,false,arte|moda,11568.74,2025-12-27
USR00264,Ana Núñez,ana.nuñez50@proton.me,1970-03-13,false,tecnología|moda,6664.71,2020-05-21
USR00265,Verónica Ortiz,veronica.ortiz486@outlook.com,1994-09-06,true,viajes|tecnología|fotografía,9937.24,2022-01-10
USR00266,Mariana Núñez,mariana.nuñez718@proton.me,1992-09-16,true,jardín|hogar|automóviles,4240.6,2020-03-11
USR00267,Sandra Gómez,sandra.gomez624@yahoo.com,1996-07-22,false,cocina|automóviles|viajes,4430.27,2019-06-11
USR00268,Verónica Vega,veronica.vega933@gmail.com,1965-07-28,true,mascotas|fitness|gaming,13603.2,2025-06-09
USR00269,Ernesto Vega,ernesto.vega153@proton.me,1997-06-17,true,automóviles|deportes,13571.69,2021-08-04
USR00270,Patricia Vargas,patricia.vargas271@yahoo.com,2000-12-16,false,moda|hogar|música|oficina|fotografía,6389.93,2020-04-19
USR00271,Miguel López,miguel.lopez10@outlook.com,1992-11-22,false,música|fitness|arte,13177.13,2020-01-16
USR00272,Monica Ruiz,monica.ruiz188@outlook.com,1977-03-12,false,cine|oficina,10348.54,2024-05-12
USR00273,Javier Salinas,javier.salinas908@hotmail.com,1969-08-27,false,hogar|libros|moda,13668.4,2024-05-31
USR00274,Arturo Rojas,arturo.rojas449@icloud.com,1966-04-18,false,oficina|cine|arte,7246.19,2024-06-22
USR00275,Sofía Navarro,sofia.navarro452@proton.me,1979-02-05,true,deportes|cocina,10568.52,2024-11-19
USR00276,Adriana Delgado,adriana.delgado742@proton.me,1996-06-05,true,fitness|automóviles|juguetes,6492.72,2021-10-15
USR00277,Héctor Álvarez,hector.alvarez680@icloud.com,2003-01-29,false,libros|belleza|moda|tecnología|música,12778.07,2020-11-08
USR00278,Luis Vega,luis.vega329@icloud.com,1974-12-28,false,fitness|cocina|moda,6049.15,2021-08-20
USR00279,Laura Aguilar,laura.aguilar455@outlook.com,1998-06-06,true,deportes|mascotas|electrónica|fitness|hogar,1539.65,2023-08-16
USR00280,José Muñoz,jose.muñoz563@icloud.com,1990-03-24,false,deportes|fotografía,9818.94,2024-02-12
USR00281,Natalia Castillo,natalia.castillo846@yahoo.com,1990-02-16,false,gaming|electrónica,10749.87,2023-01-28
USR00282,Carmen Medina,carmen.medina117@yahoo.com,1980-12-06,false,gaming|tecnología,8215.36,2023-03-12
USR00283,Hugo Pérez,hugo.perez47@gmail.com,1976-05-29,false,mascotas|libros|jardín,2813.15,2023-05-29
USR00284,Camila Aguilar,camila.aguilar845@gmail.com,1993-05-29,true,fitness|hogar|jardín,11582.18,2024-01-20
USR00285,Patricia Ibáñez,patricia.ibañez604@proton.me,1967-03-07,false,mascotas|tecnología|automóviles,12582.24,2024-06-01
USR00286,Mauricio Rivera,mauricio.rivera709@proton.me,1991-12-10,false,libros|hogar|cine,7561.65,2023-04-25
USR00287,Javier Núñez,javier.nuñez938@yahoo.com,1985-04-25,false,cocina|cine|fitness,2072.7,2025-10-03
USR00288,Hugo Ríos,hugo.rios307@icloud.com,1997-01-17,false,belleza|viajes|juguetes|oficina,10299.17,2020-06-27
USR00289,Carmen Salinas,carmen.salinas999@proton.me,1970-03-06,false,automóviles|belleza|fitness,8434.2,2025-07-15
USR00290,Arturo Ibáñez,arturo.ibañez728@gmail.com,1982-02-01,false,belleza|fotografía|jardín|tecnología|hogar,795.97,2019-08-20
USR00291,Jorge Reyes,jorge.reyes769@gmail.com,1995-12-24,false,fotografía|cocina|libros,3060.01,2025-01-25
USR00292,José Álvarez,jose.alvarez834@icloud.com,2000-03-08,false,hogar|belleza|gaming|cine|juguetes,10394.04,2019-07-12
USR00293,Pablo Moreno,pablo.moreno427@hotmail.com,1992-11-02,false,belleza|moda|tecnología|cocina,12449.75,2023-02-15
USR00294,César Guerrero,cesar.guerrero560@hotmail.com,1995-08-16,true,viajes|fotografía|electrónica,2804.65,2020-12-12
USR00295,Silvia Ríos,silvia.rios123@hotmail.com,1991-03-14,false,moda|jardín|cocina|belleza|libros,84.68,2024-03-25
USR00296,Carmen Torres,carmen.torres41@outlook.com,2000-06-07,false,fitness|moda|fotografía,1093.21,2022-07-25
USR00297,Lorena Cruz,lorena.cruz980@hotmail.com,1983-08-29,false,automóviles|deportes|oficina,1379.18,2021-06-25
USR00298,Camila Ibáñez,camila.ibañez340@outlook.com,1990-03-07,true,arte|fotografía|viajes|automóviles,1720.83,2022-11-18
USR00299,Eduardo Morales,eduardo.morales927@gmail.com,1982-04-24,false,moda|fitness|cine,8103.56,2022-03-04
USR00300,María Fuentes,maria.fuentes842@gmail.com,1978-04-19,false,automóviles|oficina|electrónica|mascotas,4804.69,2019-12-04
USR00301,Miguel Flores,miguel.flores995@proton.me,1993-03-28,false,deportes|viajes,12974.26,2023-10-04
USR00302,Miguel Díaz,miguel.diaz551@gmail.com,1968-12-04,true,deportes|libros|tecnología|electrónica|fitness,814.02,2021-10-28
USR00303,Verónica González,veronica.gonzalez589@outlook.com,1993-04-09,false,cocina|jardín|cine,6495.38,2019-03-11
USR00304,Pablo Rojas,pablo.rojas122@proton.me,1991-04-09,true,oficina|deportes,10513.23,2019-10-25
USR00305,Sergio Ríos,sergio.rios109@outlook.com,1982-09-22,true,fotografía|deportes|oficina|electrónica,7109.82,2024-12-25
USR00306,Roberto Ramírez,roberto.ramirez765@gmail.com,1989-10-30,false,belleza|fotografía|libros|juguetes|arte,1848.53,2019-01-21
USR00307,Arturo Núñez,arturo.nuñez404@proton.me,1998-04-05,false,fotografía|viajes,3176.05,2024-09-30
USR00308,Valentina Flores,valentina.flores189@gmail.com,1973-02-19,true,oficina|cocina|viajes,12770.82,2025-02-26
USR00309,Patricia Salinas,patricia.salinas563@yahoo.com,1969-05-28,false,fotografía|deportes,10883.84,2024-06-18
USR00310,Natalia Álvarez,natalia.alvarez132@hotmail.com,1979-04-04,false,hogar|fotografía|deportes,6759.69,2025-11-29
USR00311,Ernesto Jiménez,ernesto.jimenez711@yahoo.com,1984-03-19,false,juguetes|oficina|arte,72.48,2021-10-05
USR00312,Roberto Figueroa,roberto.figueroa758@outlook.com,1984-12-23,false,cocina|arte|libros|fitness|mascotas,11621.5,2024-06-17
USR00313,Verónica Pérez,veronica.perez180@icloud.com,1973-10-24,false,cocina|libros,11003.17,2019-11-10
USR00314,Raúl González,raul.gonzalez914@icloud.com,1990-12-20,false,automóviles|tecnología,11538.0,2021-05-21
USR00315,José Muñoz,jose.muñoz267@hotmail.com,1985-11-05,true,libros|arte|cine|gaming|fotografía,5951.78,2024-08-18
USR00316,Carlos Ibáñez,carlos.ibañez245@hotmail.com,1973-01-14,false,automóviles|libros|electrónica,11038.8,2024-06-03
USR00317,Sergio López,sergio.lopez225@gmail.com,1994-12-29,false,gaming|deportes|cocina|arte|oficina,7768.28,2023-01-19
USR00318,Pablo Castro,pablo.castro940@proton.me,1976-10-24,false,moda|oficina|fitness|hogar|cocina,5649.89,2023-03-31
USR00319,Monica Guerrero,monica.guerrero670@outlook.com,1974-12-31,false,automóviles|cocina,5293.47,2022-11-14
USR00320,Sandra Castro,sandra.castro909@outlook.com,1972-06-06,false,automóviles|libros,1156.32,2022-02-24
USR00321,Camila Torres,camila.torres192@outlook.com,2001-05-22,false,arte|hogar|gaming,10803.83,2024-05-26
USR00322,Beatriz Castro,beatriz.castro491@gmail.com,1975-12-07,true,juguetes|música|jardín,1918.28,2025-08-23
USR00323,Andrés Ramírez,andres.ramirez645@gmail.com,1972-06-18,false,juguetes|libros,13836.7,2024-10-17
USR00324,Andrea Núñez,andrea.nuñez993@hotmail.com,1985-02-24,false,fotografía|deportes,13009.54,2020-11-29
USR00325,Roberto Navarro,roberto.navarro616@yahoo.com,1972-07-10,false,juguetes|música|automóviles,13835.28,2025-09-09
USR00326,Fernanda González,fernanda.gonzalez236@icloud.com,2003-07-24,false,cine|libros|hogar|tecnología|viajes,12397.71,2025-10-16
USR00327,Miguel Rivera,miguel.rivera488@gmail.com,1969-03-07,false,belleza|automóviles,9890.89,2025-10-07
USR00328,Iván García,ivan.garcia919@hotmail.com,2000-12-27,false,automóviles|jardín|arte|moda|juguetes,11843.33,2023-04-11
USR00329,Sergio Guerrero,sergio.guerrero824@yahoo.com,1986-05-28,false,jardín|libros,13651.28,2019-12-10
USR00330,Ricardo Núñez,ricardo.nuñez898@icloud.com,1965-04-28,false,cocina|viajes|tecnología|belleza|hogar,9818.19,2022-07-17
USR00331,Javier Castillo,javier.castillo110@yahoo.com,2003-05-09,false,jardín|juguetes|cocina,8470.05,2025-11-11
USR00332,Paula Rojas,paula.rojas407@outlook.com,1973-01-07,false,jardín|belleza|juguetes,8386.41,2024-06-04
USR00333,Fernando Jiménez,fernando.jimenez592@outlook.com,2000-02-17,false,cine|libros|hogar|gaming,1504.18,2024-09-13
USR00334,Andrea Ruiz,andrea.ruiz821@proton.me,1965-03-28,true,música|cine,12348.83,2024-04-15
USR00335,Rafael Gutiérrez,rafael.gutierrez91@yahoo.com,1968-08-04,true,cocina|gaming,10867.42,2023-06-30
USR00336,Mariana Salinas,mariana.salinas534@outlook.com,1965-06-25,false,oficina|moda|música|mascotas,12758.51,2024-10-23
USR00337,Ricardo Gómez,ricardo.gomez35@yahoo.com,1975-09-25,true,oficina|música|moda,14634.69,2019-12-22
USR00338,Paula Romero,paula.romero362@proton.me,1996-07-25,true,cine|juguetes|viajes|automóviles|tecnología,13787.66,2025-03-01
USR00339,Ricardo Muñoz,ricardo.muñoz937@outlook.com,1983-02-14,true,arte|cocina|gaming|viajes,3916.61,2023-07-26
USR00340,Mauricio Pérez,mauricio.perez573@yahoo.com,1970-04-02,false,automóviles|fotografía,13141.7,2025-06-12
USR00341,Fernando Espinoza,fernando.espinoza454@proton.me,1985-09-01,true,juguetes|mascotas|gaming|fitness|electrónica,7229.55,2021-11-22
USR00342,Luis Moreno,luis.moreno649@yahoo.com,1988-03-03,true,gaming|fitness|jardín,10512.28,2021-12-14
USR00343,Daniela Vargas,daniela.vargas96@yahoo.com,1980-11-10,false,fitness|deportes|belleza|música|mascotas,13414.74,2022-01-07
USR00344,Isabella Rojas,isabella.rojas953@proton.me,1975-11-10,false,mascotas|viajes|gaming,3101.68,2021-04-10
USR00345,Daniela Campos,daniela.campos365@proton.me,1994-10-05,false,hogar|oficina|deportes,9207.4,2025-01-26
USR00346,José Castro,jose.castro381@hotmail.com,1999-04-14,false,mascotas|juguetes|cocina|oficina,5968.19,2025-06-20
USR00347,Diego Martínez,diego.martinez539@outlook.com,2003-08-06,false,mascotas|belleza|moda|automóviles|arte,6857.94,2020-05-08
USR00348,Hugo Fuentes,hugo.fuentes472@icloud.com,1969-07-09,false,tecnología|oficina|viajes|cine,5424.03,2021-11-29
USR00349,Isabella Muñoz,isabella.muñoz270@yahoo.com,1973-04-02,false,cocina|mascotas|fitness,6359.14,2023-09-13
USR00350,Hugo Castillo,hugo.castillo374@gmail.com,1997-05-02,false,cocina|electrónica|música|libros|gaming,12061.31,2025-03-24
USR00351,Claudia Moreno,claudia.moreno201@hotmail.com,1983-11-29,false,libros|mascotas|tecnología,2017.08,2024-10-18
USR00352,Iván Mendoza,ivan.mendoza805@gmail.com,1995-12-23,false,fotografía|cocina|belleza|moda|cine,900.55,2021-11-07
USR00353,Héctor Paredes,hector.paredes99@yahoo.com,1965-11-21,false,fitness|cocina|arte|belleza|juguetes,1818.56,2025-10-16
USR00354,Jorge Delgado,jorge.delgado590@proton.me,1987-11-25,false,fotografía|arte|fitness,11621.17,2024-01-05
USR00355,Laura Moreno,laura.moreno629@outlook.com,1993-04-26,false,electrónica|libros|música|fitness,12733.51,2019-10-20
USR00356,Laura Flores,laura.flores352@proton.me,1976-12-31,false,fitness|oficina|fotografía,4068.72,2023-12-28
USR00357,Adriana Castillo,adriana.castillo766@proton.me,1975-07-12,false,jardín|música|juguetes|tecnología|libros,14106.56,2019-11-24
USR00358,Camila Flores,camila.flores407@outlook.com,1989-08-08,true,hogar|deportes,395.47,2023-06-15
USR00359,Lorena Hernández,lorena.hernandez107@yahoo.com,1975-04-16,false,oficina|libros|deportes|cine,11063.9,2023-12-21
USR00360,Octavio Ramírez,octavio.ramirez135@yahoo.com,2003-10-08,false,tecnología|moda|arte,7007.9,2025-01-23
USR00361,Paula Muñoz,paula.muñoz456@proton.me,1998-08-06,false,belleza|música|electrónica,7851.9,2024-12-26
USR00362,Gabriela Álvarez,gabriela.alvarez494@yahoo.com,1983-06-29,false,deportes|electrónica|fotografía,2335.76,2019-02-13
USR00363,Carlos Fuentes,carlos.fuentes835@icloud.com,1965-05-17,false,arte|fotografía|mascotas,14204.36,2024-05-08
USR00364,Gabriela García,gabriela.garcia785@outlook.com,1990-02-23,false,fotografía|gaming|tecnología|arte|viajes,5921.28,2020-10-30
USR00365,Carmen Salinas,carmen.salinas400@icloud.com,1999-04-19,false,gaming|cocina|deportes|jardín|oficina,4270.15,2024-12-18
USR00366,Paula Navarro,paula.navarro193@yahoo.com,1969-12-14,false,música|libros,9265.94,2022-01-19
USR00367,Hugo Campos,hugo.campos504@gmail.com,1988-12-30,true,fitness|tecnología|libros,2789.06,2020-02-23
USR00368,Ricardo Reyes,ricardo.reyes129@outlook.com,1974-09-29,false,tecnología|gaming|deportes|libros|oficina,6303.65,2024-08-03
USR00369,Monica Aguilar,monica.aguilar714@hotmail.com,1967-07-08,false,fitness|deportes,11634.79,2019-10-20
USR00370,Iván Castro,ivan.castro186@gmail.com,1999-06-17,false,cocina|cine|tecnología,5771.97,2023-12-20
USR00371,Daniela López,daniela.lopez204@proton.me,1979-01-01,false,hogar|automóviles|viajes|mascotas|cine,2379.17,2019-06-22
USR00372,Silvia Muñoz,silvia.muñoz534@proton.me,1978-05-28,false,cocina|mascotas,5406.4,2019-08-02
USR00373,Ernesto Díaz,ernesto.diaz997@yahoo.com,1965-09-04,false,gaming|jardín,11915.86,2025-07-22
USR00374,Sofía Romero,sofia.romero809@proton.me,1991-09-30,false,tecnología|moda|mascotas,5570.98,2020-01-02
USR00375,Daniela Flores,daniela.flores512@proton.me,1967-09-11,true,oficina|fitness,5332.77,2020-09-22
USR00376,Hugo Herrera,hugo.herrera811@hotmail.com,1979-03-18,false,libros|mascotas,12082.88,2023-12-02
USR00377,Raúl Gómez,raul.gomez22@proton.me,1984-08-17,false,arte|libros|cocina|moda|mascotas,8141.01,2024-06-30
USR00378,Jorge Delgado,jorge.delgado192@gmail.com,1988-10-29,false,fitness|electrónica|cocina|música,6740.76,2021-12-14
USR00379,Iván Castillo,ivan.castillo465@proton.me,1973-04-28,true,automóviles|cine,9296.02,2023-01-31
USR00380,Adriana Campos,adriana.campos245@icloud.com,1995-08-25,false,deportes|belleza|cine|viajes,11486.01,2020-09-23
USR00381,Mariana Vargas,mariana.vargas331@gmail.com,2002-06-19,false,fitness|hogar|juguetes|automóviles|deportes,2679.58,2019-05-09
USR00382,Jorge Pérez,jorge.perez498@proton.me,1986-12-23,false,hogar|moda|cine,736.28,2021-06-23
USR00383,Rafael Figueroa,rafael.figueroa73@gmail.com,1985-12-30,true,viajes|mascotas,5413.89,2023-08-31
USR00384,Monica Figueroa,monica.figueroa60@gmail.com,1974-09-08,true,automóviles|moda|deportes|fotografía,1518.38,2021-08-04
USR00385,Iván Moreno,ivan.moreno195@icloud.com,1998-08-10,false,automóviles|gaming|música,11191.63,2025-06-19
USR00386,Sergio Rojas,sergio.rojas470@proton.me,1972-02-05,false,hogar|música|juguetes|cine|fitness,14002.8,2022-07-14
USR00387,Verónica Mendoza,veronica.mendoza866@icloud.com,1989-06-23,false,jardín|oficina|fitness|gaming,5625.95,2025-03-03
USR00388,Silvia Ortiz,silvia.ortiz369@icloud.com,1965-09-25,false,electrónica|cine|tecnología|moda|fotografía,14901.18,2022-05-21
USR00389,Carlos Jiménez,carlos.jimenez228@icloud.com,1987-12-08,false,fitness|tecnología|cocina,1414.31,2024-02-29
USR00390,Sergio Torres,sergio.torres142@yahoo.com,2001-05-20,false,arte|juguetes|gaming|belleza,1378.58,2023-06-26
USR00391,Arturo Díaz,arturo.diaz752@hotmail.com,1986-11-26,true,fitness|mascotas,8928.47,2022-05-15
USR00392,José Delgado,jose.delgado391@yahoo.com,2001-08-28,false,moda|fitness,6247.83,2020-05-08
USR00393,Adriana Cruz,adriana.cruz766@yahoo.com,1988-07-10,true,cine|moda,4789.75,2025-05-02
USR00394,Valentina Mendoza,valentina.mendoza515@outlook.com,1998-10-09,true,libros|moda|cine,3331.28,2022-04-01
USR00395,Andrea Torres,andrea.torres136@yahoo.com,1968-10-25,false,deportes|mascotas|moda|cine,7527.35,2020-06-18
USR00396,César Ramírez,cesar.ramirez493@icloud.com,1992-08-19,false,mascotas|cine|viajes,3634.73,2021-12-26
USR00397,Adriana Gutiérrez,adriana.gutierrez332@outlook.com,1981-05-21,false,hogar|jardín,2857.35,2022-11-12
USR00398,Rafael Salinas,rafael.salinas25@outlook.com,1967-01-06,false,música|arte|electrónica|libros,2995.28,2023-03-12
USR00399,Valentina Hernández,valentina.hernandez116@yahoo.com,1965-08-14,false,gaming|libros,10406.93,2020-03-31
USR00400,Gabriela Medina,gabriela.medina483@proton.me,1989-02-18,false,fitness|viajes,3057.02,2024-11-13
USR00401,César Ortiz,cesar.ortiz562@yahoo.com,1972-08-22,true,oficina|libros|tecnología|cine|moda,4260.2,2025-12-06
USR00402,Paula Martínez,paula.martinez477@proton.me,1977-03-04,false,deportes|cine,12964.23,2019-03-20
USR00403,Ricardo Salinas,ricardo.salinas396@yahoo.com,1986-09-28,true,cine|automóviles|hogar,2796.26,2024-08-12
USR00404,Patricia Muñoz,patricia.muñoz949@icloud.com,1978-09-05,false,moda|gaming,7348.99,2020-10-05
USR00405,María Álvarez,maria.alvarez701@yahoo.com,2001-06-03,true,arte|fotografía|gaming|automóviles,9386.89,2023-05-05
USR00406,María Muñoz,maria.muñoz972@proton.me,1971-02-27,true,gaming|libros|fitness|cine,10948.34,2024-11-02
USR00407,Beatriz Campos,beatriz.campos894@outlook.com,1979-01-06,false,jardín|gaming|libros,6737.54,2020-06-23
USR00408,Camila Salinas,camila.salinas142@hotmail.com,1984-04-17,false,libros|fotografía|automóviles,9843.48,2025-05-02
USR00409,Andrés Mendoza,andres.mendoza70@hotmail.com,1997-08-13,true,música|fitness,11481.53,2023-08-23
USR00410,Javier Jiménez,javier.jimenez454@hotmail.com,1966-03-06,false,libros|viajes|hogar|oficina,9084.07,2025-11-13
USR00411,Roberto Núñez,roberto.nuñez238@proton.me,1999-12-25,false,tecnología|arte|deportes,2011.3,2025-10-12
USR00412,Héctor Figueroa,hector.figueroa666@hotmail.com,1972-05-07,false,música|cine|mascotas|belleza,3394.1,2023-08-01
USR00413,César García,cesar.garcia948@gmail.com,1972-12-11,false,jardín|gaming|viajes|belleza,13006.94,2024-06-29
USR00414,Hugo Mendoza,hugo.mendoza888@proton.me,1979-01-14,false,gaming|jardín|cine|moda|belleza,9172.57,2025-05-31
USR00415,Rafael Herrera,rafael.herrera538@outlook.com,1985-06-30,true,automóviles|hogar,13166.7,2021-10-03
USR00416,Lorena Herrera,lorena.herrera406@icloud.com,1999-04-29,true,belleza|cine,2847.76,2023-12-06
USR00417,Andrea Jiménez,andrea.jimenez793@icloud.com,1967-06-13,false,electrónica|música|jardín|fotografía,6953.68,2024-01-25
USR00418,Laura Ríos,laura.rios116@outlook.com,1983-07-21,false,juguetes|belleza|libros,6763.29,2021-01-02
USR00419,Patricia Guerrero,patricia.guerrero919@yahoo.com,1996-01-12,false,electrónica|deportes|cocina,10775.62,2020-05-21
USR00420,Laura Sánchez,laura.sanchez724@outlook.com,1989-09-08,false,arte|deportes|automóviles|cine|música,658.59,2020-11-30
USR00421,Natalia Delgado,natalia.delgado893@proton.me,1967-04-21,false,música|libros|oficina,4620.93,2024-01-02
USR00422,Ricardo Paredes,ricardo.paredes186@gmail.com,1992-12-05,false,libros|viajes,183.12,2024-07-31
USR00423,Sandra Herrera,sandra.herrera827@hotmail.com,1974-09-24,false,oficina|mascotas,6806.08,2023-12-15
USR00424,Laura Núñez,laura.nuñez615@yahoo.com,1992-10-20,false,gaming|belleza,733.78,2020-08-30
USR00425,Ana Salinas,ana.salinas358@proton.me,1990-12-07,false,libros|moda,4966.67,2019-12-26
USR00426,Ana Pérez,ana.perez427@hotmail.com,1985-06-05,false,música|fotografía|belleza,13972.2,2020-01-17
USR00427,Adriana Jiménez,adriana.jimenez331@yahoo.com,1986-02-13,false,cine|deportes|jardín|juguetes,1830.35,2022-01-29
USR00428,Natalia Fuentes,natalia.fuentes424@icloud.com,1997-09-25,true,viajes|moda|hogar,7254.94,2025-10-13
USR00429,Carmen Vargas,carmen.vargas438@icloud.com,1990-03-29,false,cocina|automóviles|arte|libros,7795.59,2024-07-31
USR00430,Sandra Rivera,sandra.rivera905@gmail.com,1966-01-28,false,fotografía|viajes|tecnología,9381.91,2020-04-28
USR00431,Silvia Díaz,silvia.diaz819@gmail.com,1993-09-26,false,jardín|moda|fitness|arte|viajes,10350.26,2021-11-08
USR00432,Luis Jiménez,luis.jimenez308@outlook.com,1997-06-30,true,tecnología|hogar|fitness|belleza,12480.64,2021-03-05
USR00433,Natalia Ruiz,natalia.ruiz945@proton.me,1985-08-30,false,mascotas|moda|libros|oficina|belleza,6937.05,2023-08-23
USR00434,Silvia Martínez,silvia.martinez856@hotmail.com,1990-11-26,false,juguetes|fitness|belleza|tecnología,11993.03,2022-12-19
USR00435,Luis Torres,luis.torres288@proton.me,1988-12-19,false,fitness|cine,8564.72,2023-05-15
USR00436,Isabella Núñez,isabella.nuñez120@gmail.com,1987-04-19,false,fitness|moda|cocina|jardín,5573.75,2022-05-24
USR00437,Camila Fuentes,camila.fuentes310@hotmail.com,1969-02-26,false,hogar|arte|moda,7589.92,2024-05-30
USR00438,Mauricio Torres,mauricio.torres195@hotmail.com,1999-07-09,true,mascotas|automóviles|fotografía|fitness,12332.08,2024-10-15
USR00439,Beatriz Ramírez,beatriz.ramirez211@proton.me,2003-10-18,true,electrónica|cine,61.65,2019-06-30
USR00440,Beatriz Núñez,beatriz.nuñez893@gmail.com,1969-08-17,false,fitness|electrónica,337.2,2022-07-02
USR00441,Octavio Díaz,octavio.diaz329@icloud.com,1979-04-26,false,viajes|fotografía|cocina,10066.86,2022-01-21
USR00442,Valentina Flores,valentina.flores281@icloud.com,1969-08-05,false,tecnología|belleza,8137.93,2025-02-28
USR00443,Alejandro Reyes,alejandro.reyes145@yahoo.com,1992-07-05,false,juguetes|gaming|música|deportes,8108.66,2019-07-27
USR00444,Diego Rodríguez,diego.rodriguez483@gmail.com,1968-11-11,false,hogar|cine,5878.75,2025-09-07
USR00445,Fernanda Paredes,fernanda.paredes857@proton.me,1999-01-08,true,oficina|arte|fotografía|fitness|viajes,14605.23,2024-03-22
USR00446,Arturo Ramírez,arturo.ramirez96@hotmail.com,1975-01-15,false,hogar|electrónica|fotografía|juguetes|mascotas,12916.44,2025-12-01
USR00447,Fernando Castillo,fernando.castillo402@outlook.com,1966-05-11,true,fitness|oficina|electrónica,7130.02,2022-12-10
USR00448,Héctor Aguilar,hector.aguilar867@icloud.com,1969-08-14,false,fotografía|arte|libros,12263.29,2020-03-14
USR00449,Alejandro Muñoz,alejandro.muñoz666@outlook.com,1982-12-24,false,fotografía|belleza,3578.63,2021-09-25
USR00450,Verónica Flores,veronica.flores998@outlook.com,1990-06-12,false,cine|deportes|fitness|viajes|jardín,8167.9,2021-08-25
USR00451,Isabella Ibáñez,isabella.ibañez686@gmail.com,1991-07-26,false,juguetes|mascotas,4880.67,2020-02-04
USR00452,Eduardo Rivera,eduardo.rivera316@proton.me,1994-08-13,true,deportes|hogar|cine|fitness|mascotas,1358.0,2020-07-23
USR00453,Fernanda Paredes,fernanda.paredes830@outlook.com,1988-10-31,false,libros|oficina,5849.74,2025-06-25
USR00454,Eduardo Gómez,eduardo.gomez211@proton.me,1980-06-11,true,fotografía|juguetes|oficina|jardín,8740.9,2025-11-09
USR00455,Mauricio Romero,mauricio.romero868@icloud.com,1967-05-21,true,fotografía|moda|arte,10550.31,2023-01-11
USR00456,Sofía Vargas,sofia.vargas887@proton.me,1991-06-23,false,gaming|jardín,9378.21,2023-04-17
USR00457,Andrea Moreno,andrea.moreno446@hotmail.com,1989-12-01,false,música|mascotas|libros,12649.92,2023-01-15
USR00458,Javier Torres,javier.torres296@proton.me,1965-09-15,false,libros|tecnología|deportes,10820.09,2024-06-16
USR00459,Ernesto Gutiérrez,ernesto.gutierrez999@outlook.com,2000-05-22,false,deportes|libros|jardín,9348.73,2024-02-05
USR00460,Mauricio Gutiérrez,mauricio.gutierrez566@icloud.com,1965-05-02,false,cine|arte|gaming|música|jardín,12702.06,2021-08-27
USR00461,Carmen Ríos,carmen.rios276@icloud.com,1986-09-05,false,belleza|juguetes|arte|moda|automóviles,1697.47,2024-05-26
USR00462,Hugo Hernández,hugo.hernandez146@icloud.com,1968-12-20,false,electrónica|automóviles|deportes|juguetes,7086.77,2019-11-16
USR00463,Beatriz Paredes,beatriz.paredes553@outlook.com,1985-05-14,false,oficina|moda|fitness|tecnología,8609.48,2022-09-19
USR00464,Javier Álvarez,javier.alvarez984@proton.me,2000-03-19,false,fotografía|música|moda|oficina,921.27,2024-04-22
USR00465,Fernanda Flores,fernanda.flores587@yahoo.com,1986-09-30,true,fotografía|tecnología,1902.32,2019-11-11
USR00466,Paula Ortiz,paula.ortiz136@icloud.com,1972-10-31,false,cocina|oficina|tecnología|hogar,9887.33,2023-02-23
USR00467,Isabella Ortiz,isabella.ortiz802@gmail.com,1980-05-19,true,mascotas|música|automóviles,14510.18,2025-09-05
USR00468,Valentina Vega,valentina.vega771@icloud.com,1997-12-10,false,cine|gaming|electrónica|música|viajes,814.89,2021-12-18
USR00469,César Sánchez,cesar.sanchez54@yahoo.com,1986-05-14,false,electrónica|cine|mascotas,5697.01,2023-05-17
USR00470,Héctor Ortiz,hector.ortiz149@icloud.com,1995-08-20,true,tecnología|fotografía|electrónica|cine|fitness,1460.46,2024-12-16
USR00471,Octavio Álvarez,octavio.alvarez980@gmail.com,1976-06-15,false,oficina|cocina|fitness|juguetes|automóviles,6916.63,2021-09-17
USR00472,Raúl Rojas,raul.rojas603@yahoo.com,1989-07-26,true,automóviles|fitness|música,10092.03,2019-10-06
USR00473,Carlos Navarro,carlos.navarro101@hotmail.com,1997-07-14,false,electrónica|arte,3778.44,2019-05-20
USR00474,María Campos,maria.campos95@icloud.com,1993-08-16,true,oficina|viajes,10621.13,2020-05-06
USR00475,Laura Núñez,laura.nuñez134@yahoo.com,1985-12-12,true,juguetes|música|hogar|oficina|cocina,9581.71,2022-02-06
USR00476,Adriana Gutiérrez,adriana.gutierrez709@gmail.com,1982-03-04,false,cocina|música|deportes|oficina,4989.82,2019-09-04
USR00477,Fernando Ortiz,fernando.ortiz183@proton.me,1987-01-27,true,deportes|mascotas|viajes|cine|música,2158.09,2023-11-02
USR00478,Camila Campos,camila.campos659@gmail.com,1966-07-26,true,electrónica|cocina,1056.18,2021-10-23
USR00479,Adriana Medina,adriana.medina20@hotmail.com,1996-05-27,false,libros|tecnología|moda|cine|cocina,13569.26,2025-06-11
USR00480,Carlos Ríos,carlos.rios725@gmail.com,1982-03-31,false,mascotas|jardín|cine|deportes|gaming,1818.05,2025-01-01
USR00481,Sergio Ruiz,sergio.ruiz699@icloud.com,2003-04-13,false,cine|moda|deportes|arte,1206.85,2024-02-26
USR00482,César Vargas,cesar.vargas664@outlook.com,1994-08-22,false,música|belleza|moda,4483.06,2023-05-17
USR00483,Miguel Paredes,miguel.paredes706@hotmail.com,1966-08-08,false,mascotas|deportes|electrónica|viajes,380.47,2025-08-25
USR00484,Daniela Vega,daniela.vega399@outlook.com,1988-12-14,false,belleza|fotografía,14498.61,2019-03-09
USR00485,José Ruiz,jose.ruiz58@proton.me,1994-12-08,false,moda|cine|hogar|viajes,14101.35,2025-01-06
USR00486,Valentina Guerrero,valentina.guerrero239@outlook.com,1994-05-01,true,moda|libros,7068.29,2025-12-07
USR00487,José Morales,jose.morales719@yahoo.com,2001-10-25,true,tecnología|música|moda,6842.77,2020-11-30
USR00488,Fernanda González,fernanda.gonzalez838@icloud.com,2000-11-06,false,hogar|mascotas,946.65,2021-04-10
USR00489,Claudia Ruiz,claudia.ruiz831@hotmail.com,1999-04-14,true,fitness|hogar|belleza|libros|oficina,8896.28,2022-10-06
USR00490,Luis Sánchez,luis.sanchez281@icloud.com,1972-05-27,false,jardín|música|arte,3654.67,2025-07-11
USR00491,José Ramírez,jose.ramirez103@gmail.com,1973-01-18,true,música|tecnología|mascotas|deportes|juguetes,10601.12,2025-08-28
USR00492,Ricardo Navarro,ricardo.navarro711@outlook.com,1975-09-25,false,libros|viajes|oficina|cocina|electrónica,9158.07,2019-06-04
USR00493,Rafael Rivera,rafael.rivera735@gmail.com,1990-01-07,false,oficina|deportes|fotografía|arte|jardín,2878.54,2024-12-11
USR00494,Miguel Campos,miguel.campos371@gmail.com,1973-09-09,true,electrónica|viajes|cocina,11949.19,2024-04-27
USR00495,Sandra Rivera,sandra.rivera164@yahoo.com,1974-05-27,false,moda|arte,3770.73,2025-12-01
USR00496,César Aguilar,cesar.aguilar45@hotmail.com,1972-02-03,true,moda|belleza,7275.92,2020-04-20
USR00497,Luis Morales,luis.morales739@proton.me,1995-05-13,false,juguetes|oficina|fitness|jardín|viajes,3450.95,2020-03-27
USR00498,Alejandro Cruz,alejandro.cruz101@hotmail.com,1968-04-19,false,jardín|viajes|cine,8776.38,2019-08-11
USR00499,Claudia Torres,claudia.torres222@proton.me,1973-09-17,false,música|cine|arte|libros|electrónica,14633.34,2021-04-08
USR00500,Natalia Ramírez,natalia.ramirez33@gmail.com,2003-03-16,false,cocina|libros,6878.68,2020-12-02
USR00501,César Ruiz,cesar.ruiz226@gmail.com,1983-06-21,false,oficina|música|juguetes|gaming,12932.99,2021-06-05
USR00502,Fernanda Castro,fernanda.castro858@yahoo.com,1984-06-24,false,cocina|tecnología|jardín|gaming|automóviles,13377.34,2025-08-20
USR00503,Valentina Delgado,valentina.delgado920@gmail.com,1986-02-11,true,jardín|moda,6385.46,2023-06-04
USR00504,Héctor Espinoza,hector.espinoza842@hotmail.com,1968-09-23,true,electrónica|mascotas,10397.4,2023-07-24
USR00505,Camila Ramírez,camila.ramirez368@proton.me,1978-09-04,false,gaming|deportes|tecnología|mascotas,10549.57,2025-05-25
USR00506,Silvia Guerrero,silvia.guerrero25@proton.me,1985-10-30,true,electrónica|libros|cine|música|arte,12905.74,2019-10-17
USR00507,Pablo Espinoza,pablo.espinoza341@yahoo.com,1996-04-24,false,fotografía|jardín,11815.38,2019-11-28
USR00508,Mariana Ruiz,mariana.ruiz754@gmail.com,1969-12-24,false,automóviles|arte,5483.86,2025-12-10
USR00509,José Castillo,jose.castillo376@proton.me,1999-09-14,false,belleza|deportes|oficina,2076.09,2022-10-03
USR00510,Daniela Herrera,daniela.herrera117@yahoo.com,1987-08-04,false,juguetes|viajes|gaming|fitness|arte,4157.18,2019-09-17
USR00511,Monica Álvarez,monica.alvarez464@outlook.com,1992-11-08,false,automóviles|oficina|hogar|mascotas|fotografía,11998.56,2019-09-26
USR00512,Jorge Aguilar,jorge.aguilar90@yahoo.com,1968-06-14,true,cine|música,2471.49,2020-04-03
USR00513,Hugo Torres,hugo.torres509@yahoo.com,1983-09-08,false,viajes|automóviles|tecnología,7108.57,2023-09-17
USR00514,Eduardo Salinas,eduardo.salinas22@icloud.com,1993-12-02,false,viajes|deportes|tecnología|gaming,6175.38,2022-11-05
USR00515,Luz Salinas,luz.salinas806@outlook.com,1978-08-23,false,mascotas|juguetes|automóviles|electrónica,13474.23,2022-06-09
USR00516,Andrés Ortiz,andres.ortiz233@yahoo.com,1985-06-14,false,arte|fotografía|moda|libros|oficina,9279.45,2020-10-20
USR00517,Carmen Herrera,carmen.herrera293@hotmail.com,1970-03-31,true,música|libros|oficina,14906.6,2025-06-11
USR00518,Diego Medina,diego.medina267@proton.me,1979-03-21,false,música|viajes|belleza|moda,2219.16,2024-01-11
USR00519,Iván Flores,ivan.flores547@hotmail.com,1985-07-19,false,hogar|tecnología|cine|mascotas,2340.8,2025-02-15
USR00520,Mauricio Ruiz,mauricio.ruiz663@yahoo.com,1995-11-30,true,mascotas|fotografía|libros|electrónica,10974.61,2019-06-14
USR00521,Diego Rojas,diego.rojas565@outlook.com,1992-09-13,false,fotografía|tecnología,6689.59,2020-01-14
USR00522,Alejandro Martínez,alejandro.martinez623@yahoo.com,1973-10-12,true,juguetes|automóviles|gaming,1253.84,2023-12-30
USR00523,Beatriz Ibáñez,beatriz.ibañez981@hotmail.com,1987-01-01,false,automóviles|cine,9047.58,2024-09-26
USR00524,Ana Ibáñez,ana.ibañez370@gmail.com,1977-10-08,false,libros|jardín|arte|cine|belleza,5270.33,2023-12-31
USR00525,Verónica Hernández,veronica.hernandez221@proton.me,1983-08-01,false,jardín|electrónica|fotografía|música|oficina,12532.67,2025-09-15
USR00526,Laura Torres,laura.torres213@icloud.com,1998-12-02,false,mascotas|automóviles|fitness|deportes,1326.72,2023-08-05
USR00527,Octavio Reyes,octavio.reyes425@hotmail.com,1973-05-06,false,belleza|electrónica|libros,4341.95,2024-07-02
USR00528,José Jiménez,jose.jimenez855@gmail.com,2000-06-29,true,mascotas|belleza|electrónica|gaming,2310.36,2022-05-14
USR00529,Octavio Paredes,octavio.paredes484@hotmail.com,1987-01-25,false,fotografía|jardín,426.64,2022-02-09
USR00530,Sandra González,sandra.gonzalez614@proton.me,1995-10-08,false,juguetes|mascotas|jardín|cocina,14613.88,2020-05-04
USR00531,Monica Ríos,monica.rios751@icloud.com,1967-08-17,false,cocina|música,4795.22,2020-07-08
USR00532,Sergio Flores,sergio.flores55@yahoo.com,1978-01-31,true,arte|jardín|oficina|moda,7708.0,2021-01-20
USR00533,César Pérez,cesar.perez614@proton.me,2000-11-18,false,belleza|fitness|juguetes,4071.88,2023-01-24
USR00534,Miguel Herrera,miguel.herrera594@yahoo.com,1981-09-25,false,libros|tecnología|oficina|automóviles,6179.92,2020-10-29
USR00535,Miguel Díaz,miguel.diaz159@icloud.com,1996-12-18,true,viajes|belleza|automóviles,6260.19,2019-11-09
USR00536,Sofía Ramírez,sofia.ramirez946@yahoo.com,1996-01-01,false,mascotas|arte,2085.21,2023-12-16
USR00537,Rafael Fuentes,rafael.fuentes782@hotmail.com,1970-10-10,false,música|fotografía|tecnología|hogar,10320.71,2022-06-13
USR00538,Diego Díaz,diego.diaz134@gmail.com,1965-11-05,false,jardín|hogar,11360.01,2019-06-24
USR00539,Jorge Pérez,jorge.perez34@yahoo.com,1966-12-11,true,mascotas|hogar,4524.69,2019-02-12
USR00540,César Pérez,cesar.perez802@icloud.com,1973-12-22,false,oficina|viajes,10059.01,2019-04-30
USR00541,Laura Torres,laura.torres867@icloud.com,2000-01-10,false,juguetes|arte|oficina|música,7573.64,2019-10-07
USR00542,Miguel Guerrero,miguel.guerrero782@proton.me,1973-08-05,false,automóviles|viajes,2576.6,2025-01-09
USR00543,Carlos Pérez,carlos.perez947@proton.me,1991-06-10,false,automóviles|mascotas|arte,6594.99,2020-03-15
USR00544,Isabella Álvarez,isabella.alvarez389@yahoo.com,1970-07-19,false,viajes|automóviles|gaming|jardín|hogar,1654.74,2020-07-10
USR00545,Sandra Castillo,sandra.castillo722@outlook.com,1970-03-11,false,belleza|moda|deportes|fitness,4254.17,2025-09-25
USR00546,Silvia Jiménez,silvia.jimenez704@hotmail.com,2003-06-08,true,gaming|belleza|jardín|fotografía|juguetes,13421.32,2024-05-02
USR00547,Beatriz Castillo,beatriz.castillo184@outlook.com,1984-08-26,true,mascotas|hogar,1788.27,2023-06-06
USR00548,Andrea Espinoza,andrea.espinoza605@yahoo.com,1973-12-06,false,música|deportes,3003.95,2023-07-14
USR00549,Sofía Cruz,sofia.cruz859@outlook.com,1994-11-27,false,mascotas|cocina|juguetes|cine|arte,14812.85,2024-09-25
USR00550,Paula Torres,paula.torres787@hotmail.com,1993-03-10,false,hogar|oficina|cocina|mascotas|automóviles,445.85,2019-08-05
USR00551,Luis Vega,luis.vega695@icloud.com,1995-06-21,false,música|cine,2291.05,2025-12-22
USR00552,Mariana Pérez,mariana.perez779@outlook.com,1974-01-22,false,automóviles|mascotas,9931.4,2024-07-01
USR00553,Mauricio Ortiz,mauricio.ortiz556@outlook.com,1970-05-06,false,belleza|oficina|tecnología|moda,6751.73,2023-03-22
USR00554,Eduardo Aguilar,eduardo.aguilar37@proton.me,2003-08-06,false,música|belleza,13270.5,2020-11-03
USR00555,Sandra Gutiérrez,sandra.gutierrez138@proton.me,1989-11-04,false,cine|mascotas|hogar|juguetes,7138.67,2020-10-02
USR00556,Mauricio Martínez,mauricio.martinez401@yahoo.com,1979-05-18,true,mascotas|juguetes|cine|arte,422.2,2019-07-04
USR00557,Diego Castillo,diego.castillo358@gmail.com,1984-03-16,false,fitness|cine,14879.18,2023-08-15
USR00558,Sergio Martínez,sergio.martinez678@icloud.com,1968-10-23,true,gaming|oficina|fotografía,13034.1,2020-04-13
USR00559,Natalia Flores,natalia.flores21@outlook.com,1976-12-17,true,moda|electrónica|jardín|automóviles,10439.38,2025-08-05
USR00560,María Mendoza,maria.mendoza387@proton.me,1995-04-15,false,fitness|juguetes|hogar|mascotas|belleza,5039.51,2024-08-21
USR00561,César Ibáñez,cesar.ibañez348@outlook.com,1974-01-19,false,oficina|fotografía|arte,9531.66,2019-11-05
USR00562,Iván Díaz,ivan.diaz295@icloud.com,1998-04-29,true,moda|fotografía|cine|gaming,10765.6,2025-06-26
USR00563,Miguel Guerrero,miguel.guerrero345@outlook.com,1974-05-30,false,deportes|juguetes|automóviles|mascotas,11934.78,2022-05-21
USR00564,Mauricio Jiménez,mauricio.jimenez444@icloud.com,1988-02-13,false,viajes|jardín|cine|cocina,10073.4,2025-02-20
USR00565,Isabella Rodríguez,isabella.rodriguez643@proton.me,2001-12-16,false,juguetes|mascotas|viajes,4019.04,2024-12-22
USR00566,Mariana Gutiérrez,mariana.gutierrez958@yahoo.com,1985-09-30,false,automóviles|viajes,3605.61,2022-05-14
USR00567,Claudia Navarro,claudia.navarro327@yahoo.com,2001-12-13,false,viajes|jardín,9690.64,2021-11-16
USR00568,Beatriz Núñez,beatriz.nuñez242@hotmail.com,2000-10-02,false,gaming|hogar|libros|viajes|tecnología,6962.4,2025-04-12
USR00569,Claudia Gutiérrez,claudia.gutierrez663@yahoo.com,1971-02-14,true,viajes|música,3875.95,2022-02-11
USR00570,Ernesto Muñoz,ernesto.muñoz181@gmail.com,2003-07-24,true,mascotas|tecnología,4708.57,2022-05-05
USR00571,Luis Navarro,luis.navarro919@gmail.com,1990-08-12,true,deportes|cine|libros|gaming,7829.36,2025-07-05
USR00572,Adriana Fuentes,adriana.fuentes258@icloud.com,1998-01-26,false,deportes|gaming|hogar|fitness|automóviles,12087.62,2021-08-24
USR00573,Claudia Díaz,claudia.diaz148@yahoo.com,1984-09-18,false,música|viajes,3814.59,2025-08-11
USR00574,Ana Vega,ana.vega547@outlook.com,1995-08-17,false,hogar|fitness|belleza|jardín,14449.73,2020-08-16
USR00575,Monica Castro,monica.castro733@proton.me,2000-05-20,false,fotografía|tecnología|moda|belleza,3794.74,2023-04-25
USR00576,Gabriela Paredes,gabriela.paredes982@outlook.com,1965-05-09,false,hogar|belleza|gaming|electrónica,13912.61,2021-11-12
USR00577,Gabriela Hernández,gabriela.hernandez959@outlook.com,1993-04-28,false,fotografía|viajes|música,13192.01,2023-07-23
USR00578,José Reyes,jose.reyes888@proton.me,1983-07-11,false,mascotas|oficina,10760.79,2020-02-16
USR00579,Andrés Espinoza,andres.espinoza268@icloud.com,1997-09-17,false,arte|jardín,6798.93,2019-04-23
USR00580,César Martínez,cesar.martinez657@outlook.com,1973-12-23,false,electrónica|libros|tecnología,4705.83,2019-12-03
USR00581,Sofía Flores,sofia.flores256@outlook.com,1986-06-17,false,oficina|jardín|fitness,3910.2,2025-08-26
USR00582,Alejandro Vargas,alejandro.vargas204@hotmail.com,1982-08-27,false,jardín|arte,14171.36,2025-05-25
USR00583,Roberto Rodríguez,roberto.rodriguez971@gmail.com,1985-09-29,false,belleza|gaming,3926.75,2020-11-22
USR00584,Ana Romero,ana.romero633@hotmail.com,1990-06-12,true,oficina|cocina|libros|deportes|arte,211.72,2024-11-23
USR00585,Claudia Aguilar,claudia.aguilar848@yahoo.com,1998-06-26,false,hogar|gaming|viajes|belleza|cocina,5731.1,2023-11-02
USR00586,Camila Núñez,camila.nuñez221@hotmail.com,1966-04-17,false,viajes|jardín|música|juguetes,14641.92,2021-08-22
USR00587,Mariana Medina,mariana.medina930@gmail.com,1965-06-19,false,arte|juguetes|electrónica,1998.07,2022-08-17
USR00588,Hugo Romero,hugo.romero704@gmail.com,1969-04-11,true,cine|jardín|cocina,781.69,2021-08-19
USR00589,Héctor Álvarez,hector.alvarez621@icloud.com,1992-10-18,false,tecnología|cocina,4537.61,2023-06-05
USR00590,Ernesto Castillo,ernesto.castillo136@yahoo.com,1972-08-15,false,juguetes|música,13954.9,2024-04-01
USR00591,Diego Hernández,diego.hernandez325@hotmail.com,1987-05-25,false,libros|cocina|hogar|fitness|moda,11217.35,2023-10-28
USR00592,Ricardo Ortiz,ricardo.ortiz628@yahoo.com,1998-01-20,false,automóviles|fitness|jardín|música,11455.13,2020-09-11
USR00593,Verónica Ibáñez,veronica.ibañez652@hotmail.com,1966-08-11,false,moda|viajes|libros|oficina|gaming,3903.36,2024-03-28
USR00594,Claudia Sánchez,claudia.sanchez917@outlook.com,1970-01-18,false,moda|electrónica|arte|mascotas|juguetes,1854.81,2020-01-19
USR00595,Camila Vargas,camila.vargas185@icloud.com,1965-03-09,false,automóviles|cocina|viajes,6246.28,2019-11-11
USR00596,Daniela Vega,daniela.vega694@yahoo.com,1995-07-25,true,fitness|tecnología,5912.55,2025-08-15
USR00597,Miguel Mendoza,miguel.mendoza158@proton.me,1994-08-02,false,deportes|electrónica,6810.83,2022-01-08
USR00598,Rafael Ibáñez,rafael.ibañez6@hotmail.com,2003-09-22,true,moda|electrónica|fitness|libros,12023.37,2022-03-04
USR00599,Alejandro Martínez,alejandro.martinez762@gmail.com,1982-11-22,false,belleza|cine,2670.16,2023-06-22
USR00600,Laura Rodríguez,laura.rodriguez873@yahoo.com,1994-01-12,false,música|cine|juguetes,1809.03,2024-07-03
USR00601,Claudia Jiménez,claudia.jimenez926@icloud.com,1973-12-19,false,arte|hogar|oficina,6681.64,2023-05-09
USR00602,Héctor Reyes,hector.reyes577@proton.me,1984-02-10,true,deportes|jardín|arte|música|juguetes,606.57,2022-10-31
USR00603,Patricia Rojas,patricia.rojas230@gmail.com,1978-01-15,false,mascotas|automóviles|juguetes,6560.33,2024-05-10
USR00604,Gabriela Torres,gabriela.torres131@icloud.com,1967-02-21,true,gaming|automóviles|jardín|fotografía,13759.53,2024-10-03
USR00605,Miguel Ríos,miguel.rios436@icloud.com,1968-09-01,true,hogar|electrónica|cocina|arte|belleza,1709.03,2024-03-10
USR00606,Isabella Rivera,isabella.rivera864@icloud.com,1997-06-25,false,moda|deportes|jardín|fotografía|fitness,11360.31,2024-01-17
USR00607,Mariana Ortiz,mariana.ortiz350@proton.me,1992-02-05,false,viajes|música|deportes,13074.24,2020-03-11
USR00608,Claudia Herrera,claudia.herrera19@gmail.com,1972-09-14,false,cine|hogar,6902.45,2023-07-18
USR00609,Ernesto Núñez,ernesto.nuñez744@hotmail.com,1971-01-23,true,fotografía|arte|cine|oficina|deportes,2862.03,2019-03-07
USR00610,Hugo Gómez,hugo.gomez880@proton.me,1971-07-07,false,viajes|mascotas,6536.83,2025-01-15
USR00611,Jorge Hernández,jorge.hernandez309@hotmail.com,1971-11-03,false,libros|mascotas|jardín|tecnología|hogar,14458.0,2024-04-15
USR00612,María Medina,maria.medina600@gmail.com,1979-12-23,true,viajes|fotografía|cine,1539.95,2023-11-04
USR00613,Javier Vega,javier.vega755@icloud.com,1991-07-07,false,moda|mascotas|cine|juguetes,3478.59,2019-09-06
USR00614,Lorena Rodríguez,lorena.rodriguez433@outlook.com,1970-03-31,false,belleza|deportes|cocina|jardín,9340.45,2022-11-21
USR00615,Eduardo Espinoza,eduardo.espinoza447@proton.me,1973-08-16,false,música|fotografía,5157.71,2021-08-08
USR00616,Mauricio Cruz,mauricio.cruz602@proton.me,1996-11-29,false,oficina|electrónica|libros|fotografía,14397.05,2023-01-15
USR00617,Héctor Flores,hector.flores637@hotmail.com,1972-10-10,false,fotografía|deportes|mascotas,2344.71,2024-07-08
USR00618,Miguel Navarro,miguel.navarro966@yahoo.com,1976-09-13,false,fotografía|gaming|viajes|moda|tecnología,10153.92,2020-12-16
USR00619,Mauricio López,mauricio.lopez827@gmail.com,1992-09-14,false,fitness|jardín,1810.32,2021-07-06
USR00620,Sandra Ortiz,sandra.ortiz349@proton.me,1988-02-14,true,moda|belleza|cocina|libros,10596.07,2023-11-29
USR00621,Patricia Sánchez,patricia.sanchez999@icloud.com,1966-11-19,true,oficina|hogar,2505.69,2020-04-28
USR00622,Camila Castillo,camila.castillo161@hotmail.com,1994-01-10,false,electrónica|automóviles|mascotas|hogar,5019.11,2020-07-18
USR00623,Sofía Gómez,sofia.gomez450@icloud.com,1972-09-06,true,tecnología|gaming|mascotas|fitness|fotografía,3990.23,2023-08-27
USR00624,Monica Paredes,monica.paredes681@hotmail.com,1971-03-11,false,libros|automóviles|jardín,6201.14,2023-08-04
USR00625,Patricia Fuentes,patricia.fuentes814@proton.me,2001-03-02,true,tecnología|electrónica|libros|oficina,1271.67,2022-07-13
USR00626,Andrea Flores,andrea.flores445@proton.me,1993-10-10,false,cine|moda,13537.67,2019-08-25
USR00627,Octavio Figueroa,octavio.figueroa819@proton.me,1998-04-26,false,jardín|cine|belleza|fotografía,13638.46,2019-02-02
USR00628,Paula Fuentes,paula.fuentes626@icloud.com,1993-01-03,false,cine|electrónica|viajes,10462.06,2023-07-15
USR00629,Adriana Gómez,adriana.gomez903@outlook.com,1997-07-12,false,deportes|moda|belleza|fitness,7807.05,2025-01-24
USR00630,Ricardo Díaz,ricardo.diaz96@gmail.com,2000-09-25,false,automóviles|fitness|música|tecnología,3620.1,2022-05-29
USR00631,Raúl Gutiérrez,raul.gutierrez518@yahoo.com,1993-02-15,false,moda|arte,1857.2,2020-05-25
USR00632,Eduardo Jiménez,eduardo.jimenez587@hotmail.com,2001-02-16,false,electrónica|fitness,5255.06,2022-03-11
USR00633,Ernesto Figueroa,ernesto.figueroa587@gmail.com,1979-09-16,false,cine|automóviles|gaming,12342.64,2023-01-19
USR00634,Patricia Pérez,patricia.perez151@hotmail.com,1986-05-13,false,jardín|deportes|juguetes|moda|oficina,6692.46,2023-02-21
USR00635,Beatriz Fuentes,beatriz.fuentes413@proton.me,1986-12-17,false,cocina|juguetes|mascotas|jardín|electrónica,12357.18,2020-08-14
USR00636,Mauricio Ramírez,mauricio.ramirez497@outlook.com,1986-03-27,true,libros|automóviles|juguetes|hogar|viajes,11197.44,2025-04-08
USR00637,Monica Sánchez,monica.sanchez617@icloud.com,1971-11-17,true,hogar|oficina|arte|fotografía|moda,5572.01,2023-03-14
USR00638,Gabriela Vargas,gabriela.vargas498@icloud.com,1983-12-03,true,libros|oficina,14052.31,2022-06-03
USR00639,Ricardo Díaz,ricardo.diaz188@gmail.com,1983-09-25,false,tecnología|hogar|belleza|arte|deportes,8595.89,2025-05-06
USR00640,Eduardo Ruiz,eduardo.ruiz801@outlook.com,1994-12-06,false,mascotas|libros|juguetes|automóviles|electrónica,2234.74,2022-08-25
USR00641,Laura Campos,laura.campos681@proton.me,1984-11-16,false,cine|gaming|oficina|fitness|moda,9688.75,2020-11-09
USR00642,Carmen Rodríguez,carmen.rodriguez586@hotmail.com,1992-10-02,true,belleza|hogar|oficina|deportes,14359.39,2024-11-07
USR00643,Jorge Castro,jorge.castro515@hotmail.com,1965-11-07,false,hogar|belleza,11801.36,2021-10-01
USR00644,Carmen Guerrero,carmen.guerrero455@outlook.com,1991-06-02,true,belleza|fitness,7372.1,2019-04-06
USR00645,Natalia Gutiérrez,natalia.gutierrez185@gmail.com,1970-02-22,true,tecnología|automóviles|fitness|cine|cocina,8126.69,2022-03-14
USR00646,Valentina Rivera,valentina.rivera262@outlook.com,1995-06-11,false,libros|fotografía,883.71,2022-08-25
USR00647,Isabella Rodríguez,isabella.rodriguez731@gmail.com,1979-05-11,false,fotografía|cine,6192.34,2022-08-20
USR00648,Fernando Moreno,fernando.moreno965@hotmail.com,1998-09-27,false,moda|viajes,7394.69,2024-08-28
USR00649,Pablo Sánchez,pablo.sanchez276@icloud.com,1983-04-06,true,fitness|electrónica,7262.57,2023-07-28
USR00650,Octavio Cruz,octavio.cruz936@icloud.com,1995-04-14,true,cocina|belleza,3694.74,2025-03-22
USR00651,Luz Ramírez,luz.ramirez312@yahoo.com,1989-03-30,false,electrónica|deportes|automóviles|viajes|libros,11730.35,2025-01-10
USR00652,Claudia Muñoz,claudia.muñoz463@icloud.com,1977-12-23,false,tecnología|electrónica,8.14,2024-05-29
USR00653,Paula Núñez,paula.nuñez257@hotmail.com,1998-02-27,true,arte|viajes|automóviles|fotografía|moda,4509.58,2023-06-08
USR00654,Hugo Sánchez,hugo.sanchez851@hotmail.com,1992-05-20,false,belleza|cocina|jardín,13258.97,2022-11-04
USR00655,Octavio Ortiz,octavio.ortiz771@outlook.com,1991-11-23,false,cocina|gaming|fitness|belleza|viajes,238.12,2020-07-01
USR00656,Luz García,luz.garcia624@outlook.com,1989-02-20,true,tecnología|oficina|música|jardín|mascotas,11809.58,2019-11-14
USR00657,Iván Rodríguez,ivan.rodriguez914@hotmail.com,2002-08-23,true,hogar|arte|cine|juguetes|belleza,1871.46,2023-02-26
USR00658,Jorge Medina,jorge.medina10@hotmail.com,1969-01-14,false,tecnología|cocina|arte,12126.22,2021-06-24
USR00659,Roberto Vega,roberto.vega991@gmail.com,1973-10-18,false,moda|cocina|mascotas|viajes,1664.2,2022-02-10
USR00660,Arturo Ríos,arturo.rios506@gmail.com,1991-05-21,false,belleza|viajes|música,11189.6,2020-06-05
USR00661,Fernando Delgado,fernando.delgado877@proton.me,1966-01-14,false,automóviles|cocina|viajes,10210.21,2024-02-03
USR00662,Carlos Gutiérrez,carlos.gutierrez657@outlook.com,1977-04-17,true,fitness|jardín,10202.6,2024-03-26
USR00663,Sandra Castillo,sandra.castillo530@yahoo.com,1983-11-05,false,gaming|moda,4743.63,2023-05-25
USR00664,Jorge Ruiz,jorge.ruiz84@gmail.com,1976-03-19,false,gaming|jardín,2467.22,2022-06-27
USR00665,Luis Paredes,luis.paredes641@outlook.com,2001-04-01,true,tecnología|mascotas,8887.96,2022-10-01
USR00666,Fernando Morales,fernando.morales111@gmail.com,1999-10-19,false,gaming|fitness|moda|juguetes|oficina,11461.48,2024-01-03
USR00667,Fernanda Sánchez,fernanda.sanchez88@yahoo.com,2003-01-10,true,moda|cine,11739.69,2019-09-11
USR00668,Eduardo Martínez,eduardo.martinez309@outlook.com,1983-01-08,true,deportes|hogar|moda|belleza|fotografía,9259.53,2023-08-11
USR00669,Roberto Núñez,roberto.nuñez807@outlook.com,2000-09-01,false,electrónica|cine,13199.07,2025-12-11
USR00670,Miguel Ruiz,miguel.ruiz667@yahoo.com,1991-05-15,false,electrónica|automóviles,1620.1,2019-02-20
USR00671,Rafael Figueroa,rafael.figueroa70@yahoo.com,1980-12-10,false,juguetes|libros|automóviles,7220.99,2025-12-18
USR00672,Eduardo Rivera,eduardo.rivera249@yahoo.com,1991-03-22,false,moda|oficina|libros,7696.89,2023-01-05
USR00673,Gabriela Guerrero,gabriela.guerrero907@icloud.com,1980-05-20,false,libros|mascotas|fotografía,5532.45,2019-02-03
USR00674,Lorena Guerrero,lorena.guerrero674@icloud.com,2003-07-09,true,moda|gaming|automóviles,6330.92,2021-03-11
USR00675,Jorge Paredes,jorge.paredes931@proton.me,1986-05-05,false,deportes|fitness|viajes,8996.43,2022-09-18
USR00676,Fernanda Delgado,fernanda.delgado987@hotmail.com,1969-09-14,false,oficina|fotografía|jardín|fitness,13141.58,2019-06-22
USR00677,Sandra Cruz,sandra.cruz943@outlook.com,1992-12-27,false,gaming|oficina,3585.29,2022-09-19
USR00678,Silvia Moreno,silvia.moreno211@yahoo.com,1966-05-07,true,música|tecnología|arte|juguetes|deportes,2136.03,2023-12-09
USR00679,Jorge Paredes,jorge.paredes600@yahoo.com,1972-10-24,false,moda|tecnología|viajes|belleza,13280.73,2020-12-14
USR00680,Natalia Muñoz,natalia.muñoz252@yahoo.com,1969-07-16,true,viajes|tecnología|música,12471.69,2020-07-16
USR00681,Pablo Salinas,pablo.salinas807@yahoo.com,1985-06-19,false,fitness|viajes,5544.61,2023-03-06
USR00682,Ernesto Flores,ernesto.flores964@hotmail.com,1988-11-21,false,deportes|hogar|libros|belleza|viajes,10415.31,2022-07-26
USR00683,Rafael Gutiérrez,rafael.gutierrez652@icloud.com,1978-03-13,false,moda|juguetes|viajes,4915.21,2019-08-07
USR00684,Octavio Reyes,octavio.reyes894@hotmail.com,1997-08-17,true,automóviles|juguetes|mascotas,11769.98,2025-11-23
USR00685,Luis Flores,luis.flores521@hotmail.com,1979-06-09,false,automóviles|arte|mascotas|oficina|electrónica,7882.14,2024-06-02
USR00686,Carmen Vega,carmen.vega486@hotmail.com,1974-02-08,false,juguetes|cine|moda|viajes,12947.52,2023-06-10
USR00687,Camila Jiménez,camila.jimenez436@hotmail.com,1998-09-19,true,juguetes|música|arte|cocina|deportes,4425.72,2024-10-26
USR00688,Sergio Cruz,sergio.cruz598@icloud.com,1980-02-03,false,electrónica|automóviles,6767.27,2023-11-07
USR00689,Javier Castillo,javier.castillo824@outlook.com,1975-06-28,false,fitness|cocina|cine|tecnología|música,9680.32,2023-01-10
USR00690,Laura Vargas,laura.vargas863@gmail.com,1970-04-27,true,cocina|gaming,5403.55,2025-02-14
USR00691,Jorge Ruiz,jorge.ruiz202@proton.me,1992-02-05,false,cocina|fotografía|oficina|viajes,14976.08,2025-02-02
USR00692,Fernando García,fernando.garcia789@icloud.com,1998-12-29,true,fotografía|arte|cine|belleza,7080.06,2024-09-30
USR00693,César Torres,cesar.torres887@icloud.com,1991-05-02,false,gaming|oficina|viajes|mascotas|juguetes,10837.66,2024-03-04
USR00694,Natalia Hernández,natalia.hernandez321@outlook.com,1985-03-09,true,jardín|oficina|viajes,5620.5,2025-06-23
USR00695,Diego Jiménez,diego.jimenez966@yahoo.com,1975-02-12,false,mascotas|arte,6385.79,2023-07-11
USR00696,César Espinoza,cesar.espinoza551@hotmail.com,1971-11-24,false,fitness|juguetes|tecnología|moda,8522.86,2025-10-05
USR00697,Rafael Delgado,rafael.delgado888@hotmail.com,1986-04-19,true,cine|viajes|oficina|deportes|belleza,4932.62,2024-01-24
USR00698,Octavio Jiménez,octavio.jimenez96@gmail.com,2002-01-27,false,hogar|belleza|música,402.58,2021-03-26
USR00699,Luis Moreno,luis.moreno291@gmail.com,1985-05-25,true,gaming|fotografía|automóviles,5529.78,2019-02-15
USR00700,Andrés Mendoza,andres.mendoza881@outlook.com,1998-05-03,true,cine|música|hogar|libros|jardín,5834.89,2021-04-25
USR00701,Diego Díaz,diego.diaz318@yahoo.com,1974-01-18,true,mascotas|música|fotografía|viajes|electrónica,14866.28,2023-12-31
USR00702,Luis Romero,luis.romero620@outlook.com,1985-10-03,true,automóviles|fitness|mascotas,11059.36,2022-03-25
USR00703,Luz Aguilar,luz.aguilar356@hotmail.com,1992-09-16,false,cine|música|jardín|gaming,6867.42,2021-01-21
USR00704,Hugo Delgado,hugo.delgado98@proton.me,1967-12-30,false,moda|gaming|música|cocina|fotografía,13631.05,2023-08-12
USR00705,César Muñoz,cesar.muñoz125@outlook.com,1985-03-25,false,deportes|hogar|automóviles|fitness,3791.5,2024-09-03
USR00706,José Aguilar,jose.aguilar28@yahoo.com,1998-06-18,false,electrónica|cine,12836.6,2023-06-13
USR00707,José García,jose.garcia257@proton.me,1998-08-02,false,libros|fitness,7271.39,2019-10-07
USR00708,Laura Muñoz,laura.muñoz673@yahoo.com,2002-10-02,false,electrónica|libros|mascotas,2558.84,2019-03-15
USR00709,Rafael Pérez,rafael.perez182@gmail.com,1995-02-13,true,hogar|belleza|cine|música,10160.75,2020-09-20
USR00710,Eduardo Álvarez,eduardo.alvarez183@outlook.com,1996-04-03,true,moda|belleza|viajes,12547.52,2024-11-11
USR00711,Luz Ibáñez,luz.ibañez734@outlook.com,1967-05-09,true,cine|fotografía,729.97,2023-03-26
USR00712,Adriana Gómez,adriana.gomez952@gmail.com,1965-09-20,false,arte|gaming|viajes,419.16,2019-03-01
USR00713,Natalia Gómez,natalia.gomez697@proton.me,1972-07-13,false,gaming|hogar,660.19,2024-09-30
USR00714,Miguel Mendoza,miguel.mendoza331@outlook.com,1984-03-12,true,oficina|viajes|belleza,3486.12,2020-03-09
USR00715,Sergio Mendoza,sergio.mendoza178@gmail.com,1982-06-17,false,cine|fitness,6881.64,2019-09-28
USR00716,Ernesto Reyes,ernesto.reyes666@yahoo.com,1999-06-07,false,moda|deportes|viajes|jardín,14746.54,2020-02-22
USR00717,Carmen Herrera,carmen.herrera811@proton.me,1996-03-27,false,cocina|hogar|fitness,10168.51,2020-06-28
USR00718,Natalia Rivera,natalia.rivera651@icloud.com,1991-03-31,false,mascotas|deportes|fitness|tecnología,5735.57,2021-08-10
USR00719,Mauricio Guerrero,mauricio.guerrero722@icloud.com,1999-01-17,true,gaming|tecnología,4632.73,2023-10-22
USR00720,César Morales,cesar.morales635@yahoo.com,1987-05-17,false,moda|libros,3030.18,2023-03-20
USR00721,Camila Salinas,camila.salinas39@hotmail.com,1977-06-23,false,oficina|electrónica|fitness,9654.03,2019-06-12
USR00722,Lorena Navarro,lorena.navarro664@hotmail.com,1974-03-27,true,tecnología|gaming|fitness|belleza,13599.48,2021-10-14
USR00723,Beatriz Espinoza,beatriz.espinoza737@yahoo.com,1973-03-27,false,oficina|cine|automóviles,9446.74,2019-09-22
USR00724,Sandra González,sandra.gonzalez977@hotmail.com,1969-02-12,false,moda|libros|viajes,8889.46,2021-04-17
USR00725,Daniela Ríos,daniela.rios81@outlook.com,1972-11-30,false,electrónica|fotografía|música|viajes|gaming,4546.51,2025-06-19
USR00726,Eduardo Paredes,eduardo.paredes207@outlook.com,1972-07-11,false,mascotas|deportes|arte|cine,6620.64,2024-08-31
USR00727,Mariana Gutiérrez,mariana.gutierrez779@outlook.com,2003-04-24,true,mascotas|tecnología|cine,11382.87,2022-05-14
USR00728,Rafael Herrera,rafael.herrera157@yahoo.com,1985-05-07,false,cocina|cine|electrónica,5627.2,2025-10-18
USR00729,Héctor González,hector.gonzalez342@hotmail.com,1965-03-10,true,mascotas|viajes|libros,12924.83,2023-03-13
USR00730,Sandra Romero,sandra.romero948@proton.me,1991-05-23,true,cine|arte|oficina|mascotas|fotografía,6131.81,2019-06-09
USR00731,Sofía Moreno,sofia.moreno955@proton.me,1980-08-21,false,viajes|jardín|cocina,9524.7,2023-02-17
USR00732,Hugo Martínez,hugo.martinez667@yahoo.com,1993-04-21,true,jardín|gaming|juguetes|mascotas|moda,10462.07,2020-08-28
USR00733,Fernando Núñez,fernando.nuñez467@gmail.com,1970-03-28,true,cocina|gaming|música,9665.96,2023-04-24
USR00734,Andrea Figueroa,andrea.figueroa601@outlook.com,1972-06-09,false,automóviles|viajes,3793.07,2022-05-22
USR00735,Mauricio Herrera,mauricio.herrera675@proton.me,1990-09-08,false,juguetes|fotografía|jardín|deportes|hogar,12213.42,2022-01-06
USR00736,Silvia Díaz,silvia.diaz953@gmail.com,1968-02-19,false,fotografía|tecnología|música|mascotas|juguetes,7874.43,2022-03-27
USR00737,Raúl Gutiérrez,raul.gutierrez175@hotmail.com,1986-10-28,false,arte|música|libros,7539.21,2020-03-27
USR00738,Eduardo Delgado,eduardo.delgado834@proton.me,1973-03-13,false,música|viajes|moda,3890.28,2023-08-02
USR00739,Eduardo Paredes,eduardo.paredes935@yahoo.com,1968-11-05,false,música|deportes,1870.22,2019-09-21
USR00740,Natalia Rodríguez,natalia.rodriguez600@gmail.com,1967-09-28,false,mascotas|oficina|hogar,11276.98,2019-01-30
USR00741,Ernesto Guerrero,ernesto.guerrero809@icloud.com,2000-07-08,true,hogar|viajes,5634.99,2024-10-31
USR00742,César Reyes,cesar.reyes955@proton.me,1980-05-22,false,mascotas|fitness|jardín|juguetes|arte,12252.71,2023-01-19
USR00743,Ernesto Romero,ernesto.romero388@gmail.com,1965-02-20,false,arte|fitness,13058.12,2023-07-04
USR00744,Raúl Ramírez,raul.ramirez27@proton.me,1998-09-16,false,automóviles|cocina,5526.45,2025-12-07
USR00745,Beatriz Ibáñez,beatriz.ibañez891@gmail.com,1993-06-06,false,automóviles|jardín|viajes|tecnología|fitness,13101.52,2022-08-26
USR00746,Beatriz Medina,beatriz.medina240@proton.me,2003-06-13,true,cine|deportes|arte|jardín|mascotas,11014.17,2022-04-18
USR00747,Rafael Gómez,rafael.gomez730@gmail.com,1970-09-26,false,automóviles|juguetes|oficina,11952.31,2022-05-19
USR00748,Beatriz Muñoz,beatriz.muñoz896@hotmail.com,1974-06-30,false,música|electrónica|hogar|mascotas|gaming,11298.79,2020-01-02
USR00749,Miguel Gutiérrez,miguel.gutierrez733@outlook.com,1999-05-18,false,música|fitness,3305.64,2021-11-21
USR00750,Ernesto Castro,ernesto.castro975@proton.me,1997-07-17,false,libros|belleza,1356.63,2022-09-25
USR00751,Roberto Delgado,roberto.delgado785@proton.me,1998-04-30,false,fitness|cine,9808.79,2025-04-20
USR00752,Claudia Cruz,claudia.cruz229@gmail.com,1980-04-06,false,hogar|fotografía|deportes|oficina,11169.27,2020-04-20
USR00753,Arturo Castillo,arturo.castillo131@gmail.com,1991-06-21,false,cine|juguetes|tecnología|fotografía,12706.78,2023-10-02
USR00754,Alejandro Castillo,alejandro.castillo817@gmail.com,1982-09-25,true,automóviles|juguetes|gaming,8074.39,2024-03-01
USR00755,Alejandro Torres,alejandro.torres836@icloud.com,1977-09-18,false,gaming|mascotas|electrónica|libros,11205.9,2019-05-21
USR00756,Rafael Mendoza,rafael.mendoza317@outlook.com,1993-04-23,false,cocina|juguetes,7425.38,2023-03-23
USR00757,Ana Ruiz,ana.ruiz157@outlook.com,1997-08-18,false,gaming|moda|música,4486.53,2020-10-14
USR00758,María Muñoz,maria.muñoz402@outlook.com,1968-03-22,false,jardín|mascotas|arte|cine,4235.46,2021-03-10
USR00759,Hugo Muñoz,hugo.muñoz404@icloud.com,2003-11-04,true,libros|fitness,12747.15,2022-05-30
USR00760,Patricia Salinas,patricia.salinas168@hotmail.com,1974-05-30,false,electrónica|mascotas|fotografía,12065.38,2021-03-12
USR00761,Silvia Salinas,silvia.salinas10@outlook.com,1995-06-25,false,juguetes|hogar|libros|cine,13889.78,2020-01-29
USR00762,Sergio Castro,sergio.castro184@proton.me,1980-03-08,false,hogar|automóviles,14545.9,2023-07-13
USR00763,Daniela López,daniela.lopez122@proton.me,1991-09-29,false,cine|mascotas|fotografía,9791.95,2023-03-18
USR00764,Adriana Espinoza,adriana.espinoza815@yahoo.com,1993-05-14,false,electrónica|cine,5509.85,2020-05-06
USR00765,Sofía Hernández,sofia.hernandez125@proton.me,1998-06-08,true,automóviles|gaming|tecnología|mascotas|cocina,11915.16,2021-01-11
USR00766,Pablo Castro,pablo.castro661@gmail.com,1997-01-07,false,fotografía|juguetes|libros|hogar|fitness,6079.96,2019-03-22
USR00767,Andrea Muñoz,andrea.muñoz838@proton.me,1970-04-07,false,deportes|automóviles|belleza|hogar|viajes,12930.05,2021-01-07
USR00768,Carlos Muñoz,carlos.muñoz458@proton.me,1972-03-26,true,hogar|moda|libros|viajes,8437.44,2019-05-24
USR00769,Laura Sánchez,laura.sanchez519@proton.me,1965-01-02,false,arte|belleza|música|jardín,4509.0,2024-10-28
USR00770,Ricardo Ibáñez,ricardo.ibañez547@icloud.com,1989-02-22,false,libros|juguetes|mascotas|fitness|arte,10318.95,2019-07-03
USR00771,Daniela López,daniela.lopez193@icloud.com,1989-10-07,false,fotografía|viajes|libros,8876.75,2022-02-10
USR00772,Diego Campos,diego.campos433@yahoo.com,1982-02-16,false,belleza|cocina,6000.89,2019-12-08
USR00773,Fernando Rojas,fernando.rojas436@proton.me,1997-11-13,false,belleza|viajes|deportes,14930.39,2021-02-28
USR00774,Carmen Castillo,carmen.castillo578@outlook.com,1981-12-31,true,jardín|libros|fitness,14460.27,2021-10-10
USR00775,Luis Reyes,luis.reyes128@gmail.com,1979-10-11,true,belleza|jardín,5442.29,2022-09-28
USR00776,Adriana Reyes,adriana.reyes150@outlook.com,1974-12-20,false,cocina|tecnología|hogar,14276.74,2020-05-20
USR00777,Isabella Fuentes,isabella.fuentes746@yahoo.com,1996-06-03,false,juguetes|mascotas|hogar|automóviles,8273.13,2025-10-24
USR00778,Miguel Martínez,miguel.martinez175@outlook.com,1991-07-28,false,cine|música|arte|oficina,3885.92,2024-10-04
USR00779,Carmen Torres,carmen.torres674@gmail.com,1997-07-17,false,libros|cine|cocina,10612.54,2021-10-17
USR00780,Beatriz Núñez,beatriz.nuñez429@yahoo.com,1984-03-10,false,música|electrónica|arte|juguetes|fotografía,4577.81,2019-12-23
USR00781,Gabriela Navarro,gabriela.navarro790@gmail.com,1972-05-29,true,deportes|oficina|juguetes|gaming,1268.78,2022-03-16
USR00782,Verónica Vega,veronica.vega828@proton.me,1971-02-14,false,jardín|automóviles,7467.08,2024-12-20
USR00783,Hugo Sánchez,hugo.sanchez416@proton.me,1965-04-30,false,oficina|viajes,10538.88,2022-11-14
USR00784,Daniela Ibáñez,daniela.ibañez974@hotmail.com,1995-04-05,false,oficina|electrónica,2622.21,2023-02-12
USR00785,Diego Ríos,diego.rios362@outlook.com,1972-08-25,false,jardín|mascotas,14545.93,2022-10-16
USR00786,Beatriz Morales,beatriz.morales852@outlook.com,1978-03-03,false,fotografía|oficina,3195.99,2025-05-18
USR00787,Andrea Díaz,andrea.diaz946@gmail.com,1980-12-16,true,automóviles|moda|electrónica|mascotas,9232.95,2022-09-07
USR00788,Gabriela Álvarez,gabriela.alvarez110@outlook.com,1980-11-26,true,arte|música,1520.07,2024-07-08
USR00789,Jorge Hernández,jorge.hernandez542@gmail.com,1971-12-25,false,jardín|hogar|mascotas,3391.43,2023-06-08
USR00790,Monica Jiménez,monica.jimenez374@proton.me,2002-08-27,false,música|belleza|cocina|hogar|electrónica,2427.51,2022-12-19
USR00791,Silvia Gutiérrez,silvia.gutierrez6@gmail.com,1970-12-31,false,viajes|hogar|oficina|fotografía,6315.84,2022-09-18
USR00792,José Flores,jose.flores683@outlook.com,1986-12-09,false,mascotas|cocina|hogar,11997.3,2020-06-05
USR00793,Alejandro Romero,alejandro.romero514@hotmail.com,1980-06-09,true,libros|hogar|juguetes|tecnología|oficina,11510.77,2021-08-26
USR00794,Ana Rojas,ana.rojas850@yahoo.com,1977-08-29,false,jardín|tecnología|oficina|mascotas,1239.22,2023-10-23
USR00795,Daniela Campos,daniela.campos157@yahoo.com,1996-06-11,false,gaming|cocina|hogar,9994.96,2023-10-24
USR00796,Jorge Castro,jorge.castro724@hotmail.com,2003-05-08,false,automóviles|música,3440.76,2020-06-25
USR00797,Andrea López,andrea.lopez281@icloud.com,1973-12-15,true,libros|jardín|tecnología,12965.25,2023-04-07
USR00798,Javier Fuentes,javier.fuentes314@outlook.com,1967-10-03,false,gaming|fitness|jardín,9658.1,2022-05-31
USR00799,Sofía Reyes,sofia.reyes373@gmail.com,1973-02-25,true,arte|jardín|gaming|fitness,8.04,2022-08-10
USR00800,Camila Vargas,camila.vargas484@yahoo.com,1987-01-15,false,oficina|hogar|jardín|música,5014.23,2020-04-01
USR00801,Miguel Ibáñez,miguel.ibañez14@proton.me,1999-12-08,false,fitness|arte|juguetes,3573.78,2022-02-04
USR00802,Camila Guerrero,camila.guerrero394@proton.me,1998-04-24,true,hogar|libros,615.58,2021-02-19
USR00803,Jorge Figueroa,jorge.figueroa457@icloud.com,1980-05-20,false,deportes|belleza,10880.26,2021-04-07
USR00804,Iván Torres,ivan.torres45@proton.me,1976-04-30,false,viajes|jardín|belleza,13423.7,2024-01-11
USR00805,Octavio Figueroa,octavio.figueroa121@hotmail.com,1991-11-17,false,deportes|mascotas|jardín|automóviles|tecnología,10450.59,2020-06-12
USR00806,Ricardo López,ricardo.lopez979@outlook.com,1995-09-19,true,viajes|cine,2482.77,2024-09-17
USR00807,Pablo Muñoz,pablo.muñoz799@hotmail.com,1990-08-27,false,cine|cocina|viajes|música|tecnología,8881.69,2019-02-06
USR00808,Mauricio Aguilar,mauricio.aguilar516@icloud.com,1970-05-06,false,fotografía|gaming|oficina|cocina,3358.94,2024-12-25
USR00809,Daniela Vargas,daniela.vargas41@gmail.com,1993-10-26,false,cocina|libros|oficina,14843.04,2021-05-10
USR00810,Iván Sánchez,ivan.sanchez2@proton.me,1989-08-22,false,oficina|arte|fitness|deportes,10831.19,2023-07-31
USR00811,Mariana Vargas,mariana.vargas333@hotmail.com,1997-10-08,false,tecnología|arte,2651.03,2019-03-06
USR00812,Iván Ibáñez,ivan.ibañez889@proton.me,1993-06-15,false,cine|cocina,12252.71,2021-06-22
USR00813,Alejandro Reyes,alejandro.reyes209@hotmail.com,1986-06-28,true,libros|electrónica|gaming|jardín|arte,7439.42,2024-02-25
USR00814,Isabella Rivera,isabella.rivera194@hotmail.com,2001-09-02,false,música|fotografía|tecnología|juguetes|oficina,10310.5,2021-02-08
USR00815,Luis Torres,luis.torres74@proton.me,1998-08-31,true,gaming|electrónica|cine|hogar|libros,9049.4,2023-03-28
USR00816,Pablo Rodríguez,pablo.rodriguez113@hotmail.com,1999-07-19,true,moda|libros,4014.85,2025-09-22
USR00817,Carlos García,carlos.garcia981@proton.me,1968-10-24,false,belleza|fitness,2088.45,2025-04-24
USR00818,Eduardo Flores,eduardo.flores315@icloud.com,1996-01-17,false,mascotas|libros|gaming|moda,9412.29,2020-05-19
USR00819,María López,maria.lopez106@gmail.com,1975-01-24,true,hogar|automóviles|jardín|libros,3400.13,2023-04-28
USR00820,Valentina Álvarez,valentina.alvarez672@hotmail.com,1969-12-10,false,gaming|cine|hogar|mascotas,1526.04,2022-02-28
USR00821,Sergio González,sergio.gonzalez631@icloud.com,1971-10-12,false,hogar|arte|deportes|moda,6429.43,2022-10-03
USR00822,Rafael Rivera,rafael.rivera696@yahoo.com,1987-05-25,false,libros|fotografía|juguetes|arte|hogar,13993.23,2019-11-09
USR00823,Carlos Torres,carlos.torres797@outlook.com,1997-05-11,false,fitness|libros|cine,12219.75,2020-04-08
USR00824,Arturo Gutiérrez,arturo.gutierrez983@hotmail.com,1999-06-07,false,libros|deportes|fitness|oficina,5289.13,2024-07-17
USR00825,Claudia Castro,claudia.castro711@outlook.com,1989-08-23,false,oficina|fitness|libros|gaming|cine,8081.21,2024-07-10
USR00826,Iván Herrera,ivan.herrera842@icloud.com,1990-12-03,false,cine|deportes|jardín,10546.4,2021-08-21
USR00827,Monica García,monica.garcia209@outlook.com,1970-12-29,true,arte|belleza,893.66,2022-12-01
USR00828,Monica Ramírez,monica.ramirez302@hotmail.com,1967-07-05,false,libros|belleza|jardín|gaming|viajes,1758.54,2020-08-09
USR00829,Pablo Rodríguez,pablo.rodriguez713@icloud.com,1972-02-05,true,arte|moda|hogar|deportes|mascotas,2203.3,2020-08-01
USR00830,Laura Morales,laura.morales79@hotmail.com,1999-05-03,false,juguetes|jardín,7046.47,2020-07-27
USR00831,Silvia Fuentes,silvia.fuentes716@proton.me,1996-03-09,true,mascotas|jardín|fitness|electrónica,4301.54,2020-09-30
USR00832,Ana Salinas,ana.salinas33@outlook.com,2002-05-09,false,automóviles|música|tecnología,10198.55,2024-02-04
USR00833,Verónica Figueroa,veronica.figueroa850@outlook.com,1972-01-14,false,juguetes|automóviles|fotografía|gaming,14596.83,2024-11-06
USR00834,Pablo Ramírez,pablo.ramirez761@outlook.com,1973-03-29,true,cine|moda|gaming,12248.38,2024-04-02
USR00835,Héctor Mendoza,hector.mendoza669@hotmail.com,1977-02-09,true,cine|música|moda|arte|jardín,1566.0,2023-01-25
USR00836,Rafael Ruiz,rafael.ruiz29@gmail.com,1967-12-07,false,fotografía|música|belleza,8956.66,2022-06-20
USR00837,Jorge Muñoz,jorge.muñoz207@gmail.com,1990-07-29,true,gaming|cocina,8456.09,2024-06-04
USR00838,José Martínez,jose.martinez323@yahoo.com,1998-09-20,false,fotografía|tecnología,14381.09,2024-08-10
USR00839,Jorge Mendoza,jorge.mendoza770@proton.me,1987-08-04,true,arte|libros|hogar|fitness|jardín,7532.66,2020-09-07
USR00840,María Guerrero,maria.guerrero816@hotmail.com,1995-08-12,false,mascotas|juguetes|moda|fotografía|música,1181.29,2020-01-18
USR00841,Carmen Cruz,carmen.cruz906@icloud.com,1997-09-09,false,libros|música|automóviles,6712.2,2020-06-21
USR00842,Natalia Vargas,natalia.vargas369@hotmail.com,1990-06-07,false,moda|cine|gaming|viajes|deportes,1461.09,2019-03-03
USR00843,Valentina Jiménez,valentina.jimenez561@outlook.com,1979-01-27,false,mascotas|hogar,14010.84,2020-10-23
USR00844,Luis Reyes,luis.reyes591@proton.me,1999-08-18,false,arte|deportes|juguetes|música,3869.16,2024-04-22
USR00845,Fernando Medina,fernando.medina666@gmail.com,1981-04-22,false,hogar|juguetes|mascotas,6014.09,2025-12-13
USR00846,Beatriz Ramírez,beatriz.ramirez452@proton.me,1983-07-15,false,automóviles|fitness|arte|deportes,3942.41,2019-06-24
USR00847,Mariana Salinas,mariana.salinas59@gmail.com,1978-01-15,false,belleza|tecnología|libros,2373.09,2023-06-24
USR00848,Luis Cruz,luis.cruz398@gmail.com,1968-11-07,false,deportes|arte|electrónica|belleza|automóviles,10976.67,2023-06-14
USR00849,Adriana Gutiérrez,adriana.gutierrez205@hotmail.com,1996-07-03,false,fitness|deportes|oficina|belleza|mascotas,1714.9,2024-02-05
USR00850,José Herrera,jose.herrera160@gmail.com,2001-04-09,false,libros|viajes|fitness|moda|cine,11843.39,2024-04-23
USR00851,Camila Martínez,camila.martinez217@yahoo.com,1993-07-08,false,jardín|cocina,1253.87,2019-10-11
USR00852,Paula Romero,paula.romero84@proton.me,1976-08-21,false,electrónica|jardín|automóviles|viajes,12458.24,2020-01-14
USR00853,Claudia Ruiz,claudia.ruiz987@outlook.com,1986-05-01,false,música|viajes|arte|jardín,14483.85,2023-11-25
USR00854,Sergio Espinoza,sergio.espinoza585@yahoo.com,1994-10-16,false,tecnología|belleza|viajes|deportes|libros,212.8,2024-02-22
USR00855,Valentina Vega,valentina.vega886@proton.me,1965-03-02,false,hogar|jardín|cocina|automóviles,14149.86,2020-05-29
USR00856,Octavio Medina,octavio.medina655@proton.me,1973-06-02,false,moda|viajes,10446.69,2020-11-11
USR00857,Rafael Moreno,rafael.moreno222@yahoo.com,1965-09-23,false,viajes|oficina|tecnología|arte,13449.82,2024-08-18
USR00858,Sofía Espinoza,sofia.espinoza512@icloud.com,1999-04-28,false,jardín|oficina|arte|belleza|juguetes,1700.7,2020-12-21
USR00859,Patricia Gutiérrez,patricia.gutierrez383@outlook.com,1982-02-12,false,belleza|música|oficina,12676.37,2023-11-27
USR00860,Octavio Vargas,octavio.vargas719@gmail.com,1994-02-21,true,deportes|hogar,9243.91,2023-08-12
USR00861,Miguel Vega,miguel.vega768@icloud.com,2001-02-24,true,electrónica|automóviles,10015.65,2023-09-19
USR00862,Camila Cruz,camila.cruz796@gmail.com,1980-09-23,false,belleza|cine|hogar|viajes|mascotas,6194.02,2023-06-10
USR00863,Carlos Castillo,carlos.castillo801@proton.me,1976-11-12,false,automóviles|fotografía|cocina,12577.26,2023-08-26
USR00864,Beatriz Morales,beatriz.morales5@icloud.com,2001-10-14,false,moda|tecnología|juguetes|libros|arte,5026.35,2025-06-01
USR00865,Claudia Morales,claudia.morales570@proton.me,1982-07-07,false,viajes|cine|moda|jardín|libros,6046.79,2022-07-27
USR00866,Lorena Flores,lorena.flores448@gmail.com,1993-04-29,false,hogar|libros|automóviles,12645.46,2021-12-01
USR00867,Verónica Flores,veronica.flores972@outlook.com,1965-07-09,false,viajes|deportes|juguetes|tecnología,417.28,2025-02-04
USR00868,Laura Delgado,laura.delgado392@proton.me,1993-04-30,false,libros|electrónica,2798.33,2021-06-27
USR00869,Gabriela Gómez,gabriela.gomez549@yahoo.com,1968-09-21,false,cine|cocina|moda,9411.57,2025-07-01
USR00870,Miguel Sánchez,miguel.sanchez471@yahoo.com,1976-10-02,false,hogar|libros,1391.66,2024-07-17
USR00871,Monica Díaz,monica.diaz401@outlook.com,1968-04-20,false,mascotas|tecnología,14388.26,2019-11-09
USR00872,Camila Rojas,camila.rojas430@gmail.com,1973-01-06,true,fitness|electrónica|música|belleza|fotografía,1758.11,2022-11-05
USR00873,Sergio Castro,sergio.castro629@proton.me,1976-06-01,true,música|automóviles,2892.68,2019-05-02
USR00874,Iván Rodríguez,ivan.rodriguez531@hotmail.com,1966-04-29,false,viajes|arte|hogar,2078.48,2019-12-08
USR00875,Raúl Espinoza,raul.espinoza963@hotmail.com,1969-02-15,false,cocina|oficina|mascotas,10621.25,2022-04-20
USR00876,Patricia Vega,patricia.vega447@outlook.com,1969-08-13,false,viajes|cocina|música|oficina|juguetes,2484.8,2021-04-23
USR00877,Raúl Vega,raul.vega444@outlook.com,1973-12-17,false,jardín|cocina|fitness|hogar|cine,5609.41,2019-09-21
USR00878,Eduardo Flores,eduardo.flores911@icloud.com,1983-05-21,false,automóviles|cocina,9058.23,2024-12-12
USR00879,Sergio Romero,sergio.romero31@outlook.com,2000-06-24,false,música|fitness,5366.17,2019-10-25
USR00880,Camila Ibáñez,camila.ibañez381@yahoo.com,1995-11-16,true,libros|fitness|hogar|tecnología,10752.04,2021-05-25
USR00881,Patricia Delgado,patricia.delgado815@yahoo.com,1991-12-30,false,gaming|belleza|deportes|cine,7908.94,2020-02-26
USR00882,Verónica Reyes,veronica.reyes734@proton.me,1998-12-03,false,juguetes|jardín,4766.75,2022-08-04
USR00883,Jorge Gómez,jorge.gomez51@gmail.com,1985-04-24,false,mascotas|moda|cocina|jardín|hogar,9021.46,2025-08-18
USR00884,Pablo Morales,pablo.morales591@proton.me,2000-02-20,true,fotografía|tecnología,13674.65,2022-03-10
USR00885,Diego Romero,diego.romero38@gmail.com,1986-01-29,true,fitness|tecnología,12447.75,2023-08-28
USR00886,Raúl Jiménez,raul.jimenez282@outlook.com,1992-06-20,true,arte|cine|deportes|fitness,5899.91,2024-02-05
USR00887,Sandra Salinas,sandra.salinas991@gmail.com,1975-01-19,true,arte|hogar,12381.85,2020-07-22
USR00888,Miguel Mendoza,miguel.mendoza883@icloud.com,1965-03-22,true,gaming|música|deportes|viajes|arte,3895.32,2019-06-26
USR00889,Sofía Martínez,sofia.martinez970@yahoo.com,1996-05-04,false,deportes|cocina|fitness|cine,13872.88,2025-07-17
USR00890,Patricia Sánchez,patricia.sanchez130@proton.me,1970-06-28,false,libros|juguetes|jardín|electrónica,8668.27,2024-06-30
USR00891,Paula Mendoza,paula.mendoza792@yahoo.com,1990-01-20,false,gaming|deportes|cocina|fotografía|juguetes,9892.21,2021-04-23
USR00892,Hugo González,hugo.gonzalez77@outlook.com,1973-06-06,false,moda|viajes|tecnología|juguetes|electrónica,1568.02,2021-05-04
USR00893,Fernanda Fuentes,fernanda.fuentes527@gmail.com,1970-11-01,false,fotografía|electrónica|libros|automóviles,13750.46,2023-04-29
USR00894,Eduardo Campos,eduardo.campos526@yahoo.com,1983-12-24,false,cine|viajes|deportes,10293.99,2025-06-22
USR00895,Luz Pérez,luz.perez151@hotmail.com,1976-12-19,true,hogar|oficina|gaming|tecnología|electrónica,7143.61,2024-12-14
USR00896,Eduardo Álvarez,eduardo.alvarez272@yahoo.com,1984-05-10,false,belleza|deportes,2259.3,2024-08-18
USR00897,Claudia Ríos,claudia.rios342@yahoo.com,1969-05-22,true,electrónica|cocina,9729.33,2023-09-27
USR00898,Jorge Vargas,jorge.vargas194@gmail.com,1995-07-23,true,música|cocina|automóviles|mascotas|jardín,9695.17,2020-03-30
USR00899,Roberto Sánchez,roberto.sanchez55@hotmail.com,1967-12-15,true,juguetes|cocina,4131.89,2025-12-15
USR00900,Hugo Figueroa,hugo.figueroa415@hotmail.com,1972-09-03,false,cine|hogar|gaming|cocina|mascotas,5214.5,2022-03-25
USR00901,Carmen Núñez,carmen.nuñez295@icloud.com,1996-06-03,false,hogar|música,11086.36,2021-09-04
USR00902,Andrés Mendoza,andres.mendoza698@yahoo.com,1985-06-03,false,música|oficina,14433.65,2024-04-27
USR00903,Claudia Ruiz,claudia.ruiz22@proton.me,1999-02-08,true,cocina|deportes|música,8910.08,2024-04-24
USR00904,Fernanda García,fernanda.garcia501@gmail.com,1990-06-13,false,mascotas|hogar|moda,12530.39,2024-11-21
USR00905,Mauricio Flores,mauricio.flores774@proton.me,1980-01-22,false,hogar|oficina|fotografía,7359.93,2022-12-07
USR00906,Iván Ortiz,ivan.ortiz680@yahoo.com,1996-11-09,false,cocina|arte|electrónica|tecnología|juguetes,13370.59,2025-09-06
USR00907,Héctor Sánchez,hector.sanchez277@hotmail.com,1994-07-31,false,libros|jardín,5357.92,2019-05-07
USR00908,Daniela Delgado,daniela.delgado759@proton.me,1969-11-04,false,arte|viajes|deportes|juguetes|cine,13157.16,2025-02-09
USR00909,Eduardo Fuentes,eduardo.fuentes180@yahoo.com,1978-11-16,false,arte|fitness|cine|jardín,616.5,2024-10-31
USR00910,Hugo Ruiz,hugo.ruiz855@icloud.com,2000-07-20,false,jardín|electrónica,4326.13,2019-02-04
USR00911,Sandra Rojas,sandra.rojas151@outlook.com,1977-12-06,true,libros|automóviles|fotografía|música|belleza,11996.78,2019-03-05
USR00912,Patricia López,patricia.lopez223@yahoo.com,1965-03-25,false,juguetes|hogar|moda|mascotas,5283.83,2019-01-03
USR00913,Ana Ortiz,ana.ortiz142@gmail.com,1996-12-29,false,fotografía|automóviles|belleza|libros,2139.66,2021-03-16
USR00914,Claudia Guerrero,claudia.guerrero941@gmail.com,1986-03-24,false,fotografía|gaming,3730.93,2023-05-02
USR00915,Claudia Romero,claudia.romero991@icloud.com,1978-12-10,false,cocina|fotografía,8458.61,2022-08-13
USR00916,Fernanda Ramírez,fernanda.ramirez700@icloud.com,1973-12-13,false,cocina|libros|jardín,4574.94,2022-05-02
USR00917,Arturo Paredes,arturo.paredes473@hotmail.com,1988-08-15,false,cine|jardín|hogar,10412.0,2024-08-25
USR00918,Beatriz Figueroa,beatriz.figueroa367@outlook.com,1966-03-30,true,arte|jardín|electrónica|juguetes|automóviles,14362.38,2023-09-21
USR00919,Laura Ramírez,laura.ramirez630@hotmail.com,1992-11-07,false,gaming|juguetes|automóviles|arte,803.04,2023-05-28
USR00920,Diego Romero,diego.romero687@outlook.com,2002-08-24,true,electrónica|automóviles,1269.89,2022-01-11
USR00921,Luz Pérez,luz.perez342@outlook.com,1995-12-24,false,fotografía|juguetes,12964.71,2020-05-12
USR00922,Silvia Guerrero,silvia.guerrero691@hotmail.com,1990-03-19,false,viajes|automóviles,2046.04,2020-09-25
USR00923,Gabriela Paredes,gabriela.paredes319@gmail.com,1968-01-06,true,mascotas|viajes,2295.33,2020-05-10
USR00924,Lorena Pérez,lorena.perez254@icloud.com,1984-11-28,false,hogar|mascotas|tecnología,834.8,2020-05-13
USR00925,Gabriela Romero,gabriela.romero496@icloud.com,1995-07-25,false,gaming|belleza|cocina,12889.71,2025-12-02
USR00926,Sofía Gutiérrez,sofia.gutierrez150@proton.me,1994-06-29,false,música|libros,2561.63,2025-02-17
USR00927,Jorge Castro,jorge.castro492@proton.me,1977-05-06,false,fotografía|hogar|mascotas|arte,5787.31,2020-03-15
USR00928,Patricia Navarro,patricia.navarro834@icloud.com,1982-06-21,true,libros|tecnología|fotografía|electrónica|hogar,8708.07,2019-05-20
USR00929,Luz Salinas,luz.salinas915@yahoo.com,1965-05-30,false,moda|arte|libros|electrónica|automóviles,5366.21,2024-08-23
USR00930,Camila Álvarez,camila.alvarez925@proton.me,1997-04-06,false,automóviles|deportes|música|libros|arte,6892.23,2020-07-27
USR00931,Paula Ibáñez,paula.ibañez311@icloud.com,1996-10-13,false,deportes|mascotas|cine|juguetes|música,1941.33,2022-08-20
USR00932,Fernanda Guerrero,fernanda.guerrero357@gmail.com,1994-11-04,true,deportes|moda|tecnología|música|gaming,7491.51,2024-05-05
USR00933,Alejandro Cruz,alejandro.cruz791@outlook.com,1967-11-21,true,hogar|música|cine,9178.55,2020-04-13
USR00934,José González,jose.gonzalez453@gmail.com,1996-05-05,false,oficina|tecnología|música|fitness,5664.43,2025-06-08
USR00935,Verónica Gómez,veronica.gomez201@hotmail.com,1998-04-17,false,mascotas|electrónica|fotografía|gaming,6510.95,2024-12-04
USR00936,Jorge Hernández,jorge.hernandez597@gmail.com,2001-05-03,false,hogar|viajes,13399.37,2023-01-12
USR00937,Adriana Navarro,adriana.navarro582@proton.me,1997-09-29,false,fitness|música,2852.05,2021-04-29
USR00938,Arturo Castro,arturo.castro513@outlook.com,1984-03-06,false,arte|belleza|libros|deportes,13109.65,2025-05-20
USR00939,Laura Ramírez,laura.ramirez802@gmail.com,1991-12-25,false,hogar|oficina|mascotas|gaming,338.14,2022-04-02
USR00940,Fernando Moreno,fernando.moreno721@icloud.com,1990-10-23,false,deportes|música|fotografía|oficina,12797.93,2025-11-08
USR00941,Mauricio Jiménez,mauricio.jimenez409@icloud.com,1986-02-16,false,belleza|hogar,9798.48,2019-05-13
USR00942,Natalia Navarro,natalia.navarro268@hotmail.com,1989-07-17,false,fitness|moda|libros,13862.61,2019-09-13
USR00943,Daniela Vega,daniela.vega75@outlook.com,1991-11-01,true,arte|deportes,13312.78,2024-05-15
USR00944,Diego Reyes,diego.reyes741@outlook.com,1987-10-09,false,hogar|moda,9755.05,2023-11-03
USR00945,Héctor Jiménez,hector.jimenez801@hotmail.com,1988-12-18,false,tecnología|moda|oficina,10229.12,2019-03-16
USR00946,Verónica Castro,veronica.castro54@gmail.com,1984-08-24,true,cine|libros|jardín|belleza|juguetes,13457.2,2023-02-15
USR00947,Sergio Gómez,sergio.gomez352@hotmail.com,1983-07-13,true,moda|gaming|juguetes|deportes|tecnología,14864.08,2019-03-03
USR00948,Raúl Morales,raul.morales833@hotmail.com,1984-09-03,false,deportes|moda,4238.94,2022-07-10
USR00949,Sergio Núñez,sergio.nuñez671@outlook.com,1994-07-01,true,fotografía|libros|cine,9848.85,2019-11-09
USR00950,Fernando Herrera,fernando.herrera211@icloud.com,1978-02-17,false,arte|gaming|electrónica|fotografía|oficina,7902.66,2021-12-31
USR00951,Alejandro Espinoza,alejandro.espinoza555@outlook.com,1996-08-24,false,moda|arte,4196.76,2021-04-13
USR00952,Diego Fuentes,diego.fuentes237@proton.me,2001-08-15,false,belleza|viajes|hogar|arte,538.02,2021-08-20
USR00953,Hugo Medina,hugo.medina666@yahoo.com,1991-05-22,false,hogar|tecnología|mascotas|moda|cocina,4506.19,2019-12-13
USR00954,Ana Reyes,ana.reyes876@gmail.com,1975-01-26,false,mascotas|tecnología|cine|belleza|electrónica,5689.9,2023-11-01
USR00955,Iván Martínez,ivan.martinez677@icloud.com,1998-11-05,false,moda|belleza|arte|tecnología,13840.48,2021-12-11
USR00956,César Guerrero,cesar.guerrero222@outlook.com,2000-02-09,true,fitness|jardín,12110.95,2025-03-16
USR00957,Pablo Rojas,pablo.rojas295@outlook.com,1985-12-18,false,jardín|juguetes|automóviles|cocina|música,1978.09,2019-03-04
USR00958,Paula Rojas,paula.rojas974@yahoo.com,1990-08-14,false,deportes|gaming|belleza|fotografía,579.09,2022-01-28
USR00959,Monica Reyes,monica.reyes676@icloud.com,1994-08-23,false,oficina|tecnología|hogar|fotografía,12540.0,2021-01-02
USR00960,Eduardo Aguilar,eduardo.aguilar18@proton.me,2002-11-16,false,tecnología|electrónica|moda|arte|mascotas,6129.16,2025-07-01
USR00961,Laura Reyes,laura.reyes919@yahoo.com,1976-08-23,false,deportes|electrónica|música|cocina,1908.34,2020-12-15
USR00962,Valentina Campos,valentina.campos672@proton.me,1966-09-23,false,gaming|hogar,10266.62,2023-12-09
USR00963,Fernanda Mendoza,fernanda.mendoza43@gmail.com,1995-06-07,false,moda|cocina|juguetes,8106.62,2019-07-03
USR00964,Rafael Morales,rafael.morales359@outlook.com,1970-01-29,true,deportes|automóviles,3554.68,2022-08-27
USR00965,Arturo Castillo,arturo.castillo850@yahoo.com,1992-03-24,false,deportes|jardín|fotografía|libros|tecnología,5024.79,2023-07-30
USR00966,Luz Castillo,luz.castillo482@gmail.com,1978-01-18,false,oficina|tecnología|música|arte,13678.09,2019-04-15
USR00967,Miguel Núñez,miguel.nuñez217@outlook.com,2002-04-07,true,automóviles|oficina|arte|viajes,9855.89,2020-09-06
USR00968,Pablo Salinas,pablo.salinas81@icloud.com,1990-10-08,false,gaming|juguetes,8084.51,2020-05-11
USR00969,Lorena Martínez,lorena.martinez622@hotmail.com,2002-07-03,false,automóviles|oficina|electrónica|fitness|cocina,13666.04,2022-09-08
USR00970,Daniela Castillo,daniela.castillo237@yahoo.com,1968-07-29,false,fitness|hogar|gaming|electrónica|jardín,8406.86,2019-11-10
USR00971,Monica Salinas,monica.salinas496@icloud.com,2002-02-19,false,electrónica|jardín|gaming,13885.75,2021-09-30
USR00972,Adriana Navarro,adriana.navarro691@yahoo.com,1979-01-30,true,oficina|cocina|fotografía,1222.59,2023-09-21
USR00973,Mauricio Torres,mauricio.torres590@gmail.com,1983-10-12,false,viajes|música|electrónica|tecnología|juguetes,11482.64,2024-04-08
USR00974,Silvia Pérez,silvia.perez130@proton.me,1972-06-28,true,jardín|tecnología,1985.67,2024-12-08
USR00975,Pablo Gutiérrez,pablo.gutierrez363@proton.me,1978-02-28,true,cine|belleza|gaming,5052.12,2022-10-10
USR00976,Fernanda Núñez,fernanda.nuñez632@proton.me,1980-12-03,false,moda|deportes,13660.11,2024-01-17
USR00977,Silvia Gutiérrez,silvia.gutierrez297@gmail.com,1991-08-17,false,libros|música|automóviles|deportes|oficina,10108.61,2024-02-01
USR00978,Pablo Mendoza,pablo.mendoza450@gmail.com,1975-06-03,false,automóviles|juguetes|cocina,7399.4,2019-07-17
USR00979,Arturo Fuentes,arturo.fuentes919@hotmail.com,1966-11-19,false,fotografía|fitness|cine|juguetes|música,6458.06,2022-02-13
USR00980,Arturo Campos,arturo.campos322@hotmail.com,1970-04-27,false,arte|fotografía,4107.73,2023-12-03
USR00981,Roberto Flores,roberto.flores296@hotmail.com,1969-04-22,false,oficina|hogar|gaming|cocina,8282.45,2024-09-14
USR00982,César Flores,cesar.flores29@hotmail.com,1965-04-20,false,belleza|oficina,12487.57,2019-04-16
USR00983,Monica Díaz,monica.diaz289@gmail.com,1997-02-17,true,electrónica|automóviles|libros|oficina|fotografía,6666.08,2023-11-06
USR00984,Sandra Ortiz,sandra.ortiz89@gmail.com,1998-05-22,false,cocina|hogar|arte,10910.42,2022-09-01
USR00985,Andrés Ríos,andres.rios344@gmail.com,1984-06-10,true,electrónica|automóviles|deportes|fitness,13985.52,2024-11-05
USR00986,Alejandro Gómez,alejandro.gomez862@hotmail.com,1991-04-21,false,tecnología|gaming,13081.72,2021-06-20
USR00987,Beatriz Gómez,beatriz.gomez272@hotmail.com,1973-11-28,true,libros|mascotas|música|juguetes|fotografía,14262.49,2021-05-27
USR00988,Carlos Gutiérrez,carlos.gutierrez69@proton.me,1976-10-20,false,belleza|viajes|música|moda|jardín,9465.4,2021-08-19
USR00989,Octavio Álvarez,octavio.alvarez496@proton.me,1986-10-05,false,fotografía|gaming|oficina,11951.19,2023-05-26
USR00990,Rafael Álvarez,rafael.alvarez557@outlook.com,1985-01-22,false,fotografía|hogar|gaming|juguetes|oficina,3710.94,2023-10-07
USR00991,Sofía Rivera,sofia.rivera476@outlook.com,2002-09-08,false,hogar|arte|cine|libros,9015.88,2021-08-19
USR00992,María Vargas,maria.vargas275@yahoo.com,1976-09-26,false,jardín|moda|belleza,6168.44,2023-12-16
USR00993,Claudia Romero,claudia.romero267@proton.me,1974-10-28,false,cocina|mascotas,9543.99,2019-07-06
USR00994,Gabriela Medina,gabriela.medina420@hotmail.com,1999-12-21,true,juguetes|música|belleza,14218.17,2025-11-17
USR00995,Mariana Ruiz,mariana.ruiz133@gmail.com,2000-01-04,false,tecnología|cine,13683.43,2025-03-14
USR00996,Luis Salinas,luis.salinas51@hotmail.com,2002-08-07,false,arte|belleza|viajes,12895.84,2021-07-28
USR00997,Ricardo Flores,ricardo.flores933@gmail.com,1966-08-15,true,fitness|jardín|viajes|gaming,11326.83,2024-11-26
USR00998,Miguel Ríos,miguel.rios408@hotmail.com,1993-05-01,false,moda|música|fotografía|belleza|tecnología,506.67,2020-05-21
USR00999,Pablo Salinas,pablo.salinas411@gmail.com,1987-08-19,false,cocina|deportes|juguetes,302.31,2025-01-27
USR01000,Rafael Torres,rafael.torres98@yahoo.com,1977-04-18,false,viajes|fotografía|fitness|jardín|tecnología,3040.0,2021-12-18
USR01001,Luz Delgado,luz.delgado483@icloud.com,1977-06-30,false,fotografía|jardín|deportes|gaming|juguetes,4266.34,2024-12-24
USR01002,Mauricio Morales,mauricio.morales392@yahoo.com,1999-03-20,true,mascotas|cine,6784.06,2025-06-24
USR01003,María Romero,maria.romero790@icloud.com,1969-11-21,false,electrónica|arte|mascotas,4986.53,2019-12-09
USR01004,Miguel Muñoz,miguel.muñoz174@gmail.com,1971-05-05,false,mascotas|juguetes|gaming,9247.33,2024-04-23
USR01005,Lorena Delgado,lorena.delgado779@outlook.com,1978-12-21,false,moda|mascotas|cocina,12514.85,2019-05-30
USR01006,Alejandro Espinoza,alejandro.espinoza579@yahoo.com,1994-04-01,false,tecnología|cocina|viajes|mascotas|automóviles,4827.57,2024-06-01
USR01007,Mauricio Muñoz,mauricio.muñoz880@proton.me,1968-06-23,false,hogar|jardín,1909.24,2019-02-25
USR01008,Andrés Fuentes,andres.fuentes767@outlook.com,1970-02-06,true,música|viajes,13282.54,2024-07-21
USR01009,Andrés Paredes,andres.paredes823@yahoo.com,1970-04-11,false,libros|belleza|jardín|cine|tecnología,14936.16,2022-01-15
USR01010,Lorena Mendoza,lorena.mendoza630@icloud.com,1995-09-24,false,juguetes|música|libros|fotografía,12042.21,2023-03-01
USR01011,Lorena Núñez,lorena.nuñez258@icloud.com,1997-01-28,false,electrónica|viajes|fitness|libros|música,147.32,2023-09-02
USR01012,Isabella Torres,isabella.torres482@proton.me,1973-06-02,false,tecnología|fotografía,10410.68,2025-01-11
USR01013,Patricia Ruiz,patricia.ruiz97@icloud.com,1972-01-08,true,oficina|electrónica,5256.79,2025-04-09
USR01014,Roberto Álvarez,roberto.alvarez644@yahoo.com,2001-10-26,false,viajes|cocina,8767.03,2022-06-06
USR01015,Monica Campos,monica.campos786@icloud.com,1971-11-03,true,cocina|belleza|juguetes|viajes|deportes,10959.87,2022-02-20
USR01016,Isabella Ortiz,isabella.ortiz578@icloud.com,1993-12-04,false,libros|automóviles,4952.4,2025-08-22
USR01017,Rafael Reyes,rafael.reyes990@gmail.com,2001-01-14,false,viajes|música|tecnología|gaming|oficina,2150.0,2024-05-01
USR01018,Carlos Mendoza,carlos.mendoza80@outlook.com,1984-01-31,false,libros|automóviles,4906.34,2024-08-11
USR01019,César Sánchez,cesar.sanchez247@icloud.com,1979-03-22,true,cine|oficina|mascotas|arte|fotografía,13249.28,2021-05-26
USR01020,Andrés Paredes,andres.paredes854@outlook.com,1996-03-07,false,libros|jardín|belleza|electrónica,10280.51,2025-04-04
USR01021,Claudia Salinas,claudia.salinas357@proton.me,1980-07-09,false,tecnología|arte|electrónica,3206.7,2025-04-11
USR01022,Jorge Moreno,jorge.moreno384@yahoo.com,1988-08-06,false,tecnología|viajes|electrónica,84.22,2022-06-25
USR01023,Natalia Pérez,natalia.perez933@gmail.com,1994-01-13,false,cocina|automóviles|tecnología|oficina,9625.11,2023-06-20
USR01024,José Espinoza,jose.espinoza722@icloud.com,1993-05-12,false,cocina|moda|tecnología|mascotas,7354.51,2024-04-23
USR01025,Silvia Salinas,silvia.salinas769@gmail.com,1992-06-30,false,moda|arte,10584.59,2020-12-25
USR01026,Diego Hernández,diego.hernandez430@proton.me,1996-11-16,true,moda|electrónica,4713.55,2025-02-06
USR01027,Paula Gómez,paula.gomez671@proton.me,1972-08-04,false,fitness|oficina,7745.11,2023-07-10
USR01028,Javier Ibáñez,javier.ibañez686@icloud.com,1971-08-14,false,deportes|viajes,1259.53,2023-12-22
USR01029,José Reyes,jose.reyes624@proton.me,1998-07-03,true,automóviles|jardín|música,4667.47,2025-04-15
USR01030,Sergio Sánchez,sergio.sanchez350@gmail.com,1973-03-10,true,juguetes|deportes|electrónica|oficina|hogar,2784.88,2025-08-18
USR01031,Octavio Rodríguez,octavio.rodriguez786@outlook.com,1968-08-24,false,tecnología|viajes|arte,4616.73,2021-02-21
USR01032,Silvia Ramírez,silvia.ramirez318@hotmail.com,1977-07-07,false,cine|fotografía,8475.6,2023-08-23
USR01033,Roberto Gómez,roberto.gomez280@proton.me,1984-09-20,false,música|fotografía|cocina,1386.18,2022-12-25
USR01034,Fernanda Castillo,fernanda.castillo358@proton.me,1984-06-18,false,música|moda|cine|libros|viajes,9690.12,2022-03-28
USR01035,Camila Ruiz,camila.ruiz717@hotmail.com,1985-12-24,false,deportes|automóviles|viajes|cocina,471.72,2020-04-17
USR01036,Lorena Ibáñez,lorena.ibañez647@icloud.com,1979-06-28,false,mascotas|libros|electrónica,8456.54,2025-08-07
USR01037,José Mendoza,jose.mendoza719@hotmail.com,1983-11-27,false,arte|tecnología,5020.69,2020-02-15
USR01038,Isabella Álvarez,isabella.alvarez314@gmail.com,1984-09-10,false,electrónica|belleza|música,8903.62,2023-11-17
USR01039,Raúl Romero,raul.romero485@outlook.com,1995-06-10,false,cocina|arte|fitness,4502.6,2021-08-17
USR01040,César Ríos,cesar.rios111@icloud.com,1972-06-19,false,jardín|cocina|cine|tecnología|música,13298.93,2024-11-16
USR01041,Jorge Delgado,jorge.delgado770@gmail.com,1978-11-16,false,libros|fitness|moda,12022.34,2024-02-22
USR01042,Andrea Flores,andrea.flores472@hotmail.com,1978-07-08,false,libros|viajes,1205.63,2021-08-25
USR01043,Camila Gutiérrez,camila.gutierrez93@gmail.com,1986-05-31,false,libros|belleza|arte,5170.68,2024-04-12
USR01044,Verónica Rojas,veronica.rojas404@proton.me,1975-11-22,true,mascotas|cine|electrónica,5813.61,2022-07-27
USR01045,César Ramírez,cesar.ramirez410@yahoo.com,1986-11-27,true,fotografía|jardín|cine|deportes,3325.41,2025-10-28
USR01046,Isabella Morales,isabella.morales378@gmail.com,1993-12-17,false,fitness|automóviles|tecnología|cine,2071.2,2021-02-08
USR01047,José Díaz,jose.diaz310@hotmail.com,1977-10-13,false,deportes|fitness|cine|música|jardín,5802.23,2024-05-22
USR01048,José Ortiz,jose.ortiz982@outlook.com,2001-03-02,true,música|oficina|cine|automóviles|hogar,5194.3,2020-02-20
USR01049,Luz Romero,luz.romero823@hotmail.com,1990-10-12,false,música|fitness,10294.48,2019-02-17
USR01050,Sandra Salinas,sandra.salinas983@proton.me,1993-06-12,true,jardín|moda|fotografía|oficina|cocina,9054.54,2024-01-19
USR01051,Mauricio Castillo,mauricio.castillo800@outlook.com,1988-11-07,false,fitness|belleza|arte|hogar|música,13054.71,2019-11-24
USR01052,Valentina García,valentina.garcia346@gmail.com,1985-11-06,false,viajes|automóviles|electrónica|jardín,597.67,2024-06-28
USR01053,Patricia Castillo,patricia.castillo52@gmail.com,1989-05-07,false,cocina|jardín|fitness|fotografía,2680.92,2023-01-01
USR01054,Javier Rodríguez,javier.rodriguez458@proton.me,1966-08-23,false,fotografía|moda|hogar|arte,3729.4,2019-12-11
USR01055,Iván Pérez,ivan.perez130@yahoo.com,1985-07-19,false,mascotas|jardín|cocina,13781.63,2024-11-14
USR01056,Arturo Aguilar,arturo.aguilar42@gmail.com,1971-08-02,true,fitness|arte,5728.69,2019-11-19
USR01057,Natalia Paredes,natalia.paredes768@proton.me,1976-07-10,true,jardín|cine|tecnología|música,12552.8,2023-11-11
USR01058,Sofía Gómez,sofia.gomez585@proton.me,2000-11-03,true,fotografía|automóviles|belleza|gaming,5613.55,2024-04-21
USR01059,Camila Gutiérrez,camila.gutierrez282@icloud.com,1982-11-19,false,cocina|automóviles|moda,10173.12,2022-01-21
USR01060,Carlos Navarro,carlos.navarro213@yahoo.com,1976-12-24,false,jardín|libros,8986.19,2022-07-27
USR01061,Miguel Cruz,miguel.cruz231@gmail.com,1992-06-04,false,fitness|gaming,10922.46,2025-10-31
USR01062,Patricia Guerrero,patricia.guerrero431@yahoo.com,1980-04-12,false,belleza|cine|mascotas|tecnología,5195.49,2023-12-26
USR01063,Valentina Aguilar,valentina.aguilar875@outlook.com,1966-06-13,true,viajes|belleza|música|cine|cocina,9470.76,2025-04-18
USR01064,Sergio Hernández,sergio.hernandez213@proton.me,1985-12-19,true,fotografía|oficina|fitness|electrónica,2338.51,2025-07-23
USR01065,Andrés Campos,andres.campos361@outlook.com,1989-02-11,false,jardín|tecnología|fotografía|mascotas|gaming,5676.43,2020-05-20
USR01066,Miguel Romero,miguel.romero224@hotmail.com,2003-10-19,false,hogar|juguetes|fotografía,11503.12,2023-07-01
USR01067,Verónica Navarro,veronica.navarro361@yahoo.com,1993-04-10,true,jardín|cocina|fitness,9963.52,2022-07-25
USR01068,Mauricio Herrera,mauricio.herrera546@outlook.com,1972-01-16,false,gaming|cine|mascotas|electrónica|fotografía,6000.82,2019-01-14
USR01069,Iván Ruiz,ivan.ruiz782@outlook.com,1973-06-22,true,música|hogar|cine|jardín|automóviles,9283.14,2020-07-21
USR01070,Mariana Campos,mariana.campos516@proton.me,1983-05-04,true,oficina|juguetes,4875.3,2021-10-20
USR01071,Andrés Delgado,andres.delgado641@hotmail.com,1985-07-15,false,deportes|arte|tecnología|cine|viajes,10845.9,2021-09-07
USR01072,Isabella Castro,isabella.castro960@gmail.com,1966-05-22,false,fitness|libros|fotografía,8664.03,2024-02-24
USR01073,Daniela Rojas,daniela.rojas618@icloud.com,2002-08-02,false,gaming|música|electrónica|automóviles|hogar,13081.28,2020-10-14
USR01074,Daniela Aguilar,daniela.aguilar740@proton.me,1995-05-13,false,tecnología|moda,13005.94,2024-04-09
USR01075,Pablo González,pablo.gonzalez802@outlook.com,2002-02-17,true,cocina|belleza|hogar|tecnología|electrónica,4394.45,2023-06-20
USR01076,Raúl López,raul.lopez373@hotmail.com,2002-12-31,false,automóviles|electrónica|jardín|hogar|oficina,11369.11,2025-07-02
USR01077,César Sánchez,cesar.sanchez740@hotmail.com,1975-11-27,false,arte|jardín|fitness,3151.27,2020-02-02
USR01078,Natalia Salinas,natalia.salinas711@hotmail.com,1998-12-16,false,electrónica|mascotas,5136.64,2023-12-27
USR01079,Natalia Medina,natalia.medina717@hotmail.com,1988-05-28,false,juguetes|cocina|moda|libros,389.11,2023-02-28
USR01080,Arturo Castillo,arturo.castillo731@proton.me,1984-09-24,false,fotografía|música|oficina|mascotas,2316.62,2020-06-10
USR01081,Valentina Núñez,valentina.nuñez300@hotmail.com,1991-03-18,true,cocina|gaming|tecnología|viajes|fotografía,3891.32,2024-09-14
USR01082,Silvia Fuentes,silvia.fuentes416@icloud.com,1981-10-17,false,oficina|música|arte|libros|fitness,12981.13,2024-06-10
USR01083,Luz Flores,luz.flores892@yahoo.com,1975-02-01,false,música|mascotas|cine|tecnología|deportes,3096.44,2020-09-06
USR01084,Paula Núñez,paula.nuñez797@outlook.com,1985-08-09,true,viajes|arte,12599.66,2024-11-16
USR01085,Roberto Gómez,roberto.gomez373@yahoo.com,1987-10-06,true,cine|hogar,4072.1,2024-12-30
USR01086,Silvia Herrera,silvia.herrera894@icloud.com,1988-06-16,false,moda|electrónica,3670.38,2021-01-18
USR01087,Hugo Salinas,hugo.salinas879@gmail.com,1992-04-29,false,gaming|electrónica|música,8279.63,2020-01-10
USR01088,Silvia Gómez,silvia.gomez751@yahoo.com,1967-09-25,false,libros|automóviles,3413.79,2025-07-26
USR01089,César Guerrero,cesar.guerrero489@hotmail.com,1986-06-16,true,hogar|belleza|moda|fitness|deportes,6628.47,2024-05-03
USR01090,Jorge Pérez,jorge.perez556@icloud.com,1965-06-07,false,oficina|mascotas|fotografía,12917.09,2020-04-01
USR01091,Raúl Medina,raul.medina797@yahoo.com,1998-11-06,false,juguetes|electrónica|tecnología,9020.31,2024-07-10
USR01092,Octavio Rivera,octavio.rivera337@yahoo.com,1977-05-08,false,automóviles|fotografía|juguetes|cocina|gaming,9388.83,2020-04-01
USR01093,César Rivera,cesar.rivera500@outlook.com,1987-03-29,false,fitness|automóviles,2681.93,2023-11-05
USR01094,Beatriz Jiménez,beatriz.jimenez97@hotmail.com,1974-07-26,false,fitness|belleza|música|viajes|hogar,7526.7,2022-08-03
USR01095,Adriana Fuentes,adriana.fuentes484@icloud.com,1995-02-21,false,fotografía|viajes,4856.48,2021-02-25
USR01096,Adriana Romero,adriana.romero805@icloud.com,1986-04-03,false,música|oficina|fitness,11696.32,2022-01-08
USR01097,Roberto Ortiz,roberto.ortiz484@proton.me,1980-11-16,false,arte|libros|fotografía|fitness,6745.62,2023-10-09
USR01098,Arturo Romero,arturo.romero781@proton.me,2001-02-16,false,tecnología|cine|moda|jardín|arte,14624.79,2022-01-28
USR01099,María Figueroa,maria.figueroa208@gmail.com,1979-06-10,false,cocina|fotografía|arte,11863.8,2022-08-27
USR01100,Verónica Muñoz,veronica.muñoz757@yahoo.com,1969-10-17,true,viajes|automóviles|electrónica,3647.07,2022-08-26
USR01101,Raúl Castro,raul.castro965@icloud.com,1991-04-17,false,moda|cine|mascotas|gaming|cocina,889.75,2019-08-18
USR01102,Octavio Ruiz,octavio.ruiz283@hotmail.com,1998-08-21,true,electrónica|fotografía|hogar|mascotas,4868.18,2023-08-22
USR01103,Valentina Torres,valentina.torres604@outlook.com,1976-01-01,false,juguetes|viajes|belleza|deportes,8591.0,2021-12-03
USR01104,Verónica Fuentes,veronica.fuentes837@yahoo.com,1999-08-30,false,tecnología|libros|deportes|fitness,11209.1,2021-05-29
USR01105,Isabella Mendoza,isabella.mendoza480@hotmail.com,1995-05-26,false,electrónica|arte|fitness,3830.37,2019-04-05
USR01106,Diego Sánchez,diego.sanchez658@icloud.com,1981-10-03,true,jardín|cine|mascotas|moda|automóviles,8485.72,2019-05-12
USR01107,Mauricio Mendoza,mauricio.mendoza810@icloud.com,1969-02-18,true,fotografía|juguetes|fitness|deportes|automóviles,7976.44,2024-10-04
USR01108,Laura Delgado,laura.delgado945@outlook.com,1985-03-30,false,oficina|viajes|deportes|jardín|cocina,9756.66,2019-10-27
USR01109,Isabella Salinas,isabella.salinas590@outlook.com,1990-10-13,false,electrónica|automóviles|jardín|tecnología,95.31,2023-05-17
USR01110,María García,maria.garcia231@icloud.com,1995-04-05,false,jardín|libros|cocina|gaming,7985.46,2021-03-31
USR01111,Adriana Delgado,adriana.delgado948@hotmail.com,1978-11-03,false,juguetes|libros|viajes|oficina,1513.45,2024-12-24
USR01112,Rafael López,rafael.lopez799@yahoo.com,1979-02-23,false,belleza|arte|deportes,9872.51,2021-04-06
USR01113,Gabriela Flores,gabriela.flores435@hotmail.com,1984-09-21,true,gaming|viajes|arte|tecnología,12512.36,2023-03-17
USR01114,María Medina,maria.medina889@outlook.com,1982-11-28,false,cine|moda|electrónica,3084.48,2023-04-08
USR01115,Fernanda Sánchez,fernanda.sanchez96@gmail.com,1972-04-22,false,automóviles|juguetes|oficina,1805.37,2024-06-26
USR01116,Silvia Núñez,silvia.nuñez367@icloud.com,1981-02-21,false,jardín|viajes|juguetes|deportes,3829.27,2020-04-03
USR01117,Patricia Rodríguez,patricia.rodriguez8@yahoo.com,2002-07-11,true,jardín|cine|hogar|arte|automóviles,6512.23,2022-05-16
USR01118,Roberto Espinoza,roberto.espinoza87@hotmail.com,2003-01-06,false,mascotas|tecnología|cocina|fitness|moda,2660.38,2019-02-07
USR01119,Diego Fuentes,diego.fuentes160@icloud.com,2000-12-29,false,mascotas|moda|juguetes,12995.18,2022-04-15
USR01120,Monica Campos,monica.campos425@icloud.com,1971-10-17,false,jardín|música|juguetes,5476.02,2020-03-24
USR01121,Andrés Rodríguez,andres.rodriguez510@yahoo.com,1992-11-24,false,fotografía|cine|arte,427.17,2019-04-16
USR01122,Natalia Rodríguez,natalia.rodriguez911@icloud.com,1997-05-30,false,moda|libros|jardín|oficina|cine,2372.59,2019-03-03
USR01123,Sergio Cruz,sergio.cruz95@icloud.com,1984-10-03,false,deportes|hogar|mascotas|electrónica|jardín,12853.74,2019-01-03
USR01124,Gabriela Castro,gabriela.castro481@icloud.com,1994-12-26,true,libros|fitness|belleza|arte,7166.85,2025-05-28
USR01125,Jorge Ramírez,jorge.ramirez225@proton.me,1969-04-03,false,libros|gaming|deportes,4234.5,2025-11-24
USR01126,Miguel Morales,miguel.morales232@proton.me,1991-07-03,false,música|fotografía|fitness|electrónica,11398.4,2020-06-23
USR01127,Alejandro Gutiérrez,alejandro.gutierrez384@proton.me,1967-02-26,false,juguetes|moda|cine,14692.96,2019-02-28
USR01128,Valentina Paredes,valentina.paredes35@gmail.com,1990-08-31,false,música|cine|fitness,7257.67,2022-11-09
USR01129,Jorge Paredes,jorge.paredes891@gmail.com,1998-06-02,false,electrónica|viajes|oficina|cocina|belleza,9831.91,2024-10-08
USR01130,Natalia Ruiz,natalia.ruiz914@icloud.com,1985-06-21,true,cocina|fitness|mascotas,10020.19,2022-11-03
USR01131,César Fuentes,cesar.fuentes270@proton.me,1966-02-21,false,arte|jardín,1418.75,2024-02-17
USR01132,Sofía Sánchez,sofia.sanchez564@outlook.com,1989-10-27,true,libros|arte|fotografía|electrónica,14494.39,2024-08-29
USR01133,Isabella Romero,isabella.romero840@hotmail.com,1997-11-25,false,libros|gaming|tecnología,7883.62,2020-09-13
USR01134,Arturo Fuentes,arturo.fuentes538@icloud.com,1975-05-04,false,belleza|arte,5617.08,2020-02-15
USR01135,Beatriz Flores,beatriz.flores651@hotmail.com,1977-06-28,true,libros|belleza|jardín,14385.85,2023-06-30
USR01136,Ricardo Moreno,ricardo.moreno923@gmail.com,1968-05-11,false,mascotas|electrónica|fitness|libros|fotografía,10625.12,2022-06-30
USR01137,Camila Campos,camila.campos609@hotmail.com,1971-06-14,false,moda|jardín,12336.62,2021-09-20
USR01138,Andrea Flores,andrea.flores662@gmail.com,1975-02-25,false,cine|juguetes|viajes|gaming|arte,2106.61,2023-07-03
USR01139,Sofía Guerrero,sofia.guerrero968@proton.me,1977-05-11,false,viajes|electrónica|libros,161.54,2020-04-25
USR01140,Lorena Jiménez,lorena.jimenez537@hotmail.com,1994-08-17,false,oficina|mascotas,4482.33,2020-05-26
USR01141,Iván Campos,ivan.campos466@gmail.com,1982-02-11,false,deportes|fitness|cocina,1692.56,2024-03-25
USR01142,Claudia Guerrero,claudia.guerrero173@proton.me,1992-01-24,false,fotografía|gaming|automóviles|hogar|deportes,3619.39,2024-07-18
USR01143,Hugo Gutiérrez,hugo.gutierrez432@proton.me,1997-11-09,false,hogar|cocina,13570.97,2024-09-11
USR01144,Natalia Navarro,natalia.navarro683@proton.me,2001-02-26,false,arte|deportes|tecnología|hogar,3641.16,2024-07-20
USR01145,Roberto Guerrero,roberto.guerrero445@icloud.com,1988-04-12,false,hogar|mascotas|belleza|cine,631.52,2020-03-17
USR01146,Fernanda Salinas,fernanda.salinas977@gmail.com,1999-04-10,false,juguetes|hogar,5410.51,2025-10-09
USR01147,Javier Romero,javier.romero736@outlook.com,1990-09-20,true,arte|electrónica,14102.96,2023-11-04
USR01148,Ernesto Rodríguez,ernesto.rodriguez222@yahoo.com,1983-06-28,true,tecnología|fitness|hogar,10935.86,2021-11-04
USR01149,Sergio Rojas,sergio.rojas353@yahoo.com,1985-07-22,false,gaming|cocina|electrónica|moda,11529.17,2020-10-19
USR01150,Camila Muñoz,camila.muñoz790@gmail.com,1979-12-22,false,cine|arte|música|mascotas,9246.04,2021-07-21
USR01151,Alejandro Jiménez,alejandro.jimenez104@icloud.com,1987-04-22,false,cine|fitness,11348.47,2021-04-08
USR01152,Fernando Figueroa,fernando.figueroa498@hotmail.com,1979-06-25,true,fitness|electrónica|arte|música,1672.21,2025-07-11
USR01153,Gabriela Ríos,gabriela.rios718@icloud.com,1996-03-16,true,belleza|oficina|música|cine,2979.29,2020-01-06
USR01154,Carmen Núñez,carmen.nuñez937@hotmail.com,1982-04-13,true,cocina|libros|fitness|arte|cine,12675.14,2022-04-18
USR01155,Mariana Delgado,mariana.delgado995@outlook.com,2002-01-22,true,fitness|gaming,3688.55,2020-09-26
USR01156,Ernesto Reyes,ernesto.reyes27@proton.me,2001-05-28,false,gaming|oficina|juguetes|belleza|electrónica,2180.65,2022-04-30
USR01157,Daniela Rodríguez,daniela.rodriguez879@hotmail.com,2003-01-14,false,electrónica|jardín|belleza|viajes|juguetes,9408.83,2023-05-05
USR01158,Silvia Ortiz,silvia.ortiz724@hotmail.com,1979-05-13,false,cocina|jardín|arte|belleza,1155.61,2020-07-04
USR01159,Alejandro Espinoza,alejandro.espinoza253@icloud.com,1979-01-24,true,hogar|automóviles|mascotas,12108.8,2025-10-10
USR01160,Roberto Álvarez,roberto.alvarez735@outlook.com,1992-10-04,false,electrónica|cocina|moda,7456.99,2023-11-22
USR01161,Luis Flores,luis.flores23@gmail.com,1995-08-06,false,belleza|moda|arte|mascotas|libros,981.19,2022-02-04
USR01162,Arturo Ortiz,arturo.ortiz971@outlook.com,1996-08-03,false,oficina|mascotas,14793.1,2021-05-31
USR01163,Ernesto Medina,ernesto.medina318@hotmail.com,1999-05-18,false,fitness|gaming|automóviles|jardín,12941.01,2025-11-01
USR01164,Ana Figueroa,ana.figueroa773@icloud.com,1983-07-24,false,juguetes|hogar|deportes|belleza,10988.35,2021-10-16
USR01165,Rafael Rivera,rafael.rivera856@yahoo.com,1968-12-30,true,tecnología|mascotas|hogar,14192.21,2025-06-09
USR01166,Hugo Rojas,hugo.rojas397@gmail.com,1978-12-17,false,cine|mascotas|libros|fitness|música,2661.16,2023-10-29
USR01167,Fernando Vega,fernando.vega93@hotmail.com,1980-10-03,true,cocina|cine|viajes,5095.8,2020-01-21
USR01168,Lorena Ortiz,lorena.ortiz21@proton.me,1981-09-27,true,belleza|moda,2527.7,2024-12-07
USR01169,Carlos García,carlos.garcia335@hotmail.com,1993-07-21,false,fotografía|tecnología|arte|deportes|música,2726.8,2021-06-13
USR01170,Sergio Pérez,sergio.perez894@outlook.com,1996-09-08,false,oficina|arte|música,7609.93,2023-12-29
USR01171,María Campos,maria.campos40@gmail.com,1980-08-28,false,fotografía|oficina,8851.59,2020-11-16
USR01172,Miguel Vega,miguel.vega198@proton.me,1989-08-01,false,oficina|fitness|electrónica,11760.94,2020-04-21
USR01173,Ernesto Muñoz,ernesto.muñoz68@outlook.com,1973-06-13,false,gaming|arte|libros|oficina,623.86,2019-08-29
USR01174,Héctor Ibáñez,hector.ibañez725@proton.me,1994-05-17,false,automóviles|deportes,13678.01,2025-04-25
USR01175,Arturo Espinoza,arturo.espinoza545@outlook.com,1999-04-02,false,belleza|viajes|fotografía|fitness|libros,4394.39,2023-10-13
USR01176,Andrea Gutiérrez,andrea.gutierrez387@outlook.com,1969-09-06,false,mascotas|tecnología,8418.79,2025-11-02
USR01177,Pablo Jiménez,pablo.jimenez510@gmail.com,1978-10-11,false,moda|automóviles|oficina|viajes,9613.99,2019-07-16
USR01178,Iván Rodríguez,ivan.rodriguez49@proton.me,1984-06-17,false,cine|viajes|arte|moda,7631.18,2019-07-03
USR01179,Camila Pérez,camila.perez469@proton.me,1974-02-18,false,gaming|fitness|deportes,3101.05,2025-11-15
USR01180,Carlos López,carlos.lopez945@proton.me,2001-07-01,false,viajes|hogar|fotografía|tecnología|gaming,14766.03,2023-05-17
USR01181,Roberto Castillo,roberto.castillo940@outlook.com,1995-07-10,false,moda|libros|juguetes|gaming|cocina,3073.14,2022-01-21
USR01182,Javier Espinoza,javier.espinoza11@yahoo.com,1991-12-03,true,jardín|cine|cocina|viajes|mascotas,9398.06,2023-06-08
USR01183,José Espinoza,jose.espinoza786@hotmail.com,2000-06-28,false,libros|gaming|deportes|hogar|automóviles,997.5,2025-01-08
USR01184,Alejandro Flores,alejandro.flores967@yahoo.com,2003-05-18,false,cine|fotografía|belleza|juguetes,1627.38,2020-05-04
USR01185,Andrea Gómez,andrea.gomez974@hotmail.com,1970-09-14,true,belleza|mascotas,7034.35,2020-03-23
USR01186,Sofía Cruz,sofia.cruz39@icloud.com,1981-08-21,false,música|deportes|juguetes|gaming|jardín,11075.19,2023-12-16
USR01187,Rafael López,rafael.lopez679@icloud.com,1965-08-21,false,viajes|fitness|moda,5120.21,2021-10-24
USR01188,Isabella Álvarez,isabella.alvarez474@hotmail.com,1978-02-02,true,moda|cine|juguetes,3378.53,2021-03-07
USR01189,Natalia Ibáñez,natalia.ibañez739@icloud.com,1972-03-24,false,tecnología|electrónica|deportes|gaming|fotografía,8206.85,2022-07-24
USR01190,Ana Sánchez,ana.sanchez702@icloud.com,1965-10-14,false,jardín|automóviles,10861.19,2022-08-10
USR01191,Monica López,monica.lopez147@outlook.com,1965-02-26,true,gaming|tecnología,12205.59,2025-05-11
USR01192,Sofía Cruz,sofia.cruz781@gmail.com,1965-11-21,false,juguetes|belleza,14058.16,2023-05-01
USR01193,Ricardo Rojas,ricardo.rojas631@proton.me,1985-05-30,false,electrónica|gaming|mascotas|cocina|arte,13791.4,2020-09-19
USR01194,Patricia Herrera,patricia.herrera901@outlook.com,1976-07-16,false,gaming|libros|fotografía|música,5521.17,2019-03-27
USR01195,Claudia Jiménez,claudia.jimenez148@proton.me,1989-04-16,false,electrónica|jardín,14812.34,2020-05-27
USR01196,Octavio Álvarez,octavio.alvarez214@outlook.com,1985-10-17,false,jardín|oficina|electrónica|belleza|automóviles,5067.02,2023-06-22
USR01197,Diego Fuentes,diego.fuentes211@proton.me,1994-07-30,false,viajes|oficina|juguetes,13505.31,2025-02-23
USR01198,César Navarro,cesar.navarro384@gmail.com,1989-05-08,false,viajes|cine|libros|mascotas,4504.8,2025-12-29
USR01199,Javier Martínez,javier.martinez205@proton.me,1982-03-29,false,fitness|belleza|música,2704.73,2023-12-20
USR01200,María Espinoza,maria.espinoza212@icloud.com,2000-01-27,false,juguetes|música|cocina|libros|cine,2260.25,2022-07-20
USR01201,Patricia Morales,patricia.morales889@proton.me,1993-03-05,true,mascotas|fitness|automóviles,10142.84,2019-09-25
USR01202,Laura Rodríguez,laura.rodriguez9@yahoo.com,1981-01-01,false,fitness|deportes,11153.76,2021-05-22
USR01203,Gabriela González,gabriela.gonzalez372@proton.me,1972-11-10,false,juguetes|electrónica|mascotas|fitness,4548.61,2025-04-20
USR01204,Andrés Torres,andres.torres168@proton.me,1977-08-13,false,hogar|belleza|jardín|música|mascotas,14641.87,2020-08-23
USR01205,Eduardo Pérez,eduardo.perez774@outlook.com,1982-01-07,false,libros|cine,2556.87,2019-03-23
USR01206,Fernanda Espinoza,fernanda.espinoza838@gmail.com,1987-01-23,false,electrónica|juguetes|música|oficina,13284.06,2019-12-15
USR01207,Monica González,monica.gonzalez182@hotmail.com,1969-12-24,false,oficina|fotografía|cine,14423.63,2022-08-06
USR01208,Ricardo Figueroa,ricardo.figueroa812@gmail.com,1992-11-23,false,arte|mascotas,14875.53,2023-02-04
USR01209,Fernando Gómez,fernando.gomez526@hotmail.com,1967-05-03,false,automóviles|tecnología|mascotas|fitness,10507.72,2021-12-13
USR01210,Eduardo Gutiérrez,eduardo.gutierrez346@proton.me,1968-08-07,false,cocina|electrónica,8269.11,2020-06-19
USR01211,Mariana García,mariana.garcia753@hotmail.com,1986-02-02,false,fotografía|cine,5825.96,2022-01-12
USR01212,Hugo Moreno,hugo.moreno344@hotmail.com,1980-07-13,false,automóviles|jardín|juguetes|fitness,8285.74,2024-06-25
USR01213,Ricardo Reyes,ricardo.reyes86@hotmail.com,2001-03-02,true,deportes|fitness|automóviles|hogar|tecnología,3644.42,2020-12-26
USR01214,Monica González,monica.gonzalez158@proton.me,1965-08-09,false,deportes|oficina|tecnología,13052.39,2025-12-04
USR01215,Luis Torres,luis.torres597@hotmail.com,1998-06-20,true,fitness|hogar|juguetes|moda|libros,2783.62,2020-01-11
USR01216,Carlos Gutiérrez,carlos.gutierrez811@outlook.com,1979-05-17,false,viajes|moda|deportes,7140.66,2021-03-19
USR01217,Carmen Vega,carmen.vega620@outlook.com,1973-04-18,true,mascotas|fotografía|moda,1193.37,2021-03-20
USR01218,Fernando Torres,fernando.torres900@hotmail.com,2003-01-25,false,hogar|deportes|viajes,11344.29,2021-07-21
USR01219,Andrés Romero,andres.romero651@hotmail.com,1984-02-19,false,oficina|jardín|automóviles|fotografía,12367.03,2021-09-13
USR01220,Lorena García,lorena.garcia671@gmail.com,1987-02-27,false,fotografía|música|deportes|moda,13540.4,2019-09-05
USR01221,Mariana Gutiérrez,mariana.gutierrez82@icloud.com,1976-10-09,false,tecnología|deportes|fitness|arte|juguetes,6761.8,2024-05-21
USR01222,Monica Vega,monica.vega308@gmail.com,1995-12-29,false,fitness|belleza|viajes|gaming|música,6145.99,2024-03-05
USR01223,Alejandro Romero,alejandro.romero475@gmail.com,1971-04-04,false,electrónica|libros|juguetes|cine|jardín,5721.86,2020-09-03
USR01224,Andrea Castillo,andrea.castillo15@gmail.com,1982-07-21,false,música|libros|oficina|viajes|hogar,2248.5,2022-10-13
USR01225,Jorge Rodríguez,jorge.rodriguez510@hotmail.com,1986-10-29,false,música|fotografía|belleza|cocina|gaming,6492.84,2020-10-16
USR01226,Sandra Ibáñez,sandra.ibañez62@icloud.com,1977-12-24,false,hogar|deportes|fitness|mascotas,3527.29,2024-07-17
USR01227,Camila Navarro,camila.navarro503@yahoo.com,1993-04-13,false,fotografía|música,10260.86,2023-10-24
USR01228,Mariana Sánchez,mariana.sanchez614@proton.me,1981-10-01,false,automóviles|fotografía|fitness,5543.51,2024-04-23
USR01229,Luis Rodríguez,luis.rodriguez458@proton.me,1975-06-22,false,jardín|gaming|viajes|fitness,9508.07,2024-05-04
USR01230,Paula Muñoz,paula.muñoz349@proton.me,1991-08-06,false,viajes|libros|fitness|gaming,12199.83,2021-10-17
USR01231,Sandra Delgado,sandra.delgado482@gmail.com,1982-03-26,false,fitness|automóviles,9354.1,2019-11-30
USR01232,Lorena Vega,lorena.vega474@yahoo.com,1996-12-07,false,deportes|electrónica|cine|viajes,5456.74,2019-08-30
USR01233,Héctor Morales,hector.morales229@icloud.com,1986-08-25,false,fitness|arte,11755.26,2022-08-03
USR01234,Sandra Mendoza,sandra.mendoza620@proton.me,1967-09-20,false,viajes|hogar|fotografía,7852.53,2024-08-26
USR01235,Ricardo Morales,ricardo.morales810@hotmail.com,1978-04-14,true,jardín|tecnología|fotografía|cocina|viajes,432.32,2023-09-23
USR01236,Laura Castillo,laura.castillo477@hotmail.com,1991-08-22,false,electrónica|cine|belleza,11376.92,2020-03-17
USR01237,Paula Aguilar,paula.aguilar283@hotmail.com,1991-04-23,false,oficina|electrónica|fotografía,4842.06,2019-03-11
USR01238,Sofía Martínez,sofia.martinez889@yahoo.com,2002-04-25,false,belleza|mascotas|arte|libros,8251.91,2023-11-14
USR01239,Luz Mendoza,luz.mendoza406@yahoo.com,1990-05-17,true,fitness|moda|fotografía,13248.89,2019-08-17
USR01240,Raúl Figueroa,raul.figueroa731@hotmail.com,1971-10-20,true,mascotas|deportes|juguetes,7841.71,2021-08-20
USR01241,Laura Castillo,laura.castillo996@gmail.com,1987-02-03,false,fitness|deportes|jardín|oficina,8176.67,2024-11-19
USR01242,Javier Salinas,javier.salinas809@hotmail.com,1970-03-04,false,libros|belleza|deportes|viajes|electrónica,3410.94,2019-08-20
USR01243,Luz Rojas,luz.rojas572@outlook.com,1966-11-26,true,moda|gaming,3285.01,2021-08-10
USR01244,Valentina Ramírez,valentina.ramirez513@icloud.com,1999-05-05,false,fitness|cine|juguetes|tecnología,7383.41,2023-08-27
USR01245,Verónica González,veronica.gonzalez42@hotmail.com,1991-02-21,false,juguetes|moda|viajes,107.29,2019-11-27
USR01246,Fernanda Castillo,fernanda.castillo522@icloud.com,1965-05-01,false,cine|viajes|libros,3984.7,2023-03-14
USR01247,Mauricio Moreno,mauricio.moreno164@hotmail.com,1979-09-03,false,oficina|cocina|fitness,5889.49,2022-03-14
USR01248,Eduardo Rodríguez,eduardo.rodriguez457@gmail.com,1998-04-28,false,viajes|música|hogar|moda|cine,3002.14,2025-05-24
USR01249,Silvia Jiménez,silvia.jimenez853@outlook.com,1967-06-10,false,juguetes|fotografía|arte,8502.7,2021-10-30
USR01250,Camila Ríos,camila.rios25@hotmail.com,1987-05-31,false,tecnología|viajes|música|fitness,10799.54,2024-02-19
USR01251,Andrea Núñez,andrea.nuñez772@icloud.com,1977-10-20,false,mascotas|oficina|belleza,1165.11,2020-03-15
USR01252,Carlos Rodríguez,carlos.rodriguez635@gmail.com,1978-08-12,false,tecnología|cocina,5721.31,2025-05-15
USR01253,Andrés Pérez,andres.perez55@gmail.com,1977-07-24,false,viajes|oficina|jardín|arte,9804.39,2022-05-03
USR01254,Adriana López,adriana.lopez921@yahoo.com,1985-07-01,false,fotografía|libros,1804.88,2019-05-05
USR01255,Héctor Rivera,hector.rivera15@outlook.com,1991-01-04,false,deportes|gaming,4051.0,2025-04-25
USR01256,Héctor González,hector.gonzalez749@proton.me,1981-12-06,true,viajes|deportes|cine,557.42,2023-11-07
USR01257,Patricia Navarro,patricia.navarro180@proton.me,1967-10-30,false,juguetes|moda,10648.53,2024-05-16
USR01258,Jorge Reyes,jorge.reyes25@proton.me,1966-12-24,false,viajes|gaming|electrónica|tecnología,8384.17,2024-06-24
USR01259,Roberto Figueroa,roberto.figueroa869@gmail.com,1991-10-30,false,fotografía|arte,6843.86,2024-04-19
USR01260,Iván Flores,ivan.flores383@proton.me,1993-09-05,false,belleza|oficina|libros|fitness,6105.02,2025-07-04
USR01261,Andrea Castillo,andrea.castillo479@yahoo.com,1984-05-14,true,fotografía|libros|mascotas|jardín,9032.28,2020-07-17
USR01262,Natalia Álvarez,natalia.alvarez661@icloud.com,2003-07-26,false,electrónica|belleza|música|moda|fitness,8981.89,2025-01-21
USR01263,Octavio Flores,octavio.flores872@outlook.com,1970-01-08,true,viajes|cine|deportes,7793.53,2025-06-15
USR01264,Carlos Ortiz,carlos.ortiz957@gmail.com,1979-08-08,false,gaming|fitness|mascotas,8226.76,2023-06-06
USR01265,Lorena Ibáñez,lorena.ibañez840@hotmail.com,1993-09-24,false,gaming|juguetes|arte|jardín|hogar,2335.52,2021-02-10
USR01266,Carmen García,carmen.garcia915@gmail.com,1996-03-04,false,mascotas|libros,3627.5,2023-07-22
USR01267,Gabriela Díaz,gabriela.diaz555@gmail.com,1966-05-25,false,viajes|tecnología,1816.13,2021-01-30
USR01268,Adriana Rojas,adriana.rojas74@gmail.com,1983-12-05,false,cocina|electrónica,9923.78,2019-02-13
USR01269,Hugo Núñez,hugo.nuñez308@outlook.com,1992-10-11,false,cine|arte|viajes|fotografía,9528.29,2025-08-27
USR01270,José Rojas,jose.rojas504@yahoo.com,1966-05-24,false,mascotas|fitness,10509.47,2023-04-21
USR01271,César Herrera,cesar.herrera789@icloud.com,1980-09-30,false,jardín|juguetes,14919.57,2023-04-06
USR01272,José Vega,jose.vega778@icloud.com,1969-02-17,true,mascotas|cocina,3680.84,2020-01-21
USR01273,Patricia Moreno,patricia.moreno768@yahoo.com,1989-10-16,false,gaming|mascotas|moda|fitness,3248.33,2023-08-09
USR01274,Miguel García,miguel.garcia701@outlook.com,1968-02-07,false,juguetes|tecnología|automóviles,6947.7,2025-05-03
USR01275,Pablo Herrera,pablo.herrera670@gmail.com,1996-04-27,false,cocina|juguetes,2608.78,2024-01-25
USR01276,Ricardo Flores,ricardo.flores41@proton.me,1971-12-12,true,oficina|fitness|jardín|hogar,2986.85,2024-06-14
USR01277,Daniela García,daniela.garcia397@hotmail.com,1975-01-09,false,cine|moda|fotografía,12983.48,2025-07-18
USR01278,Sandra Cruz,sandra.cruz731@proton.me,1992-02-24,true,hogar|oficina|música|libros|automóviles,6571.46,2023-02-10
USR01279,Hugo Gutiérrez,hugo.gutierrez22@gmail.com,1977-07-06,false,belleza|hogar|jardín|mascotas,8359.22,2023-09-26
USR01280,Luis González,luis.gonzalez90@hotmail.com,1971-03-04,true,arte|mascotas|cine|automóviles,361.64,2019-12-20
USR01281,Arturo Rivera,arturo.rivera681@icloud.com,1976-10-19,false,electrónica|belleza|arte,1002.28,2021-01-29
USR01282,Fernanda Navarro,fernanda.navarro119@hotmail.com,1978-06-22,false,gaming|viajes,11199.63,2023-05-20
USR01283,Carlos Castillo,carlos.castillo62@proton.me,1976-12-05,true,hogar|automóviles,4550.16,2020-07-15
USR01284,Alejandro Morales,alejandro.morales882@hotmail.com,1969-06-11,false,viajes|oficina|mascotas|belleza|automóviles,5817.86,2025-01-26
USR01285,Luis Torres,luis.torres684@outlook.com,1988-01-12,true,automóviles|libros|deportes,8492.36,2021-10-08
USR01286,Octavio Navarro,octavio.navarro860@outlook.com,1966-12-05,false,gaming|cocina|jardín|moda,11709.48,2019-04-24
USR01287,Jorge Ibáñez,jorge.ibañez744@outlook.com,1992-08-01,false,cine|electrónica|gaming|libros,9690.61,2020-10-06
USR01288,Daniela Núñez,daniela.nuñez534@outlook.com,1967-12-23,true,mascotas|deportes|jardín|tecnología,10567.12,2020-08-19
USR01289,Adriana Salinas,adriana.salinas41@proton.me,2001-03-11,false,cocina|cine|oficina|electrónica,4552.45,2025-01-01
USR01290,Rafael Mendoza,rafael.mendoza942@proton.me,1991-06-13,false,mascotas|automóviles|oficina|cine,7039.92,2020-01-08
USR01291,Hugo Vega,hugo.vega999@proton.me,1977-01-12,false,belleza|automóviles|deportes|cocina,13121.27,2025-08-31
USR01292,Mauricio Cruz,mauricio.cruz321@yahoo.com,1973-08-10,false,gaming|juguetes|viajes|arte,7765.08,2023-08-13
USR01293,Paula Ortiz,paula.ortiz613@proton.me,1989-05-07,false,viajes|libros|fotografía|oficina|arte,3066.97,2024-03-10
USR01294,Fernanda Fuentes,fernanda.fuentes178@hotmail.com,1991-10-31,false,fotografía|gaming,2746.17,2024-07-28
USR01295,Monica Morales,monica.morales402@yahoo.com,1992-03-08,true,cocina|juguetes|electrónica|fitness|libros,3788.04,2023-03-23
USR01296,Verónica Romero,veronica.romero4@outlook.com,1985-05-26,false,viajes|cocina,7666.78,2023-09-19
USR01297,Jorge Reyes,jorge.reyes53@yahoo.com,1970-05-11,false,mascotas|hogar|oficina|jardín|cine,2716.57,2023-01-20
USR01298,César Martínez,cesar.martinez43@icloud.com,1989-01-04,false,cocina|hogar,1911.33,2020-01-28
USR01299,Silvia Rojas,silvia.rojas434@gmail.com,1969-12-31,false,moda|juguetes|oficina,14652.54,2022-02-09
USR01300,Ricardo Gutiérrez,ricardo.gutierrez247@icloud.com,1980-11-10,false,gaming|juguetes|cocina,2275.54,2025-03-17
USR01301,Fernanda Mendoza,fernanda.mendoza781@icloud.com,1992-08-24,true,música|cine|viajes,14317.1,2020-01-09
USR01302,Arturo Campos,arturo.campos998@outlook.com,1974-11-30,false,mascotas|hogar|juguetes|gaming,6892.6,2020-11-09
USR01303,Isabella Cruz,isabella.cruz287@proton.me,1978-11-03,false,tecnología|gaming,8694.56,2025-09-22
USR01304,Pablo Medina,pablo.medina219@proton.me,1984-12-03,false,hogar|deportes|jardín,2255.78,2023-04-24
USR01305,Mariana Moreno,mariana.moreno24@yahoo.com,1979-06-13,true,viajes|mascotas|jardín|automóviles,7485.48,2025-11-26
USR01306,Pablo Medina,pablo.medina622@icloud.com,2002-07-18,false,arte|libros|deportes,2525.72,2023-07-13
USR01307,Camila Díaz,camila.diaz322@hotmail.com,1982-01-08,false,cine|cocina|gaming|fotografía,14409.83,2025-04-26
USR01308,Daniela Salinas,daniela.salinas715@outlook.com,1990-08-24,false,electrónica|tecnología,5392.81,2019-03-25
USR01309,Sandra Gutiérrez,sandra.gutierrez742@hotmail.com,1977-01-27,false,jardín|deportes|oficina|cocina|arte,13673.98,2021-11-30
USR01310,Héctor Flores,hector.flores173@hotmail.com,2002-12-12,true,juguetes|automóviles|oficina,14687.42,2023-02-02
USR01311,Ana Cruz,ana.cruz93@yahoo.com,1968-07-22,false,deportes|belleza|moda,6796.51,2022-04-15
USR01312,Valentina Gutiérrez,valentina.gutierrez286@hotmail.com,1988-05-08,true,gaming|jardín|fotografía,3477.23,2020-01-13
USR01313,Mariana Martínez,mariana.martinez587@outlook.com,1972-07-14,false,fotografía|belleza|mascotas,257.73,2021-03-11
USR01314,Rafael Figueroa,rafael.figueroa79@hotmail.com,1988-12-14,true,hogar|cocina,11685.89,2025-03-16
USR01315,César Castillo,cesar.castillo741@hotmail.com,2000-04-19,true,libros|belleza|música,4882.17,2020-12-04
USR01316,Adriana Reyes,adriana.reyes526@gmail.com,1982-09-01,false,automóviles|oficina,2505.02,2024-04-05
USR01317,Valentina Ramírez,valentina.ramirez248@outlook.com,1972-11-09,true,juguetes|cocina|electrónica|gaming,10701.45,2020-10-25
USR01318,Octavio Núñez,octavio.nuñez773@hotmail.com,1965-01-10,false,deportes|cine,6911.59,2024-06-29
USR01319,Beatriz Romero,beatriz.romero564@yahoo.com,1988-06-25,false,automóviles|electrónica|oficina|arte|cine,2503.43,2024-08-08
USR01320,Diego López,diego.lopez212@yahoo.com,1970-03-08,false,oficina|arte,5738.58,2022-05-11
USR01321,Monica Rodríguez,monica.rodriguez323@outlook.com,2003-10-24,false,viajes|tecnología|oficina|jardín|libros,9736.07,2022-05-21
USR01322,Andrea Morales,andrea.morales146@yahoo.com,1986-11-02,false,gaming|electrónica,6995.24,2024-03-20
USR01323,Monica Díaz,monica.diaz475@hotmail.com,1993-09-17,true,jardín|moda|gaming,4431.27,2019-08-06
USR01324,Sergio Aguilar,sergio.aguilar932@gmail.com,2003-12-19,false,jardín|deportes|fotografía|arte|mascotas,1016.33,2022-09-19
USR01325,Jorge Jiménez,jorge.jimenez945@proton.me,1996-11-24,false,tecnología|hogar|libros,898.3,2024-09-17
USR01326,Camila Paredes,camila.paredes534@icloud.com,1985-08-25,false,tecnología|electrónica|cine|fitness,9326.59,2022-03-13
USR01327,Monica Martínez,monica.martinez821@outlook.com,1999-04-04,true,electrónica|mascotas,9994.8,2025-02-22
USR01328,Raúl Delgado,raul.delgado519@yahoo.com,1994-08-20,false,libros|cine,10971.75,2021-12-30
USR01329,Valentina Torres,valentina.torres781@outlook.com,1974-11-18,true,deportes|cine|cocina,660.2,2019-02-19
USR01330,Diego Gómez,diego.gomez429@icloud.com,1990-06-28,false,jardín|libros|oficina,14856.39,2021-05-12
USR01331,Carlos González,carlos.gonzalez168@gmail.com,1974-10-30,false,cocina|mascotas,13727.01,2020-11-09
USR01332,Beatriz Vega,beatriz.vega117@icloud.com,1997-08-27,false,electrónica|fitness,12758.91,2021-11-23
USR01333,Arturo Muñoz,arturo.muñoz562@proton.me,1977-07-07,false,fitness|automóviles|libros|juguetes,3392.98,2019-04-02
USR01334,Claudia Castro,claudia.castro279@gmail.com,1991-07-18,false,automóviles|fotografía|mascotas|cine,12025.11,2021-11-21
USR01335,Miguel Torres,miguel.torres569@hotmail.com,1969-06-04,false,gaming|oficina|electrónica,6189.68,2023-06-26
USR01336,Javier Delgado,javier.delgado340@proton.me,1967-12-23,false,deportes|gaming|música|mascotas,13891.87,2019-08-22
USR01337,Claudia Romero,claudia.romero835@yahoo.com,1970-04-22,false,libros|jardín|mascotas|tecnología|fitness,3535.23,2024-07-07
USR01338,Andrea Guerrero,andrea.guerrero220@yahoo.com,1972-02-22,false,jardín|gaming|fotografía|juguetes|música,8901.69,2019-12-06
USR01339,Miguel Hernández,miguel.hernandez85@outlook.com,1987-02-06,true,libros|belleza,14015.61,2020-09-14
USR01340,Ana García,ana.garcia483@yahoo.com,1995-06-13,false,moda|libros|fotografía,9990.87,2019-12-25
USR01341,José Flores,jose.flores915@gmail.com,1992-07-23,true,fitness|hogar|moda|deportes,12321.45,2021-02-26
USR01342,Andrés Romero,andres.romero844@icloud.com,1977-10-05,false,hogar|cocina|fotografía|automóviles|deportes,974.14,2025-10-18
USR01343,Fernando Flores,fernando.flores659@proton.me,1977-09-23,true,mascotas|gaming,5900.9,2022-10-19
USR01344,Ernesto Flores,ernesto.flores712@proton.me,1996-08-27,false,electrónica|arte|automóviles|fotografía|belleza,6269.54,2021-08-21
USR01345,Gabriela Ibáñez,gabriela.ibañez335@proton.me,1971-12-19,true,gaming|electrónica|libros,1191.8,2025-08-04
USR01346,Sofía Torres,sofia.torres111@proton.me,1979-05-10,false,libros|oficina|deportes|fotografía|fitness,10779.61,2023-11-19
USR01347,Javier Sánchez,javier.sanchez953@hotmail.com,1982-07-13,false,viajes|mascotas|moda|arte,5176.28,2019-07-20
USR01348,José Ortiz,jose.ortiz399@proton.me,2003-09-11,false,mascotas|electrónica|cine,6744.18,2022-09-01
USR01349,Silvia Figueroa,silvia.figueroa433@yahoo.com,1983-08-27,true,juguetes|música|tecnología|oficina,7303.41,2022-10-02
USR01350,Valentina López,valentina.lopez906@yahoo.com,1974-01-27,false,gaming|automóviles|mascotas,6268.05,2019-02-07
USR01351,Octavio Castillo,octavio.castillo729@gmail.com,1986-08-29,false,oficina|arte|fitness|tecnología,3165.93,2022-09-23
USR01352,Beatriz Ibáñez,beatriz.ibañez879@outlook.com,1999-07-12,true,automóviles|cine|oficina|viajes,6824.29,2025-08-17
USR01353,Verónica Vargas,veronica.vargas552@icloud.com,1993-02-16,true,moda|fotografía|fitness|tecnología|jardín,7117.76,2023-09-06
USR01354,Patricia Núñez,patricia.nuñez586@outlook.com,1976-11-15,false,fitness|juguetes|gaming,13372.7,2019-06-08
USR01355,Roberto Ibáñez,roberto.ibañez927@hotmail.com,1966-10-27,false,cine|cocina|tecnología|automóviles,14280.13,2024-01-15
USR01356,Daniela Romero,daniela.romero3@icloud.com,2003-12-18,false,moda|deportes|cocina|jardín|tecnología,11533.51,2019-07-29
USR01357,Sandra Guerrero,sandra.guerrero219@hotmail.com,1989-06-14,false,hogar|gaming|cine|fitness,213.17,2023-10-26
USR01358,Laura Ruiz,laura.ruiz663@hotmail.com,1998-08-14,false,mascotas|tecnología|hogar,2535.34,2022-04-12
USR01359,Ernesto Ortiz,ernesto.ortiz426@yahoo.com,1969-05-19,false,jardín|viajes|música,4642.39,2025-01-30
USR01360,Hugo Muñoz,hugo.muñoz655@gmail.com,2003-04-08,true,deportes|libros,14303.78,2019-09-28
USR01361,Adriana Reyes,adriana.reyes989@gmail.com,1987-06-14,false,hogar|electrónica|fitness,7661.69,2024-05-25
USR01362,Ernesto Campos,ernesto.campos285@yahoo.com,1972-11-30,false,arte|deportes,12099.03,2025-02-11
USR01363,Fernando Rodríguez,fernando.rodriguez933@hotmail.com,1980-05-06,false,deportes|música,7831.3,2024-12-30
USR01364,Jorge Castro,jorge.castro947@gmail.com,2001-03-19,false,tecnología|fitness|cine|jardín,3185.4,2021-02-17
USR01365,Mariana Paredes,mariana.paredes496@icloud.com,1999-07-31,false,gaming|mascotas,5809.13,2023-02-19
USR01366,Jorge López,jorge.lopez38@proton.me,1980-03-12,false,viajes|tecnología|arte|juguetes|belleza,11245.99,2019-01-31
USR01367,Alejandro Aguilar,alejandro.aguilar88@gmail.com,1991-08-06,false,hogar|automóviles|belleza,7101.45,2025-03-17
USR01368,Verónica Ruiz,veronica.ruiz123@yahoo.com,1989-02-03,false,fitness|gaming,4401.77,2020-03-12
USR01369,Ana Jiménez,ana.jimenez681@yahoo.com,1980-04-01,false,cocina|cine|libros,14719.65,2024-12-14
USR01370,Monica González,monica.gonzalez511@yahoo.com,1979-09-14,false,fotografía|jardín|tecnología|belleza,10677.0,2020-07-16
USR01371,Lorena Núñez,lorena.nuñez614@gmail.com,1976-11-07,false,arte|hogar,4774.68,2020-05-21
USR01372,Isabella Delgado,isabella.delgado218@yahoo.com,1978-12-22,true,gaming|moda,12173.66,2025-02-26
USR01373,Arturo Espinoza,arturo.espinoza560@gmail.com,1978-12-29,false,belleza|fotografía|hogar|cine,1394.51,2022-09-27
USR01374,Paula Martínez,paula.martinez141@gmail.com,1969-10-17,false,hogar|juguetes,637.87,2023-01-19
USR01375,Andrea Herrera,andrea.herrera110@gmail.com,1979-12-27,false,música|juguetes|belleza|gaming,2776.94,2025-05-19
USR01376,Hugo Pérez,hugo.perez646@proton.me,1996-10-07,false,mascotas|viajes,2540.54,2024-09-18
USR01377,Daniela Navarro,daniela.navarro6@gmail.com,1984-04-11,false,juguetes|viajes|mascotas|gaming,9198.87,2023-05-11
USR01378,Jorge Fuentes,jorge.fuentes300@yahoo.com,1976-03-04,true,libros|cine|jardín|fotografía,10603.57,2021-11-10
USR01379,Luz Núñez,luz.nuñez510@icloud.com,1973-07-30,false,hogar|cine,10369.5,2025-06-19
USR01380,Isabella Salinas,isabella.salinas595@proton.me,1966-10-21,false,gaming|libros,14972.17,2019-07-10
USR01381,Raúl González,raul.gonzalez701@proton.me,1974-06-06,true,libros|viajes|cocina|hogar|tecnología,12449.56,2019-02-26
USR01382,Javier Pérez,javier.perez350@proton.me,1994-01-25,true,electrónica|libros|juguetes,13032.02,2022-08-24
USR01383,Javier Moreno,javier.moreno676@outlook.com,1980-11-04,false,electrónica|viajes|libros|juguetes,13049.27,2021-09-21
USR01384,Sandra Vega,sandra.vega972@outlook.com,1985-10-18,false,jardín|moda|cocina|tecnología,921.07,2019-09-02
USR01385,Silvia Aguilar,silvia.aguilar537@hotmail.com,1977-09-18,false,viajes|jardín|hogar|fotografía,2655.9,2019-02-26
USR01386,Héctor Fuentes,hector.fuentes67@proton.me,2003-10-02,false,arte|fotografía|gaming|electrónica|viajes,12592.02,2023-05-19
USR01387,Paula Flores,paula.flores492@hotmail.com,1993-12-11,false,electrónica|libros|tecnología,5768.72,2025-03-09
USR01388,Mauricio Salinas,mauricio.salinas957@icloud.com,1976-06-06,true,hogar|cocina|arte,4077.18,2024-10-16
USR01389,Gabriela Romero,gabriela.romero21@hotmail.com,1977-09-08,false,juguetes|hogar,12145.65,2025-03-27
USR01390,Mariana Delgado,mariana.delgado819@hotmail.com,1965-11-17,false,mascotas|automóviles|tecnología,11527.4,2025-03-18
USR01391,Javier Delgado,javier.delgado350@hotmail.com,1969-11-13,false,mascotas|viajes,10813.21,2023-10-07
USR01392,Fernando Espinoza,fernando.espinoza824@gmail.com,1982-01-16,false,juguetes|viajes|cine|arte,9369.29,2021-09-30
USR01393,Alejandro López,alejandro.lopez879@outlook.com,1975-03-18,false,arte|mascotas|gaming|fitness,14362.53,2019-03-09
USR01394,Hugo González,hugo.gonzalez106@hotmail.com,1985-12-14,false,gaming|jardín|moda,8024.71,2019-10-25
USR01395,Miguel Rojas,miguel.rojas562@gmail.com,1966-08-23,false,libros|gaming|viajes|belleza|arte,175.47,2025-08-03
USR01396,Javier Sánchez,javier.sanchez288@gmail.com,2001-02-16,false,viajes|deportes|fitness|gaming|hogar,11866.49,2025-01-08
USR01397,Silvia Paredes,silvia.paredes961@icloud.com,1972-06-29,true,moda|mascotas|cocina,13893.42,2024-06-28
USR01398,Camila Navarro,camila.navarro909@icloud.com,1977-06-16,true,hogar|deportes|automóviles|gaming,6406.59,2022-11-30
USR01399,Sergio Medina,sergio.medina570@proton.me,1977-05-07,false,tecnología|hogar|oficina,2581.02,2020-10-04
USR01400,Roberto López,roberto.lopez751@hotmail.com,1978-03-27,false,viajes|oficina|juguetes,919.13,2024-01-16
USR01401,Roberto Campos,roberto.campos138@yahoo.com,1993-02-17,false,hogar|viajes,12521.2,2023-11-04
USR01402,Valentina Espinoza,valentina.espinoza65@hotmail.com,1981-10-20,true,mascotas|cine|tecnología,7995.44,2023-09-18
USR01403,Miguel Hernández,miguel.hernandez783@outlook.com,1969-11-12,false,viajes|deportes|libros,3438.86,2020-11-11
USR01404,Paula Figueroa,paula.figueroa533@outlook.com,1984-01-23,false,electrónica|música|belleza|viajes,9164.23,2023-12-29
USR01405,Paula Mendoza,paula.mendoza267@yahoo.com,1981-11-05,false,tecnología|viajes|cine,13908.71,2025-07-09
USR01406,Sofía Espinoza,sofia.espinoza130@gmail.com,1990-02-15,false,gaming|belleza,5919.11,2025-07-06
USR01407,Carmen Ramírez,carmen.ramirez55@hotmail.com,1967-04-12,true,belleza|gaming|libros,3622.42,2025-03-12
USR01408,Laura Ruiz,laura.ruiz538@yahoo.com,1989-08-16,false,cocina|oficina,12421.65,2019-06-30
USR01409,Claudia Vega,claudia.vega871@icloud.com,1971-08-19,false,libros|gaming|deportes,1071.53,2025-02-17
USR01410,Laura Mendoza,laura.mendoza472@gmail.com,1999-05-04,true,cocina|fitness|tecnología,11700.71,2019-04-10
USR01411,Raúl Rodríguez,raul.rodriguez86@proton.me,1973-07-17,false,música|juguetes|deportes|belleza,14296.33,2020-02-07
USR01412,Eduardo Herrera,eduardo.herrera664@yahoo.com,1982-01-02,true,moda|tecnología|libros|arte,11920.34,2024-08-26
USR01413,Luz Vargas,luz.vargas771@icloud.com,1994-12-21,false,cocina|música|deportes|libros,4307.76,2024-11-09
USR01414,Adriana González,adriana.gonzalez155@yahoo.com,1982-01-08,false,fotografía|automóviles|moda,605.75,2023-11-16
USR01415,Patricia Rodríguez,patricia.rodriguez46@hotmail.com,1981-12-14,false,tecnología|cocina,9550.02,2019-12-30
USR01416,Monica Fuentes,monica.fuentes282@hotmail.com,1983-07-12,false,cine|oficina|hogar,11965.5,2024-09-26
USR01417,Roberto Mendoza,roberto.mendoza379@hotmail.com,2000-03-21,false,arte|fotografía,10944.0,2025-03-13
USR01418,Carmen López,carmen.lopez641@icloud.com,2003-05-27,false,moda|jardín|viajes|gaming|juguetes,9271.37,2019-03-11
USR01419,Adriana Campos,adriana.campos798@yahoo.com,2000-12-22,true,libros|deportes|moda,13922.08,2023-05-24
USR01420,Fernando Fuentes,fernando.fuentes128@proton.me,1972-12-17,false,cocina|oficina,7476.71,2021-10-16
USR01421,Lorena Gómez,lorena.gomez388@yahoo.com,1975-11-13,false,automóviles|deportes|cine,10095.0,2020-08-02
USR01422,Hugo Romero,hugo.romero634@yahoo.com,1972-02-12,true,música|automóviles|fotografía|jardín,3640.74,2023-09-16
USR01423,César Figueroa,cesar.figueroa134@yahoo.com,1999-11-30,false,automóviles|jardín|viajes|hogar,1232.52,2019-06-17
USR01424,Pablo Vargas,pablo.vargas969@hotmail.com,1983-02-03,false,música|arte|juguetes|fotografía|moda,10816.86,2023-02-20
USR01425,Natalia Herrera,natalia.herrera700@proton.me,1968-10-18,false,fotografía|viajes|tecnología,5659.07,2023-08-12
USR01426,Paula Vargas,paula.vargas526@yahoo.com,1975-10-31,false,gaming|hogar,12456.23,2022-02-02
USR01427,Natalia Ramírez,natalia.ramirez477@yahoo.com,1995-10-23,true,fitness|moda,14896.89,2022-04-08
USR01428,Daniela Díaz,daniela.diaz939@icloud.com,1976-07-24,false,viajes|arte|oficina,13252.2,2020-05-15
USR01429,Andrea Cruz,andrea.cruz827@proton.me,1991-11-29,false,hogar|deportes|oficina,7893.17,2020-05-21
USR01430,Iván Martínez,ivan.martinez622@proton.me,1995-06-14,false,gaming|juguetes|deportes,7388.72,2020-07-05
USR01431,Andrea Salinas,andrea.salinas331@proton.me,1968-06-12,true,moda|jardín|oficina,13771.96,2025-11-11
USR01432,César Ríos,cesar.rios509@outlook.com,1999-12-10,true,cine|hogar|electrónica|automóviles,160.08,2021-01-27
USR01433,Camila Rodríguez,camila.rodriguez831@yahoo.com,1999-12-06,false,juguetes|hogar,1680.22,2020-06-07
USR01434,Rafael Fuentes,rafael.fuentes947@yahoo.com,1986-03-09,false,gaming|cine,3958.31,2022-03-07
USR01435,Rafael Sánchez,rafael.sanchez984@hotmail.com,1967-08-08,true,tecnología|viajes|cine|arte|automóviles,4668.42,2019-10-18
USR01436,Sofía Fuentes,sofia.fuentes655@hotmail.com,1982-10-23,false,hogar|belleza|fotografía|gaming,5144.25,2019-04-19
USR01437,Fernanda Ramírez,fernanda.ramirez775@gmail.com,1975-10-10,false,viajes|música|juguetes|oficina|libros,4125.29,2022-10-15
USR01438,Javier González,javier.gonzalez95@icloud.com,1983-04-09,true,moda|fotografía|libros|automóviles,12443.75,2019-03-29
USR01439,Adriana Ruiz,adriana.ruiz244@gmail.com,1998-06-25,false,cine|jardín|juguetes|moda|hogar,6397.74,2019-03-15
USR01440,José Gómez,jose.gomez896@yahoo.com,1982-07-10,false,automóviles|viajes,13268.09,2019-12-29
USR01441,César Rodríguez,cesar.rodriguez396@proton.me,1974-07-20,true,electrónica|deportes|fitness,14291.8,2021-06-14
USR01442,Fernando Ruiz,fernando.ruiz365@icloud.com,1973-03-24,false,jardín|automóviles,8580.62,2024-06-11
USR01443,Octavio Vega,octavio.vega435@yahoo.com,1978-01-10,true,oficina|viajes|automóviles,1737.43,2022-05-30
USR01444,Verónica García,veronica.garcia813@proton.me,1989-09-07,false,viajes|fitness|fotografía|gaming|mascotas,6111.86,2021-05-18
USR01445,Roberto Salinas,roberto.salinas384@proton.me,1981-08-16,false,moda|hogar,10366.62,2019-03-15
USR01446,Rafael Martínez,rafael.martinez520@yahoo.com,1990-10-02,false,juguetes|oficina|deportes|fotografía,14024.42,2024-01-30
USR01447,Fernando Guerrero,fernando.guerrero827@icloud.com,1990-09-10,false,cine|juguetes|jardín,13043.7,2022-04-29
USR01448,Verónica Salinas,veronica.salinas620@icloud.com,1982-03-26,false,deportes|automóviles|fotografía|libros|arte,2203.98,2025-05-04
USR01449,Miguel Vargas,miguel.vargas22@gmail.com,1973-04-19,false,juguetes|viajes|música|oficina,4416.47,2020-08-01
USR01450,Adriana Gutiérrez,adriana.gutierrez414@icloud.com,1986-03-21,false,jardín|tecnología,5969.91,2020-04-27
USR01451,Patricia Navarro,patricia.navarro996@proton.me,1974-09-08,false,electrónica|música,8424.89,2021-07-23
USR01452,Lorena Núñez,lorena.nuñez226@hotmail.com,1994-06-26,true,oficina|arte|gaming|automóviles,12539.57,2022-03-12
USR01453,Carlos Álvarez,carlos.alvarez984@icloud.com,2001-02-03,false,hogar|libros|jardín|fitness|tecnología,6093.46,2023-01-09
USR01454,Iván Rojas,ivan.rojas151@yahoo.com,1983-04-04,true,cocina|deportes|belleza|cine|automóviles,13851.92,2021-06-06
USR01455,Carlos Muñoz,carlos.muñoz494@icloud.com,1980-02-10,true,hogar|libros|viajes|automóviles|fitness,3778.96,2021-02-25
USR01456,Adriana Reyes,adriana.reyes409@icloud.com,1977-03-13,true,gaming|juguetes|fotografía,12819.55,2020-11-03
USR01457,Héctor Cruz,hector.cruz2@icloud.com,1982-07-11,false,automóviles|jardín,939.07,2019-08-14
USR01458,Sofía Moreno,sofia.moreno516@icloud.com,1980-01-09,true,deportes|oficina|viajes,718.74,2019-09-29
USR01459,Pablo Fuentes,pablo.fuentes58@gmail.com,1985-04-30,false,deportes|fotografía|oficina|fitness,11604.81,2024-11-07
USR01460,Jorge Guerrero,jorge.guerrero973@proton.me,1977-07-21,false,jardín|libros|moda|arte|gaming,252.27,2024-07-21
USR01461,Eduardo Medina,eduardo.medina614@hotmail.com,1997-07-27,false,cine|música|moda|electrónica,11444.5,2023-08-14
USR01462,Ernesto Ramírez,ernesto.ramirez611@gmail.com,1998-06-17,false,arte|tecnología|belleza,10874.82,2024-04-26
USR01463,Pablo Martínez,pablo.martinez165@outlook.com,1988-07-03,false,cocina|tecnología,1007.37,2021-03-10
USR01464,Jorge Gómez,jorge.gomez465@yahoo.com,1997-01-26,false,deportes|libros|fitness,3039.28,2023-07-02
USR01465,Miguel Aguilar,miguel.aguilar558@hotmail.com,2003-02-09,false,electrónica|tecnología,10170.49,2019-11-18
USR01466,Rafael Flores,rafael.flores1@hotmail.com,1985-12-25,false,hogar|gaming|jardín|juguetes|fitness,8191.69,2022-11-13
USR01467,Pablo Sánchez,pablo.sanchez195@yahoo.com,1978-10-11,false,electrónica|deportes|belleza,8888.33,2020-11-21
USR01468,Fernanda Mendoza,fernanda.mendoza49@gmail.com,2001-09-02,true,cine|fotografía|automóviles,6467.4,2022-03-12
USR01469,Ana Morales,ana.morales463@outlook.com,1988-12-18,true,cocina|hogar|cine,13915.26,2024-03-12
USR01470,Silvia Vega,silvia.vega684@hotmail.com,1993-09-01,true,música|deportes|tecnología,13172.72,2025-08-09
USR01471,Iván Rivera,ivan.rivera105@hotmail.com,1990-09-07,false,cocina|automóviles|jardín,11018.22,2024-07-05
USR01472,Raúl Rojas,raul.rojas622@icloud.com,1972-12-13,false,gaming|jardín|oficina|belleza|hogar,6126.38,2022-10-18
USR01473,Roberto Delgado,roberto.delgado769@proton.me,1970-05-04,false,tecnología|mascotas|belleza|jardín|cine,7174.82,2019-09-08
USR01474,Andrea Vega,andrea.vega242@outlook.com,1989-04-02,false,automóviles|libros|tecnología|arte|belleza,1265.29,2020-12-01
USR01475,Isabella Cruz,isabella.cruz645@proton.me,1994-08-03,false,fitness|música|deportes|cine,222.48,2022-10-04
USR01476,Iván Medina,ivan.medina960@icloud.com,1971-09-30,true,cocina|cine,7842.56,2020-12-14
USR01477,Luis Delgado,luis.delgado143@icloud.com,1991-06-30,false,juguetes|cine|electrónica|moda,3528.29,2025-12-28
USR01478,Rafael Herrera,rafael.herrera296@gmail.com,2003-03-03,false,música|libros,11975.78,2025-10-14
USR01479,Hugo Cruz,hugo.cruz679@yahoo.com,1992-03-02,false,oficina|cocina|automóviles|fotografía|libros,12692.03,2025-11-02
USR01480,Mauricio Muñoz,mauricio.muñoz645@yahoo.com,1985-04-09,false,deportes|fotografía,14436.45,2019-05-27
USR01481,Hugo Salinas,hugo.salinas452@hotmail.com,1989-05-27,false,arte|música,6713.69,2024-05-10
USR01482,Jorge Herrera,jorge.herrera788@outlook.com,2000-01-01,true,tecnología|electrónica|cocina,14452.85,2019-09-18
USR01483,Raúl Paredes,raul.paredes680@icloud.com,1990-10-11,false,mascotas|belleza|oficina|cine|libros,7587.08,2020-09-22
USR01484,Diego Mendoza,diego.mendoza529@yahoo.com,1995-07-29,true,mascotas|moda|belleza,5978.9,2021-02-01
USR01485,Beatriz Paredes,beatriz.paredes812@gmail.com,1994-10-07,false,arte|moda|cocina,11333.51,2023-05-18
USR01486,Pablo Campos,pablo.campos340@yahoo.com,1989-04-21,false,juguetes|moda|tecnología|hogar|música,11675.69,2022-11-04
USR01487,Monica Reyes,monica.reyes258@icloud.com,1982-09-05,false,automóviles|cine|electrónica,2105.31,2025-11-09
USR01488,Ricardo Rivera,ricardo.rivera654@outlook.com,2002-03-31,false,libros|belleza|cocina,12994.38,2021-03-07
USR01489,Iván Delgado,ivan.delgado957@hotmail.com,1976-09-11,true,fitness|cine,10267.04,2022-09-04
USR01490,Isabella Herrera,isabella.herrera780@hotmail.com,1990-10-25,false,mascotas|música|fitness|cine,6054.77,2025-08-10
USR01491,Roberto Espinoza,roberto.espinoza228@icloud.com,1969-10-07,false,automóviles|arte|hogar|gaming,5538.47,2019-04-16
USR01492,Luz Vega,luz.vega532@icloud.com,1979-05-18,false,cine|belleza|fitness|tecnología,11595.05,2022-03-22
USR01493,Fernando Cruz,fernando.cruz8@icloud.com,1968-05-05,true,fotografía|hogar|automóviles,13708.21,2025-09-19
USR01494,Héctor Flores,hector.flores49@yahoo.com,2000-08-04,true,automóviles|fitness|gaming,1290.15,2023-01-31
USR01495,Camila Romero,camila.romero315@outlook.com,1969-10-28,false,fitness|fotografía,12413.99,2021-04-08
USR01496,Miguel Díaz,miguel.diaz747@outlook.com,1997-08-25,true,arte|viajes|jardín,3572.23,2023-10-12
USR01497,Eduardo Mendoza,eduardo.mendoza47@hotmail.com,1996-04-09,true,oficina|cocina,4252.18,2019-12-23
USR01498,José Álvarez,jose.alvarez182@icloud.com,1967-09-13,false,cine|automóviles|hogar|juguetes|mascotas,11366.47,2019-01-28
USR01499,Paula Castillo,paula.castillo133@yahoo.com,1983-01-16,false,automóviles|oficina|belleza,13352.78,2022-09-17
USR01500,Verónica Gutiérrez,veronica.gutierrez427@icloud.com,1983-08-22,false,fitness|juguetes,8083.72,2022-02-18
